ISO-10303-21;
HEADER;
/* Generated by software containing ST-Developer
 * from STEP Tools, Inc. (www.steptools.com) 
 */

FILE_DESCRIPTION(
/* description */ (''),
/* implementation_level */ '2;1');

FILE_NAME(
/* name */ 'Bobbin Mount.step',
/* time_stamp */ '2026-08-01T11:42:50-07:00',
/* author */ (''),
/* organization */ (''),
/* preprocessor_version */ 'ST-DEVELOPER v20.1',
/* originating_system */ 'Autodesk Translation Framework v15.8.0.0',
/* authorisation */ '');

FILE_SCHEMA (('AUTOMOTIVE_DESIGN { 1 0 10303 214 3 1 1 }'));
ENDSEC;

DATA;
#10=MECHANICAL_DESIGN_GEOMETRIC_PRESENTATION_REPRESENTATION('',(#13),#2329);
#11=SHAPE_REPRESENTATION_RELATIONSHIP('SRR','None',#2336,#12);
#12=ADVANCED_BREP_SHAPE_REPRESENTATION('',(#14),#2328);
#13=STYLED_ITEM('',(#2346),#14);
#14=MANIFOLD_SOLID_BREP('Body1',#1212);
#15=SPHERICAL_SURFACE('',#1293,1.5);
#16=SPHERICAL_SURFACE('',#1298,1.5);
#17=SPHERICAL_SURFACE('',#1303,1.5);
#18=SPHERICAL_SURFACE('',#1309,1.5);
#19=B_SPLINE_SURFACE_WITH_KNOTS('',3,3,((#1857,#1858,#1859,#1860,#1861),
(#1862,#1863,#1864,#1865,#1866),(#1867,#1868,#1869,#1870,#1871),(#1872,
#1873,#1874,#1875,#1876)),.UNSPECIFIED.,.F.,.F.,.F.,(4,4),(4,1,4),(0.,1.),
(0.,0.0694677303494813,0.138935460698963),.UNSPECIFIED.);
#20=B_SPLINE_SURFACE_WITH_KNOTS('',3,3,((#1890,#1891,#1892,#1893),(#1894,
#1895,#1896,#1897),(#1898,#1899,#1900,#1901),(#1902,#1903,#1904,#1905),
(#1906,#1907,#1908,#1909)),.UNSPECIFIED.,.F.,.F.,.F.,(4,1,4),(4,4),(0.,
0.5,1.),(1.2440494711252E-13,0.245182393371174),.UNSPECIFIED.);
#21=B_SPLINE_SURFACE_WITH_KNOTS('',3,3,((#2048,#2049,#2050,#2051,#2052,
#2053),(#2054,#2055,#2056,#2057,#2058,#2059),(#2060,#2061,#2062,#2063,#2064,
#2065),(#2066,#2067,#2068,#2069,#2070,#2071),(#2072,#2073,#2074,#2075,#2076,
#2077)),.UNSPECIFIED.,.F.,.F.,.F.,(4,1,4),(4,1,1,4),(0.,0.571428571428571,
1.),(-2.88433257302545E-15,0.0400825850439284,0.060123877565894,0.140289047653756),
 .UNSPECIFIED.);
#22=B_SPLINE_SURFACE_WITH_KNOTS('',3,3,((#2093,#2094,#2095,#2096),(#2097,
#2098,#2099,#2100),(#2101,#2102,#2103,#2104),(#2105,#2106,#2107,#2108),
(#2109,#2110,#2111,#2112)),.UNSPECIFIED.,.F.,.F.,.F.,(4,1,4),(4,4),(0.,
0.5,1.),(2.84694813683542,2.98006106293363),.UNSPECIFIED.);
#23=B_SPLINE_SURFACE_WITH_KNOTS('',3,3,((#2226,#2227,#2228,#2229,#2230,
#2231),(#2232,#2233,#2234,#2235,#2236,#2237),(#2238,#2239,#2240,#2241,#2242,
#2243),(#2244,#2245,#2246,#2247,#2248,#2249),(#2250,#2251,#2252,#2253,#2254,
#2255)),.UNSPECIFIED.,.F.,.F.,.F.,(4,1,4),(4,1,1,4),(0.,0.571428571428571,
1.),(2.10278160386446E-15,0.16846303994765,0.280771733246083,0.393080426544515),
 .UNSPECIFIED.);
#24=FACE_BOUND('',#350,.T.);
#25=FACE_BOUND('',#352,.T.);
#26=FACE_BOUND('',#354,.T.);
#27=FACE_BOUND('',#369,.T.);
#28=FACE_BOUND('',#394,.T.);
#29=TOROIDAL_SURFACE('',#1236,3.25,0.75);
#30=TOROIDAL_SURFACE('',#1262,7.4284271247462,1.5);
#31=TOROIDAL_SURFACE('',#1265,4.60000000000001,1.5);
#32=TOROIDAL_SURFACE('',#1321,7.60000000000001,1.5);
#33=TOROIDAL_SURFACE('',#1328,3.25,0.75);
#34=ELLIPSE('',#1235,1.30758509671585,0.75);
#35=PLANE('',#1233);
#36=PLANE('',#1234);
#37=PLANE('',#1244);
#38=PLANE('',#1245);
#39=PLANE('',#1246);
#40=PLANE('',#1247);
#41=PLANE('',#1251);
#42=PLANE('',#1252);
#43=PLANE('',#1255);
#44=PLANE('',#1274);
#45=PLANE('',#1277);
#46=PLANE('',#1280);
#47=PLANE('',#1287);
#48=PLANE('',#1289);
#49=PLANE('',#1317);
#50=PLANE('',#1318);
#51=PLANE('',#1319);
#52=PLANE('',#1320);
#53=PLANE('',#1333);
#54=PLANE('',#1336);
#55=PLANE('',#1338);
#56=PLANE('',#1340);
#57=PLANE('',#1341);
#58=PLANE('',#1342);
#59=PLANE('',#1343);
#60=PLANE('',#1344);
#61=PLANE('',#1345);
#62=PLANE('',#1346);
#63=PLANE('',#1347);
#64=PLANE('',#1348);
#65=PLANE('',#1350);
#66=PLANE('',#1351);
#67=LINE('',#1721,#156);
#68=LINE('',#1723,#157);
#69=LINE('',#1727,#158);
#70=LINE('',#1731,#159);
#71=LINE('',#1741,#160);
#72=LINE('',#1743,#161);
#73=LINE('',#1745,#162);
#74=LINE('',#1746,#163);
#75=LINE('',#1751,#164);
#76=LINE('',#1753,#165);
#77=LINE('',#1754,#166);
#78=LINE('',#1769,#167);
#79=LINE('',#1771,#168);
#80=LINE('',#1773,#169);
#81=LINE('',#1774,#170);
#82=LINE('',#1777,#171);
#83=LINE('',#1779,#172);
#84=LINE('',#1780,#173);
#85=LINE('',#1784,#174);
#86=LINE('',#1786,#175);
#87=LINE('',#1788,#176);
#88=LINE('',#1789,#177);
#89=LINE('',#1792,#178);
#90=LINE('',#1794,#179);
#91=LINE('',#1795,#180);
#92=LINE('',#1802,#181);
#93=LINE('',#1804,#182);
#94=LINE('',#1806,#183);
#95=LINE('',#1808,#184);
#96=LINE('',#1810,#185);
#97=LINE('',#1811,#186);
#98=LINE('',#1837,#187);
#99=LINE('',#1841,#188);
#100=LINE('',#1843,#189);
#101=LINE('',#1844,#190);
#102=LINE('',#1853,#191);
#103=LINE('',#1856,#192);
#104=LINE('',#2042,#193);
#105=LINE('',#2136,#194);
#106=LINE('',#2143,#195);
#107=LINE('',#2146,#196);
#108=LINE('',#2148,#197);
#109=LINE('',#2151,#198);
#110=LINE('',#2154,#199);
#111=LINE('',#2158,#200);
#112=LINE('',#2161,#201);
#113=LINE('',#2164,#202);
#114=LINE('',#2173,#203);
#115=LINE('',#2174,#204);
#116=LINE('',#2183,#205);
#117=LINE('',#2184,#206);
#118=LINE('',#2193,#207);
#119=LINE('',#2194,#208);
#120=LINE('',#2196,#209);
#121=LINE('',#2197,#210);
#122=LINE('',#2206,#211);
#123=LINE('',#2207,#212);
#124=LINE('',#2209,#213);
#125=LINE('',#2210,#214);
#126=LINE('',#2212,#215);
#127=LINE('',#2213,#216);
#128=LINE('',#2215,#217);
#129=LINE('',#2216,#218);
#130=LINE('',#2219,#219);
#131=LINE('',#2265,#220);
#132=LINE('',#2268,#221);
#133=LINE('',#2271,#222);
#134=LINE('',#2279,#223);
#135=LINE('',#2280,#224);
#136=LINE('',#2284,#225);
#137=LINE('',#2286,#226);
#138=LINE('',#2288,#227);
#139=LINE('',#2290,#228);
#140=LINE('',#2292,#229);
#141=LINE('',#2293,#230);
#142=LINE('',#2295,#231);
#143=LINE('',#2296,#232);
#144=LINE('',#2298,#233);
#145=LINE('',#2299,#234);
#146=LINE('',#2302,#235);
#147=LINE('',#2303,#236);
#148=LINE('',#2306,#237);
#149=LINE('',#2307,#238);
#150=LINE('',#2312,#239);
#151=LINE('',#2313,#240);
#152=LINE('',#2315,#241);
#153=LINE('',#2317,#242);
#154=LINE('',#2319,#243);
#155=LINE('',#2321,#244);
#156=VECTOR('',#1362,10.);
#157=VECTOR('',#1363,10.);
#158=VECTOR('',#1366,10.);
#159=VECTOR('',#1369,10.);
#160=VECTOR('',#1374,10.);
#161=VECTOR('',#1375,10.);
#162=VECTOR('',#1376,10.);
#163=VECTOR('',#1377,10.);
#164=VECTOR('',#1382,10.);
#165=VECTOR('',#1383,10.);
#166=VECTOR('',#1384,10.);
#167=VECTOR('',#1403,10.);
#168=VECTOR('',#1404,10.);
#169=VECTOR('',#1405,10.);
#170=VECTOR('',#1406,10.);
#171=VECTOR('',#1409,10.);
#172=VECTOR('',#1410,10.);
#173=VECTOR('',#1411,10.);
#174=VECTOR('',#1414,10.);
#175=VECTOR('',#1415,10.);
#176=VECTOR('',#1416,10.);
#177=VECTOR('',#1417,10.);
#178=VECTOR('',#1420,10.);
#179=VECTOR('',#1421,10.);
#180=VECTOR('',#1422,10.);
#181=VECTOR('',#1431,10.);
#182=VECTOR('',#1432,10.);
#183=VECTOR('',#1433,10.);
#184=VECTOR('',#1434,10.);
#185=VECTOR('',#1435,10.);
#186=VECTOR('',#1436,10.);
#187=VECTOR('',#1439,10.);
#188=VECTOR('',#1442,10.);
#189=VECTOR('',#1443,10.);
#190=VECTOR('',#1444,10.);
#191=VECTOR('',#1455,10.);
#192=VECTOR('',#1458,10.);
#193=VECTOR('',#1485,10.);
#194=VECTOR('',#1504,10.);
#195=VECTOR('',#1515,10.);
#196=VECTOR('',#1518,10.);
#197=VECTOR('',#1519,10.);
#198=VECTOR('',#1522,10.);
#199=VECTOR('',#1525,10.);
#200=VECTOR('',#1528,10.);
#201=VECTOR('',#1531,10.);
#202=VECTOR('',#1534,10.);
#203=VECTOR('',#1545,10.);
#204=VECTOR('',#1546,10.);
#205=VECTOR('',#1557,10.);
#206=VECTOR('',#1558,10.);
#207=VECTOR('',#1569,10.);
#208=VECTOR('',#1570,10.);
#209=VECTOR('',#1573,10.);
#210=VECTOR('',#1574,10.);
#211=VECTOR('',#1585,10.);
#212=VECTOR('',#1586,10.);
#213=VECTOR('',#1589,10.);
#214=VECTOR('',#1590,10.);
#215=VECTOR('',#1593,10.);
#216=VECTOR('',#1594,10.);
#217=VECTOR('',#1597,10.);
#218=VECTOR('',#1598,10.);
#219=VECTOR('',#1603,10.);
#220=VECTOR('',#1618,10.);
#221=VECTOR('',#1621,10.);
#222=VECTOR('',#1624,10.);
#223=VECTOR('',#1635,10.);
#224=VECTOR('',#1636,10.);
#225=VECTOR('',#1639,10.);
#226=VECTOR('',#1640,10.);
#227=VECTOR('',#1641,10.);
#228=VECTOR('',#1642,10.);
#229=VECTOR('',#1643,10.);
#230=VECTOR('',#1644,10.);
#231=VECTOR('',#1647,10.);
#232=VECTOR('',#1648,10.);
#233=VECTOR('',#1651,10.);
#234=VECTOR('',#1652,10.);
#235=VECTOR('',#1657,10.);
#236=VECTOR('',#1658,10.);
#237=VECTOR('',#1663,10.);
#238=VECTOR('',#1664,10.);
#239=VECTOR('',#1673,10.);
#240=VECTOR('',#1674,10.);
#241=VECTOR('',#1677,10.);
#242=VECTOR('',#1680,10.);
#243=VECTOR('',#1683,10.);
#244=VECTOR('',#1686,10.);
#245=CYLINDRICAL_SURFACE('',#1229,4.09999999999999);
#246=CYLINDRICAL_SURFACE('',#1241,2.75);
#247=CYLINDRICAL_SURFACE('',#1248,1.6);
#248=CYLINDRICAL_SURFACE('',#1257,1.5);
#249=CYLINDRICAL_SURFACE('',#1271,6.1);
#250=CYLINDRICAL_SURFACE('',#1283,1.5);
#251=CYLINDRICAL_SURFACE('',#1285,1.5);
#252=CYLINDRICAL_SURFACE('',#1297,1.5);
#253=CYLINDRICAL_SURFACE('',#1302,1.5);
#254=CYLINDRICAL_SURFACE('',#1307,1.5);
#255=CYLINDRICAL_SURFACE('',#1308,1.5);
#256=CYLINDRICAL_SURFACE('',#1313,1.5);
#257=CYLINDRICAL_SURFACE('',#1314,1.5);
#258=CYLINDRICAL_SURFACE('',#1315,1.5);
#259=CYLINDRICAL_SURFACE('',#1316,1.5);
#260=CYLINDRICAL_SURFACE('',#1325,1.5);
#261=CYLINDRICAL_SURFACE('',#1326,0.75);
#262=CYLINDRICAL_SURFACE('',#1332,0.75);
#263=CYLINDRICAL_SURFACE('',#1334,0.75);
#264=CYLINDRICAL_SURFACE('',#1335,0.75);
#265=CYLINDRICAL_SURFACE('',#1337,4.);
#266=CYLINDRICAL_SURFACE('',#1339,4.);
#267=CYLINDRICAL_SURFACE('',#1349,1.6);
#268=FACE_OUTER_BOUND('',#338,.T.);
#269=FACE_OUTER_BOUND('',#339,.T.);
#270=FACE_OUTER_BOUND('',#340,.T.);
#271=FACE_OUTER_BOUND('',#341,.T.);
#272=FACE_OUTER_BOUND('',#342,.T.);
#273=FACE_OUTER_BOUND('',#343,.T.);
#274=FACE_OUTER_BOUND('',#344,.T.);
#275=FACE_OUTER_BOUND('',#345,.T.);
#276=FACE_OUTER_BOUND('',#346,.T.);
#277=FACE_OUTER_BOUND('',#347,.T.);
#278=FACE_OUTER_BOUND('',#348,.T.);
#279=FACE_OUTER_BOUND('',#349,.T.);
#280=FACE_OUTER_BOUND('',#351,.T.);
#281=FACE_OUTER_BOUND('',#353,.T.);
#282=FACE_OUTER_BOUND('',#355,.T.);
#283=FACE_OUTER_BOUND('',#356,.T.);
#284=FACE_OUTER_BOUND('',#357,.T.);
#285=FACE_OUTER_BOUND('',#358,.T.);
#286=FACE_OUTER_BOUND('',#359,.T.);
#287=FACE_OUTER_BOUND('',#360,.T.);
#288=FACE_OUTER_BOUND('',#361,.T.);
#289=FACE_OUTER_BOUND('',#362,.T.);
#290=FACE_OUTER_BOUND('',#363,.T.);
#291=FACE_OUTER_BOUND('',#364,.T.);
#292=FACE_OUTER_BOUND('',#365,.T.);
#293=FACE_OUTER_BOUND('',#366,.T.);
#294=FACE_OUTER_BOUND('',#367,.T.);
#295=FACE_OUTER_BOUND('',#368,.T.);
#296=FACE_OUTER_BOUND('',#370,.T.);
#297=FACE_OUTER_BOUND('',#371,.T.);
#298=FACE_OUTER_BOUND('',#372,.T.);
#299=FACE_OUTER_BOUND('',#373,.T.);
#300=FACE_OUTER_BOUND('',#374,.T.);
#301=FACE_OUTER_BOUND('',#375,.T.);
#302=FACE_OUTER_BOUND('',#376,.T.);
#303=FACE_OUTER_BOUND('',#377,.T.);
#304=FACE_OUTER_BOUND('',#378,.T.);
#305=FACE_OUTER_BOUND('',#379,.T.);
#306=FACE_OUTER_BOUND('',#380,.T.);
#307=FACE_OUTER_BOUND('',#381,.T.);
#308=FACE_OUTER_BOUND('',#382,.T.);
#309=FACE_OUTER_BOUND('',#383,.T.);
#310=FACE_OUTER_BOUND('',#384,.T.);
#311=FACE_OUTER_BOUND('',#385,.T.);
#312=FACE_OUTER_BOUND('',#386,.T.);
#313=FACE_OUTER_BOUND('',#387,.T.);
#314=FACE_OUTER_BOUND('',#388,.T.);
#315=FACE_OUTER_BOUND('',#389,.T.);
#316=FACE_OUTER_BOUND('',#390,.T.);
#317=FACE_OUTER_BOUND('',#391,.T.);
#318=FACE_OUTER_BOUND('',#392,.T.);
#319=FACE_OUTER_BOUND('',#393,.T.);
#320=FACE_OUTER_BOUND('',#395,.T.);
#321=FACE_OUTER_BOUND('',#396,.T.);
#322=FACE_OUTER_BOUND('',#397,.T.);
#323=FACE_OUTER_BOUND('',#398,.T.);
#324=FACE_OUTER_BOUND('',#399,.T.);
#325=FACE_OUTER_BOUND('',#400,.T.);
#326=FACE_OUTER_BOUND('',#401,.T.);
#327=FACE_OUTER_BOUND('',#402,.T.);
#328=FACE_OUTER_BOUND('',#403,.T.);
#329=FACE_OUTER_BOUND('',#404,.T.);
#330=FACE_OUTER_BOUND('',#405,.T.);
#331=FACE_OUTER_BOUND('',#406,.T.);
#332=FACE_OUTER_BOUND('',#407,.T.);
#333=FACE_OUTER_BOUND('',#408,.T.);
#334=FACE_OUTER_BOUND('',#409,.T.);
#335=FACE_OUTER_BOUND('',#410,.T.);
#336=FACE_OUTER_BOUND('',#411,.T.);
#337=FACE_OUTER_BOUND('',#412,.T.);
#338=EDGE_LOOP('',(#787,#788,#789,#790,#791,#792));
#339=EDGE_LOOP('',(#793,#794,#795,#796,#797,#798,#799,#800));
#340=EDGE_LOOP('',(#801,#802,#803,#804,#805));
#341=EDGE_LOOP('',(#806,#807,#808,#809,#810));
#342=EDGE_LOOP('',(#811,#812,#813,#814,#815));
#343=EDGE_LOOP('',(#816,#817,#818,#819));
#344=EDGE_LOOP('',(#820,#821,#822,#823));
#345=EDGE_LOOP('',(#824,#825,#826,#827));
#346=EDGE_LOOP('',(#828,#829,#830,#831));
#347=EDGE_LOOP('',(#832,#833,#834,#835));
#348=EDGE_LOOP('',(#836,#837,#838,#839));
#349=EDGE_LOOP('',(#840,#841,#842,#843,#844,#845));
#350=EDGE_LOOP('',(#846,#847,#848));
#351=EDGE_LOOP('',(#849,#850,#851,#852,#853,#854,#855));
#352=EDGE_LOOP('',(#856,#857,#858));
#353=EDGE_LOOP('',(#859,#860,#861));
#354=EDGE_LOOP('',(#862,#863,#864));
#355=EDGE_LOOP('',(#865,#866,#867,#868));
#356=EDGE_LOOP('',(#869,#870,#871,#872));
#357=EDGE_LOOP('',(#873,#874,#875,#876));
#358=EDGE_LOOP('',(#877,#878,#879,#880));
#359=EDGE_LOOP('',(#881,#882,#883,#884,#885,#886,#887,#888,#889,#890,#891,
#892,#893,#894,#895));
#360=EDGE_LOOP('',(#896,#897,#898,#899,#900,#901));
#361=EDGE_LOOP('',(#902,#903,#904,#905));
#362=EDGE_LOOP('',(#906,#907,#908,#909,#910));
#363=EDGE_LOOP('',(#911,#912,#913,#914,#915,#916));
#364=EDGE_LOOP('',(#917,#918,#919,#920));
#365=EDGE_LOOP('',(#921,#922,#923,#924));
#366=EDGE_LOOP('',(#925,#926,#927,#928,#929));
#367=EDGE_LOOP('',(#930,#931,#932,#933,#934));
#368=EDGE_LOOP('',(#935,#936,#937,#938,#939,#940,#941));
#369=EDGE_LOOP('',(#942,#943,#944));
#370=EDGE_LOOP('',(#945,#946,#947,#948,#949,#950,#951,#952,#953,#954,#955,
#956,#957,#958));
#371=EDGE_LOOP('',(#959,#960,#961));
#372=EDGE_LOOP('',(#962,#963,#964,#965,#966));
#373=EDGE_LOOP('',(#967,#968,#969));
#374=EDGE_LOOP('',(#970,#971,#972,#973,#974));
#375=EDGE_LOOP('',(#975,#976,#977));
#376=EDGE_LOOP('',(#978,#979,#980,#981,#982,#983,#984));
#377=EDGE_LOOP('',(#985,#986,#987,#988));
#378=EDGE_LOOP('',(#989,#990,#991));
#379=EDGE_LOOP('',(#992,#993,#994,#995,#996,#997,#998));
#380=EDGE_LOOP('',(#999,#1000,#1001,#1002));
#381=EDGE_LOOP('',(#1003,#1004,#1005,#1006));
#382=EDGE_LOOP('',(#1007,#1008,#1009,#1010));
#383=EDGE_LOOP('',(#1011,#1012,#1013,#1014));
#384=EDGE_LOOP('',(#1015,#1016,#1017,#1018,#1019,#1020));
#385=EDGE_LOOP('',(#1021,#1022));
#386=EDGE_LOOP('',(#1023,#1024,#1025,#1026));
#387=EDGE_LOOP('',(#1027,#1028,#1029,#1030));
#388=EDGE_LOOP('',(#1031,#1032,#1033,#1034,#1035));
#389=EDGE_LOOP('',(#1036,#1037,#1038,#1039));
#390=EDGE_LOOP('',(#1040,#1041,#1042,#1043));
#391=EDGE_LOOP('',(#1044,#1045,#1046,#1047));
#392=EDGE_LOOP('',(#1048,#1049,#1050,#1051,#1052));
#393=EDGE_LOOP('',(#1053,#1054,#1055,#1056,#1057));
#394=EDGE_LOOP('',(#1058,#1059,#1060,#1061,#1062,#1063));
#395=EDGE_LOOP('',(#1064,#1065,#1066,#1067,#1068));
#396=EDGE_LOOP('',(#1069,#1070,#1071,#1072));
#397=EDGE_LOOP('',(#1073,#1074,#1075,#1076,#1077,#1078,#1079,#1080));
#398=EDGE_LOOP('',(#1081,#1082,#1083,#1084));
#399=EDGE_LOOP('',(#1085,#1086,#1087,#1088));
#400=EDGE_LOOP('',(#1089,#1090,#1091,#1092));
#401=EDGE_LOOP('',(#1093,#1094,#1095,#1096));
#402=EDGE_LOOP('',(#1097,#1098,#1099,#1100));
#403=EDGE_LOOP('',(#1101,#1102,#1103,#1104));
#404=EDGE_LOOP('',(#1105,#1106,#1107,#1108));
#405=EDGE_LOOP('',(#1109,#1110,#1111,#1112));
#406=EDGE_LOOP('',(#1113,#1114,#1115,#1116));
#407=EDGE_LOOP('',(#1117,#1118,#1119,#1120));
#408=EDGE_LOOP('',(#1121,#1122,#1123,#1124));
#409=EDGE_LOOP('',(#1125,#1126,#1127,#1128));
#410=EDGE_LOOP('',(#1129,#1130,#1131,#1132));
#411=EDGE_LOOP('',(#1133,#1134,#1135,#1136));
#412=EDGE_LOOP('',(#1137,#1138,#1139,#1140));
#413=B_SPLINE_CURVE_WITH_KNOTS('',3,(#1709,#1710,#1711,#1712),
 .UNSPECIFIED.,.F.,.F.,(4,4),(0.568838172154798,0.571517557764719),
 .UNSPECIFIED.);
#414=B_SPLINE_CURVE_WITH_KNOTS('',3,(#1715,#1716,#1717,#1718),
 .UNSPECIFIED.,.F.,.F.,(4,4),(0.119672675877458,0.122352061644548),
 .UNSPECIFIED.);
#415=B_SPLINE_CURVE_WITH_KNOTS('',3,(#1736,#1737,#1738,#1739),
 .UNSPECIFIED.,.F.,.F.,(4,4),(-0.182276155688745,-0.163885991212998),
 .UNSPECIFIED.);
#416=B_SPLINE_CURVE_WITH_KNOTS('',3,(#1815,#1816,#1817,#1818,#1819,#1820,
#1821,#1822,#1823,#1824),.UNSPECIFIED.,.F.,.F.,(4,2,2,2,4),(0.,0.0581784980897213,
0.117106922861036,0.152034134480043,0.152270501734459),.UNSPECIFIED.);
#417=B_SPLINE_CURVE_WITH_KNOTS('',3,(#1826,#1827,#1828,#1829,#1830,#1831,
#1832,#1833,#1834,#1835),.UNSPECIFIED.,.F.,.F.,(4,2,2,2,4),(0.22297860591373,
0.279207634270846,0.335271491161607,0.390976925211798,0.398484175916143),
 .UNSPECIFIED.);
#418=B_SPLINE_CURVE_WITH_KNOTS('',3,(#1880,#1881,#1882,#1883,#1884),
 .UNSPECIFIED.,.F.,.F.,(4,1,4),(-0.138935460698963,-0.0694677303494813,
0.),.UNSPECIFIED.);
#419=B_SPLINE_CURVE_WITH_KNOTS('',3,(#1885,#1886,#1887,#1888,#1889),
 .UNSPECIFIED.,.F.,.F.,(4,1,4),(0.,0.0694677303494813,0.138935460698963),
 .UNSPECIFIED.);
#420=B_SPLINE_CURVE_WITH_KNOTS('',3,(#1913,#1914,#1915,#1916),
 .UNSPECIFIED.,.F.,.F.,(4,4),(-0.245182393371174,-1.2440494711252E-13),
 .UNSPECIFIED.);
#421=B_SPLINE_CURVE_WITH_KNOTS('',3,(#1917,#1918,#1919,#1920),
 .UNSPECIFIED.,.F.,.F.,(4,4),(1.2440494711252E-13,0.245182393371174),
 .UNSPECIFIED.);
#422=B_SPLINE_CURVE_WITH_KNOTS('',3,(#1924,#1925,#1926,#1927,#1928,#1929,
#1930,#1931,#1932,#1933),.UNSPECIFIED.,.F.,.F.,(4,2,2,2,4),(0.494217301474468,
0.501710613070169,0.557426700487358,0.613519721715604,0.669782926178297),
 .UNSPECIFIED.);
#423=B_SPLINE_CURVE_WITH_KNOTS('',3,(#1944,#1945,#1946,#1947,#1948,#1949,
#1950,#1951,#1952,#1953,#1954,#1955,#1956,#1957,#1958),.UNSPECIFIED.,.F.,
 .F.,(4,2,3,2,2,2,4),(1.57309666469493,1.58243570656169,1.59858357985067,
1.62418202391485,1.66112016253891,1.72121424846994,1.73992834691112),
 .UNSPECIFIED.);
#424=B_SPLINE_CURVE_WITH_KNOTS('',3,(#1960,#1961,#1962,#1963,#1964,#1965),
 .UNSPECIFIED.,.F.,.F.,(4,2,4),(0.723039726135184,0.780849973772074,0.838660221408517),
 .UNSPECIFIED.);
#425=B_SPLINE_CURVE_WITH_KNOTS('',3,(#1967,#1968,#1969,#1970,#1971,#1972,
#1973,#1974,#1975,#1976,#1977,#1978,#1979),.UNSPECIFIED.,.F.,.F.,(4,2,2,
2,3,4),(1.45704029067032,1.49408651018566,1.55139847366795,1.58243570656831,
1.59858357985733,1.62407558780276),.UNSPECIFIED.);
#426=B_SPLINE_CURVE_WITH_KNOTS('',3,(#1983,#1984,#1985,#1986,#1987,#1988,
#1989,#1990,#1991,#1992,#1993,#1994,#1995,#1996,#1997),.UNSPECIFIED.,.F.,
 .F.,(4,2,3,2,2,2,4),(1.57309666470069,1.5824357065675,1.59858357985648,
1.62418202392068,1.66112016254477,1.72121424847591,1.7399283469171),
 .UNSPECIFIED.);
#427=B_SPLINE_CURVE_WITH_KNOTS('',3,(#1999,#2000,#2001,#2002,#2003,#2004),
 .UNSPECIFIED.,.F.,.F.,(4,2,4),(0.723039726135188,0.780849973772096,0.838660221408522),
 .UNSPECIFIED.);
#428=B_SPLINE_CURVE_WITH_KNOTS('',3,(#2006,#2007,#2008,#2009,#2010,#2011,
#2012,#2013,#2014,#2015,#2016,#2017,#2018),.UNSPECIFIED.,.F.,.F.,(4,2,2,
2,3,4),(1.45704029067304,1.49408651018843,1.55139847367074,1.58243570657113,
1.59858357986013,1.62407558780555),.UNSPECIFIED.);
#429=B_SPLINE_CURVE_WITH_KNOTS('',3,(#2022,#2023,#2024,#2025,#2026,#2027),
 .UNSPECIFIED.,.F.,.F.,(4,2,4),(0.132882953227038,0.174672071363421,0.205661252435043),
 .UNSPECIFIED.);
#430=B_SPLINE_CURVE_WITH_KNOTS('',3,(#2028,#2029,#2030,#2031,#2032,#2033,
#2034,#2035,#2036,#2037),.UNSPECIFIED.,.F.,.F.,(4,2,2,2,4),(-0.174469969448315,
-0.167131895922382,-0.110875311724593,-0.0552441032769009,-0.0478184246886703),
 .UNSPECIFIED.);
#431=B_SPLINE_CURVE_WITH_KNOTS('',3,(#2043,#2044,#2045,#2046,#2047),
 .UNSPECIFIED.,.F.,.F.,(4,1,4),(0.25410976067546,0.280771733246083,0.393080426544515),
 .UNSPECIFIED.);
#432=B_SPLINE_CURVE_WITH_KNOTS('',3,(#2081,#2082,#2083,#2084,#2085,#2086),
 .UNSPECIFIED.,.F.,.F.,(4,1,1,4),(-2.88433257302545E-15,0.0400825850439284,
0.060123877565894,0.140289047653756),.UNSPECIFIED.);
#433=B_SPLINE_CURVE_WITH_KNOTS('',3,(#2087,#2088,#2089,#2090,#2091,#2092),
 .UNSPECIFIED.,.F.,.F.,(4,1,1,4),(-0.140289047653756,-0.060123877565894,
-0.0400825850439284,2.88433257302545E-15),.UNSPECIFIED.);
#434=B_SPLINE_CURVE_WITH_KNOTS('',3,(#2114,#2115,#2116,#2117),
 .UNSPECIFIED.,.F.,.F.,(4,4),(0.,0.0363128704897652),.UNSPECIFIED.);
#435=B_SPLINE_CURVE_WITH_KNOTS('',3,(#2118,#2119,#2120,#2121),
 .UNSPECIFIED.,.F.,.F.,(4,4),(2.87453528136155,2.98006106293363),
 .UNSPECIFIED.);
#436=B_SPLINE_CURVE_WITH_KNOTS('',3,(#2122,#2123,#2124,#2125),
 .UNSPECIFIED.,.F.,.F.,(4,4),(-2.98006106293363,-2.84694813683542),
 .UNSPECIFIED.);
#437=B_SPLINE_CURVE_WITH_KNOTS('',3,(#2258,#2259,#2260,#2261,#2262,#2263),
 .UNSPECIFIED.,.F.,.F.,(4,1,1,4),(-0.393080426544515,-0.280771733246083,
-0.16846303994765,-2.10278160386446E-15),.UNSPECIFIED.);
#438=CIRCLE('',#1227,3.59999999999998);
#439=CIRCLE('',#1228,4.09999999999999);
#440=CIRCLE('',#1230,4.09999999999999);
#441=CIRCLE('',#1231,4.09999999999999);
#442=CIRCLE('',#1232,4.09999999999999);
#443=CIRCLE('',#1237,3.25);
#444=CIRCLE('',#1238,0.750000000000002);
#445=CIRCLE('',#1239,4.);
#446=CIRCLE('',#1240,0.750000000000002);
#447=CIRCLE('',#1242,2.75);
#448=CIRCLE('',#1243,2.75);
#449=CIRCLE('',#1249,1.6);
#450=CIRCLE('',#1250,1.6);
#451=CIRCLE('',#1253,4.);
#452=CIRCLE('',#1254,1.6);
#453=CIRCLE('',#1256,1.6);
#454=CIRCLE('',#1258,1.50000000000001);
#455=CIRCLE('',#1259,1.5);
#456=CIRCLE('',#1260,1.49999999999999);
#457=CIRCLE('',#1261,1.5);
#458=CIRCLE('',#1263,7.4284271247462);
#459=CIRCLE('',#1264,6.0142135623731);
#460=CIRCLE('',#1266,6.10000000000001);
#461=CIRCLE('',#1267,1.49999999999999);
#462=CIRCLE('',#1268,4.60000000000001);
#463=CIRCLE('',#1269,4.60000000000001);
#464=CIRCLE('',#1270,4.60000000000001);
#465=CIRCLE('',#1272,6.10000000000001);
#466=CIRCLE('',#1273,1.49999999999999);
#467=CIRCLE('',#1275,1.5);
#468=CIRCLE('',#1276,1.5);
#469=CIRCLE('',#1278,1.5);
#470=CIRCLE('',#1279,1.5);
#471=CIRCLE('',#1281,1.5);
#472=CIRCLE('',#1282,1.5);
#473=CIRCLE('',#1284,1.5);
#474=CIRCLE('',#1286,1.5);
#475=CIRCLE('',#1288,4.);
#476=CIRCLE('',#1290,0.75);
#477=CIRCLE('',#1291,1.5);
#478=CIRCLE('',#1292,0.75);
#479=CIRCLE('',#1294,1.5);
#480=CIRCLE('',#1295,1.5);
#481=CIRCLE('',#1296,1.5);
#482=CIRCLE('',#1299,1.5);
#483=CIRCLE('',#1300,1.5);
#484=CIRCLE('',#1301,1.5);
#485=CIRCLE('',#1304,1.5);
#486=CIRCLE('',#1305,1.5);
#487=CIRCLE('',#1306,1.5);
#488=CIRCLE('',#1310,1.5);
#489=CIRCLE('',#1311,1.5);
#490=CIRCLE('',#1312,1.5);
#491=CIRCLE('',#1322,1.50000000000001);
#492=CIRCLE('',#1323,7.6);
#493=CIRCLE('',#1324,1.50000000000001);
#494=CIRCLE('',#1327,0.750000000000002);
#495=CIRCLE('',#1329,0.750000000000011);
#496=CIRCLE('',#1330,4.);
#497=CIRCLE('',#1331,3.25);
#498=(
BOUNDED_CURVE()
B_SPLINE_CURVE(2,(#1699,#1700,#1701),.UNSPECIFIED.,.F.,.F.)
B_SPLINE_CURVE_WITH_KNOTS((3,3),(0.11604813751216,0.186907126063689),
 .UNSPECIFIED.)
CURVE()
GEOMETRIC_REPRESENTATION_ITEM()
RATIONAL_B_SPLINE_CURVE((1.03850053884009,1.04544787936801,1.04652506659419))
REPRESENTATION_ITEM('')
);
#499=(
BOUNDED_CURVE()
B_SPLINE_CURVE(2,(#1705,#1706,#1707),.UNSPECIFIED.,.F.,.F.)
B_SPLINE_CURVE_WITH_KNOTS((3,3),(0.212912715153373,0.283771703848982),
 .UNSPECIFIED.)
CURVE()
GEOMETRIC_REPRESENTATION_ITEM()
RATIONAL_B_SPLINE_CURVE((1.04652506659418,1.04544787936576,1.03850053881173))
REPRESENTATION_ITEM('')
);
#500=VERTEX_POINT('',#1697);
#501=VERTEX_POINT('',#1698);
#502=VERTEX_POINT('',#1702);
#503=VERTEX_POINT('',#1704);
#504=VERTEX_POINT('',#1708);
#505=VERTEX_POINT('',#1713);
#506=VERTEX_POINT('',#1720);
#507=VERTEX_POINT('',#1722);
#508=VERTEX_POINT('',#1724);
#509=VERTEX_POINT('',#1726);
#510=VERTEX_POINT('',#1728);
#511=VERTEX_POINT('',#1730);
#512=VERTEX_POINT('',#1734);
#513=VERTEX_POINT('',#1735);
#514=VERTEX_POINT('',#1740);
#515=VERTEX_POINT('',#1742);
#516=VERTEX_POINT('',#1744);
#517=VERTEX_POINT('',#1748);
#518=VERTEX_POINT('',#1750);
#519=VERTEX_POINT('',#1752);
#520=VERTEX_POINT('',#1756);
#521=VERTEX_POINT('',#1758);
#522=VERTEX_POINT('',#1760);
#523=VERTEX_POINT('',#1767);
#524=VERTEX_POINT('',#1768);
#525=VERTEX_POINT('',#1770);
#526=VERTEX_POINT('',#1772);
#527=VERTEX_POINT('',#1776);
#528=VERTEX_POINT('',#1778);
#529=VERTEX_POINT('',#1782);
#530=VERTEX_POINT('',#1783);
#531=VERTEX_POINT('',#1785);
#532=VERTEX_POINT('',#1787);
#533=VERTEX_POINT('',#1791);
#534=VERTEX_POINT('',#1793);
#535=VERTEX_POINT('',#1800);
#536=VERTEX_POINT('',#1801);
#537=VERTEX_POINT('',#1803);
#538=VERTEX_POINT('',#1805);
#539=VERTEX_POINT('',#1807);
#540=VERTEX_POINT('',#1809);
#541=VERTEX_POINT('',#1813);
#542=VERTEX_POINT('',#1814);
#543=VERTEX_POINT('',#1825);
#544=VERTEX_POINT('',#1836);
#545=VERTEX_POINT('',#1838);
#546=VERTEX_POINT('',#1840);
#547=VERTEX_POINT('',#1842);
#548=VERTEX_POINT('',#1849);
#549=VERTEX_POINT('',#1850);
#550=VERTEX_POINT('',#1852);
#551=VERTEX_POINT('',#1854);
#552=VERTEX_POINT('',#1877);
#553=VERTEX_POINT('',#1878);
#554=VERTEX_POINT('',#1910);
#555=VERTEX_POINT('',#1911);
#556=VERTEX_POINT('',#1922);
#557=VERTEX_POINT('',#1923);
#558=VERTEX_POINT('',#1937);
#559=VERTEX_POINT('',#1939);
#560=VERTEX_POINT('',#1941);
#561=VERTEX_POINT('',#1943);
#562=VERTEX_POINT('',#1959);
#563=VERTEX_POINT('',#1966);
#564=VERTEX_POINT('',#1980);
#565=VERTEX_POINT('',#1982);
#566=VERTEX_POINT('',#1998);
#567=VERTEX_POINT('',#2005);
#568=VERTEX_POINT('',#2019);
#569=VERTEX_POINT('',#2021);
#570=VERTEX_POINT('',#2039);
#571=VERTEX_POINT('',#2041);
#572=VERTEX_POINT('',#2078);
#573=VERTEX_POINT('',#2079);
#574=VERTEX_POINT('',#2113);
#575=VERTEX_POINT('',#2133);
#576=VERTEX_POINT('',#2135);
#577=VERTEX_POINT('',#2141);
#578=VERTEX_POINT('',#2145);
#579=VERTEX_POINT('',#2147);
#580=VERTEX_POINT('',#2149);
#581=VERTEX_POINT('',#2153);
#582=VERTEX_POINT('',#2155);
#583=VERTEX_POINT('',#2157);
#584=VERTEX_POINT('',#2160);
#585=VERTEX_POINT('',#2162);
#586=VERTEX_POINT('',#2166);
#587=VERTEX_POINT('',#2167);
#588=VERTEX_POINT('',#2169);
#589=VERTEX_POINT('',#2176);
#590=VERTEX_POINT('',#2177);
#591=VERTEX_POINT('',#2179);
#592=VERTEX_POINT('',#2186);
#593=VERTEX_POINT('',#2187);
#594=VERTEX_POINT('',#2189);
#595=VERTEX_POINT('',#2199);
#596=VERTEX_POINT('',#2200);
#597=VERTEX_POINT('',#2202);
#598=VERTEX_POINT('',#2223);
#599=VERTEX_POINT('',#2256);
#600=VERTEX_POINT('',#2267);
#601=VERTEX_POINT('',#2269);
#602=VERTEX_POINT('',#2273);
#603=VERTEX_POINT('',#2274);
#604=VERTEX_POINT('',#2282);
#605=VERTEX_POINT('',#2283);
#606=VERTEX_POINT('',#2285);
#607=VERTEX_POINT('',#2287);
#608=VERTEX_POINT('',#2289);
#609=VERTEX_POINT('',#2291);
#610=EDGE_CURVE('',#500,#501,#498,.F.);
#611=EDGE_CURVE('',#500,#502,#438,.T.);
#612=EDGE_CURVE('',#502,#503,#499,.T.);
#613=EDGE_CURVE('',#503,#504,#413,.F.);
#614=EDGE_CURVE('',#504,#505,#439,.T.);
#615=EDGE_CURVE('',#505,#501,#414,.F.);
#616=EDGE_CURVE('',#506,#505,#67,.T.);
#617=EDGE_CURVE('',#504,#507,#68,.T.);
#618=EDGE_CURVE('',#508,#507,#440,.T.);
#619=EDGE_CURVE('',#509,#508,#69,.T.);
#620=EDGE_CURVE('',#510,#509,#441,.T.);
#621=EDGE_CURVE('',#511,#510,#70,.T.);
#622=EDGE_CURVE('',#511,#506,#442,.F.);
#623=EDGE_CURVE('',#512,#513,#415,.T.);
#624=EDGE_CURVE('',#512,#514,#71,.T.);
#625=EDGE_CURVE('',#514,#515,#72,.T.);
#626=EDGE_CURVE('',#515,#516,#73,.T.);
#627=EDGE_CURVE('',#513,#516,#74,.T.);
#628=EDGE_CURVE('',#517,#512,#34,.T.);
#629=EDGE_CURVE('',#518,#517,#75,.T.);
#630=EDGE_CURVE('',#519,#518,#76,.T.);
#631=EDGE_CURVE('',#519,#514,#77,.T.);
#632=EDGE_CURVE('',#513,#520,#443,.T.);
#633=EDGE_CURVE('',#520,#521,#444,.T.);
#634=EDGE_CURVE('',#521,#522,#445,.T.);
#635=EDGE_CURVE('',#512,#522,#446,.T.);
#636=EDGE_CURVE('',#516,#518,#447,.T.);
#637=EDGE_CURVE('',#515,#519,#448,.T.);
#638=EDGE_CURVE('',#523,#524,#78,.T.);
#639=EDGE_CURVE('',#525,#523,#79,.T.);
#640=EDGE_CURVE('',#526,#525,#80,.T.);
#641=EDGE_CURVE('',#524,#526,#81,.T.);
#642=EDGE_CURVE('',#527,#523,#82,.T.);
#643=EDGE_CURVE('',#527,#528,#83,.T.);
#644=EDGE_CURVE('',#525,#528,#84,.T.);
#645=EDGE_CURVE('',#529,#530,#85,.T.);
#646=EDGE_CURVE('',#529,#531,#86,.T.);
#647=EDGE_CURVE('',#532,#531,#87,.T.);
#648=EDGE_CURVE('',#532,#530,#88,.T.);
#649=EDGE_CURVE('',#533,#529,#89,.T.);
#650=EDGE_CURVE('',#534,#533,#90,.T.);
#651=EDGE_CURVE('',#531,#534,#91,.T.);
#652=EDGE_CURVE('',#532,#534,#449,.T.);
#653=EDGE_CURVE('',#530,#533,#450,.T.);
#654=EDGE_CURVE('',#535,#536,#92,.T.);
#655=EDGE_CURVE('',#537,#535,#93,.T.);
#656=EDGE_CURVE('',#538,#537,#94,.T.);
#657=EDGE_CURVE('',#539,#538,#95,.T.);
#658=EDGE_CURVE('',#540,#539,#96,.T.);
#659=EDGE_CURVE('',#536,#540,#97,.T.);
#660=EDGE_CURVE('',#541,#542,#416,.T.);
#661=EDGE_CURVE('',#543,#541,#417,.T.);
#662=EDGE_CURVE('',#544,#543,#98,.T.);
#663=EDGE_CURVE('',#545,#544,#451,.T.);
#664=EDGE_CURVE('',#546,#545,#99,.T.);
#665=EDGE_CURVE('',#547,#546,#100,.T.);
#666=EDGE_CURVE('',#542,#547,#101,.T.);
#667=EDGE_CURVE('',#524,#527,#452,.T.);
#668=EDGE_CURVE('',#528,#526,#453,.T.);
#669=EDGE_CURVE('',#548,#549,#454,.T.);
#670=EDGE_CURVE('',#549,#550,#102,.T.);
#671=EDGE_CURVE('',#550,#551,#455,.T.);
#672=EDGE_CURVE('',#551,#548,#103,.T.);
#673=EDGE_CURVE('',#552,#553,#456,.T.);
#674=EDGE_CURVE('',#553,#549,#418,.T.);
#675=EDGE_CURVE('',#548,#552,#419,.T.);
#676=EDGE_CURVE('',#554,#555,#457,.T.);
#677=EDGE_CURVE('',#555,#553,#420,.T.);
#678=EDGE_CURVE('',#552,#554,#421,.T.);
#679=EDGE_CURVE('',#556,#557,#422,.T.);
#680=EDGE_CURVE('',#557,#555,#458,.T.);
#681=EDGE_CURVE('',#554,#556,#459,.T.);
#682=EDGE_CURVE('',#552,#558,#460,.T.);
#683=EDGE_CURVE('',#558,#559,#461,.T.);
#684=EDGE_CURVE('',#559,#560,#462,.T.);
#685=EDGE_CURVE('',#560,#561,#423,.F.);
#686=EDGE_CURVE('',#562,#561,#424,.T.);
#687=EDGE_CURVE('',#563,#562,#425,.T.);
#688=EDGE_CURVE('',#563,#564,#463,.T.);
#689=EDGE_CURVE('',#564,#565,#426,.F.);
#690=EDGE_CURVE('',#566,#565,#427,.T.);
#691=EDGE_CURVE('',#567,#566,#428,.T.);
#692=EDGE_CURVE('',#567,#568,#464,.T.);
#693=EDGE_CURVE('',#568,#569,#429,.T.);
#694=EDGE_CURVE('',#569,#556,#430,.T.);
#695=EDGE_CURVE('',#551,#570,#465,.T.);
#696=EDGE_CURVE('',#571,#570,#104,.T.);
#697=EDGE_CURVE('',#558,#571,#431,.T.);
#698=EDGE_CURVE('',#572,#573,#466,.T.);
#699=EDGE_CURVE('',#573,#559,#432,.T.);
#700=EDGE_CURVE('',#558,#572,#433,.T.);
#701=EDGE_CURVE('',#542,#574,#434,.T.);
#702=EDGE_CURVE('',#574,#573,#435,.T.);
#703=EDGE_CURVE('',#572,#541,#436,.T.);
#704=EDGE_CURVE('',#508,#574,#467,.T.);
#705=EDGE_CURVE('',#507,#560,#468,.T.);
#706=EDGE_CURVE('',#506,#567,#469,.F.);
#707=EDGE_CURVE('',#568,#511,#470,.T.);
#708=EDGE_CURVE('',#575,#563,#471,.F.);
#709=EDGE_CURVE('',#575,#576,#105,.T.);
#710=EDGE_CURVE('',#564,#576,#472,.F.);
#711=EDGE_CURVE('',#547,#509,#473,.T.);
#712=EDGE_CURVE('',#510,#577,#474,.T.);
#713=EDGE_CURVE('',#577,#569,#106,.T.);
#714=EDGE_CURVE('',#578,#577,#107,.T.);
#715=EDGE_CURVE('',#578,#579,#108,.T.);
#716=EDGE_CURVE('',#580,#579,#475,.T.);
#717=EDGE_CURVE('',#557,#580,#109,.T.);
#718=EDGE_CURVE('',#546,#581,#110,.T.);
#719=EDGE_CURVE('',#582,#581,#476,.T.);
#720=EDGE_CURVE('',#583,#582,#111,.T.);
#721=EDGE_CURVE('',#570,#583,#477,.T.);
#722=EDGE_CURVE('',#550,#584,#112,.T.);
#723=EDGE_CURVE('',#585,#584,#478,.T.);
#724=EDGE_CURVE('',#578,#585,#113,.T.);
#725=EDGE_CURVE('',#586,#587,#479,.F.);
#726=EDGE_CURVE('',#588,#586,#480,.F.);
#727=EDGE_CURVE('',#587,#588,#481,.F.);
#728=EDGE_CURVE('',#576,#588,#114,.T.);
#729=EDGE_CURVE('',#586,#565,#115,.T.);
#730=EDGE_CURVE('',#589,#590,#482,.F.);
#731=EDGE_CURVE('',#591,#589,#483,.F.);
#732=EDGE_CURVE('',#590,#591,#484,.F.);
#733=EDGE_CURVE('',#562,#591,#116,.T.);
#734=EDGE_CURVE('',#589,#575,#117,.T.);
#735=EDGE_CURVE('',#592,#593,#485,.F.);
#736=EDGE_CURVE('',#594,#592,#486,.F.);
#737=EDGE_CURVE('',#593,#594,#487,.F.);
#738=EDGE_CURVE('',#566,#594,#118,.T.);
#739=EDGE_CURVE('',#592,#501,#119,.T.);
#740=EDGE_CURVE('',#587,#593,#120,.T.);
#741=EDGE_CURVE('',#594,#586,#121,.T.);
#742=EDGE_CURVE('',#595,#596,#488,.F.);
#743=EDGE_CURVE('',#597,#595,#489,.F.);
#744=EDGE_CURVE('',#596,#597,#490,.F.);
#745=EDGE_CURVE('',#503,#597,#122,.T.);
#746=EDGE_CURVE('',#595,#561,#123,.T.);
#747=EDGE_CURVE('',#593,#596,#124,.T.);
#748=EDGE_CURVE('',#597,#592,#125,.T.);
#749=EDGE_CURVE('',#596,#590,#126,.T.);
#750=EDGE_CURVE('',#591,#595,#127,.T.);
#751=EDGE_CURVE('',#590,#587,#128,.T.);
#752=EDGE_CURVE('',#588,#589,#129,.T.);
#753=EDGE_CURVE('',#502,#500,#130,.T.);
#754=EDGE_CURVE('',#572,#598,#491,.T.);
#755=EDGE_CURVE('',#598,#543,#492,.T.);
#756=EDGE_CURVE('',#571,#599,#493,.T.);
#757=EDGE_CURVE('',#599,#598,#437,.T.);
#758=EDGE_CURVE('',#583,#599,#131,.T.);
#759=EDGE_CURVE('',#584,#600,#132,.T.);
#760=EDGE_CURVE('',#600,#601,#494,.T.);
#761=EDGE_CURVE('',#601,#585,#133,.T.);
#762=EDGE_CURVE('',#602,#603,#495,.T.);
#763=EDGE_CURVE('',#603,#601,#496,.T.);
#764=EDGE_CURVE('',#600,#602,#497,.T.);
#765=EDGE_CURVE('',#555,#603,#134,.T.);
#766=EDGE_CURVE('',#602,#549,#135,.T.);
#767=EDGE_CURVE('',#604,#605,#136,.T.);
#768=EDGE_CURVE('',#605,#606,#137,.T.);
#769=EDGE_CURVE('',#606,#607,#138,.T.);
#770=EDGE_CURVE('',#607,#608,#139,.T.);
#771=EDGE_CURVE('',#608,#609,#140,.T.);
#772=EDGE_CURVE('',#609,#604,#141,.T.);
#773=EDGE_CURVE('',#522,#598,#142,.T.);
#774=EDGE_CURVE('',#599,#517,#143,.T.);
#775=EDGE_CURVE('',#581,#521,#144,.T.);
#776=EDGE_CURVE('',#520,#582,#145,.T.);
#777=EDGE_CURVE('',#603,#580,#146,.T.);
#778=EDGE_CURVE('',#579,#601,#147,.T.);
#779=EDGE_CURVE('',#521,#545,#148,.T.);
#780=EDGE_CURVE('',#544,#522,#149,.T.);
#781=EDGE_CURVE('',#604,#537,#150,.T.);
#782=EDGE_CURVE('',#605,#535,#151,.T.);
#783=EDGE_CURVE('',#609,#538,#152,.T.);
#784=EDGE_CURVE('',#608,#539,#153,.T.);
#785=EDGE_CURVE('',#607,#540,#154,.T.);
#786=EDGE_CURVE('',#606,#536,#155,.T.);
#787=ORIENTED_EDGE('',*,*,#610,.F.);
#788=ORIENTED_EDGE('',*,*,#611,.T.);
#789=ORIENTED_EDGE('',*,*,#612,.T.);
#790=ORIENTED_EDGE('',*,*,#613,.T.);
#791=ORIENTED_EDGE('',*,*,#614,.T.);
#792=ORIENTED_EDGE('',*,*,#615,.T.);
#793=ORIENTED_EDGE('',*,*,#616,.T.);
#794=ORIENTED_EDGE('',*,*,#614,.F.);
#795=ORIENTED_EDGE('',*,*,#617,.T.);
#796=ORIENTED_EDGE('',*,*,#618,.F.);
#797=ORIENTED_EDGE('',*,*,#619,.F.);
#798=ORIENTED_EDGE('',*,*,#620,.F.);
#799=ORIENTED_EDGE('',*,*,#621,.F.);
#800=ORIENTED_EDGE('',*,*,#622,.T.);
#801=ORIENTED_EDGE('',*,*,#623,.F.);
#802=ORIENTED_EDGE('',*,*,#624,.T.);
#803=ORIENTED_EDGE('',*,*,#625,.T.);
#804=ORIENTED_EDGE('',*,*,#626,.T.);
#805=ORIENTED_EDGE('',*,*,#627,.F.);
#806=ORIENTED_EDGE('',*,*,#628,.F.);
#807=ORIENTED_EDGE('',*,*,#629,.F.);
#808=ORIENTED_EDGE('',*,*,#630,.F.);
#809=ORIENTED_EDGE('',*,*,#631,.T.);
#810=ORIENTED_EDGE('',*,*,#624,.F.);
#811=ORIENTED_EDGE('',*,*,#623,.T.);
#812=ORIENTED_EDGE('',*,*,#632,.T.);
#813=ORIENTED_EDGE('',*,*,#633,.T.);
#814=ORIENTED_EDGE('',*,*,#634,.T.);
#815=ORIENTED_EDGE('',*,*,#635,.F.);
#816=ORIENTED_EDGE('',*,*,#630,.T.);
#817=ORIENTED_EDGE('',*,*,#636,.F.);
#818=ORIENTED_EDGE('',*,*,#626,.F.);
#819=ORIENTED_EDGE('',*,*,#637,.T.);
#820=ORIENTED_EDGE('',*,*,#638,.F.);
#821=ORIENTED_EDGE('',*,*,#639,.F.);
#822=ORIENTED_EDGE('',*,*,#640,.F.);
#823=ORIENTED_EDGE('',*,*,#641,.F.);
#824=ORIENTED_EDGE('',*,*,#642,.F.);
#825=ORIENTED_EDGE('',*,*,#643,.T.);
#826=ORIENTED_EDGE('',*,*,#644,.F.);
#827=ORIENTED_EDGE('',*,*,#639,.T.);
#828=ORIENTED_EDGE('',*,*,#645,.F.);
#829=ORIENTED_EDGE('',*,*,#646,.T.);
#830=ORIENTED_EDGE('',*,*,#647,.F.);
#831=ORIENTED_EDGE('',*,*,#648,.T.);
#832=ORIENTED_EDGE('',*,*,#649,.F.);
#833=ORIENTED_EDGE('',*,*,#650,.F.);
#834=ORIENTED_EDGE('',*,*,#651,.F.);
#835=ORIENTED_EDGE('',*,*,#646,.F.);
#836=ORIENTED_EDGE('',*,*,#648,.F.);
#837=ORIENTED_EDGE('',*,*,#652,.T.);
#838=ORIENTED_EDGE('',*,*,#650,.T.);
#839=ORIENTED_EDGE('',*,*,#653,.F.);
#840=ORIENTED_EDGE('',*,*,#654,.F.);
#841=ORIENTED_EDGE('',*,*,#655,.F.);
#842=ORIENTED_EDGE('',*,*,#656,.F.);
#843=ORIENTED_EDGE('',*,*,#657,.F.);
#844=ORIENTED_EDGE('',*,*,#658,.F.);
#845=ORIENTED_EDGE('',*,*,#659,.F.);
#846=ORIENTED_EDGE('',*,*,#647,.T.);
#847=ORIENTED_EDGE('',*,*,#651,.T.);
#848=ORIENTED_EDGE('',*,*,#652,.F.);
#849=ORIENTED_EDGE('',*,*,#660,.F.);
#850=ORIENTED_EDGE('',*,*,#661,.F.);
#851=ORIENTED_EDGE('',*,*,#662,.F.);
#852=ORIENTED_EDGE('',*,*,#663,.F.);
#853=ORIENTED_EDGE('',*,*,#664,.F.);
#854=ORIENTED_EDGE('',*,*,#665,.F.);
#855=ORIENTED_EDGE('',*,*,#666,.F.);
#856=ORIENTED_EDGE('',*,*,#642,.T.);
#857=ORIENTED_EDGE('',*,*,#638,.T.);
#858=ORIENTED_EDGE('',*,*,#667,.T.);
#859=ORIENTED_EDGE('',*,*,#637,.F.);
#860=ORIENTED_EDGE('',*,*,#625,.F.);
#861=ORIENTED_EDGE('',*,*,#631,.F.);
#862=ORIENTED_EDGE('',*,*,#640,.T.);
#863=ORIENTED_EDGE('',*,*,#644,.T.);
#864=ORIENTED_EDGE('',*,*,#668,.T.);
#865=ORIENTED_EDGE('',*,*,#669,.T.);
#866=ORIENTED_EDGE('',*,*,#670,.T.);
#867=ORIENTED_EDGE('',*,*,#671,.T.);
#868=ORIENTED_EDGE('',*,*,#672,.T.);
#869=ORIENTED_EDGE('',*,*,#673,.T.);
#870=ORIENTED_EDGE('',*,*,#674,.T.);
#871=ORIENTED_EDGE('',*,*,#669,.F.);
#872=ORIENTED_EDGE('',*,*,#675,.T.);
#873=ORIENTED_EDGE('',*,*,#676,.T.);
#874=ORIENTED_EDGE('',*,*,#677,.T.);
#875=ORIENTED_EDGE('',*,*,#673,.F.);
#876=ORIENTED_EDGE('',*,*,#678,.T.);
#877=ORIENTED_EDGE('',*,*,#679,.T.);
#878=ORIENTED_EDGE('',*,*,#680,.T.);
#879=ORIENTED_EDGE('',*,*,#676,.F.);
#880=ORIENTED_EDGE('',*,*,#681,.T.);
#881=ORIENTED_EDGE('',*,*,#681,.F.);
#882=ORIENTED_EDGE('',*,*,#678,.F.);
#883=ORIENTED_EDGE('',*,*,#682,.T.);
#884=ORIENTED_EDGE('',*,*,#683,.T.);
#885=ORIENTED_EDGE('',*,*,#684,.T.);
#886=ORIENTED_EDGE('',*,*,#685,.T.);
#887=ORIENTED_EDGE('',*,*,#686,.F.);
#888=ORIENTED_EDGE('',*,*,#687,.F.);
#889=ORIENTED_EDGE('',*,*,#688,.T.);
#890=ORIENTED_EDGE('',*,*,#689,.T.);
#891=ORIENTED_EDGE('',*,*,#690,.F.);
#892=ORIENTED_EDGE('',*,*,#691,.F.);
#893=ORIENTED_EDGE('',*,*,#692,.T.);
#894=ORIENTED_EDGE('',*,*,#693,.T.);
#895=ORIENTED_EDGE('',*,*,#694,.T.);
#896=ORIENTED_EDGE('',*,*,#675,.F.);
#897=ORIENTED_EDGE('',*,*,#672,.F.);
#898=ORIENTED_EDGE('',*,*,#695,.T.);
#899=ORIENTED_EDGE('',*,*,#696,.F.);
#900=ORIENTED_EDGE('',*,*,#697,.F.);
#901=ORIENTED_EDGE('',*,*,#682,.F.);
#902=ORIENTED_EDGE('',*,*,#698,.T.);
#903=ORIENTED_EDGE('',*,*,#699,.T.);
#904=ORIENTED_EDGE('',*,*,#683,.F.);
#905=ORIENTED_EDGE('',*,*,#700,.T.);
#906=ORIENTED_EDGE('',*,*,#701,.T.);
#907=ORIENTED_EDGE('',*,*,#702,.T.);
#908=ORIENTED_EDGE('',*,*,#698,.F.);
#909=ORIENTED_EDGE('',*,*,#703,.T.);
#910=ORIENTED_EDGE('',*,*,#660,.T.);
#911=ORIENTED_EDGE('',*,*,#684,.F.);
#912=ORIENTED_EDGE('',*,*,#699,.F.);
#913=ORIENTED_EDGE('',*,*,#702,.F.);
#914=ORIENTED_EDGE('',*,*,#704,.F.);
#915=ORIENTED_EDGE('',*,*,#618,.T.);
#916=ORIENTED_EDGE('',*,*,#705,.T.);
#917=ORIENTED_EDGE('',*,*,#692,.F.);
#918=ORIENTED_EDGE('',*,*,#706,.F.);
#919=ORIENTED_EDGE('',*,*,#622,.F.);
#920=ORIENTED_EDGE('',*,*,#707,.F.);
#921=ORIENTED_EDGE('',*,*,#688,.F.);
#922=ORIENTED_EDGE('',*,*,#708,.F.);
#923=ORIENTED_EDGE('',*,*,#709,.T.);
#924=ORIENTED_EDGE('',*,*,#710,.F.);
#925=ORIENTED_EDGE('',*,*,#701,.F.);
#926=ORIENTED_EDGE('',*,*,#666,.T.);
#927=ORIENTED_EDGE('',*,*,#711,.T.);
#928=ORIENTED_EDGE('',*,*,#619,.T.);
#929=ORIENTED_EDGE('',*,*,#704,.T.);
#930=ORIENTED_EDGE('',*,*,#693,.F.);
#931=ORIENTED_EDGE('',*,*,#707,.T.);
#932=ORIENTED_EDGE('',*,*,#621,.T.);
#933=ORIENTED_EDGE('',*,*,#712,.T.);
#934=ORIENTED_EDGE('',*,*,#713,.T.);
#935=ORIENTED_EDGE('',*,*,#679,.F.);
#936=ORIENTED_EDGE('',*,*,#694,.F.);
#937=ORIENTED_EDGE('',*,*,#713,.F.);
#938=ORIENTED_EDGE('',*,*,#714,.F.);
#939=ORIENTED_EDGE('',*,*,#715,.T.);
#940=ORIENTED_EDGE('',*,*,#716,.F.);
#941=ORIENTED_EDGE('',*,*,#717,.F.);
#942=ORIENTED_EDGE('',*,*,#645,.T.);
#943=ORIENTED_EDGE('',*,*,#653,.T.);
#944=ORIENTED_EDGE('',*,*,#649,.T.);
#945=ORIENTED_EDGE('',*,*,#711,.F.);
#946=ORIENTED_EDGE('',*,*,#665,.T.);
#947=ORIENTED_EDGE('',*,*,#718,.T.);
#948=ORIENTED_EDGE('',*,*,#719,.F.);
#949=ORIENTED_EDGE('',*,*,#720,.F.);
#950=ORIENTED_EDGE('',*,*,#721,.F.);
#951=ORIENTED_EDGE('',*,*,#695,.F.);
#952=ORIENTED_EDGE('',*,*,#671,.F.);
#953=ORIENTED_EDGE('',*,*,#722,.T.);
#954=ORIENTED_EDGE('',*,*,#723,.F.);
#955=ORIENTED_EDGE('',*,*,#724,.F.);
#956=ORIENTED_EDGE('',*,*,#714,.T.);
#957=ORIENTED_EDGE('',*,*,#712,.F.);
#958=ORIENTED_EDGE('',*,*,#620,.T.);
#959=ORIENTED_EDGE('',*,*,#725,.F.);
#960=ORIENTED_EDGE('',*,*,#726,.F.);
#961=ORIENTED_EDGE('',*,*,#727,.F.);
#962=ORIENTED_EDGE('',*,*,#710,.T.);
#963=ORIENTED_EDGE('',*,*,#728,.T.);
#964=ORIENTED_EDGE('',*,*,#726,.T.);
#965=ORIENTED_EDGE('',*,*,#729,.T.);
#966=ORIENTED_EDGE('',*,*,#689,.F.);
#967=ORIENTED_EDGE('',*,*,#730,.F.);
#968=ORIENTED_EDGE('',*,*,#731,.F.);
#969=ORIENTED_EDGE('',*,*,#732,.F.);
#970=ORIENTED_EDGE('',*,*,#708,.T.);
#971=ORIENTED_EDGE('',*,*,#687,.T.);
#972=ORIENTED_EDGE('',*,*,#733,.T.);
#973=ORIENTED_EDGE('',*,*,#731,.T.);
#974=ORIENTED_EDGE('',*,*,#734,.T.);
#975=ORIENTED_EDGE('',*,*,#735,.F.);
#976=ORIENTED_EDGE('',*,*,#736,.F.);
#977=ORIENTED_EDGE('',*,*,#737,.F.);
#978=ORIENTED_EDGE('',*,*,#706,.T.);
#979=ORIENTED_EDGE('',*,*,#691,.T.);
#980=ORIENTED_EDGE('',*,*,#738,.T.);
#981=ORIENTED_EDGE('',*,*,#736,.T.);
#982=ORIENTED_EDGE('',*,*,#739,.T.);
#983=ORIENTED_EDGE('',*,*,#615,.F.);
#984=ORIENTED_EDGE('',*,*,#616,.F.);
#985=ORIENTED_EDGE('',*,*,#725,.T.);
#986=ORIENTED_EDGE('',*,*,#740,.T.);
#987=ORIENTED_EDGE('',*,*,#737,.T.);
#988=ORIENTED_EDGE('',*,*,#741,.T.);
#989=ORIENTED_EDGE('',*,*,#742,.F.);
#990=ORIENTED_EDGE('',*,*,#743,.F.);
#991=ORIENTED_EDGE('',*,*,#744,.F.);
#992=ORIENTED_EDGE('',*,*,#745,.T.);
#993=ORIENTED_EDGE('',*,*,#743,.T.);
#994=ORIENTED_EDGE('',*,*,#746,.T.);
#995=ORIENTED_EDGE('',*,*,#685,.F.);
#996=ORIENTED_EDGE('',*,*,#705,.F.);
#997=ORIENTED_EDGE('',*,*,#617,.F.);
#998=ORIENTED_EDGE('',*,*,#613,.F.);
#999=ORIENTED_EDGE('',*,*,#735,.T.);
#1000=ORIENTED_EDGE('',*,*,#747,.T.);
#1001=ORIENTED_EDGE('',*,*,#744,.T.);
#1002=ORIENTED_EDGE('',*,*,#748,.T.);
#1003=ORIENTED_EDGE('',*,*,#742,.T.);
#1004=ORIENTED_EDGE('',*,*,#749,.T.);
#1005=ORIENTED_EDGE('',*,*,#732,.T.);
#1006=ORIENTED_EDGE('',*,*,#750,.T.);
#1007=ORIENTED_EDGE('',*,*,#730,.T.);
#1008=ORIENTED_EDGE('',*,*,#751,.T.);
#1009=ORIENTED_EDGE('',*,*,#727,.T.);
#1010=ORIENTED_EDGE('',*,*,#752,.T.);
#1011=ORIENTED_EDGE('',*,*,#729,.F.);
#1012=ORIENTED_EDGE('',*,*,#741,.F.);
#1013=ORIENTED_EDGE('',*,*,#738,.F.);
#1014=ORIENTED_EDGE('',*,*,#690,.T.);
#1015=ORIENTED_EDGE('',*,*,#739,.F.);
#1016=ORIENTED_EDGE('',*,*,#748,.F.);
#1017=ORIENTED_EDGE('',*,*,#745,.F.);
#1018=ORIENTED_EDGE('',*,*,#612,.F.);
#1019=ORIENTED_EDGE('',*,*,#753,.T.);
#1020=ORIENTED_EDGE('',*,*,#610,.T.);
#1021=ORIENTED_EDGE('',*,*,#611,.F.);
#1022=ORIENTED_EDGE('',*,*,#753,.F.);
#1023=ORIENTED_EDGE('',*,*,#740,.F.);
#1024=ORIENTED_EDGE('',*,*,#751,.F.);
#1025=ORIENTED_EDGE('',*,*,#749,.F.);
#1026=ORIENTED_EDGE('',*,*,#747,.F.);
#1027=ORIENTED_EDGE('',*,*,#703,.F.);
#1028=ORIENTED_EDGE('',*,*,#754,.T.);
#1029=ORIENTED_EDGE('',*,*,#755,.T.);
#1030=ORIENTED_EDGE('',*,*,#661,.T.);
#1031=ORIENTED_EDGE('',*,*,#700,.F.);
#1032=ORIENTED_EDGE('',*,*,#697,.T.);
#1033=ORIENTED_EDGE('',*,*,#756,.T.);
#1034=ORIENTED_EDGE('',*,*,#757,.T.);
#1035=ORIENTED_EDGE('',*,*,#754,.F.);
#1036=ORIENTED_EDGE('',*,*,#721,.T.);
#1037=ORIENTED_EDGE('',*,*,#758,.T.);
#1038=ORIENTED_EDGE('',*,*,#756,.F.);
#1039=ORIENTED_EDGE('',*,*,#696,.T.);
#1040=ORIENTED_EDGE('',*,*,#723,.T.);
#1041=ORIENTED_EDGE('',*,*,#759,.T.);
#1042=ORIENTED_EDGE('',*,*,#760,.T.);
#1043=ORIENTED_EDGE('',*,*,#761,.T.);
#1044=ORIENTED_EDGE('',*,*,#762,.T.);
#1045=ORIENTED_EDGE('',*,*,#763,.T.);
#1046=ORIENTED_EDGE('',*,*,#760,.F.);
#1047=ORIENTED_EDGE('',*,*,#764,.T.);
#1048=ORIENTED_EDGE('',*,*,#677,.F.);
#1049=ORIENTED_EDGE('',*,*,#765,.T.);
#1050=ORIENTED_EDGE('',*,*,#762,.F.);
#1051=ORIENTED_EDGE('',*,*,#766,.T.);
#1052=ORIENTED_EDGE('',*,*,#674,.F.);
#1053=ORIENTED_EDGE('',*,*,#670,.F.);
#1054=ORIENTED_EDGE('',*,*,#766,.F.);
#1055=ORIENTED_EDGE('',*,*,#764,.F.);
#1056=ORIENTED_EDGE('',*,*,#759,.F.);
#1057=ORIENTED_EDGE('',*,*,#722,.F.);
#1058=ORIENTED_EDGE('',*,*,#767,.T.);
#1059=ORIENTED_EDGE('',*,*,#768,.T.);
#1060=ORIENTED_EDGE('',*,*,#769,.T.);
#1061=ORIENTED_EDGE('',*,*,#770,.T.);
#1062=ORIENTED_EDGE('',*,*,#771,.T.);
#1063=ORIENTED_EDGE('',*,*,#772,.T.);
#1064=ORIENTED_EDGE('',*,*,#628,.T.);
#1065=ORIENTED_EDGE('',*,*,#635,.T.);
#1066=ORIENTED_EDGE('',*,*,#773,.T.);
#1067=ORIENTED_EDGE('',*,*,#757,.F.);
#1068=ORIENTED_EDGE('',*,*,#774,.T.);
#1069=ORIENTED_EDGE('',*,*,#719,.T.);
#1070=ORIENTED_EDGE('',*,*,#775,.T.);
#1071=ORIENTED_EDGE('',*,*,#633,.F.);
#1072=ORIENTED_EDGE('',*,*,#776,.T.);
#1073=ORIENTED_EDGE('',*,*,#629,.T.);
#1074=ORIENTED_EDGE('',*,*,#774,.F.);
#1075=ORIENTED_EDGE('',*,*,#758,.F.);
#1076=ORIENTED_EDGE('',*,*,#720,.T.);
#1077=ORIENTED_EDGE('',*,*,#776,.F.);
#1078=ORIENTED_EDGE('',*,*,#632,.F.);
#1079=ORIENTED_EDGE('',*,*,#627,.T.);
#1080=ORIENTED_EDGE('',*,*,#636,.T.);
#1081=ORIENTED_EDGE('',*,*,#763,.F.);
#1082=ORIENTED_EDGE('',*,*,#777,.T.);
#1083=ORIENTED_EDGE('',*,*,#716,.T.);
#1084=ORIENTED_EDGE('',*,*,#778,.T.);
#1085=ORIENTED_EDGE('',*,*,#680,.F.);
#1086=ORIENTED_EDGE('',*,*,#717,.T.);
#1087=ORIENTED_EDGE('',*,*,#777,.F.);
#1088=ORIENTED_EDGE('',*,*,#765,.F.);
#1089=ORIENTED_EDGE('',*,*,#634,.F.);
#1090=ORIENTED_EDGE('',*,*,#779,.T.);
#1091=ORIENTED_EDGE('',*,*,#663,.T.);
#1092=ORIENTED_EDGE('',*,*,#780,.T.);
#1093=ORIENTED_EDGE('',*,*,#755,.F.);
#1094=ORIENTED_EDGE('',*,*,#773,.F.);
#1095=ORIENTED_EDGE('',*,*,#780,.F.);
#1096=ORIENTED_EDGE('',*,*,#662,.T.);
#1097=ORIENTED_EDGE('',*,*,#733,.F.);
#1098=ORIENTED_EDGE('',*,*,#686,.T.);
#1099=ORIENTED_EDGE('',*,*,#746,.F.);
#1100=ORIENTED_EDGE('',*,*,#750,.F.);
#1101=ORIENTED_EDGE('',*,*,#728,.F.);
#1102=ORIENTED_EDGE('',*,*,#709,.F.);
#1103=ORIENTED_EDGE('',*,*,#734,.F.);
#1104=ORIENTED_EDGE('',*,*,#752,.F.);
#1105=ORIENTED_EDGE('',*,*,#767,.F.);
#1106=ORIENTED_EDGE('',*,*,#781,.T.);
#1107=ORIENTED_EDGE('',*,*,#655,.T.);
#1108=ORIENTED_EDGE('',*,*,#782,.F.);
#1109=ORIENTED_EDGE('',*,*,#772,.F.);
#1110=ORIENTED_EDGE('',*,*,#783,.T.);
#1111=ORIENTED_EDGE('',*,*,#656,.T.);
#1112=ORIENTED_EDGE('',*,*,#781,.F.);
#1113=ORIENTED_EDGE('',*,*,#771,.F.);
#1114=ORIENTED_EDGE('',*,*,#784,.T.);
#1115=ORIENTED_EDGE('',*,*,#657,.T.);
#1116=ORIENTED_EDGE('',*,*,#783,.F.);
#1117=ORIENTED_EDGE('',*,*,#770,.F.);
#1118=ORIENTED_EDGE('',*,*,#785,.T.);
#1119=ORIENTED_EDGE('',*,*,#658,.T.);
#1120=ORIENTED_EDGE('',*,*,#784,.F.);
#1121=ORIENTED_EDGE('',*,*,#769,.F.);
#1122=ORIENTED_EDGE('',*,*,#786,.T.);
#1123=ORIENTED_EDGE('',*,*,#659,.T.);
#1124=ORIENTED_EDGE('',*,*,#785,.F.);
#1125=ORIENTED_EDGE('',*,*,#768,.F.);
#1126=ORIENTED_EDGE('',*,*,#782,.T.);
#1127=ORIENTED_EDGE('',*,*,#654,.T.);
#1128=ORIENTED_EDGE('',*,*,#786,.F.);
#1129=ORIENTED_EDGE('',*,*,#643,.F.);
#1130=ORIENTED_EDGE('',*,*,#667,.F.);
#1131=ORIENTED_EDGE('',*,*,#641,.T.);
#1132=ORIENTED_EDGE('',*,*,#668,.F.);
#1133=ORIENTED_EDGE('',*,*,#775,.F.);
#1134=ORIENTED_EDGE('',*,*,#718,.F.);
#1135=ORIENTED_EDGE('',*,*,#664,.T.);
#1136=ORIENTED_EDGE('',*,*,#779,.F.);
#1137=ORIENTED_EDGE('',*,*,#761,.F.);
#1138=ORIENTED_EDGE('',*,*,#778,.F.);
#1139=ORIENTED_EDGE('',*,*,#715,.F.);
#1140=ORIENTED_EDGE('',*,*,#724,.T.);
#1141=CONICAL_SURFACE('',#1226,3.84999999999999,0.785398163397438);
#1142=ADVANCED_FACE('',(#268),#1141,.F.);
#1143=ADVANCED_FACE('',(#269),#245,.F.);
#1144=ADVANCED_FACE('',(#270),#35,.F.);
#1145=ADVANCED_FACE('',(#271),#36,.F.);
#1146=ADVANCED_FACE('',(#272),#29,.T.);
#1147=ADVANCED_FACE('',(#273),#246,.F.);
#1148=ADVANCED_FACE('',(#274),#37,.F.);
#1149=ADVANCED_FACE('',(#275),#38,.F.);
#1150=ADVANCED_FACE('',(#276),#39,.F.);
#1151=ADVANCED_FACE('',(#277),#40,.F.);
#1152=ADVANCED_FACE('',(#278),#247,.F.);
#1153=ADVANCED_FACE('',(#279,#24),#41,.T.);
#1154=ADVANCED_FACE('',(#280,#25),#42,.T.);
#1155=ADVANCED_FACE('',(#281,#26),#43,.F.);
#1156=ADVANCED_FACE('',(#282),#248,.F.);
#1157=ADVANCED_FACE('',(#283),#19,.T.);
#1158=ADVANCED_FACE('',(#284),#20,.T.);
#1159=ADVANCED_FACE('',(#285),#30,.F.);
#1160=ADVANCED_FACE('',(#286),#31,.T.);
#1161=ADVANCED_FACE('',(#287),#249,.T.);
#1162=ADVANCED_FACE('',(#288),#21,.F.);
#1163=ADVANCED_FACE('',(#289),#22,.F.);
#1164=ADVANCED_FACE('',(#290),#44,.T.);
#1165=ADVANCED_FACE('',(#291),#45,.T.);
#1166=ADVANCED_FACE('',(#292),#46,.T.);
#1167=ADVANCED_FACE('',(#293),#250,.T.);
#1168=ADVANCED_FACE('',(#294),#251,.T.);
#1169=ADVANCED_FACE('',(#295,#27),#47,.T.);
#1170=ADVANCED_FACE('',(#296),#48,.F.);
#1171=ADVANCED_FACE('',(#297),#15,.T.);
#1172=ADVANCED_FACE('',(#298),#252,.T.);
#1173=ADVANCED_FACE('',(#299),#16,.T.);
#1174=ADVANCED_FACE('',(#300),#253,.T.);
#1175=ADVANCED_FACE('',(#301),#17,.T.);
#1176=ADVANCED_FACE('',(#302),#254,.T.);
#1177=ADVANCED_FACE('',(#303),#255,.T.);
#1178=ADVANCED_FACE('',(#304),#18,.T.);
#1179=ADVANCED_FACE('',(#305),#256,.T.);
#1180=ADVANCED_FACE('',(#306),#257,.T.);
#1181=ADVANCED_FACE('',(#307),#258,.T.);
#1182=ADVANCED_FACE('',(#308),#259,.T.);
#1183=ADVANCED_FACE('',(#309),#49,.T.);
#1184=ADVANCED_FACE('',(#310),#50,.T.);
#1185=ADVANCED_FACE('',(#311),#51,.F.);
#1186=ADVANCED_FACE('',(#312),#52,.T.);
#1187=ADVANCED_FACE('',(#313),#32,.F.);
#1188=ADVANCED_FACE('',(#314),#23,.T.);
#1189=ADVANCED_FACE('',(#315),#260,.F.);
#1190=ADVANCED_FACE('',(#316),#261,.T.);
#1191=ADVANCED_FACE('',(#317),#33,.T.);
#1192=ADVANCED_FACE('',(#318),#262,.T.);
#1193=ADVANCED_FACE('',(#319,#28),#53,.T.);
#1194=ADVANCED_FACE('',(#320),#263,.T.);
#1195=ADVANCED_FACE('',(#321),#264,.T.);
#1196=ADVANCED_FACE('',(#322),#54,.T.);
#1197=ADVANCED_FACE('',(#323),#265,.T.);
#1198=ADVANCED_FACE('',(#324),#55,.T.);
#1199=ADVANCED_FACE('',(#325),#266,.T.);
#1200=ADVANCED_FACE('',(#326),#56,.T.);
#1201=ADVANCED_FACE('',(#327),#57,.T.);
#1202=ADVANCED_FACE('',(#328),#58,.T.);
#1203=ADVANCED_FACE('',(#329),#59,.F.);
#1204=ADVANCED_FACE('',(#330),#60,.F.);
#1205=ADVANCED_FACE('',(#331),#61,.F.);
#1206=ADVANCED_FACE('',(#332),#62,.F.);
#1207=ADVANCED_FACE('',(#333),#63,.F.);
#1208=ADVANCED_FACE('',(#334),#64,.F.);
#1209=ADVANCED_FACE('',(#335),#267,.F.);
#1210=ADVANCED_FACE('',(#336),#65,.T.);
#1211=ADVANCED_FACE('',(#337),#66,.T.);
#1212=CLOSED_SHELL('',(#1142,#1143,#1144,#1145,#1146,#1147,#1148,#1149,
#1150,#1151,#1152,#1153,#1154,#1155,#1156,#1157,#1158,#1159,#1160,#1161,
#1162,#1163,#1164,#1165,#1166,#1167,#1168,#1169,#1170,#1171,#1172,#1173,
#1174,#1175,#1176,#1177,#1178,#1179,#1180,#1181,#1182,#1183,#1184,#1185,
#1186,#1187,#1188,#1189,#1190,#1191,#1192,#1193,#1194,#1195,#1196,#1197,
#1198,#1199,#1200,#1201,#1202,#1203,#1204,#1205,#1206,#1207,#1208,#1209,
#1210,#1211));
#1213=DERIVED_UNIT_ELEMENT(#1215,1.);
#1214=DERIVED_UNIT_ELEMENT(#2331,-3.);
#1215=(
MASS_UNIT()
NAMED_UNIT(*)
SI_UNIT(.KILO.,.GRAM.)
);
#1216=DERIVED_UNIT((#1213,#1214));
#1217=MEASURE_REPRESENTATION_ITEM('density measure',
POSITIVE_RATIO_MEASURE(7850.),#1216);
#1218=PROPERTY_DEFINITION_REPRESENTATION(#1223,#1220);
#1219=PROPERTY_DEFINITION_REPRESENTATION(#1224,#1221);
#1220=REPRESENTATION('material name',(#1222),#2328);
#1221=REPRESENTATION('density',(#1217),#2328);
#1222=DESCRIPTIVE_REPRESENTATION_ITEM('Steel','Steel');
#1223=PROPERTY_DEFINITION('material property','material name',#2338);
#1224=PROPERTY_DEFINITION('material property','density of part',#2338);
#1225=AXIS2_PLACEMENT_3D('',#1695,#1352,#1353);
#1226=AXIS2_PLACEMENT_3D('',#1696,#1354,#1355);
#1227=AXIS2_PLACEMENT_3D('',#1703,#1356,#1357);
#1228=AXIS2_PLACEMENT_3D('',#1714,#1358,#1359);
#1229=AXIS2_PLACEMENT_3D('',#1719,#1360,#1361);
#1230=AXIS2_PLACEMENT_3D('',#1725,#1364,#1365);
#1231=AXIS2_PLACEMENT_3D('',#1729,#1367,#1368);
#1232=AXIS2_PLACEMENT_3D('',#1732,#1370,#1371);
#1233=AXIS2_PLACEMENT_3D('',#1733,#1372,#1373);
#1234=AXIS2_PLACEMENT_3D('',#1747,#1378,#1379);
#1235=AXIS2_PLACEMENT_3D('',#1749,#1380,#1381);
#1236=AXIS2_PLACEMENT_3D('',#1755,#1385,#1386);
#1237=AXIS2_PLACEMENT_3D('',#1757,#1387,#1388);
#1238=AXIS2_PLACEMENT_3D('',#1759,#1389,#1390);
#1239=AXIS2_PLACEMENT_3D('',#1761,#1391,#1392);
#1240=AXIS2_PLACEMENT_3D('',#1762,#1393,#1394);
#1241=AXIS2_PLACEMENT_3D('',#1763,#1395,#1396);
#1242=AXIS2_PLACEMENT_3D('',#1764,#1397,#1398);
#1243=AXIS2_PLACEMENT_3D('',#1765,#1399,#1400);
#1244=AXIS2_PLACEMENT_3D('',#1766,#1401,#1402);
#1245=AXIS2_PLACEMENT_3D('',#1775,#1407,#1408);
#1246=AXIS2_PLACEMENT_3D('',#1781,#1412,#1413);
#1247=AXIS2_PLACEMENT_3D('',#1790,#1418,#1419);
#1248=AXIS2_PLACEMENT_3D('',#1796,#1423,#1424);
#1249=AXIS2_PLACEMENT_3D('',#1797,#1425,#1426);
#1250=AXIS2_PLACEMENT_3D('',#1798,#1427,#1428);
#1251=AXIS2_PLACEMENT_3D('',#1799,#1429,#1430);
#1252=AXIS2_PLACEMENT_3D('',#1812,#1437,#1438);
#1253=AXIS2_PLACEMENT_3D('',#1839,#1440,#1441);
#1254=AXIS2_PLACEMENT_3D('',#1845,#1445,#1446);
#1255=AXIS2_PLACEMENT_3D('',#1846,#1447,#1448);
#1256=AXIS2_PLACEMENT_3D('',#1847,#1449,#1450);
#1257=AXIS2_PLACEMENT_3D('',#1848,#1451,#1452);
#1258=AXIS2_PLACEMENT_3D('',#1851,#1453,#1454);
#1259=AXIS2_PLACEMENT_3D('',#1855,#1456,#1457);
#1260=AXIS2_PLACEMENT_3D('',#1879,#1459,#1460);
#1261=AXIS2_PLACEMENT_3D('',#1912,#1461,#1462);
#1262=AXIS2_PLACEMENT_3D('',#1921,#1463,#1464);
#1263=AXIS2_PLACEMENT_3D('',#1934,#1465,#1466);
#1264=AXIS2_PLACEMENT_3D('',#1935,#1467,#1468);
#1265=AXIS2_PLACEMENT_3D('',#1936,#1469,#1470);
#1266=AXIS2_PLACEMENT_3D('',#1938,#1471,#1472);
#1267=AXIS2_PLACEMENT_3D('',#1940,#1473,#1474);
#1268=AXIS2_PLACEMENT_3D('',#1942,#1475,#1476);
#1269=AXIS2_PLACEMENT_3D('',#1981,#1477,#1478);
#1270=AXIS2_PLACEMENT_3D('',#2020,#1479,#1480);
#1271=AXIS2_PLACEMENT_3D('',#2038,#1481,#1482);
#1272=AXIS2_PLACEMENT_3D('',#2040,#1483,#1484);
#1273=AXIS2_PLACEMENT_3D('',#2080,#1486,#1487);
#1274=AXIS2_PLACEMENT_3D('',#2126,#1488,#1489);
#1275=AXIS2_PLACEMENT_3D('',#2127,#1490,#1491);
#1276=AXIS2_PLACEMENT_3D('',#2128,#1492,#1493);
#1277=AXIS2_PLACEMENT_3D('',#2129,#1494,#1495);
#1278=AXIS2_PLACEMENT_3D('',#2130,#1496,#1497);
#1279=AXIS2_PLACEMENT_3D('',#2131,#1498,#1499);
#1280=AXIS2_PLACEMENT_3D('',#2132,#1500,#1501);
#1281=AXIS2_PLACEMENT_3D('',#2134,#1502,#1503);
#1282=AXIS2_PLACEMENT_3D('',#2137,#1505,#1506);
#1283=AXIS2_PLACEMENT_3D('',#2138,#1507,#1508);
#1284=AXIS2_PLACEMENT_3D('',#2139,#1509,#1510);
#1285=AXIS2_PLACEMENT_3D('',#2140,#1511,#1512);
#1286=AXIS2_PLACEMENT_3D('',#2142,#1513,#1514);
#1287=AXIS2_PLACEMENT_3D('',#2144,#1516,#1517);
#1288=AXIS2_PLACEMENT_3D('',#2150,#1520,#1521);
#1289=AXIS2_PLACEMENT_3D('',#2152,#1523,#1524);
#1290=AXIS2_PLACEMENT_3D('',#2156,#1526,#1527);
#1291=AXIS2_PLACEMENT_3D('',#2159,#1529,#1530);
#1292=AXIS2_PLACEMENT_3D('',#2163,#1532,#1533);
#1293=AXIS2_PLACEMENT_3D('',#2165,#1535,#1536);
#1294=AXIS2_PLACEMENT_3D('',#2168,#1537,#1538);
#1295=AXIS2_PLACEMENT_3D('',#2170,#1539,#1540);
#1296=AXIS2_PLACEMENT_3D('',#2171,#1541,#1542);
#1297=AXIS2_PLACEMENT_3D('',#2172,#1543,#1544);
#1298=AXIS2_PLACEMENT_3D('',#2175,#1547,#1548);
#1299=AXIS2_PLACEMENT_3D('',#2178,#1549,#1550);
#1300=AXIS2_PLACEMENT_3D('',#2180,#1551,#1552);
#1301=AXIS2_PLACEMENT_3D('',#2181,#1553,#1554);
#1302=AXIS2_PLACEMENT_3D('',#2182,#1555,#1556);
#1303=AXIS2_PLACEMENT_3D('',#2185,#1559,#1560);
#1304=AXIS2_PLACEMENT_3D('',#2188,#1561,#1562);
#1305=AXIS2_PLACEMENT_3D('',#2190,#1563,#1564);
#1306=AXIS2_PLACEMENT_3D('',#2191,#1565,#1566);
#1307=AXIS2_PLACEMENT_3D('',#2192,#1567,#1568);
#1308=AXIS2_PLACEMENT_3D('',#2195,#1571,#1572);
#1309=AXIS2_PLACEMENT_3D('',#2198,#1575,#1576);
#1310=AXIS2_PLACEMENT_3D('',#2201,#1577,#1578);
#1311=AXIS2_PLACEMENT_3D('',#2203,#1579,#1580);
#1312=AXIS2_PLACEMENT_3D('',#2204,#1581,#1582);
#1313=AXIS2_PLACEMENT_3D('',#2205,#1583,#1584);
#1314=AXIS2_PLACEMENT_3D('',#2208,#1587,#1588);
#1315=AXIS2_PLACEMENT_3D('',#2211,#1591,#1592);
#1316=AXIS2_PLACEMENT_3D('',#2214,#1595,#1596);
#1317=AXIS2_PLACEMENT_3D('',#2217,#1599,#1600);
#1318=AXIS2_PLACEMENT_3D('',#2218,#1601,#1602);
#1319=AXIS2_PLACEMENT_3D('',#2220,#1604,#1605);
#1320=AXIS2_PLACEMENT_3D('',#2221,#1606,#1607);
#1321=AXIS2_PLACEMENT_3D('',#2222,#1608,#1609);
#1322=AXIS2_PLACEMENT_3D('',#2224,#1610,#1611);
#1323=AXIS2_PLACEMENT_3D('',#2225,#1612,#1613);
#1324=AXIS2_PLACEMENT_3D('',#2257,#1614,#1615);
#1325=AXIS2_PLACEMENT_3D('',#2264,#1616,#1617);
#1326=AXIS2_PLACEMENT_3D('',#2266,#1619,#1620);
#1327=AXIS2_PLACEMENT_3D('',#2270,#1622,#1623);
#1328=AXIS2_PLACEMENT_3D('',#2272,#1625,#1626);
#1329=AXIS2_PLACEMENT_3D('',#2275,#1627,#1628);
#1330=AXIS2_PLACEMENT_3D('',#2276,#1629,#1630);
#1331=AXIS2_PLACEMENT_3D('',#2277,#1631,#1632);
#1332=AXIS2_PLACEMENT_3D('',#2278,#1633,#1634);
#1333=AXIS2_PLACEMENT_3D('',#2281,#1637,#1638);
#1334=AXIS2_PLACEMENT_3D('',#2294,#1645,#1646);
#1335=AXIS2_PLACEMENT_3D('',#2297,#1649,#1650);
#1336=AXIS2_PLACEMENT_3D('',#2300,#1653,#1654);
#1337=AXIS2_PLACEMENT_3D('',#2301,#1655,#1656);
#1338=AXIS2_PLACEMENT_3D('',#2304,#1659,#1660);
#1339=AXIS2_PLACEMENT_3D('',#2305,#1661,#1662);
#1340=AXIS2_PLACEMENT_3D('',#2308,#1665,#1666);
#1341=AXIS2_PLACEMENT_3D('',#2309,#1667,#1668);
#1342=AXIS2_PLACEMENT_3D('',#2310,#1669,#1670);
#1343=AXIS2_PLACEMENT_3D('',#2311,#1671,#1672);
#1344=AXIS2_PLACEMENT_3D('',#2314,#1675,#1676);
#1345=AXIS2_PLACEMENT_3D('',#2316,#1678,#1679);
#1346=AXIS2_PLACEMENT_3D('',#2318,#1681,#1682);
#1347=AXIS2_PLACEMENT_3D('',#2320,#1684,#1685);
#1348=AXIS2_PLACEMENT_3D('',#2322,#1687,#1688);
#1349=AXIS2_PLACEMENT_3D('',#2323,#1689,#1690);
#1350=AXIS2_PLACEMENT_3D('',#2324,#1691,#1692);
#1351=AXIS2_PLACEMENT_3D('',#2325,#1693,#1694);
#1352=DIRECTION('axis',(0.,0.,1.));
#1353=DIRECTION('refdir',(1.,0.,0.));
#1354=DIRECTION('center_axis',(0.,-1.,0.));
#1355=DIRECTION('ref_axis',(0.24390243902439,-1.00242442641401E-15,0.969799773271758));
#1356=DIRECTION('center_axis',(-1.48895283683299E-31,1.,1.29321459872297E-31));
#1357=DIRECTION('ref_axis',(0.24390243902439,0.,0.969799773271758));
#1358=DIRECTION('center_axis',(1.48895283683299E-31,-1.,-1.29321459872297E-31));
#1359=DIRECTION('ref_axis',(0.24390243902439,-1.88260197155801E-15,0.969799773271758));
#1360=DIRECTION('center_axis',(-1.11022302462516E-15,1.,2.22044604925031E-15));
#1361=DIRECTION('ref_axis',(5.75420470080113E-16,-2.22044604925031E-15,
1.));
#1362=DIRECTION('',(0.,-1.,0.));
#1363=DIRECTION('',(0.,1.,0.));
#1364=DIRECTION('center_axis',(9.04796136993383E-32,-1.,-2.27554172226737E-32));
#1365=DIRECTION('ref_axis',(-0.24390243902439,0.,-0.969799773271758));
#1366=DIRECTION('',(-1.11022302462516E-15,1.,2.22044604925031E-15));
#1367=DIRECTION('center_axis',(-7.0377459781293E-16,1.,1.78126000623139E-15));
#1368=DIRECTION('ref_axis',(-0.24390243902439,1.55581320925127E-15,-0.969799773271758));
#1369=DIRECTION('',(1.11022302462516E-15,-1.,-2.22044604925031E-15));
#1370=DIRECTION('center_axis',(1.48895283683299E-31,-1.,-1.29321459872297E-31));
#1371=DIRECTION('ref_axis',(-0.24390243902439,1.88260197155801E-15,-0.969799773271758));
#1372=DIRECTION('center_axis',(0.,0.819152044289002,-0.573576436351032));
#1373=DIRECTION('ref_axis',(-3.94504033425227E-64,-0.573576436351032,-0.819152044289002));
#1374=DIRECTION('',(-1.,0.,0.));
#1375=DIRECTION('',(7.27741912043204E-16,-0.573576436351032,-0.819152044289002));
#1376=DIRECTION('',(1.,1.11022302462516E-15,1.11022302462516E-16));
#1377=DIRECTION('',(7.27741912043204E-16,-0.573576436351032,-0.819152044289002));
#1378=DIRECTION('center_axis',(0.,0.819152044288999,0.573576436351036));
#1379=DIRECTION('ref_axis',(3.94504033425217E-64,0.573576436351036,-0.819152044288999));
#1380=DIRECTION('center_axis',(0.,0.819152044288999,0.573576436351036));
#1381=DIRECTION('ref_axis',(1.59199441504841E-16,0.573576436351036,-0.819152044288999));
#1382=DIRECTION('',(-5.45853619995524E-16,0.573576436351036,-0.819152044288999));
#1383=DIRECTION('',(1.,1.11022302462516E-15,1.11022302462516E-16));
#1384=DIRECTION('',(-5.45853619995524E-16,0.573576436351036,-0.819152044288999));
#1385=DIRECTION('center_axis',(-1.,-1.11022302462516E-15,-1.11022302462516E-16));
#1386=DIRECTION('ref_axis',(0.,0.,1.));
#1387=DIRECTION('center_axis',(-1.,-1.11022302462516E-15,-1.11022302462516E-16));
#1388=DIRECTION('ref_axis',(-7.065416064077E-16,0.707106781186549,-0.707106781186547));
#1389=DIRECTION('center_axis',(0.,1.,0.));
#1390=DIRECTION('ref_axis',(1.,0.,0.));
#1391=DIRECTION('center_axis',(1.,1.11022302462516E-15,1.11022302462516E-16));
#1392=DIRECTION('ref_axis',(-7.28583859910259E-16,0.707106781186549,-0.707106781186547));
#1393=DIRECTION('center_axis',(0.,0.,1.));
#1394=DIRECTION('ref_axis',(1.,0.,0.));
#1395=DIRECTION('center_axis',(-1.,-1.11022302462516E-15,-1.11022302462516E-16));
#1396=DIRECTION('ref_axis',(1.11022302462516E-15,-1.,1.22464679914735E-16));
#1397=DIRECTION('center_axis',(-1.,-1.11022302462516E-15,-1.11022302462516E-16));
#1398=DIRECTION('ref_axis',(-1.11022302462516E-15,1.,0.));
#1399=DIRECTION('center_axis',(-1.,-1.11022302462516E-15,-1.11022302462516E-16));
#1400=DIRECTION('ref_axis',(-1.11022302462516E-15,1.,0.));
#1401=DIRECTION('center_axis',(0.,0.819152044288987,0.573576436351053));
#1402=DIRECTION('ref_axis',(6.78053807449588E-64,0.573576436351053,-0.819152044288987));
#1403=DIRECTION('',(5.45853619995544E-16,-0.573576436351053,0.819152044288987));
#1404=DIRECTION('',(-1.,0.,0.));
#1405=DIRECTION('',(-5.45853619995544E-16,0.573576436351053,-0.819152044288987));
#1406=DIRECTION('',(1.,1.11022302462516E-15,1.11022302462516E-16));
#1407=DIRECTION('center_axis',(0.,0.819152044288983,-0.573576436351059));
#1408=DIRECTION('ref_axis',(-6.78053807449558E-64,-0.573576436351059,-0.819152044288982));
#1409=DIRECTION('',(-7.27741912043232E-16,0.573576436351059,0.819152044288982));
#1410=DIRECTION('',(1.,1.11022302462516E-15,1.11022302462516E-16));
#1411=DIRECTION('',(7.27741912043232E-16,-0.573576436351059,-0.819152044288982));
#1412=DIRECTION('center_axis',(0.,0.819152044288983,-0.573576436351059));
#1413=DIRECTION('ref_axis',(-6.78053807449558E-64,-0.573576436351059,-0.819152044288982));
#1414=DIRECTION('',(7.27741912043232E-16,-0.573576436351059,-0.819152044288982));
#1415=DIRECTION('',(-1.,0.,0.));
#1416=DIRECTION('',(0.,0.573576436351059,0.819152044288982));
#1417=DIRECTION('',(1.,1.11022302462516E-15,1.11022302462516E-16));
#1418=DIRECTION('center_axis',(0.,0.819152044288987,0.573576436351053));
#1419=DIRECTION('ref_axis',(6.78053807449588E-64,0.573576436351053,-0.819152044288987));
#1420=DIRECTION('',(-5.45853619995544E-16,0.573576436351053,-0.819152044288987));
#1421=DIRECTION('',(1.,1.11022302462516E-15,1.11022302462516E-16));
#1422=DIRECTION('',(0.,-0.573576436351053,0.819152044288987));
#1423=DIRECTION('center_axis',(-1.,-1.11022302462516E-15,-1.11022302462516E-16));
#1424=DIRECTION('ref_axis',(1.11022302462516E-15,-1.,-1.22464679914735E-16));
#1425=DIRECTION('center_axis',(-1.,0.,0.));
#1426=DIRECTION('ref_axis',(-1.11022302462516E-15,1.,0.));
#1427=DIRECTION('center_axis',(-1.,-1.11022302462516E-15,-1.11022302462516E-16));
#1428=DIRECTION('ref_axis',(-1.11022302462516E-15,1.,0.));
#1429=DIRECTION('center_axis',(-1.,0.,0.));
#1430=DIRECTION('ref_axis',(0.,-1.,0.));
#1431=DIRECTION('',(0.,1.,0.));
#1432=DIRECTION('',(0.,0.500000000000001,-0.866025403784438));
#1433=DIRECTION('',(0.,-0.499999999999999,-0.866025403784439));
#1434=DIRECTION('',(0.,-1.,0.));
#1435=DIRECTION('',(0.,-0.500000000000001,0.866025403784438));
#1436=DIRECTION('',(0.,0.499999999999999,0.866025403784439));
#1437=DIRECTION('center_axis',(-1.,-1.11022302462516E-15,-1.11022302462516E-16));
#1438=DIRECTION('ref_axis',(-1.11022302462514E-16,-1.78126000623139E-15,
1.));
#1439=DIRECTION('',(-1.11022302462514E-16,-1.78126000623139E-15,1.));
#1440=DIRECTION('center_axis',(1.,1.11022302462516E-15,1.11022302462516E-16));
#1441=DIRECTION('ref_axis',(0.,0.707106781186546,-0.707106781186549));
#1442=DIRECTION('',(-1.11022302462516E-15,1.,2.22044604925031E-15));
#1443=DIRECTION('',(1.11022302462514E-16,1.78126000623139E-15,-1.));
#1444=DIRECTION('',(1.11022302462516E-15,-1.,-2.22044604925031E-15));
#1445=DIRECTION('center_axis',(1.,1.11022302462516E-15,1.11022302462516E-16));
#1446=DIRECTION('ref_axis',(-1.11022302462516E-15,1.,0.));
#1447=DIRECTION('center_axis',(-1.,-1.11022302462516E-15,-1.11022302462516E-16));
#1448=DIRECTION('ref_axis',(-1.11022302462516E-15,1.,0.));
#1449=DIRECTION('center_axis',(-1.,-1.11022302462516E-15,-1.11022302462516E-16));
#1450=DIRECTION('ref_axis',(-1.11022302462516E-15,1.,0.));
#1451=DIRECTION('center_axis',(-1.11022302462516E-15,1.,2.22044604925031E-15));
#1452=DIRECTION('ref_axis',(0.928354514861192,0.,0.371695970837513));
#1453=DIRECTION('center_axis',(0.,1.,0.));
#1454=DIRECTION('ref_axis',(0.723684210526316,0.,0.69013126536544));
#1455=DIRECTION('',(1.11022302462516E-15,-1.,-2.22044604925031E-15));
#1456=DIRECTION('center_axis',(7.0377459781293E-16,-1.,-1.78126000623139E-15));
#1457=DIRECTION('ref_axis',(0.928354514861192,0.,0.371695970837513));
#1458=DIRECTION('',(-1.11022302462516E-15,1.,2.22044604925031E-15));
#1459=DIRECTION('center_axis',(0.495590711567414,0.741732258704326,-0.451910503313967));
#1460=DIRECTION('ref_axis',(0.673793249129545,6.39488462184093E-13,0.738919926262278));
#1461=DIRECTION('center_axis',(0.899214275605852,-6.93320565713653E-13,
-0.4375084988279));
#1462=DIRECTION('ref_axis',(0.412486968463733,-0.333333333333326,0.847787349360966));
#1463=DIRECTION('center_axis',(3.51887298906465E-16,-1.,-8.90630003115694E-16));
#1464=DIRECTION('ref_axis',(0.,7.95820726128509E-16,-1.));
#1465=DIRECTION('center_axis',(-7.0377459781293E-16,1.,1.78126000623139E-15));
#1466=DIRECTION('ref_axis',(-0.437508498827671,1.29382705836705E-15,-0.899214275605964));
#1467=DIRECTION('center_axis',(3.51887298906465E-16,-1.,-8.90630003115694E-16));
#1468=DIRECTION('ref_axis',(-0.437508498827671,0.,-0.899214275605963));
#1469=DIRECTION('center_axis',(-1.48895283683299E-31,1.,1.29321459872297E-31));
#1470=DIRECTION('ref_axis',(0.,0.,1.));
#1471=DIRECTION('center_axis',(-1.48895283683299E-31,1.,1.29321459872297E-31));
#1472=DIRECTION('ref_axis',(5.82412078491894E-15,0.,1.));
#1473=DIRECTION('center_axis',(0.738919924009892,0.,0.67379325159964));
#1474=DIRECTION('ref_axis',(0.673793251599639,-9.36428416290865E-9,-0.738919924009892));
#1475=DIRECTION('center_axis',(1.48895283683299E-31,-1.,-1.29321459872297E-31));
#1476=DIRECTION('ref_axis',(5.82412078491894E-15,-1.29321459872296E-31,
1.));
#1477=DIRECTION('center_axis',(1.48895283683299E-31,-1.,-1.29321459872297E-31));
#1478=DIRECTION('ref_axis',(5.82412078491894E-15,-1.29321459872296E-31,
1.));
#1479=DIRECTION('center_axis',(1.48895283683299E-31,-1.,-1.29321459872297E-31));
#1480=DIRECTION('ref_axis',(5.82412078491894E-15,-1.29321459872296E-31,
1.));
#1481=DIRECTION('center_axis',(-1.11022302462516E-15,1.,2.22044604925031E-15));
#1482=DIRECTION('ref_axis',(-1.12367182953641E-9,-2.22044605049784E-15,
1.));
#1483=DIRECTION('center_axis',(-7.0377459781293E-16,1.,1.78126000623139E-15));
#1484=DIRECTION('ref_axis',(-0.163934426229507,1.641788879107E-15,-0.986471238251173));
#1485=DIRECTION('',(1.11022302462516E-15,-1.,-2.22044604925031E-15));
#1486=DIRECTION('center_axis',(0.903953114208351,-2.61857833693008E-14,
0.427631578947373));
#1487=DIRECTION('ref_axis',(0.403174919097604,0.333333333333339,-0.852255169241892));
#1488=DIRECTION('center_axis',(-1.48895283683299E-31,1.,1.29321459872297E-31));
#1489=DIRECTION('ref_axis',(-1.,-1.48895283683299E-31,0.));
#1490=DIRECTION('center_axis',(1.48895283683299E-31,-1.,-1.29321459872297E-31));
#1491=DIRECTION('ref_axis',(-0.850420064270761,0.,0.526104280809151));
#1492=DIRECTION('center_axis',(1.48895283683299E-31,-1.,-1.29321459872297E-31));
#1493=DIRECTION('ref_axis',(0.707106781186543,0.,-0.707106781186552));
#1494=DIRECTION('center_axis',(-1.48895283683299E-31,1.,1.29321459872297E-31));
#1495=DIRECTION('ref_axis',(-1.,-1.48895283683299E-31,0.));
#1496=DIRECTION('center_axis',(1.48895283683299E-31,-1.,-1.29321459872297E-31));
#1497=DIRECTION('ref_axis',(-0.707106781186552,0.,-0.707106781186543));
#1498=DIRECTION('center_axis',(1.48895283683299E-31,-1.,-1.29321459872297E-31));
#1499=DIRECTION('ref_axis',(0.850420064270759,0.,0.526104280809154));
#1500=DIRECTION('center_axis',(-1.48895283683299E-31,1.,1.29321459872297E-31));
#1501=DIRECTION('ref_axis',(-1.,-1.48895283683299E-31,0.));
#1502=DIRECTION('center_axis',(1.48895283683299E-31,-1.,-1.29321459872297E-31));
#1503=DIRECTION('ref_axis',(0.707106781186552,0.,0.707106781186543));
#1504=DIRECTION('',(-1.,-1.48895283683299E-31,0.));
#1505=DIRECTION('center_axis',(1.48895283683299E-31,-1.,-1.29321459872297E-31));
#1506=DIRECTION('ref_axis',(-0.707106781186543,0.,0.707106781186552));
#1507=DIRECTION('center_axis',(-1.11022302462516E-15,1.,2.22044604925031E-15));
#1508=DIRECTION('ref_axis',(-0.850420064270761,0.,0.526104280809151));
#1509=DIRECTION('center_axis',(-7.0377459781293E-16,1.,1.78126000623139E-15));
#1510=DIRECTION('ref_axis',(-0.850420064270761,0.,0.526104280809151));
#1511=DIRECTION('center_axis',(-1.11022302462516E-15,1.,2.22044604925031E-15));
#1512=DIRECTION('ref_axis',(0.850420064270759,0.,0.526104280809154));
#1513=DIRECTION('center_axis',(-7.0377459781293E-16,1.,1.78126000623139E-15));
#1514=DIRECTION('ref_axis',(0.850420064270759,0.,0.526104280809154));
#1515=DIRECTION('',(-1.11022302462516E-15,1.,2.22044604925031E-15));
#1516=DIRECTION('center_axis',(1.,1.11022302462516E-15,1.11022302462516E-16));
#1517=DIRECTION('ref_axis',(1.11022302462514E-16,1.78126000623139E-15,-1.));
#1518=DIRECTION('',(-1.11022302462514E-16,-1.78126000623139E-15,1.));
#1519=DIRECTION('',(-1.11022302462516E-15,1.,2.22044604925031E-15));
#1520=DIRECTION('center_axis',(-1.,-1.11022302462516E-15,-1.11022302462516E-16));
#1521=DIRECTION('ref_axis',(0.,0.707106781186548,-0.707106781186548));
#1522=DIRECTION('',(1.11022302462514E-16,1.78126000623139E-15,-1.));
#1523=DIRECTION('center_axis',(-7.0377459781293E-16,1.,1.78126000623139E-15));
#1524=DIRECTION('ref_axis',(-1.,-7.0377459781293E-16,-1.11022302462516E-16));
#1525=DIRECTION('',(1.,7.0377459781293E-16,1.11022302462516E-16));
#1526=DIRECTION('center_axis',(-7.0377459781293E-16,1.,1.78126000623139E-15));
#1527=DIRECTION('ref_axis',(0.707106781186548,0.,-0.707106781186548));
#1528=DIRECTION('',(1.11022302462514E-16,1.78126000623139E-15,-1.));
#1529=DIRECTION('center_axis',(7.0377459781293E-16,-1.,-1.78126000623139E-15));
#1530=DIRECTION('ref_axis',(-0.928354514861191,0.,0.371695970837515));
#1531=DIRECTION('',(1.11022302462514E-16,1.78126000623139E-15,-1.));
#1532=DIRECTION('center_axis',(-7.0377459781293E-16,1.,1.78126000623139E-15));
#1533=DIRECTION('ref_axis',(-0.707106781186548,0.,-0.707106781186548));
#1534=DIRECTION('',(-1.,-7.0377459781293E-16,-1.11022302462516E-16));
#1535=DIRECTION('center_axis',(-0.408248290463864,-0.816496580927728,0.408248290463859));
#1536=DIRECTION('ref_axis',(-0.577350269189626,0.577350269189621,0.577350269189631));
#1537=DIRECTION('center_axis',(0.,0.,1.));
#1538=DIRECTION('ref_axis',(-1.,0.,0.));
#1539=DIRECTION('center_axis',(0.,1.,0.));
#1540=DIRECTION('ref_axis',(0.,0.,1.));
#1541=DIRECTION('center_axis',(-1.,0.,0.));
#1542=DIRECTION('ref_axis',(0.,1.,0.));
#1543=DIRECTION('center_axis',(0.,1.,0.));
#1544=DIRECTION('ref_axis',(-0.707106781186543,0.,0.707106781186552));
#1545=DIRECTION('',(0.,1.,0.));
#1546=DIRECTION('',(0.,-1.,0.));
#1547=DIRECTION('center_axis',(-0.816496580927726,0.408248290463868,0.408248290463858));
#1548=DIRECTION('ref_axis',(0.577350269189632,0.577350269189632,0.577350269189613));
#1549=DIRECTION('center_axis',(1.,0.,0.));
#1550=DIRECTION('ref_axis',(0.,0.,1.));
#1551=DIRECTION('center_axis',(0.,1.,0.));
#1552=DIRECTION('ref_axis',(1.,0.,0.));
#1553=DIRECTION('center_axis',(-1.1842378929335E-14,0.,1.));
#1554=DIRECTION('ref_axis',(0.,1.,0.));
#1555=DIRECTION('center_axis',(0.,1.,0.));
#1556=DIRECTION('ref_axis',(0.707106781186552,0.,0.707106781186543));
#1557=DIRECTION('',(0.,1.,0.));
#1558=DIRECTION('',(0.,-1.,0.));
#1559=DIRECTION('center_axis',(-0.816496580927724,-0.408248290463869,0.40824829046386));
#1560=DIRECTION('ref_axis',(-0.577350269189632,0.577350269189632,-0.577350269189613));
#1561=DIRECTION('center_axis',(-1.,0.,0.));
#1562=DIRECTION('ref_axis',(0.,0.,-1.));
#1563=DIRECTION('center_axis',(0.,1.,0.));
#1564=DIRECTION('ref_axis',(-1.,0.,0.));
#1565=DIRECTION('center_axis',(1.1842378929335E-14,0.,-1.));
#1566=DIRECTION('ref_axis',(0.,1.,0.));
#1567=DIRECTION('center_axis',(0.,1.,0.));
#1568=DIRECTION('ref_axis',(-0.707106781186552,0.,-0.707106781186543));
#1569=DIRECTION('',(0.,1.,0.));
#1570=DIRECTION('',(0.,-1.,0.));
#1571=DIRECTION('center_axis',(0.,0.,1.));
#1572=DIRECTION('ref_axis',(-0.707106781186543,0.707106781186552,0.));
#1573=DIRECTION('',(0.,0.,-1.));
#1574=DIRECTION('',(0.,0.,1.));
#1575=DIRECTION('center_axis',(0.40824829046386,-0.816496580927729,-0.40824829046386));
#1576=DIRECTION('ref_axis',(0.577350269189623,0.577350269189623,-0.577350269189632));
#1577=DIRECTION('center_axis',(0.,0.,-1.));
#1578=DIRECTION('ref_axis',(1.,0.,0.));
#1579=DIRECTION('center_axis',(0.,1.,0.));
#1580=DIRECTION('ref_axis',(0.,0.,-1.));
#1581=DIRECTION('center_axis',(1.,0.,0.));
#1582=DIRECTION('ref_axis',(0.,1.,0.));
#1583=DIRECTION('center_axis',(0.,1.,0.));
#1584=DIRECTION('ref_axis',(0.707106781186543,0.,-0.707106781186552));
#1585=DIRECTION('',(0.,1.,0.));
#1586=DIRECTION('',(0.,-1.,0.));
#1587=DIRECTION('center_axis',(-1.,0.,0.));
#1588=DIRECTION('ref_axis',(0.,0.707106781186547,-0.707106781186547));
#1589=DIRECTION('',(1.,0.,0.));
#1590=DIRECTION('',(-1.,0.,0.));
#1591=DIRECTION('center_axis',(0.,0.,-1.));
#1592=DIRECTION('ref_axis',(0.707106781186543,0.707106781186552,0.));
#1593=DIRECTION('',(0.,0.,1.));
#1594=DIRECTION('',(0.,0.,-1.));
#1595=DIRECTION('center_axis',(1.,0.,0.));
#1596=DIRECTION('ref_axis',(0.,0.707106781186547,0.707106781186547));
#1597=DIRECTION('',(-1.,0.,0.));
#1598=DIRECTION('',(1.,0.,0.));
#1599=DIRECTION('center_axis',(-1.,0.,0.));
#1600=DIRECTION('ref_axis',(0.,0.,1.));
#1601=DIRECTION('center_axis',(0.,0.,-1.));
#1602=DIRECTION('ref_axis',(-1.,-1.83595439834113E-30,0.));
#1603=DIRECTION('',(-1.,-1.83595439834113E-30,0.));
#1604=DIRECTION('center_axis',(-1.48895283683299E-31,1.,1.29321459872297E-31));
#1605=DIRECTION('ref_axis',(-1.,-1.48895283683299E-31,0.));
#1606=DIRECTION('center_axis',(0.,1.,0.));
#1607=DIRECTION('ref_axis',(0.,0.,1.));
#1608=DIRECTION('center_axis',(7.0377459781293E-16,-1.,-1.78126000623139E-15));
#1609=DIRECTION('ref_axis',(0.,1.56163238628594E-15,-1.));
#1610=DIRECTION('center_axis',(0.903953114208355,0.,0.427631578947366));
#1611=DIRECTION('ref_axis',(-0.427631578947366,-5.92118946466746E-15,0.903953114208355));
#1612=DIRECTION('center_axis',(-7.0377459781293E-16,1.,1.78126000623139E-15));
#1613=DIRECTION('ref_axis',(0.355345865045627,1.91508927077869E-15,-0.934734890862096));
#1614=DIRECTION('center_axis',(0.,-1.,8.57980178818892E-15));
#1615=DIRECTION('ref_axis',(-0.723684210526316,5.92118946466748E-15,0.69013126536544));
#1616=DIRECTION('center_axis',(-1.11022302462516E-15,1.,2.22044604925031E-15));
#1617=DIRECTION('ref_axis',(-0.928354514861191,0.,0.371695970837515));
#1618=DIRECTION('',(-1.11022302462516E-15,1.,2.22044604925031E-15));
#1619=DIRECTION('center_axis',(-1.11022302462516E-15,1.,2.22044604925031E-15));
#1620=DIRECTION('ref_axis',(-0.707106781186548,0.,-0.707106781186548));
#1621=DIRECTION('',(-1.11022302462516E-15,1.,2.22044604925031E-15));
#1622=DIRECTION('center_axis',(0.,-1.,0.));
#1623=DIRECTION('ref_axis',(-1.,0.,0.));
#1624=DIRECTION('',(1.11022302462516E-15,-1.,-2.22044604925031E-15));
#1625=DIRECTION('center_axis',(1.,1.11022302462516E-15,1.11022302462516E-16));
#1626=DIRECTION('ref_axis',(0.,0.,-1.));
#1627=DIRECTION('center_axis',(0.,0.,-1.));
#1628=DIRECTION('ref_axis',(-1.,0.,0.));
#1629=DIRECTION('center_axis',(-1.,-1.11022302462516E-15,-1.11022302462516E-16));
#1630=DIRECTION('ref_axis',(-7.28583859910259E-16,0.707106781186549,-0.707106781186546));
#1631=DIRECTION('center_axis',(1.,1.11022302462516E-15,1.11022302462516E-16));
#1632=DIRECTION('ref_axis',(-7.065416064077E-16,0.707106781186549,-0.707106781186546));
#1633=DIRECTION('center_axis',(-1.11022302462514E-16,-1.78126000623139E-15,
1.));
#1634=DIRECTION('ref_axis',(-0.707106781186547,0.707106781186547,0.));
#1635=DIRECTION('',(1.11022302462514E-16,1.78126000623139E-15,-1.));
#1636=DIRECTION('',(-1.11022302462514E-16,-1.78126000623139E-15,1.));
#1637=DIRECTION('center_axis',(-1.,-1.11022302462516E-15,-1.11022302462516E-16));
#1638=DIRECTION('ref_axis',(-1.11022302462514E-16,-1.78126000623139E-15,
1.));
#1639=DIRECTION('',(-4.58963377993401E-16,0.500000000000001,-0.866025403784438));
#1640=DIRECTION('',(-1.11022302462516E-15,1.,0.));
#1641=DIRECTION('',(-6.51259646631756E-16,0.499999999999999,0.866025403784439));
#1642=DIRECTION('',(4.58963377993401E-16,-0.500000000000001,0.866025403784438));
#1643=DIRECTION('',(1.11022302462516E-15,-1.,0.));
#1644=DIRECTION('',(6.51259646631756E-16,-0.499999999999999,-0.866025403784439));
#1645=DIRECTION('center_axis',(1.11022302462514E-16,1.78126000623139E-15,
-1.));
#1646=DIRECTION('ref_axis',(0.707106781186556,0.707106781186539,0.));
#1647=DIRECTION('',(-1.11022302462514E-16,-1.78126000623139E-15,1.));
#1648=DIRECTION('',(1.11022302462514E-16,1.78126000623139E-15,-1.));
#1649=DIRECTION('center_axis',(-1.11022302462516E-15,1.,2.22044604925031E-15));
#1650=DIRECTION('ref_axis',(0.707106781186548,0.,-0.707106781186548));
#1651=DIRECTION('',(-1.11022302462516E-15,1.,2.22044604925031E-15));
#1652=DIRECTION('',(1.11022302462516E-15,-1.,-2.22044604925031E-15));
#1653=DIRECTION('center_axis',(1.,1.11022302462516E-15,1.11022302462516E-16));
#1654=DIRECTION('ref_axis',(1.11022302462514E-16,1.78126000623139E-15,-1.));
#1655=DIRECTION('center_axis',(-1.,-7.0377459781293E-16,-1.11022302462516E-16));
#1656=DIRECTION('ref_axis',(0.,0.707106781186548,-0.707106781186548));
#1657=DIRECTION('',(1.,7.0377459781293E-16,1.11022302462516E-16));
#1658=DIRECTION('',(-1.,-7.0377459781293E-16,-1.11022302462516E-16));
#1659=DIRECTION('center_axis',(-7.0377459781293E-16,1.,1.78126000623139E-15));
#1660=DIRECTION('ref_axis',(-1.,-7.0377459781293E-16,-1.11022302462516E-16));
#1661=DIRECTION('center_axis',(-1.,-7.0377459781293E-16,-1.11022302462516E-16));
#1662=DIRECTION('ref_axis',(0.,0.707106781186546,-0.707106781186549));
#1663=DIRECTION('',(-1.,-7.0377459781293E-16,-1.11022302462516E-16));
#1664=DIRECTION('',(1.,7.0377459781293E-16,1.11022302462516E-16));
#1665=DIRECTION('center_axis',(-7.0377459781293E-16,1.,1.78126000623139E-15));
#1666=DIRECTION('ref_axis',(-1.,-7.0377459781293E-16,-1.11022302462516E-16));
#1667=DIRECTION('center_axis',(1.,0.,0.));
#1668=DIRECTION('ref_axis',(0.,4.3713199960503E-30,-1.));
#1669=DIRECTION('center_axis',(0.,0.,1.));
#1670=DIRECTION('ref_axis',(1.,0.,0.));
#1671=DIRECTION('center_axis',(0.,-0.866025403784438,-0.500000000000001));
#1672=DIRECTION('ref_axis',(0.,0.500000000000001,-0.866025403784438));
#1673=DIRECTION('',(1.,0.,0.));
#1674=DIRECTION('',(1.,0.,0.));
#1675=DIRECTION('center_axis',(0.,-0.866025403784439,0.499999999999999));
#1676=DIRECTION('ref_axis',(0.,-0.499999999999999,-0.866025403784439));
#1677=DIRECTION('',(1.,0.,0.));
#1678=DIRECTION('center_axis',(0.,0.,1.));
#1679=DIRECTION('ref_axis',(0.,-1.,0.));
#1680=DIRECTION('',(1.,0.,0.));
#1681=DIRECTION('center_axis',(0.,0.866025403784438,0.500000000000001));
#1682=DIRECTION('ref_axis',(0.,-0.500000000000001,0.866025403784438));
#1683=DIRECTION('',(1.,0.,0.));
#1684=DIRECTION('center_axis',(0.,0.866025403784439,-0.499999999999999));
#1685=DIRECTION('ref_axis',(0.,0.499999999999999,0.866025403784439));
#1686=DIRECTION('',(1.,0.,0.));
#1687=DIRECTION('center_axis',(0.,0.,-1.));
#1688=DIRECTION('ref_axis',(0.,1.,0.));
#1689=DIRECTION('center_axis',(-1.,-1.11022302462516E-15,-1.11022302462516E-16));
#1690=DIRECTION('ref_axis',(1.11022302462516E-15,-1.,-1.22464679914735E-16));
#1691=DIRECTION('center_axis',(1.11022302462514E-16,2.22044604925031E-15,
-1.));
#1692=DIRECTION('ref_axis',(-1.,-7.0377459781293E-16,-1.11022302462516E-16));
#1693=DIRECTION('center_axis',(1.11022302462514E-16,2.22044604925031E-15,
-1.));
#1694=DIRECTION('ref_axis',(-1.,-7.0377459781293E-16,-1.11022302462516E-16));
#1695=CARTESIAN_POINT('',(0.,0.,0.));
#1696=CARTESIAN_POINT('Origin',(65.2241263990153,50.9487127277534,142.968601407217));
#1697=CARTESIAN_POINT('',(62.3000880955727,51.1987127277535,140.868601407217));
#1698=CARTESIAN_POINT('',(61.7241263990154,50.7170464013617,140.868601407217));
#1699=CARTESIAN_POINT('Ctrl Pts',(61.7241263990155,50.7170464013618,140.868601407217));
#1700=CARTESIAN_POINT('Ctrl Pts',(62.0301646154895,50.979472006986,140.868601407217));
#1701=CARTESIAN_POINT('Ctrl Pts',(62.3000880955608,51.1987127277438,140.868601407217));
#1702=CARTESIAN_POINT('',(68.1481647024579,51.1987127277535,140.868601407217));
#1703=CARTESIAN_POINT('Origin',(65.2241263990153,51.1987127277535,142.968601407217));
#1704=CARTESIAN_POINT('',(68.7241264002727,50.7170464002835,140.868601407217));
#1705=CARTESIAN_POINT('Ctrl Pts',(68.1481647024738,51.1987127277405,140.868601407217));
#1706=CARTESIAN_POINT('Ctrl Pts',(68.4180881830948,50.9794720065362,140.868601407217));
#1707=CARTESIAN_POINT('Ctrl Pts',(68.7241264002726,50.7170464002836,140.868601407217));
#1708=CARTESIAN_POINT('',(68.745581275316,50.6987127277534,140.868754852304));
#1709=CARTESIAN_POINT('Ctrl Pts',(68.7455812753173,50.6987127277523,140.868754852304));
#1710=CARTESIAN_POINT('Ctrl Pts',(68.7384243224408,50.7048073395007,140.868652474139));
#1711=CARTESIAN_POINT('Ctrl Pts',(68.7312711102232,50.7109198620471,140.868601407223));
#1712=CARTESIAN_POINT('Ctrl Pts',(68.7241264002734,50.7170464002828,140.868601407217));
#1713=CARTESIAN_POINT('',(61.7026715227147,50.6987127277534,140.868754852304));
#1714=CARTESIAN_POINT('Origin',(65.2241263990153,50.6987127277534,142.968601407217));
#1715=CARTESIAN_POINT('Ctrl Pts',(61.7241263990147,50.7170464013611,140.868601407217));
#1716=CARTESIAN_POINT('Ctrl Pts',(61.7169817944958,50.7109199535291,140.868601407217));
#1717=CARTESIAN_POINT('Ctrl Pts',(61.7098283925586,50.7048072687942,140.868652475327));
#1718=CARTESIAN_POINT('Ctrl Pts',(61.7026715227133,50.6987127277523,140.868754852304));
#1719=CARTESIAN_POINT('Origin',(65.2241263990153,43.1987127277534,142.968601407217));
#1720=CARTESIAN_POINT('',(61.7026715227147,53.1987127277535,140.868754852304));
#1721=CARTESIAN_POINT('',(61.7026715227147,51.1987127277535,140.868754852304));
#1722=CARTESIAN_POINT('',(68.745581275316,53.1987127277535,140.868754852304));
#1723=CARTESIAN_POINT('',(68.745581275316,51.1987127277535,140.868754852304));
#1724=CARTESIAN_POINT('',(67.0544835418725,53.1987127277534,139.299842389566));
#1725=CARTESIAN_POINT('Origin',(65.2241263990154,53.1987127277535,142.968601407217));
#1726=CARTESIAN_POINT('',(67.0544835418725,43.1987127277535,139.299842389566));
#1727=CARTESIAN_POINT('',(67.0544835418725,43.1987127277534,139.299842389566));
#1728=CARTESIAN_POINT('',(63.3937692561582,43.1987127277535,139.299842389566));
#1729=CARTESIAN_POINT('Origin',(65.2241263990153,43.1987127277534,142.968601407217));
#1730=CARTESIAN_POINT('',(63.3937692561582,53.1987127277534,139.299842389566));
#1731=CARTESIAN_POINT('',(63.3937692561582,43.1987127277534,139.299842389566));
#1732=CARTESIAN_POINT('Origin',(65.2241263990153,53.1987127277535,142.968601407217));
#1733=CARTESIAN_POINT('Origin',(69.2241263990153,50.5558428468474,134.868601407217));
#1734=CARTESIAN_POINT('',(69.2164357264408,50.5558428468474,134.868601407217));
#1735=CARTESIAN_POINT('',(69.2241263990153,50.4448443793325,134.710079167084));
#1736=CARTESIAN_POINT('Ctrl Pts',(69.2164357264409,50.5558428468474,134.868601407217));
#1737=CARTESIAN_POINT('Ctrl Pts',(69.2219418574951,50.5176906215518,134.814114382708));
#1738=CARTESIAN_POINT('Ctrl Pts',(69.2241263990153,50.4800049293455,134.760293636501));
#1739=CARTESIAN_POINT('Ctrl Pts',(69.2241263990153,50.4448443793325,134.710079167084));
#1740=CARTESIAN_POINT('',(67.2241263990153,50.5558428468474,134.868601407217));
#1741=CARTESIAN_POINT('',(69.2241263990153,50.5558428468474,134.868601407217));
#1742=CARTESIAN_POINT('',(67.2241263990153,49.4513808495482,133.291266207252));
#1743=CARTESIAN_POINT('',(67.2241263990153,50.4650036285117,134.738869558617));
#1744=CARTESIAN_POINT('',(69.2241263990153,49.4513808495482,133.291266207252));
#1745=CARTESIAN_POINT('',(68.2241263990153,49.4513808495482,133.291266207252));
#1746=CARTESIAN_POINT('',(69.2241263990153,50.1665870317706,134.312686490802));
#1747=CARTESIAN_POINT('Origin',(69.2241263990153,49.4513808495481,136.445936607182));
#1748=CARTESIAN_POINT('',(69.2241263990153,50.4487127277535,135.021599073263));
#1749=CARTESIAN_POINT('Origin',(68.4741263990153,50.4487127277535,135.021599073263));
#1750=CARTESIAN_POINT('',(69.2241263990153,49.4513808495481,136.445936607182));
#1751=CARTESIAN_POINT('',(69.2241263990153,47.9724459526267,138.558074532322));
#1752=CARTESIAN_POINT('',(67.2241263990153,49.4513808495481,136.445936607182));
#1753=CARTESIAN_POINT('',(68.2241263990153,49.4513808495482,136.445936607182));
#1754=CARTESIAN_POINT('',(67.2241263990153,49.9127726298621,135.7870008558));
#1755=CARTESIAN_POINT('Origin',(68.4741263990153,47.1987127277535,134.868601407217));
#1756=CARTESIAN_POINT('',(69.2241263990153,47.1987127277535,131.618601407217));
#1757=CARTESIAN_POINT('Origin',(69.2241263990153,47.1987127277535,134.868601407217));
#1758=CARTESIAN_POINT('',(68.4741263990153,47.1987127277535,130.868601407217));
#1759=CARTESIAN_POINT('Origin',(68.4741263990153,47.1987127277535,131.618601407217));
#1760=CARTESIAN_POINT('',(68.4741263990153,51.1987127277535,134.868601407217));
#1761=CARTESIAN_POINT('Origin',(68.4741263990153,47.1987127277535,134.868601407217));
#1762=CARTESIAN_POINT('Origin',(68.4741263990153,50.4487127277535,134.868601407217));
#1763=CARTESIAN_POINT('Origin',(68.2241263990153,47.1987127277535,134.868601407217));
#1764=CARTESIAN_POINT('Origin',(69.2241263990153,47.1987127277535,134.868601407217));
#1765=CARTESIAN_POINT('Origin',(67.2241263990153,47.1987127277535,134.868601407217));
#1766=CARTESIAN_POINT('Origin',(69.2241263990153,48.5093559986158,135.786323705379));
#1767=CARTESIAN_POINT('',(66.2241263990153,49.1519520697717,134.868601407217));
#1768=CARTESIAN_POINT('',(66.2241263990153,48.5093559986158,135.786323705379));
#1769=CARTESIAN_POINT('',(66.2241263990153,48.7910687627274,135.383996182839));
#1770=CARTESIAN_POINT('',(67.2241263990153,49.1519520697717,134.868601407217));
#1771=CARTESIAN_POINT('',(69.2241263990153,49.1519520697717,134.868601407217));
#1772=CARTESIAN_POINT('',(67.2241263990153,48.5093559986158,135.786323705379));
#1773=CARTESIAN_POINT('',(67.2241263990153,48.5093559986158,135.786323705379));
#1774=CARTESIAN_POINT('',(64.2241263990153,48.5093559986158,135.786323705379));
#1775=CARTESIAN_POINT('Origin',(69.2241263990153,49.1519520697717,134.868601407217));
#1776=CARTESIAN_POINT('',(66.2241263990153,48.5093559986157,133.950879109055));
#1777=CARTESIAN_POINT('',(66.2241263990153,47.2329815567335,132.128027494024));
#1778=CARTESIAN_POINT('',(67.2241263990153,48.5093559986157,133.950879109055));
#1779=CARTESIAN_POINT('',(64.2241263990153,48.5093559986158,133.950879109055));
#1780=CARTESIAN_POINT('',(67.2241263990153,48.8306540341937,134.409740258136));
#1781=CARTESIAN_POINT('Origin',(69.2241263990153,49.1519520697717,134.868601407217));
#1782=CARTESIAN_POINT('',(64.2241263990153,49.1519520697717,134.868601407217));
#1783=CARTESIAN_POINT('',(64.2241263990153,48.5093559986157,133.950879109055));
#1784=CARTESIAN_POINT('',(64.2241263990153,49.141455201763,134.853610326093));
#1785=CARTESIAN_POINT('',(63.2241263990153,49.1519520697717,134.868601407217));
#1786=CARTESIAN_POINT('',(69.2241263990153,49.1519520697717,134.868601407217));
#1787=CARTESIAN_POINT('',(63.2241263990153,48.5093559986157,133.950879109055));
#1788=CARTESIAN_POINT('',(63.2241263990153,48.8306540341937,134.409740258136));
#1789=CARTESIAN_POINT('',(64.2241263990153,48.5093559986158,133.950879109055));
#1790=CARTESIAN_POINT('Origin',(69.2241263990153,48.5093559986158,135.786323705379));
#1791=CARTESIAN_POINT('',(64.2241263990153,48.5093559986158,135.786323705379));
#1792=CARTESIAN_POINT('',(64.2241263990153,46.8825951176979,138.109579014907));
#1793=CARTESIAN_POINT('',(63.2241263990153,48.5093559986158,135.786323705379));
#1794=CARTESIAN_POINT('',(64.2241263990153,48.5093559986158,135.786323705379));
#1795=CARTESIAN_POINT('',(63.2241263990153,48.5093559986158,135.786323705379));
#1796=CARTESIAN_POINT('Origin',(64.2241263990153,47.1987127277535,134.868601407217));
#1797=CARTESIAN_POINT('Origin',(63.2241263990153,47.1987127277535,134.868601407217));
#1798=CARTESIAN_POINT('Origin',(64.2241263990153,47.1987127277535,134.868601407217));
#1799=CARTESIAN_POINT('Origin',(63.2241263990153,47.1987127277534,134.868601407217));
#1800=CARTESIAN_POINT('',(63.2241263990153,45.5821319740224,132.068601407217));
#1801=CARTESIAN_POINT('',(63.2241263990153,48.8152934814843,132.068601407217));
#1802=CARTESIAN_POINT('',(63.2241263990153,48.8152934814843,132.068601407217));
#1803=CARTESIAN_POINT('',(63.2241263990153,43.9655512202915,134.868601407217));
#1804=CARTESIAN_POINT('',(63.2241263990153,45.5821319740224,132.068601407217));
#1805=CARTESIAN_POINT('',(63.2241263990153,45.5821319740224,137.668601407217));
#1806=CARTESIAN_POINT('',(63.2241263990153,43.9655512202915,134.868601407217));
#1807=CARTESIAN_POINT('',(63.2241263990153,48.8152934814843,137.668601407217));
#1808=CARTESIAN_POINT('',(63.2241263990153,45.5821319740224,137.668601407217));
#1809=CARTESIAN_POINT('',(63.2241263990153,50.4318742352153,134.868601407217));
#1810=CARTESIAN_POINT('',(63.2241263990153,48.8152934814843,137.668601407217));
#1811=CARTESIAN_POINT('',(63.2241263990153,50.4318742352153,134.868601407217));
#1812=CARTESIAN_POINT('Origin',(66.2241263990153,43.1987127277535,130.868601407217));
#1813=CARTESIAN_POINT('',(66.2241263990153,52.1987127277535,136.864180562294));
#1814=CARTESIAN_POINT('',(66.2241263990153,53.160084043145,137.95761348067));
#1815=CARTESIAN_POINT('Ctrl Pts',(66.2241263990153,52.1987127277535,136.864180562294));
#1816=CARTESIAN_POINT('Ctrl Pts',(66.2241263990153,52.3812781299059,136.929587518626));
#1817=CARTESIAN_POINT('Ctrl Pts',(66.2241263990149,52.549182104628,137.030058348185));
#1818=CARTESIAN_POINT('Ctrl Pts',(66.2241263990149,52.839541101949,137.291094330464));
#1819=CARTESIAN_POINT('Ctrl Pts',(66.2241263990142,52.9584408599027,137.449750443186));
#1820=CARTESIAN_POINT('Ctrl Pts',(66.2241263990142,53.0949306267466,137.731455966978));
#1821=CARTESIAN_POINT('Ctrl Pts',(66.2241263990153,53.1336003469285,137.841738357064));
#1822=CARTESIAN_POINT('Ctrl Pts',(66.2241263990153,53.159734468258,137.956075987377));
#1823=CARTESIAN_POINT('Ctrl Pts',(66.2241263990153,53.1599095505093,137.95684467537));
#1824=CARTESIAN_POINT('Ctrl Pts',(66.2241263990153,53.160084043145,137.95761348067));
#1825=CARTESIAN_POINT('',(66.2241263990153,51.1987127277535,135.434678126482));
#1826=CARTESIAN_POINT('Ctrl Pts',(66.2241263990153,51.1987127277535,135.434678126482));
#1827=CARTESIAN_POINT('Ctrl Pts',(66.2241263990153,51.1987127277535,135.622108221006));
#1828=CARTESIAN_POINT('Ctrl Pts',(66.2241263990153,51.2423446335435,135.84275163214));
#1829=CARTESIAN_POINT('Ctrl Pts',(66.2241263990153,51.3848100171132,136.18888932762));
#1830=CARTESIAN_POINT('Ctrl Pts',(66.2241263990153,51.5086827240856,136.375827951929));
#1831=CARTESIAN_POINT('Ctrl Pts',(66.2241263990153,51.7711282144767,136.640264191021));
#1832=CARTESIAN_POINT('Ctrl Pts',(66.2241263990153,51.9558289484508,136.764904333002));
#1833=CARTESIAN_POINT('Ctrl Pts',(66.2241263990153,52.1502680791548,136.846093530044));
#1834=CARTESIAN_POINT('Ctrl Pts',(66.2241263990153,52.1741677464862,136.855386932729));
#1835=CARTESIAN_POINT('Ctrl Pts',(66.2241263990153,52.1987127277535,136.864180562294));
#1836=CARTESIAN_POINT('',(66.2241263990153,51.1987127277535,134.868601407217));
#1837=CARTESIAN_POINT('',(66.2241263990153,51.1987127277535,136.951126853885));
#1838=CARTESIAN_POINT('',(66.2241263990153,47.1987127277535,130.868601407217));
#1839=CARTESIAN_POINT('Origin',(66.2241263990153,47.1987127277535,134.868601407217));
#1840=CARTESIAN_POINT('',(66.2241263990153,43.1987127277535,130.868601407217));
#1841=CARTESIAN_POINT('',(66.2241263990153,43.1987127277535,130.868601407217));
#1842=CARTESIAN_POINT('',(66.2241263990153,43.1987127277535,137.95761348067));
#1843=CARTESIAN_POINT('',(66.2241263990153,43.1987127277535,136.951126853885));
#1844=CARTESIAN_POINT('',(66.2241263990153,43.1987127277535,137.95761348067));
#1845=CARTESIAN_POINT('Origin',(66.2241263990153,47.1987127277535,134.868601407217));
#1846=CARTESIAN_POINT('Origin',(67.2241263990153,47.1987127277535,134.868601407217));
#1847=CARTESIAN_POINT('Origin',(67.2241263990153,47.1987127277535,134.868601407217));
#1848=CARTESIAN_POINT('Origin',(59.7241263990153,43.1987127277534,137.72360379044));
#1849=CARTESIAN_POINT('',(60.8096527148048,50.4487127277535,138.758800688488));
#1850=CARTESIAN_POINT('',(61.2241263990153,50.4487127277535,137.72360379044));
#1851=CARTESIAN_POINT('Origin',(59.7241263990153,50.4487127277535,137.72360379044));
#1852=CARTESIAN_POINT('',(61.2241263990153,43.1987127277534,137.72360379044));
#1853=CARTESIAN_POINT('',(61.2241263990153,43.1987127277534,137.72360379044));
#1854=CARTESIAN_POINT('',(60.8096527148048,43.1987127277534,138.758800688488));
#1855=CARTESIAN_POINT('Origin',(59.7241263990153,43.1987127277534,137.72360379044));
#1856=CARTESIAN_POINT('',(60.8096527148048,43.1987127277534,138.758800688488));
#1857=CARTESIAN_POINT('Ctrl Pts',(61.2241263990153,50.4487127277535,137.72360379044));
#1858=CARTESIAN_POINT('Ctrl Pts',(61.2241263990153,50.5258990948084,137.72360379044));
#1859=CARTESIAN_POINT('Ctrl Pts',(61.2488961879512,50.6793572408542,137.644211432613));
#1860=CARTESIAN_POINT('Ctrl Pts',(61.3122639857499,50.8081277727042,137.457453963683));
#1861=CARTESIAN_POINT('Ctrl Pts',(61.3505168345522,50.8653793944189,137.352809967628));
#1862=CARTESIAN_POINT('Ctrl Pts',(61.2241263990153,50.4487127277535,138.104439001406));
#1863=CARTESIAN_POINT('Ctrl Pts',(61.2241263990153,50.5668988012605,138.104439001406));
#1864=CARTESIAN_POINT('Ctrl Pts',(61.2749013487183,50.802294183821,138.035088147392));
#1865=CARTESIAN_POINT('Ctrl Pts',(61.400737831136,50.9786364499154,137.875740184066));
#1866=CARTESIAN_POINT('Ctrl Pts',(61.473049168306,51.0487689991031,137.788187925736));
#1867=CARTESIAN_POINT('Ctrl Pts',(61.0724790008446,50.4487127277535,138.483196259499));
#1868=CARTESIAN_POINT('Ctrl Pts',(61.0724790008446,50.6234072826153,138.483196259499));
#1869=CARTESIAN_POINT('Ctrl Pts',(61.1340740284754,50.9711680274362,138.423693198721));
#1870=CARTESIAN_POINT('Ctrl Pts',(61.2898237115698,51.2514804643107,138.289662235338));
#1871=CARTESIAN_POINT('Ctrl Pts',(61.3814823649054,51.3713746295389,138.217271437313));
#1872=CARTESIAN_POINT('Ctrl Pts',(60.8096527148048,50.4487127277535,138.758800688488));
#1873=CARTESIAN_POINT('Ctrl Pts',(60.8096527148048,50.6802718289187,138.758800688488));
#1874=CARTESIAN_POINT('Ctrl Pts',(60.8692957592161,51.1406462670558,138.695077874969));
#1875=CARTESIAN_POINT('Ctrl Pts',(61.021878746021,51.5269578626056,138.545180432802));
#1876=CARTESIAN_POINT('Ctrl Pts',(61.1139875793212,51.6987127277497,138.461189857021));
#1877=CARTESIAN_POINT('',(61.1139875793202,51.6987127277507,138.461189857021));
#1878=CARTESIAN_POINT('',(61.3505168345522,50.8653793944189,137.352809967628));
#1879=CARTESIAN_POINT('Origin',(60.1032977056259,51.6987127277497,137.352809967628));
#1880=CARTESIAN_POINT('Ctrl Pts',(61.3505168345522,50.8653793944189,137.352809967628));
#1881=CARTESIAN_POINT('Ctrl Pts',(61.3122639857499,50.8081277727042,137.457453963683));
#1882=CARTESIAN_POINT('Ctrl Pts',(61.2488961879512,50.6793572408542,137.644211432613));
#1883=CARTESIAN_POINT('Ctrl Pts',(61.2241263990153,50.5258990948084,137.72360379044));
#1884=CARTESIAN_POINT('Ctrl Pts',(61.2241263990153,50.4487127277535,137.72360379044));
#1885=CARTESIAN_POINT('Ctrl Pts',(60.8096527148048,50.4487127277535,138.758800688488));
#1886=CARTESIAN_POINT('Ctrl Pts',(60.8096527148048,50.6802718289187,138.758800688488));
#1887=CARTESIAN_POINT('Ctrl Pts',(60.8692957592161,51.1406462670558,138.695077874969));
#1888=CARTESIAN_POINT('Ctrl Pts',(61.021878746021,51.5269578626056,138.545180432802));
#1889=CARTESIAN_POINT('Ctrl Pts',(61.1139875793212,51.6987127277497,138.461189857021));
#1890=CARTESIAN_POINT('Ctrl Pts',(61.350516834552,50.8653793944186,137.352809967629));
#1891=CARTESIAN_POINT('Ctrl Pts',(61.4855280754346,51.0674457171181,136.983474971654));
#1892=CARTESIAN_POINT('Ctrl Pts',(61.7291579175756,51.1987127277536,136.64641849703));
#1893=CARTESIAN_POINT('Ctrl Pts',(61.9741263990159,51.1987127277535,136.288853691347));
#1894=CARTESIAN_POINT('Ctrl Pts',(61.411783001429,50.957074196761,137.570498946683));
#1895=CARTESIAN_POINT('Ctrl Pts',(61.5752765824469,51.1372126674408,137.220380613839));
#1896=CARTESIAN_POINT('Ctrl Pts',(61.8502081045599,51.2432696255687,136.890076160679));
#1897=CARTESIAN_POINT('Ctrl Pts',(62.1087652007156,51.1987127277534,136.565577761538));
#1898=CARTESIAN_POINT('Ctrl Pts',(61.4331095352295,51.207915036887,138.005598316007));
#1899=CARTESIAN_POINT('Ctrl Pts',(61.6616647453955,51.3867220902134,137.693720874936));
#1900=CARTESIAN_POINT('Ctrl Pts',(62.0270900491801,51.4791016333448,137.377523684002));
#1901=CARTESIAN_POINT('Ctrl Pts',(62.3775927064957,51.3945380076576,137.118100813137));
#1902=CARTESIAN_POINT('Ctrl Pts',(61.247734972113,51.5350436786456,138.339230647167));
#1903=CARTESIAN_POINT('Ctrl Pts',(61.542238276351,51.7883360120291,138.043753302656));
#1904=CARTESIAN_POINT('Ctrl Pts',(62.0341983134406,51.9425534104353,137.730979547804));
#1905=CARTESIAN_POINT('Ctrl Pts',(62.5479772511457,51.908572810631,137.468293358658));
#1906=CARTESIAN_POINT('Ctrl Pts',(61.1139875793207,51.6987127277511,138.461189857021));
#1907=CARTESIAN_POINT('Ctrl Pts',(61.4390804356572,52.0018122118012,138.164749926041));
#1908=CARTESIAN_POINT('Ctrl Pts',(61.9978616776234,52.1987127277537,137.85002683366));
#1909=CARTESIAN_POINT('Ctrl Pts',(62.5928568517125,52.1987127277535,137.560534715388));
#1910=CARTESIAN_POINT('',(62.5928568517125,52.1987127277535,137.560534715388));
#1911=CARTESIAN_POINT('',(61.9741263990156,51.1987127277535,136.288853691346));
#1912=CARTESIAN_POINT('Origin',(61.9741263990169,52.6987127277534,136.288853691347));
#1913=CARTESIAN_POINT('Ctrl Pts',(61.9741263990159,51.1987127277535,136.288853691347));
#1914=CARTESIAN_POINT('Ctrl Pts',(61.7291579175756,51.1987127277536,136.64641849703));
#1915=CARTESIAN_POINT('Ctrl Pts',(61.4855280754346,51.0674457171181,136.983474971654));
#1916=CARTESIAN_POINT('Ctrl Pts',(61.350516834552,50.8653793944186,137.352809967629));
#1917=CARTESIAN_POINT('Ctrl Pts',(61.1139875793207,51.6987127277511,138.461189857021));
#1918=CARTESIAN_POINT('Ctrl Pts',(61.4390804356572,52.0018122118012,138.164749926041));
#1919=CARTESIAN_POINT('Ctrl Pts',(61.9978616776234,52.1987127277537,137.85002683366));
#1920=CARTESIAN_POINT('Ctrl Pts',(62.5928568517125,52.1987127277535,137.560534715388));
#1921=CARTESIAN_POINT('Origin',(65.2241263990153,52.6987127277534,142.968601407217));
#1922=CARTESIAN_POINT('',(64.2241263990153,52.1987127248749,137.038106925446));
#1923=CARTESIAN_POINT('',(64.2241263990153,51.1987127277535,135.607791020604));
#1924=CARTESIAN_POINT('Ctrl Pts',(64.2241263990153,52.1987127245584,137.038106926365));
#1925=CARTESIAN_POINT('Ctrl Pts',(64.2241263990153,52.1742169251618,137.029324094556));
#1926=CARTESIAN_POINT('Ctrl Pts',(64.2241263990153,52.1503645431292,137.020043404872));
#1927=CARTESIAN_POINT('Ctrl Pts',(64.2241263990153,51.9559493288241,136.938825363378));
#1928=CARTESIAN_POINT('Ctrl Pts',(64.2241263990153,51.7712465148472,136.814112136885));
#1929=CARTESIAN_POINT('Ctrl Pts',(64.2241263990153,51.5087640092877,136.549525649012));
#1930=CARTESIAN_POINT('Ctrl Pts',(64.2241263990153,51.3848649652516,136.362464537674));
#1931=CARTESIAN_POINT('Ctrl Pts',(64.2241263990153,51.2423602714905,136.016114705622));
#1932=CARTESIAN_POINT('Ctrl Pts',(64.2241263990153,51.1987127277535,135.79533503548));
#1933=CARTESIAN_POINT('Ctrl Pts',(64.2241263990153,51.1987127277535,135.607791020604));
#1934=CARTESIAN_POINT('Origin',(65.2241263990153,51.1987127277534,142.968601407217));
#1935=CARTESIAN_POINT('Origin',(65.2241263990153,52.1987127277534,142.968601407217));
#1936=CARTESIAN_POINT('Origin',(65.2241263990153,51.6987127277535,142.968601407217));
#1937=CARTESIAN_POINT('',(69.3342652337732,51.698712713707,138.461189870757));
#1938=CARTESIAN_POINT('Origin',(65.2241263990153,51.6987127277535,142.968601407217));
#1939=CARTESIAN_POINT('',(68.3235753563737,53.1987127277535,139.569569756771));
#1940=CARTESIAN_POINT('Origin',(68.3235753563737,51.6987127277535,139.569569756771));
#1941=CARTESIAN_POINT('',(69.3940544092143,53.1987127277535,141.026514800045));
#1942=CARTESIAN_POINT('Origin',(65.2241263990153,53.1987127277535,142.968601407217));
#1943=CARTESIAN_POINT('',(70.2241263990154,53.1339883766139,142.368601407213));
#1944=CARTESIAN_POINT('Ctrl Pts',(70.2241263990154,53.1339883766139,142.368601407213));
#1945=CARTESIAN_POINT('Ctrl Pts',(70.2241263990153,53.1328645428243,142.337541333797));
#1946=CARTESIAN_POINT('Ctrl Pts',(70.2231617322544,53.1319295937298,142.306459625882));
#1947=CARTESIAN_POINT('Ctrl Pts',(70.2178844556069,53.1299353321894,142.22169165346));
#1948=CARTESIAN_POINT('Ctrl Pts',(70.2116544688247,53.129288947904,142.168208028822));
#1949=CARTESIAN_POINT('Ctrl Pts',(70.2025597812353,53.129288947904,142.115155684551));
#1950=CARTESIAN_POINT('Ctrl Pts',(70.188142412002,53.129288947904,142.031054364023));
#1951=CARTESIAN_POINT('Ctrl Pts',(70.1665907073354,53.1309289816735,141.948397248785));
#1952=CARTESIAN_POINT('Ctrl Pts',(70.0970503662809,53.1384972569761,141.751975575637));
#1953=CARTESIAN_POINT('Ctrl Pts',(70.041919133319,53.146009658053,141.641617412209));
#1954=CARTESIAN_POINT('Ctrl Pts',(69.8635490343336,53.1691053807915,141.372791110123));
#1955=CARTESIAN_POINT('Ctrl Pts',(69.7210765635727,53.1867838643172,141.230210648424));
#1956=CARTESIAN_POINT('Ctrl Pts',(69.5031215677655,53.1972340387733,141.085234567168));
#1957=CARTESIAN_POINT('Ctrl Pts',(69.4493938071177,53.1987127277535,141.054138511156));
#1958=CARTESIAN_POINT('Ctrl Pts',(69.3940544092143,53.1987127277535,141.026514800045));
#1959=CARTESIAN_POINT('',(70.2241263990154,53.1339883766137,143.568601407225));
#1960=CARTESIAN_POINT('Ctrl Pts',(70.2241263990154,53.1339883766137,143.568601407225));
#1961=CARTESIAN_POINT('Ctrl Pts',(70.2241263990154,53.1414290481494,143.362959072654));
#1962=CARTESIAN_POINT('Ctrl Pts',(70.2241263990154,53.1443959572335,143.161302232673));
#1963=CARTESIAN_POINT('Ctrl Pts',(70.2241263990154,53.1443959572335,142.775900581762));
#1964=CARTESIAN_POINT('Ctrl Pts',(70.2241263990154,53.1414290481495,142.574243741783));
#1965=CARTESIAN_POINT('Ctrl Pts',(70.2241263990154,53.1339883766139,142.368601407213));
#1966=CARTESIAN_POINT('',(69.3940544092144,53.1987127277535,144.910688014389));
#1967=CARTESIAN_POINT('Ctrl Pts',(69.3940544092153,53.1987127277535,144.910688014388));
#1968=CARTESIAN_POINT('Ctrl Pts',(69.5033338771961,53.1987127277534,144.856139093217));
#1969=CARTESIAN_POINT('Ctrl Pts',(69.6059030855733,53.1929960184501,144.788255474938));
#1970=CARTESIAN_POINT('Ctrl Pts',(69.8436231143763,53.1729592721289,144.584885473675));
#1971=CARTESIAN_POINT('Ctrl Pts',(69.9633285730228,53.1561565355932,144.435030377792));
#1972=CARTESIAN_POINT('Ctrl Pts',(70.0999841377203,53.1383586768773,144.174957398946));
#1973=CARTESIAN_POINT('Ctrl Pts',(70.1384677064137,53.1336274009225,144.078832714056));
#1974=CARTESIAN_POINT('Ctrl Pts',(70.1815256265054,53.1299353321894,143.927604330732));
#1975=CARTESIAN_POINT('Ctrl Pts',(70.1934650936458,53.129288947904,143.875099474155));
#1976=CARTESIAN_POINT('Ctrl Pts',(70.2025597812353,53.129288947904,143.822047129883));
#1977=CARTESIAN_POINT('Ctrl Pts',(70.2169172042929,53.129288947904,143.73829549538));
#1978=CARTESIAN_POINT('Ctrl Pts',(70.2241263990149,53.1309151585822,143.653537790675));
#1979=CARTESIAN_POINT('Ctrl Pts',(70.2241263990154,53.1339883766137,143.568601407225));
#1980=CARTESIAN_POINT('',(61.0541983888162,53.1987127277535,144.910688014389));
#1981=CARTESIAN_POINT('Origin',(65.2241263990153,53.1987127277535,142.968601407217));
#1982=CARTESIAN_POINT('',(60.2241263990154,53.1339883766139,143.56860140722));
#1983=CARTESIAN_POINT('Ctrl Pts',(60.2241263990154,53.1339883766139,143.56860140722));
#1984=CARTESIAN_POINT('Ctrl Pts',(60.2241263990154,53.1328645428243,143.599661480637));
#1985=CARTESIAN_POINT('Ctrl Pts',(60.2250910657764,53.1319295937298,143.630743188551));
#1986=CARTESIAN_POINT('Ctrl Pts',(60.2303683424238,53.1299353321894,143.715511160973));
#1987=CARTESIAN_POINT('Ctrl Pts',(60.236598329206,53.129288947904,143.768994785611));
#1988=CARTESIAN_POINT('Ctrl Pts',(60.2456930167955,53.129288947904,143.822047129883));
#1989=CARTESIAN_POINT('Ctrl Pts',(60.2601103860288,53.129288947904,143.906148450411));
#1990=CARTESIAN_POINT('Ctrl Pts',(60.2816620906953,53.1309289816735,143.988805565649));
#1991=CARTESIAN_POINT('Ctrl Pts',(60.3512024317498,53.1384972569762,144.185227238796));
#1992=CARTESIAN_POINT('Ctrl Pts',(60.4063336647118,53.146009658053,144.295585402224));
#1993=CARTESIAN_POINT('Ctrl Pts',(60.5847037636972,53.1691053807916,144.56441170431));
#1994=CARTESIAN_POINT('Ctrl Pts',(60.7271762344581,53.1867838643172,144.706992166009));
#1995=CARTESIAN_POINT('Ctrl Pts',(60.9451312302652,53.1972340387733,144.851968247266));
#1996=CARTESIAN_POINT('Ctrl Pts',(60.9988589909129,53.1987127277535,144.883064303277));
#1997=CARTESIAN_POINT('Ctrl Pts',(61.0541983888162,53.1987127277535,144.910688014389));
#1998=CARTESIAN_POINT('',(60.2241263990154,53.1339883766137,142.368601407208));
#1999=CARTESIAN_POINT('Ctrl Pts',(60.2241263990154,53.1339883766137,142.368601407208));
#2000=CARTESIAN_POINT('Ctrl Pts',(60.2241263990154,53.1414290481495,142.57424374178));
#2001=CARTESIAN_POINT('Ctrl Pts',(60.2241263990154,53.1443959572336,142.775900581761));
#2002=CARTESIAN_POINT('Ctrl Pts',(60.2241263990154,53.1443959572336,143.161302232672));
#2003=CARTESIAN_POINT('Ctrl Pts',(60.2241263990154,53.1414290481495,143.362959072651));
#2004=CARTESIAN_POINT('Ctrl Pts',(60.2241263990154,53.1339883766139,143.568601407221));
#2005=CARTESIAN_POINT('',(61.0541983888163,53.1987127277535,141.026514800045));
#2006=CARTESIAN_POINT('Ctrl Pts',(61.0541983888155,53.1987127277535,141.026514800045));
#2007=CARTESIAN_POINT('Ctrl Pts',(60.9449189208345,53.1987127277534,141.081063721217));
#2008=CARTESIAN_POINT('Ctrl Pts',(60.8423497124572,53.1929960184501,141.148947339496));
#2009=CARTESIAN_POINT('Ctrl Pts',(60.6046296836542,53.1729592721288,141.352317340759));
#2010=CARTESIAN_POINT('Ctrl Pts',(60.4849242250078,53.1561565355932,141.502172436642));
#2011=CARTESIAN_POINT('Ctrl Pts',(60.3482686603104,53.1383586768773,141.762245415487));
#2012=CARTESIAN_POINT('Ctrl Pts',(60.3097850916171,53.1336274009225,141.858370100377));
#2013=CARTESIAN_POINT('Ctrl Pts',(60.2667271715254,53.1299353321894,142.009598483702));
#2014=CARTESIAN_POINT('Ctrl Pts',(60.254787704385,53.129288947904,142.062103340279));
#2015=CARTESIAN_POINT('Ctrl Pts',(60.2456930167955,53.129288947904,142.11515568455));
#2016=CARTESIAN_POINT('Ctrl Pts',(60.2313355937378,53.129288947904,142.198907319053));
#2017=CARTESIAN_POINT('Ctrl Pts',(60.2241263990159,53.1309151585822,142.283665023758));
#2018=CARTESIAN_POINT('Ctrl Pts',(60.2241263990154,53.1339883766137,142.368601407208));
#2019=CARTESIAN_POINT('',(64.121587239332,53.1987127277535,138.502685218867));
#2020=CARTESIAN_POINT('Origin',(65.2241263990153,53.1987127277535,142.968601407217));
#2021=CARTESIAN_POINT('',(64.2241263990153,53.1094251545193,137.95761348067));
#2022=CARTESIAN_POINT('Ctrl Pts',(64.121587239332,53.1987127277534,138.502685218867));
#2023=CARTESIAN_POINT('Ctrl Pts',(64.161096634577,53.1987127277534,138.401390602379));
#2024=CARTESIAN_POINT('Ctrl Pts',(64.1892161211972,53.1907841276761,138.296830857925));
#2025=CARTESIAN_POINT('Ctrl Pts',(64.2183001396112,53.1569203444527,138.111885326042));
#2026=CARTESIAN_POINT('Ctrl Pts',(64.2241263990153,53.1364827685335,138.033964160607));
#2027=CARTESIAN_POINT('Ctrl Pts',(64.2241263990153,53.1094251545193,137.95761348067));
#2028=CARTESIAN_POINT('Ctrl Pts',(64.2241263990153,53.1094251545193,137.95761348067));
#2029=CARTESIAN_POINT('Ctrl Pts',(64.2241263990153,53.1009276255258,137.933635308903));
#2030=CARTESIAN_POINT('Ctrl Pts',(64.2241263990153,53.0919739352076,137.910259271071));
#2031=CARTESIAN_POINT('Ctrl Pts',(64.2241263990153,53.0115426332405,137.714128560666));
#2032=CARTESIAN_POINT('Ctrl Pts',(64.2241263990153,52.8876046409074,137.526308896344));
#2033=CARTESIAN_POINT('Ctrl Pts',(64.2241263990153,52.6250323505106,137.261442064993));
#2034=CARTESIAN_POINT('Ctrl Pts',(64.2241263990153,52.4405924050891,137.136946249053));
#2035=CARTESIAN_POINT('Ctrl Pts',(64.2241263990153,52.2466153489801,137.055998244071));
#2036=CARTESIAN_POINT('Ctrl Pts',(64.2241263990153,52.2229809205459,137.046808152119));
#2037=CARTESIAN_POINT('Ctrl Pts',(64.2241263990153,52.198712724547,137.03810692636));
#2038=CARTESIAN_POINT('Origin',(65.2241263990153,43.1987127277534,142.968601407217));
#2039=CARTESIAN_POINT('',(69.6386000832259,43.1987127277534,138.758800688488));
#2040=CARTESIAN_POINT('Origin',(65.2241263990153,43.1987127277534,142.968601407217));
#2041=CARTESIAN_POINT('',(69.6386000832259,50.4487127277535,138.758800688488));
#2042=CARTESIAN_POINT('',(69.6386000832259,43.1987127277535,138.758800688488));
#2043=CARTESIAN_POINT('Ctrl Pts',(69.3330523301981,51.6976305377571,138.460293375445));
#2044=CARTESIAN_POINT('Ctrl Pts',(69.3682460945817,51.6316378808478,138.492339001023));
#2045=CARTESIAN_POINT('Ctrl Pts',(69.5390669073886,51.2711187179972,138.651631142072));
#2046=CARTESIAN_POINT('Ctrl Pts',(69.6386000832259,50.8230750387484,138.758800688488));
#2047=CARTESIAN_POINT('Ctrl Pts',(69.6386000832259,50.4487127277534,138.758800688488));
#2048=CARTESIAN_POINT('Ctrl Pts',(67.2646016417225,53.1987127277535,138.655323246959));
#2049=CARTESIAN_POINT('Ctrl Pts',(67.3853775669758,53.1987127277535,138.712458510728));
#2050=CARTESIAN_POINT('Ctrl Pts',(67.5495171500773,53.1987127277535,138.832727607433));
#2051=CARTESIAN_POINT('Ctrl Pts',(67.89537448148,53.1987127277535,139.146512505254));
#2052=CARTESIAN_POINT('Ctrl Pts',(68.1261232136497,53.1987127277535,139.389520585465));
#2053=CARTESIAN_POINT('Ctrl Pts',(68.323575352492,53.1987127277535,139.569569753232));
#2054=CARTESIAN_POINT('Ctrl Pts',(67.4150008186532,53.1987127277535,138.337400504454));
#2055=CARTESIAN_POINT('Ctrl Pts',(67.5775715183402,53.1987127277535,138.414307551849));
#2056=CARTESIAN_POINT('Ctrl Pts',(67.78422239514,53.1982180146167,138.547748175813));
#2057=CARTESIAN_POINT('Ctrl Pts',(68.1890065035663,53.1993397719822,138.861988950845));
#2058=CARTESIAN_POINT('Ctrl Pts',(68.4313597186431,53.19806861938,139.081779767415));
#2059=CARTESIAN_POINT('Ctrl Pts',(68.6259730554501,53.1987127277535,139.237943264919));
#2060=CARTESIAN_POINT('Ctrl Pts',(67.6771283701095,52.972918557804,137.783299665965));
#2061=CARTESIAN_POINT('Ctrl Pts',(67.9123250333624,52.972918557804,137.894563755761));
#2062=CARTESIAN_POINT('Ctrl Pts',(68.1933052721949,52.9502279387209,138.050759182068));
#2063=CARTESIAN_POINT('Ctrl Pts',(68.6982767184966,52.8924981823197,138.367820055703));
#2064=CARTESIAN_POINT('Ctrl Pts',(68.9610793735725,52.8496118633867,138.547231181371));
#2065=CARTESIAN_POINT('Ctrl Pts',(69.1494784777854,52.8220661722523,138.663837499157));
#2066=CARTESIAN_POINT('Ctrl Pts',(67.8317642261361,52.4474040852869,137.456421178723));
#2067=CARTESIAN_POINT('Ctrl Pts',(68.1099332356431,52.4474040852869,137.588014124065));
#2068=CARTESIAN_POINT('Ctrl Pts',(68.4204561170333,52.3804818890949,137.776918894443));
#2069=CARTESIAN_POINT('Ctrl Pts',(68.9356463222033,52.2183992257174,138.139672288692));
#2070=CARTESIAN_POINT('Ctrl Pts',(69.1692478656991,52.1047697357513,138.335475921871));
#2071=CARTESIAN_POINT('Ctrl Pts',(69.3342652249554,52.0353119380141,138.461189861786));
#2072=CARTESIAN_POINT('Ctrl Pts',(67.8693640203688,52.1987127277535,137.376940493096));
#2073=CARTESIAN_POINT('Ctrl Pts',(68.1579159913655,52.1987127277535,137.513445288562));
#2074=CARTESIAN_POINT('Ctrl Pts',(68.4701828793388,52.1144563869675,137.717650794812));
#2075=CARTESIAN_POINT('Ctrl Pts',(68.9687554855917,51.9152058789306,138.108447888774));
#2076=CARTESIAN_POINT('Ctrl Pts',(69.1815405902897,51.7795303767809,138.321926020985));
#2077=CARTESIAN_POINT('Ctrl Pts',(69.3342652244925,51.6987127246922,138.461189862294));
#2078=CARTESIAN_POINT('',(67.869364020369,52.1987127277535,137.376940493096));
#2079=CARTESIAN_POINT('',(67.2646016417226,53.1987127277535,138.655323246959));
#2080=CARTESIAN_POINT('Origin',(67.2646016417226,51.6987127277535,138.655323246959));
#2081=CARTESIAN_POINT('Ctrl Pts',(67.2646016417225,53.1987127277535,138.655323246959));
#2082=CARTESIAN_POINT('Ctrl Pts',(67.3853775669758,53.1987127277535,138.712458510728));
#2083=CARTESIAN_POINT('Ctrl Pts',(67.5495171500773,53.1987127277535,138.832727607433));
#2084=CARTESIAN_POINT('Ctrl Pts',(67.89537448148,53.1987127277535,139.146512505254));
#2085=CARTESIAN_POINT('Ctrl Pts',(68.1261232136497,53.1987127277535,139.389520585465));
#2086=CARTESIAN_POINT('Ctrl Pts',(68.323575352492,53.1987127277535,139.569569753232));
#2087=CARTESIAN_POINT('Ctrl Pts',(69.3342652244925,51.6987127246922,138.461189862294));
#2088=CARTESIAN_POINT('Ctrl Pts',(69.1815405902897,51.7795303767809,138.321926020985));
#2089=CARTESIAN_POINT('Ctrl Pts',(68.9687554855917,51.9152058789306,138.108447888774));
#2090=CARTESIAN_POINT('Ctrl Pts',(68.4701828793388,52.1144563869675,137.717650794812));
#2091=CARTESIAN_POINT('Ctrl Pts',(68.1579159913655,52.1987127277535,137.513445288562));
#2092=CARTESIAN_POINT('Ctrl Pts',(67.8693640203688,52.1987127277535,137.376940493096));
#2093=CARTESIAN_POINT('Ctrl Pts',(65.9955033166259,53.1987127277535,138.259792072063));
#2094=CARTESIAN_POINT('Ctrl Pts',(66.4344190770315,53.1987127277535,138.331693366478));
#2095=CARTESIAN_POINT('Ctrl Pts',(66.8635088280964,53.1987127277535,138.465578944407));
#2096=CARTESIAN_POINT('Ctrl Pts',(67.2646016417226,53.1987127277535,138.655323246959));
#2097=CARTESIAN_POINT('Ctrl Pts',(66.0452528282584,53.1987127277535,137.956100116228));
#2098=CARTESIAN_POINT('Ctrl Pts',(66.5124946136794,53.1987127277535,138.032641658381));
#2099=CARTESIAN_POINT('Ctrl Pts',(66.9692230381613,53.1987127277535,138.175151138317));
#2100=CARTESIAN_POINT('Ctrl Pts',(67.396200921537,53.1987127277535,138.377140847267));
#2101=CARTESIAN_POINT('Ctrl Pts',(66.144585406445,53.0028862894163,137.349732255366));
#2102=CARTESIAN_POINT('Ctrl Pts',(66.668298086228,53.0028862894163,137.435524616851));
#2103=CARTESIAN_POINT('Ctrl Pts',(67.1803767163415,53.0028862894163,137.595304544592));
#2104=CARTESIAN_POINT('Ctrl Pts',(67.6589591943821,53.0028862894163,137.821706752322));
#2105=CARTESIAN_POINT('Ctrl Pts',(66.2075432284712,52.4888526448758,136.965411214239));
#2106=CARTESIAN_POINT('Ctrl Pts',(66.7672060324954,52.4888526448758,137.057092770646));
#2107=CARTESIAN_POINT('Ctrl Pts',(67.314062942749,52.4888526448758,137.227724429731));
#2108=CARTESIAN_POINT('Ctrl Pts',(67.8254975937642,52.4888526448758,137.46966795966));
#2109=CARTESIAN_POINT('Ctrl Pts',(66.2241263990153,52.1987127277535,136.864180562294));
#2110=CARTESIAN_POINT('Ctrl Pts',(66.793129373288,52.1987127277535,136.957392185268));
#2111=CARTESIAN_POINT('Ctrl Pts',(67.3493940751069,52.1987127277535,137.130959185877));
#2112=CARTESIAN_POINT('Ctrl Pts',(67.869364020369,52.1987127277535,137.376940493096));
#2113=CARTESIAN_POINT('',(66.2666670087847,53.1987127277535,138.312313531537));
#2114=CARTESIAN_POINT('Ctrl Pts',(66.2241263990153,53.160084043145,137.95761348067));
#2115=CARTESIAN_POINT('Ctrl Pts',(66.2241263990153,53.1868752713726,138.075654211461));
#2116=CARTESIAN_POINT('Ctrl Pts',(66.2380287574156,53.1987127277535,138.194639208137));
#2117=CARTESIAN_POINT('Ctrl Pts',(66.2666670088879,53.1987127277535,138.312313531599));
#2118=CARTESIAN_POINT('Ctrl Pts',(66.2669662943749,53.1987127277535,138.312428206657));
#2119=CARTESIAN_POINT('Ctrl Pts',(66.611070998899,53.1987127277535,138.389587100556));
#2120=CARTESIAN_POINT('Ctrl Pts',(66.9466337787848,53.1987127277535,138.504902724981));
#2121=CARTESIAN_POINT('Ctrl Pts',(67.2646016417226,53.1987127277535,138.655323246959));
#2122=CARTESIAN_POINT('Ctrl Pts',(67.869364020369,52.1987127277535,137.376940493096));
#2123=CARTESIAN_POINT('Ctrl Pts',(67.3493940751069,52.1987127277535,137.130959185877));
#2124=CARTESIAN_POINT('Ctrl Pts',(66.793129373288,52.1987127277535,136.957392185268));
#2125=CARTESIAN_POINT('Ctrl Pts',(66.2241263990153,52.1987127277535,136.864180562294));
#2126=CARTESIAN_POINT('Origin',(65.2241263990154,53.1987127277535,143.009864130551));
#2127=CARTESIAN_POINT('Origin',(67.7241263990153,53.1987127277535,137.95761348067));
#2128=CARTESIAN_POINT('Origin',(68.7241263990154,53.1987127277535,142.368601407217));
#2129=CARTESIAN_POINT('Origin',(65.2241263990154,53.1987127277535,143.009864130551));
#2130=CARTESIAN_POINT('Origin',(61.7241263990154,53.1987127277535,142.368601407217));
#2131=CARTESIAN_POINT('Origin',(62.7241263990153,53.1987127277535,137.95761348067));
#2132=CARTESIAN_POINT('Origin',(65.2241263990154,53.1987127277535,143.009864130551));
#2133=CARTESIAN_POINT('',(68.7241263990154,53.1987127277535,145.068601407217));
#2134=CARTESIAN_POINT('Origin',(68.7241263990154,53.1987127277535,143.568601407217));
#2135=CARTESIAN_POINT('',(61.7241263990154,53.1987127277535,145.068601407217));
#2136=CARTESIAN_POINT('',(62.7241263990154,53.1987127277535,145.068601407217));
#2137=CARTESIAN_POINT('Origin',(61.7241263990154,53.1987127277535,143.568601407217));
#2138=CARTESIAN_POINT('Origin',(67.7241263990153,43.1987127277535,137.95761348067));
#2139=CARTESIAN_POINT('Origin',(67.7241263990153,43.1987127277535,137.95761348067));
#2140=CARTESIAN_POINT('Origin',(62.7241263990153,43.1987127277534,137.95761348067));
#2141=CARTESIAN_POINT('',(64.2241263990153,43.1987127277535,137.95761348067));
#2142=CARTESIAN_POINT('Origin',(62.7241263990153,43.1987127277534,137.95761348067));
#2143=CARTESIAN_POINT('',(64.2241263990153,43.1987127277534,137.95761348067));
#2144=CARTESIAN_POINT('Origin',(64.2241263990153,43.1987127277535,138.992422336803));
#2145=CARTESIAN_POINT('',(64.2241263990153,43.1987127277535,130.868601407217));
#2146=CARTESIAN_POINT('',(64.2241263990153,43.1987127277535,136.951126853885));
#2147=CARTESIAN_POINT('',(64.2241263990153,47.1987127277535,130.868601407217));
#2148=CARTESIAN_POINT('',(64.2241263990153,43.1987127277535,130.868601407217));
#2149=CARTESIAN_POINT('',(64.2241263990153,51.1987127277535,134.868601407217));
#2150=CARTESIAN_POINT('Origin',(64.2241263990153,47.1987127277534,134.868601407217));
#2151=CARTESIAN_POINT('',(64.2241263990153,51.1987127277535,136.951126853885));
#2152=CARTESIAN_POINT('Origin',(65.2241263990153,43.1987127277534,139.968601407217));
#2153=CARTESIAN_POINT('',(68.4741263990153,43.1987127277535,130.868601407217));
#2154=CARTESIAN_POINT('',(66.2241263990153,43.1987127277535,130.868601407217));
#2155=CARTESIAN_POINT('',(69.2241263990153,43.1987127277535,131.618601407217));
#2156=CARTESIAN_POINT('Origin',(68.4741263990153,43.1987127277535,131.618601407217));
#2157=CARTESIAN_POINT('',(69.2241263990153,43.1987127277535,137.72360379044));
#2158=CARTESIAN_POINT('',(69.2241263990153,43.1987127277535,138.363169831349));
#2159=CARTESIAN_POINT('Origin',(70.7241263990153,43.1987127277535,137.72360379044));
#2160=CARTESIAN_POINT('',(61.2241263990153,43.1987127277535,131.618601407217));
#2161=CARTESIAN_POINT('',(61.2241263990153,43.1987127277534,138.363169831349));
#2162=CARTESIAN_POINT('',(61.9741263990153,43.1987127277535,130.868601407217));
#2163=CARTESIAN_POINT('Origin',(61.9741263990153,43.1987127277535,131.618601407217));
#2164=CARTESIAN_POINT('',(64.2241263990153,43.1987127277535,130.868601407217));
#2165=CARTESIAN_POINT('Origin',(61.7241263990154,79.6987127277534,143.568601407217));
#2166=CARTESIAN_POINT('',(60.2241263990154,79.6987127277534,143.568601407217));
#2167=CARTESIAN_POINT('',(61.7241263990154,81.1987127277534,143.568601407217));
#2168=CARTESIAN_POINT('Origin',(61.7241263990154,79.6987127277534,143.568601407217));
#2169=CARTESIAN_POINT('',(61.7241263990154,79.6987127277534,145.068601407217));
#2170=CARTESIAN_POINT('Origin',(61.7241263990154,79.6987127277534,143.568601407217));
#2171=CARTESIAN_POINT('Origin',(61.7241263990154,79.6987127277534,143.568601407217));
#2172=CARTESIAN_POINT('Origin',(61.7241263990154,51.1987127277535,143.568601407217));
#2173=CARTESIAN_POINT('',(61.7241263990154,51.1987127277535,145.068601407217));
#2174=CARTESIAN_POINT('',(60.2241263990154,51.1987127277535,143.568601407217));
#2175=CARTESIAN_POINT('Origin',(68.7241263990154,79.6987127277534,143.568601407217));
#2176=CARTESIAN_POINT('',(68.7241263990154,79.6987127277534,145.068601407217));
#2177=CARTESIAN_POINT('',(68.7241263990154,81.1987127277534,143.568601407217));
#2178=CARTESIAN_POINT('Origin',(68.7241263990154,79.6987127277534,143.568601407217));
#2179=CARTESIAN_POINT('',(70.2241263990154,79.6987127277534,143.568601407217));
#2180=CARTESIAN_POINT('Origin',(68.7241263990154,79.6987127277534,143.568601407217));
#2181=CARTESIAN_POINT('Origin',(68.7241263990154,79.6987127277534,143.568601407217));
#2182=CARTESIAN_POINT('Origin',(68.7241263990154,51.1987127277535,143.568601407217));
#2183=CARTESIAN_POINT('',(70.2241263990154,51.1987127277535,143.568601407217));
#2184=CARTESIAN_POINT('',(68.7241263990154,51.1987127277535,145.068601407217));
#2185=CARTESIAN_POINT('Origin',(61.7241263990154,79.6987127277534,142.368601407217));
#2186=CARTESIAN_POINT('',(61.7241263990154,79.6987127277534,140.868601407217));
#2187=CARTESIAN_POINT('',(61.7241263990154,81.1987127277534,142.368601407217));
#2188=CARTESIAN_POINT('Origin',(61.7241263990154,79.6987127277534,142.368601407217));
#2189=CARTESIAN_POINT('',(60.2241263990154,79.6987127277534,142.368601407217));
#2190=CARTESIAN_POINT('Origin',(61.7241263990154,79.6987127277534,142.368601407217));
#2191=CARTESIAN_POINT('Origin',(61.7241263990154,79.6987127277534,142.368601407217));
#2192=CARTESIAN_POINT('Origin',(61.7241263990154,51.1987127277535,142.368601407217));
#2193=CARTESIAN_POINT('',(60.2241263990154,51.1987127277535,142.368601407217));
#2194=CARTESIAN_POINT('',(61.7241263990154,51.1987127277535,140.868601407217));
#2195=CARTESIAN_POINT('Origin',(61.7241263990154,79.6987127277534,141.918601407217));
#2196=CARTESIAN_POINT('',(61.7241263990154,81.1987127277534,141.918601407217));
#2197=CARTESIAN_POINT('',(60.2241263990154,79.6987127277534,141.918601407217));
#2198=CARTESIAN_POINT('Origin',(68.7241263990154,79.6987127277534,142.368601407217));
#2199=CARTESIAN_POINT('',(70.2241263990154,79.6987127277534,142.368601407217));
#2200=CARTESIAN_POINT('',(68.7241263990154,81.1987127277534,142.368601407217));
#2201=CARTESIAN_POINT('Origin',(68.7241263990154,79.6987127277534,142.368601407217));
#2202=CARTESIAN_POINT('',(68.7241263990154,79.6987127277534,140.868601407217));
#2203=CARTESIAN_POINT('Origin',(68.7241263990154,79.6987127277534,142.368601407217));
#2204=CARTESIAN_POINT('Origin',(68.7241263990154,79.6987127277534,142.368601407217));
#2205=CARTESIAN_POINT('Origin',(68.7241263990154,51.1987127277535,142.368601407217));
#2206=CARTESIAN_POINT('',(68.7241263990154,51.1987127277535,140.868601407217));
#2207=CARTESIAN_POINT('',(70.2241263990154,51.1987127277535,142.368601407217));
#2208=CARTESIAN_POINT('Origin',(66.9848080851813,79.6987127277534,142.368601407217));
#2209=CARTESIAN_POINT('',(66.9848080851813,81.1987127277534,142.368601407217));
#2210=CARTESIAN_POINT('',(66.9848080851813,79.6987127277534,140.868601407217));
#2211=CARTESIAN_POINT('Origin',(68.7241263990154,79.6987127277534,144.018601407217));
#2212=CARTESIAN_POINT('',(68.7241263990154,81.1987127277534,144.018601407217));
#2213=CARTESIAN_POINT('',(70.2241263990154,79.6987127277534,144.018601407217));
#2214=CARTESIAN_POINT('Origin',(62.7241263990154,79.6987127277534,143.568601407217));
#2215=CARTESIAN_POINT('',(62.7241263990154,81.1987127277534,143.568601407217));
#2216=CARTESIAN_POINT('',(62.7241263990154,79.6987127277534,145.068601407217));
#2217=CARTESIAN_POINT('Origin',(60.2241263990154,51.1987127277535,140.868601407217));
#2218=CARTESIAN_POINT('Origin',(68.7454897713472,51.1987127277535,140.868601407217));
#2219=CARTESIAN_POINT('',(70.2241263990154,51.1987127277535,140.868601407217));
#2220=CARTESIAN_POINT('Origin',(65.2241263990154,51.1987127277535,143.009864130551));
#2221=CARTESIAN_POINT('Origin',(65.2241263990154,81.1987127277534,142.968601407217));
#2222=CARTESIAN_POINT('Origin',(65.2241263990153,52.6987127277534,142.968601407217));
#2223=CARTESIAN_POINT('',(68.4741263990153,51.1987127277535,136.098557739233));
#2224=CARTESIAN_POINT('Origin',(68.4741263990153,52.6987127277535,136.098557739233));
#2225=CARTESIAN_POINT('Origin',(65.2241263990153,51.1987127277534,142.968601407217));
#2226=CARTESIAN_POINT('Ctrl Pts',(68.4741263990153,51.1987127277535,136.098557739233));
#2227=CARTESIAN_POINT('Ctrl Pts',(68.6433293874483,51.1987127277535,136.338691458457));
#2228=CARTESIAN_POINT('Ctrl Pts',(68.9050459824606,51.10394389935,136.833236047467));
#2229=CARTESIAN_POINT('Ctrl Pts',(69.157314995433,50.8148901964412,137.507791893841));
#2230=CARTESIAN_POINT('Ctrl Pts',(69.2241263990153,50.5735001647517,137.72360379044));
#2231=CARTESIAN_POINT('Ctrl Pts',(69.2241263990153,50.4487127277535,137.72360379044));
#2232=CARTESIAN_POINT('Ctrl Pts',(68.2822057951776,51.1987127277535,136.504250948203));
#2233=CARTESIAN_POINT('Ctrl Pts',(68.4322489797676,51.2433573985143,136.704668773354));
#2234=CARTESIAN_POINT('Ctrl Pts',(68.7385734543215,51.2283362379945,137.129653954613));
#2235=CARTESIAN_POINT('Ctrl Pts',(69.1160056926029,50.9242252874497,137.741317806493));
#2236=CARTESIAN_POINT('Ctrl Pts',(69.2241263990153,50.6114309146881,137.941223910992));
#2237=CARTESIAN_POINT('Ctrl Pts',(69.2241263990153,50.4487127277535,137.941223910992));
#2238=CARTESIAN_POINT('Ctrl Pts',(67.9499561442639,51.5753587765283,137.20658005911));
#2239=CARTESIAN_POINT('Ctrl Pts',(68.1538095437839,51.6442252320773,137.341998872423));
#2240=CARTESIAN_POINT('Ctrl Pts',(68.5994290884996,51.6222543989069,137.647919447493));
#2241=CARTESIAN_POINT('Ctrl Pts',(69.1511280078776,51.1567354386749,138.151394486858));
#2242=CARTESIAN_POINT('Ctrl Pts',(69.3084016524267,50.6919058527372,138.321831352558));
#2243=CARTESIAN_POINT('Ctrl Pts',(69.3084016524267,50.4487127277535,138.321831352558));
#2244=CARTESIAN_POINT('Ctrl Pts',(67.8326790305943,52.3621135148688,137.454487410546));
#2245=CARTESIAN_POINT('Ctrl Pts',(68.1782847997659,52.3825657610123,137.617577009368));
#2246=CARTESIAN_POINT('Ctrl Pts',(68.7583556561325,52.176785403511,137.963963747997));
#2247=CARTESIAN_POINT('Ctrl Pts',(69.3620041003802,51.4299509237994,138.472897939878));
#2248=CARTESIAN_POINT('Ctrl Pts',(69.5259602463517,50.783732569014,138.640684504635));
#2249=CARTESIAN_POINT('Ctrl Pts',(69.5259602463517,50.4487127277534,138.640684504635));
#2250=CARTESIAN_POINT('Ctrl Pts',(67.8326790305943,52.6987127277535,137.454487410546));
#2251=CARTESIAN_POINT('Ctrl Pts',(68.2401020159011,52.6987127277535,137.647226316765));
#2252=CARTESIAN_POINT('Ctrl Pts',(68.8702880275744,52.4144062425433,138.044163421102));
#2253=CARTESIAN_POINT('Ctrl Pts',(69.4777252561792,51.5472451338167,138.585583245166));
#2254=CARTESIAN_POINT('Ctrl Pts',(69.6386000832259,50.8230750387484,138.758800688488));
#2255=CARTESIAN_POINT('Ctrl Pts',(69.6386000832259,50.4487127277534,138.758800688488));
#2256=CARTESIAN_POINT('',(69.2241263990153,50.4487127277535,137.72360379044));
#2257=CARTESIAN_POINT('Origin',(70.7241263990153,50.4487127277535,137.72360379044));
#2258=CARTESIAN_POINT('Ctrl Pts',(69.2241263990153,50.4487127277535,137.72360379044));
#2259=CARTESIAN_POINT('Ctrl Pts',(69.2241263990153,50.5735001647517,137.72360379044));
#2260=CARTESIAN_POINT('Ctrl Pts',(69.157314995433,50.8148901964412,137.507791893841));
#2261=CARTESIAN_POINT('Ctrl Pts',(68.9050459824606,51.10394389935,136.833236047467));
#2262=CARTESIAN_POINT('Ctrl Pts',(68.6433293874483,51.1987127277535,136.338691458457));
#2263=CARTESIAN_POINT('Ctrl Pts',(68.4741263990153,51.1987127277535,136.098557739233));
#2264=CARTESIAN_POINT('Origin',(70.7241263990153,43.1987127277535,137.72360379044));
#2265=CARTESIAN_POINT('',(69.2241263990153,43.1987127277535,137.72360379044));
#2266=CARTESIAN_POINT('Origin',(61.9741263990153,43.1987127277535,131.618601407217));
#2267=CARTESIAN_POINT('',(61.2241263990153,47.1987127277535,131.618601407217));
#2268=CARTESIAN_POINT('',(61.2241263990153,43.1987127277535,131.618601407217));
#2269=CARTESIAN_POINT('',(61.9741263990153,47.1987127277535,130.868601407217));
#2270=CARTESIAN_POINT('Origin',(61.9741263990153,47.1987127277535,131.618601407217));
#2271=CARTESIAN_POINT('',(61.9741263990153,43.1987127277535,130.868601407217));
#2272=CARTESIAN_POINT('Origin',(61.9741263990153,47.1987127277534,134.868601407217));
#2273=CARTESIAN_POINT('',(61.2241263990153,50.4487127277535,134.868601407217));
#2274=CARTESIAN_POINT('',(61.9741263990153,51.1987127277535,134.868601407217));
#2275=CARTESIAN_POINT('Origin',(61.9741263990153,50.4487127277535,134.868601407217));
#2276=CARTESIAN_POINT('Origin',(61.9741263990153,47.1987127277534,134.868601407217));
#2277=CARTESIAN_POINT('Origin',(61.2241263990153,47.1987127277534,134.868601407217));
#2278=CARTESIAN_POINT('Origin',(61.9741263990153,50.4487127277535,135.418601407217));
#2279=CARTESIAN_POINT('',(61.9741263990153,51.1987127277535,135.418601407217));
#2280=CARTESIAN_POINT('',(61.2241263990153,50.4487127277535,135.418601407217));
#2281=CARTESIAN_POINT('Origin',(61.2241263990153,43.1987127277535,130.868601407217));
#2282=CARTESIAN_POINT('',(61.2241263990153,43.9655512202915,134.868601407217));
#2283=CARTESIAN_POINT('',(61.2241263990153,45.5821319740224,132.068601407217));
#2284=CARTESIAN_POINT('',(61.2241263990153,44.7357218125087,133.534626811001));
#2285=CARTESIAN_POINT('',(61.2241263990153,48.8152934814843,132.068601407217));
#2286=CARTESIAN_POINT('',(61.2241263990153,44.390422350888,132.068601407217));
#2287=CARTESIAN_POINT('',(61.2241263990153,50.4318742352153,134.868601407217));
#2288=CARTESIAN_POINT('',(61.2241263990153,47.8534132661326,130.402576003432));
#2289=CARTESIAN_POINT('',(61.2241263990153,48.8152934814843,137.668601407217));
#2290=CARTESIAN_POINT('',(61.2241263990153,50.393754450567,134.934626811001));
#2291=CARTESIAN_POINT('',(61.2241263990153,45.5821319740224,137.668601407217));
#2292=CARTESIAN_POINT('',(61.2241263990153,46.0070031046189,137.668601407217));
#2293=CARTESIAN_POINT('',(61.2241263990153,43.8119613818053,134.602576003432));
#2294=CARTESIAN_POINT('Origin',(68.4741263990153,50.4487127277535,139.165885619283));
#2295=CARTESIAN_POINT('',(68.4741263990153,51.1987127277534,139.165885619283));
#2296=CARTESIAN_POINT('',(69.2241263990153,50.4487127277535,139.165885619283));
#2297=CARTESIAN_POINT('Origin',(68.4741263990153,43.1987127277535,131.618601407217));
#2298=CARTESIAN_POINT('',(68.4741263990153,43.1987127277535,130.868601407217));
#2299=CARTESIAN_POINT('',(69.2241263990153,43.1987127277535,131.618601407217));
#2300=CARTESIAN_POINT('Origin',(69.2241263990153,43.1987127277535,138.363169831349));
#2301=CARTESIAN_POINT('Origin',(64.7241263990153,47.1987127277534,134.868601407217));
#2302=CARTESIAN_POINT('',(64.7241263990153,51.1987127277535,134.868601407217));
#2303=CARTESIAN_POINT('',(64.7241263990153,47.1987127277535,130.868601407217));
#2304=CARTESIAN_POINT('Origin',(65.2241263990153,51.1987127277534,139.968601407217));
#2305=CARTESIAN_POINT('Origin',(67.2241263990153,47.1987127277535,134.868601407217));
#2306=CARTESIAN_POINT('',(67.2241263990153,47.1987127277535,130.868601407217));
#2307=CARTESIAN_POINT('',(67.2241263990153,51.1987127277535,134.868601407217));
#2308=CARTESIAN_POINT('Origin',(65.2241263990153,51.1987127277534,139.968601407217));
#2309=CARTESIAN_POINT('Origin',(70.2241263990154,51.1987127277535,145.068601407217));
#2310=CARTESIAN_POINT('Origin',(60.2241263990154,51.1987127277535,145.068601407217));
#2311=CARTESIAN_POINT('Origin',(61.2241263990153,43.9655512202915,134.868601407217));
#2312=CARTESIAN_POINT('',(61.2241263990153,43.9655512202915,134.868601407217));
#2313=CARTESIAN_POINT('',(61.2241263990153,45.5821319740224,132.068601407217));
#2314=CARTESIAN_POINT('Origin',(61.2241263990153,45.5821319740224,137.668601407217));
#2315=CARTESIAN_POINT('',(61.2241263990153,45.5821319740224,137.668601407217));
#2316=CARTESIAN_POINT('Origin',(61.2241263990153,48.8152934814843,137.668601407217));
#2317=CARTESIAN_POINT('',(61.2241263990153,48.8152934814843,137.668601407217));
#2318=CARTESIAN_POINT('Origin',(61.2241263990153,50.4318742352153,134.868601407217));
#2319=CARTESIAN_POINT('',(61.2241263990153,50.4318742352153,134.868601407217));
#2320=CARTESIAN_POINT('Origin',(61.2241263990153,48.8152934814843,132.068601407217));
#2321=CARTESIAN_POINT('',(61.2241263990153,48.8152934814843,132.068601407217));
#2322=CARTESIAN_POINT('Origin',(61.2241263990153,45.5821319740224,132.068601407217));
#2323=CARTESIAN_POINT('Origin',(64.2241263990153,47.1987127277535,134.868601407217));
#2324=CARTESIAN_POINT('Origin',(69.2241263990153,43.1987127277535,130.868601407217));
#2325=CARTESIAN_POINT('Origin',(64.2241263990153,43.1987127277535,130.868601407217));
#2326=UNCERTAINTY_MEASURE_WITH_UNIT(LENGTH_MEASURE(0.01),#2330,
'DISTANCE_ACCURACY_VALUE',
'Maximum model space distance between geometric entities at asserted c
onnectivities');
#2327=UNCERTAINTY_MEASURE_WITH_UNIT(LENGTH_MEASURE(0.01),#2330,
'DISTANCE_ACCURACY_VALUE',
'Maximum model space distance between geometric entities at asserted c
onnectivities');
#2328=(
GEOMETRIC_REPRESENTATION_CONTEXT(3)
GLOBAL_UNCERTAINTY_ASSIGNED_CONTEXT((#2326))
GLOBAL_UNIT_ASSIGNED_CONTEXT((#2330,#2332,#2333))
REPRESENTATION_CONTEXT('','3D')
);
#2329=(
GEOMETRIC_REPRESENTATION_CONTEXT(3)
GLOBAL_UNCERTAINTY_ASSIGNED_CONTEXT((#2327))
GLOBAL_UNIT_ASSIGNED_CONTEXT((#2330,#2332,#2333))
REPRESENTATION_CONTEXT('','3D')
);
#2330=(
LENGTH_UNIT()
NAMED_UNIT(*)
SI_UNIT(.MILLI.,.METRE.)
);
#2331=(
LENGTH_UNIT()
NAMED_UNIT(*)
SI_UNIT($,.METRE.)
);
#2332=(
NAMED_UNIT(*)
PLANE_ANGLE_UNIT()
SI_UNIT($,.RADIAN.)
);
#2333=(
NAMED_UNIT(*)
SI_UNIT($,.STERADIAN.)
SOLID_ANGLE_UNIT()
);
#2334=SHAPE_DEFINITION_REPRESENTATION(#2335,#2336);
#2335=PRODUCT_DEFINITION_SHAPE('',$,#2338);
#2336=SHAPE_REPRESENTATION('',(#1225),#2328);
#2337=PRODUCT_DEFINITION_CONTEXT('part definition',#2342,'design');
#2338=PRODUCT_DEFINITION('Bobbin Mount','Bobbin Mount v2',#2339,#2337);
#2339=PRODUCT_DEFINITION_FORMATION('',$,#2344);
#2340=PRODUCT_RELATED_PRODUCT_CATEGORY('Bobbin Mount v2',
'Bobbin Mount v2',(#2344));
#2341=APPLICATION_PROTOCOL_DEFINITION('international standard',
'automotive_design',2009,#2342);
#2342=APPLICATION_CONTEXT(
'Core Data for Automotive Mechanical Design Process');
#2343=PRODUCT_CONTEXT('part definition',#2342,'mechanical');
#2344=PRODUCT('Bobbin Mount','Bobbin Mount v2',$,(#2343));
#2345=PRESENTATION_STYLE_ASSIGNMENT((#2347));
#2346=PRESENTATION_STYLE_ASSIGNMENT((#2348));
#2347=SURFACE_STYLE_USAGE(.BOTH.,#2349);
#2348=SURFACE_STYLE_USAGE(.BOTH.,#2350);
#2349=SURFACE_SIDE_STYLE('',(#2351));
#2350=SURFACE_SIDE_STYLE('',(#2352));
#2351=SURFACE_STYLE_FILL_AREA(#2353);
#2352=SURFACE_STYLE_FILL_AREA(#2354);
#2353=FILL_AREA_STYLE('Steel - Satin',(#2355));
#2354=FILL_AREA_STYLE('ABS (Red)',(#2356));
#2355=FILL_AREA_STYLE_COLOUR('Steel - Satin',#2357);
#2356=FILL_AREA_STYLE_COLOUR('ABS (Red)',#2358);
#2357=COLOUR_RGB('Steel - Satin',0.627450980392157,0.627450980392157,0.627450980392157);
#2358=COLOUR_RGB('ABS (Red)',1.,0.,0.);
ENDSEC;
END-ISO-10303-21;
