ISO-10303-21;
HEADER;
/* Generated by software containing ST-Developer
 * from STEP Tools, Inc. (www.steptools.com) 
 */

FILE_DESCRIPTION(
/* description */ (''),
/* implementation_level */ '2;1');

FILE_NAME(
/* name */ 'Enclosure V2.step',
/* time_stamp */ '2026-08-01T11:36:03-07:00',
/* author */ (''),
/* organization */ (''),
/* preprocessor_version */ 'ST-DEVELOPER v20.1',
/* originating_system */ 'Autodesk Translation Framework v15.8.0.0',
/* authorisation */ '');

FILE_SCHEMA (('AUTOMOTIVE_DESIGN { 1 0 10303 214 3 1 1 }'));
ENDSEC;

DATA;
#10=MECHANICAL_DESIGN_GEOMETRIC_PRESENTATION_REPRESENTATION('',(#16,#17,
#18,#19,#20),#9341);
#11=SHAPE_REPRESENTATION_RELATIONSHIP('SRR','None',#9348,#12);
#12=ADVANCED_BREP_SHAPE_REPRESENTATION('',(#21,#22,#23,#24,#25),#9340);
#13=(
BOUNDED_SURFACE()
B_SPLINE_SURFACE(2,2,((#9203,#9204,#9205,#9206,#9207,#9208,#9209,#9210,
#9211),(#9212,#9213,#9214,#9215,#9216,#9217,#9218,#9219,#9220),(#9221,#9222,
#9223,#9224,#9225,#9226,#9227,#9228,#9229)),.UNSPECIFIED.,.F.,.T.,.F.)
B_SPLINE_SURFACE_WITH_KNOTS((3,3),(3,2,2,2,3),(0.,1.5707963267949),(-3.14159265358979,
-1.5707963267949,0.,1.5707963267949,3.14159265358979),.UNSPECIFIED.)
GEOMETRIC_REPRESENTATION_ITEM()
RATIONAL_B_SPLINE_SURFACE(((1.,0.707106781186548,1.,0.707106781186548,1.,
0.707106781186548,1.,0.707106781186548,1.),(0.707106781186541,0.499999999999996,
0.707106781186541,0.499999999999996,0.707106781186541,0.499999999999996,
0.707106781186541,0.499999999999996,0.707106781186541),(1.,0.707106781186548,
1.,0.707106781186548,1.,0.707106781186548,1.,0.707106781186548,1.)))
REPRESENTATION_ITEM('')
SURFACE()
);
#14=(
BOUNDED_SURFACE()
B_SPLINE_SURFACE(2,2,((#9248,#9249,#9250,#9251,#9252,#9253,#9254,#9255,
#9256),(#9257,#9258,#9259,#9260,#9261,#9262,#9263,#9264,#9265),(#9266,#9267,
#9268,#9269,#9270,#9271,#9272,#9273,#9274)),.UNSPECIFIED.,.F.,.T.,.F.)
B_SPLINE_SURFACE_WITH_KNOTS((3,3),(3,2,2,2,3),(0.,1.5707963267949),(-3.14159265358979,
-1.5707963267949,0.,1.5707963267949,3.14159265358979),.UNSPECIFIED.)
GEOMETRIC_REPRESENTATION_ITEM()
RATIONAL_B_SPLINE_SURFACE(((1.,0.707106781186548,1.,0.707106781186548,1.,
0.707106781186548,1.,0.707106781186548,1.),(0.707106781186547,0.5,0.707106781186547,
0.5,0.707106781186547,0.5,0.707106781186547,0.5,0.707106781186547),(1.,
0.707106781186548,1.,0.707106781186548,1.,0.707106781186548,1.,0.707106781186548,
1.)))
REPRESENTATION_ITEM('')
SURFACE()
);
#15=(
BOUNDED_SURFACE()
B_SPLINE_SURFACE(2,2,((#9293,#9294,#9295,#9296,#9297,#9298,#9299,#9300,
#9301),(#9302,#9303,#9304,#9305,#9306,#9307,#9308,#9309,#9310),(#9311,#9312,
#9313,#9314,#9315,#9316,#9317,#9318,#9319)),.UNSPECIFIED.,.F.,.T.,.F.)
B_SPLINE_SURFACE_WITH_KNOTS((3,3),(3,2,2,2,3),(0.,1.5707963267949),(-3.14159265358979,
-1.5707963267949,0.,1.5707963267949,3.14159265358979),.UNSPECIFIED.)
GEOMETRIC_REPRESENTATION_ITEM()
RATIONAL_B_SPLINE_SURFACE(((1.,0.707106781186548,1.,0.707106781186548,1.,
0.707106781186548,1.,0.707106781186548,1.),(0.707106781186548,0.5,0.707106781186548,
0.5,0.707106781186548,0.5,0.707106781186548,0.5,0.707106781186548),(1.,
0.707106781186548,1.,0.707106781186548,1.,0.707106781186548,1.,0.707106781186548,
1.)))
REPRESENTATION_ITEM('')
SURFACE()
);
#16=STYLED_ITEM('',(#9357),#21);
#17=STYLED_ITEM('',(#9357),#22);
#18=STYLED_ITEM('',(#9357),#23);
#19=STYLED_ITEM('',(#9357),#24);
#20=STYLED_ITEM('',(#9357),#25);
#21=MANIFOLD_SOLID_BREP('Top',#4801);
#22=MANIFOLD_SOLID_BREP('Bottom',#4802);
#23=MANIFOLD_SOLID_BREP('Reset Btn',#4803);
#24=MANIFOLD_SOLID_BREP('Home Btn',#4804);
#25=MANIFOLD_SOLID_BREP('Start Btn',#4805);
#26=B_SPLINE_SURFACE_WITH_KNOTS('',3,3,((#7298,#7299,#7300,#7301,#7302,
#7303,#7304,#7305,#7306),(#7307,#7308,#7309,#7310,#7311,#7312,#7313,#7314,
#7315),(#7316,#7317,#7318,#7319,#7320,#7321,#7322,#7323,#7324),(#7325,#7326,
#7327,#7328,#7329,#7330,#7331,#7332,#7333),(#7334,#7335,#7336,#7337,#7338,
#7339,#7340,#7341,#7342)),.UNSPECIFIED.,.F.,.F.,.F.,(4,1,4),(4,1,1,1,1,
1,4),(0.,0.571428571428571,1.),(0.193472570687622,0.235635656607946,0.27779874252827,
0.362124914368918,0.530777258050215,0.657266515811188,0.78375577357216),
 .UNSPECIFIED.);
#27=B_SPLINE_SURFACE_WITH_KNOTS('',3,3,((#7478,#7479,#7480,#7481,#7482,
#7483,#7484,#7485,#7486,#7487),(#7488,#7489,#7490,#7491,#7492,#7493,#7494,
#7495,#7496,#7497),(#7498,#7499,#7500,#7501,#7502,#7503,#7504,#7505,#7506,
#7507),(#7508,#7509,#7510,#7511,#7512,#7513,#7514,#7515,#7516,#7517),(#7518,
#7519,#7520,#7521,#7522,#7523,#7524,#7525,#7526,#7527)),.UNSPECIFIED.,.F.,
 .F.,.F.,(4,1,4),(4,1,1,1,1,1,1,4),(0.,0.5,1.),(-1.52262801645568,-1.08742618745373,
-0.652224358451776,-0.217022529449822,0.218179299552133,0.653381128554087,
1.08858295755604,1.523784786558),.UNSPECIFIED.);
#28=B_SPLINE_SURFACE_WITH_KNOTS('',3,3,((#7768,#7769,#7770,#7771,#7772,
#7773,#7774,#7775,#7776),(#7777,#7778,#7779,#7780,#7781,#7782,#7783,#7784,
#7785),(#7786,#7787,#7788,#7789,#7790,#7791,#7792,#7793,#7794),(#7795,#7796,
#7797,#7798,#7799,#7800,#7801,#7802,#7803),(#7804,#7805,#7806,#7807,#7808,
#7809,#7810,#7811,#7812),(#7813,#7814,#7815,#7816,#7817,#7818,#7819,#7820,
#7821)),.UNSPECIFIED.,.F.,.F.,.F.,(4,1,1,4),(4,1,1,1,1,1,4),(0.,0.285714285714286,
0.571428571428571,1.),(0.371884014325,0.46290407075119,0.55392412717738,
0.64494418360357,0.82698429645595,0.91800435288214,1.00902440930833),
 .UNSPECIFIED.);
#29=B_SPLINE_SURFACE_WITH_KNOTS('',3,3,((#8093,#8094,#8095,#8096,#8097,
#8098,#8099),(#8100,#8101,#8102,#8103,#8104,#8105,#8106),(#8107,#8108,#8109,
#8110,#8111,#8112,#8113),(#8114,#8115,#8116,#8117,#8118,#8119,#8120),(#8121,
#8122,#8123,#8124,#8125,#8126,#8127)),.UNSPECIFIED.,.F.,.F.,.F.,(4,1,4),
(4,1,1,1,4),(0.,0.5,1.),(-2.27409998873929,-2.05650052351473,-1.62130159306561,
-1.18610266261649,-0.750903732167375),.UNSPECIFIED.);
#30=B_SPLINE_SURFACE_WITH_KNOTS('',3,3,((#8129,#8130,#8131,#8132,#8133,
#8134,#8135),(#8136,#8137,#8138,#8139,#8140,#8141,#8142),(#8143,#8144,#8145,
#8146,#8147,#8148,#8149),(#8150,#8151,#8152,#8153,#8154,#8155,#8156),(#8157,
#8158,#8159,#8160,#8161,#8162,#8163)),.UNSPECIFIED.,.F.,.F.,.F.,(4,1,4),
(4,1,1,1,4),(0.,0.5,1.),(-0.157188327243221,0.278012311402888,0.713212950048998,
1.14841358869511,1.36601390801816),.UNSPECIFIED.);
#31=B_SPLINE_SURFACE_WITH_KNOTS('',3,3,((#8170,#8171,#8172,#8173,#8174,
#8175,#8176,#8177,#8178,#8179,#8180,#8181),(#8182,#8183,#8184,#8185,#8186,
#8187,#8188,#8189,#8190,#8191,#8192,#8193),(#8194,#8195,#8196,#8197,#8198,
#8199,#8200,#8201,#8202,#8203,#8204,#8205),(#8206,#8207,#8208,#8209,#8210,
#8211,#8212,#8213,#8214,#8215,#8216,#8217),(#8218,#8219,#8220,#8221,#8222,
#8223,#8224,#8225,#8226,#8227,#8228,#8229)),.UNSPECIFIED.,.F.,.T.,.F.,(4,
1,4),(4,1,1,1,1,1,1,1,1,4),(0.,0.5,1.),(-0.990394685452391,-0.848909730387763,
-0.707424775323136,-0.565939820258509,-0.424454865193882,-0.141484955064627,
0.141484955064627,0.424454865193882,0.707424775323136,0.990394685452391),
 .UNSPECIFIED.);
#32=B_SPLINE_SURFACE_WITH_KNOTS('',3,3,((#9001,#9002,#9003,#9004),(#9005,
#9006,#9007,#9008),(#9009,#9010,#9011,#9012),(#9013,#9014,#9015,#9016),
(#9017,#9018,#9019,#9020)),.UNSPECIFIED.,.F.,.F.,.F.,(4,1,4),(4,4),(0.,
0.571428571428571,1.),(-0.180492209633434,-0.0263714516811995),
 .UNSPECIFIED.);
#33=TOROIDAL_SURFACE('',#4929,3.00000000000001,1.5);
#34=TOROIDAL_SURFACE('',#4940,5.09999999999999,1.5);
#35=TOROIDAL_SURFACE('',#4965,3.,1.5);
#36=TOROIDAL_SURFACE('',#4970,3.,1.5);
#37=TOROIDAL_SURFACE('',#4977,6.,1.5);
#38=TOROIDAL_SURFACE('',#4979,4.06199999996975,1.5);
#39=TOROIDAL_SURFACE('',#4992,5.1,1.5);
#40=TOROIDAL_SURFACE('',#4997,5.1,1.5);
#41=TOROIDAL_SURFACE('',#5008,5.1,1.5);
#42=TOROIDAL_SURFACE('',#5020,3.,1.5);
#43=TOROIDAL_SURFACE('',#5035,3.,1.5);
#44=TOROIDAL_SURFACE('',#5044,5.1,1.5);
#45=TOROIDAL_SURFACE('',#5063,3.00000000000001,1.5);
#46=TOROIDAL_SURFACE('',#5069,3.,1.5);
#47=TOROIDAL_SURFACE('',#5072,3.00000000000001,1.5);
#48=TOROIDAL_SURFACE('',#5078,5.09999999999999,1.5);
#49=TOROIDAL_SURFACE('',#5084,5.1,1.5);
#50=TOROIDAL_SURFACE('',#5287,5.09999999999999,1.5);
#51=TOROIDAL_SURFACE('',#5290,5.1,1.5);
#52=TOROIDAL_SURFACE('',#5297,5.09999999999999,1.5);
#53=TOROIDAL_SURFACE('',#5300,3.00000000000001,1.5);
#54=TOROIDAL_SURFACE('',#5304,3.,1.50000000000001);
#55=TOROIDAL_SURFACE('',#5310,3.,1.5);
#56=TOROIDAL_SURFACE('',#5316,3.,1.5);
#57=SPHERICAL_SURFACE('',#4925,1.5);
#58=SPHERICAL_SURFACE('',#4959,1.5);
#59=SPHERICAL_SURFACE('',#4962,1.5);
#60=SPHERICAL_SURFACE('',#4984,1.5);
#61=SPHERICAL_SURFACE('',#4988,1.5);
#62=SPHERICAL_SURFACE('',#5004,1.5);
#63=SPHERICAL_SURFACE('',#5027,1.5);
#64=SPHERICAL_SURFACE('',#5031,1.5);
#65=SPHERICAL_SURFACE('',#5051,1.50000000000001);
#66=SPHERICAL_SURFACE('',#5055,1.5);
#67=SPHERICAL_SURFACE('',#5059,1.5);
#68=SPHERICAL_SURFACE('',#5268,1.5);
#69=SPHERICAL_SURFACE('',#5277,1.49999999999999);
#70=SPHERICAL_SURFACE('',#5282,1.5);
#71=SPHERICAL_SURFACE('',#5293,1.5);
#72=ELLIPSE('',#4924,2.12132034355964,1.5);
#73=FACE_BOUND('',#857,.T.);
#74=FACE_BOUND('',#858,.T.);
#75=FACE_BOUND('',#859,.T.);
#76=FACE_BOUND('',#860,.T.);
#77=FACE_BOUND('',#871,.T.);
#78=FACE_BOUND('',#873,.T.);
#79=FACE_BOUND('',#874,.T.);
#80=FACE_BOUND('',#875,.T.);
#81=FACE_BOUND('',#876,.T.);
#82=FACE_BOUND('',#888,.T.);
#83=FACE_BOUND('',#908,.T.);
#84=FACE_BOUND('',#951,.T.);
#85=FACE_BOUND('',#954,.T.);
#86=FACE_BOUND('',#957,.T.);
#87=FACE_BOUND('',#961,.T.);
#88=FACE_BOUND('',#988,.T.);
#89=FACE_BOUND('',#989,.T.);
#90=FACE_BOUND('',#990,.T.);
#91=FACE_BOUND('',#991,.T.);
#92=FACE_BOUND('',#992,.T.);
#93=FACE_BOUND('',#993,.T.);
#94=FACE_BOUND('',#994,.T.);
#95=FACE_BOUND('',#995,.T.);
#96=FACE_BOUND('',#996,.T.);
#97=FACE_BOUND('',#997,.T.);
#98=FACE_BOUND('',#998,.T.);
#99=FACE_BOUND('',#1017,.T.);
#100=FACE_BOUND('',#1018,.T.);
#101=FACE_BOUND('',#1019,.T.);
#102=FACE_BOUND('',#1020,.T.);
#103=FACE_BOUND('',#1021,.T.);
#104=FACE_BOUND('',#1024,.T.);
#105=FACE_BOUND('',#1030,.T.);
#106=FACE_BOUND('',#1046,.T.);
#107=FACE_BOUND('',#1047,.T.);
#108=FACE_BOUND('',#1116,.T.);
#109=FACE_BOUND('',#1123,.T.);
#110=FACE_BOUND('',#1130,.T.);
#111=CONICAL_SURFACE('',#4831,1.25,0.78539816339745);
#112=CONICAL_SURFACE('',#4834,3.25,0.785398163397447);
#113=CONICAL_SURFACE('',#4838,3.25,0.785398163397448);
#114=CONICAL_SURFACE('',#4842,1.25,0.785398163397447);
#115=CONICAL_SURFACE('',#4846,1.75,0.785398163397447);
#116=CONICAL_SURFACE('',#4850,1.75,0.785398163397447);
#117=CONICAL_SURFACE('',#4854,1.25,0.785398163397447);
#118=CONICAL_SURFACE('',#4858,3.25,0.785398163397446);
#119=CONICAL_SURFACE('',#4862,1.25,0.785398163397449);
#120=CONICAL_SURFACE('',#4878,1.25,0.785398163397447);
#121=CONICAL_SURFACE('',#4882,3.25,0.78539816339745);
#122=CONICAL_SURFACE('',#4886,1.25,0.785398163397447);
#123=CONICAL_SURFACE('',#5162,3.25,0.785398163397447);
#124=CONICAL_SURFACE('',#5166,3.25,0.78539816339745);
#125=CONICAL_SURFACE('',#5170,3.25,0.785398163397446);
#126=CONICAL_SURFACE('',#5174,3.25,0.785398163397448);
#127=CIRCLE('',#4821,3.6);
#128=CIRCLE('',#4822,3.6);
#129=CIRCLE('',#4824,3.6);
#130=CIRCLE('',#4825,3.6);
#131=CIRCLE('',#4827,0.900000000000003);
#132=CIRCLE('',#4828,0.900000000000003);
#133=CIRCLE('',#4832,1.5);
#134=CIRCLE('',#4833,0.999999999999999);
#135=CIRCLE('',#4835,3.5);
#136=CIRCLE('',#4836,3.);
#137=CIRCLE('',#4839,3.5);
#138=CIRCLE('',#4840,3.);
#139=CIRCLE('',#4843,1.5);
#140=CIRCLE('',#4844,1.);
#141=CIRCLE('',#4847,1.5);
#142=CIRCLE('',#4848,2.);
#143=CIRCLE('',#4851,1.5);
#144=CIRCLE('',#4852,2.);
#145=CIRCLE('',#4855,1.5);
#146=CIRCLE('',#4856,1.);
#147=CIRCLE('',#4859,3.5);
#148=CIRCLE('',#4860,3.);
#149=CIRCLE('',#4863,1.5);
#150=CIRCLE('',#4864,1.);
#151=CIRCLE('',#4867,3.);
#152=CIRCLE('',#4869,1.5);
#153=CIRCLE('',#4872,3.5);
#154=CIRCLE('',#4875,1.5);
#155=CIRCLE('',#4879,1.5);
#156=CIRCLE('',#4880,1.);
#157=CIRCLE('',#4883,3.5);
#158=CIRCLE('',#4884,3.);
#159=CIRCLE('',#4887,1.5);
#160=CIRCLE('',#4888,1.);
#161=CIRCLE('',#4891,3.);
#162=CIRCLE('',#4893,1.5);
#163=CIRCLE('',#4896,3.5);
#164=CIRCLE('',#4899,1.5);
#165=CIRCLE('',#4901,3.00000000000001);
#166=CIRCLE('',#4903,1.5);
#167=CIRCLE('',#4905,3.6);
#168=CIRCLE('',#4906,1.5);
#169=CIRCLE('',#4907,1.5);
#170=CIRCLE('',#4908,3.6);
#171=CIRCLE('',#4909,1.5);
#172=CIRCLE('',#4910,1.5);
#173=CIRCLE('',#4911,3.59999999999999);
#174=CIRCLE('',#4912,1.5);
#175=CIRCLE('',#4913,1.5);
#176=CIRCLE('',#4914,1.5);
#177=CIRCLE('',#4915,3.5);
#178=CIRCLE('',#4916,3.5);
#179=CIRCLE('',#4917,1.5);
#180=CIRCLE('',#4918,1.5);
#181=CIRCLE('',#4919,1.5);
#182=CIRCLE('',#4920,1.5);
#183=CIRCLE('',#4921,1.5);
#184=CIRCLE('',#4922,1.5);
#185=CIRCLE('',#4926,1.5);
#186=CIRCLE('',#4927,1.5);
#187=CIRCLE('',#4928,1.5);
#188=CIRCLE('',#4930,1.5);
#189=CIRCLE('',#4931,1.5);
#190=CIRCLE('',#4932,1.5);
#191=CIRCLE('',#4934,1.5);
#192=CIRCLE('',#4936,1.5);
#193=CIRCLE('',#4939,1.5);
#194=CIRCLE('',#4941,1.49999999999999);
#195=CIRCLE('',#4942,5.1);
#196=CIRCLE('',#4943,3.59999999999999);
#197=CIRCLE('',#4945,3.59999999999999);
#198=CIRCLE('',#4946,1.5);
#199=CIRCLE('',#4948,3.00000000000001);
#200=CIRCLE('',#4949,3.);
#201=CIRCLE('',#4950,5.09999999999998);
#202=CIRCLE('',#4951,5.1);
#203=CIRCLE('',#4952,5.1);
#204=CIRCLE('',#4953,6.);
#205=CIRCLE('',#4954,4.06199999996975);
#206=CIRCLE('',#4956,1.5);
#207=CIRCLE('',#4957,1.5);
#208=CIRCLE('',#4958,1.5);
#209=CIRCLE('',#4960,1.5);
#210=CIRCLE('',#4961,1.5);
#211=CIRCLE('',#4963,1.5);
#212=CIRCLE('',#4964,1.5);
#213=CIRCLE('',#4966,3.);
#214=CIRCLE('',#4967,1.5);
#215=CIRCLE('',#4968,3.);
#216=CIRCLE('',#4969,1.5);
#217=CIRCLE('',#4971,3.);
#218=CIRCLE('',#4972,1.5);
#219=CIRCLE('',#4973,3.);
#220=CIRCLE('',#4974,1.5);
#221=CIRCLE('',#4976,3.);
#222=CIRCLE('',#4978,1.5);
#223=CIRCLE('',#4980,2.56199999996975);
#224=CIRCLE('',#4981,1.5);
#225=CIRCLE('',#4983,2.56199999996975);
#226=CIRCLE('',#4985,1.5);
#227=CIRCLE('',#4986,1.5);
#228=CIRCLE('',#4987,1.5);
#229=CIRCLE('',#4989,1.5);
#230=CIRCLE('',#4990,1.5);
#231=CIRCLE('',#4991,1.5);
#232=CIRCLE('',#4993,5.1);
#233=CIRCLE('',#4998,5.1);
#234=CIRCLE('',#4999,3.6);
#235=CIRCLE('',#5001,3.6);
#236=CIRCLE('',#5005,1.5);
#237=CIRCLE('',#5006,1.5);
#238=CIRCLE('',#5007,1.5);
#239=CIRCLE('',#5011,1.5);
#240=CIRCLE('',#5014,1.5);
#241=CIRCLE('',#5015,1.5);
#242=CIRCLE('',#5016,3.6);
#243=CIRCLE('',#5017,1.5);
#244=CIRCLE('',#5018,1.5);
#245=CIRCLE('',#5019,1.5);
#246=CIRCLE('',#5021,1.5);
#247=CIRCLE('',#5022,1.5);
#248=CIRCLE('',#5023,1.5);
#249=CIRCLE('',#5026,1.5);
#250=CIRCLE('',#5028,1.5);
#251=CIRCLE('',#5029,1.5);
#252=CIRCLE('',#5030,1.5);
#253=CIRCLE('',#5032,1.5);
#254=CIRCLE('',#5033,1.5);
#255=CIRCLE('',#5034,1.50000000000001);
#256=CIRCLE('',#5036,1.5);
#257=CIRCLE('',#5037,1.5);
#258=CIRCLE('',#5038,1.5);
#259=CIRCLE('',#5040,1.5);
#260=CIRCLE('',#5045,3.6);
#261=CIRCLE('',#5052,1.5);
#262=CIRCLE('',#5053,1.50000000000001);
#263=CIRCLE('',#5054,1.5);
#264=CIRCLE('',#5056,1.5);
#265=CIRCLE('',#5057,1.5);
#266=CIRCLE('',#5058,1.49999999999999);
#267=CIRCLE('',#5060,1.5);
#268=CIRCLE('',#5061,1.5);
#269=CIRCLE('',#5062,1.5);
#270=CIRCLE('',#5064,1.5);
#271=CIRCLE('',#5065,1.5);
#272=CIRCLE('',#5066,1.5);
#273=CIRCLE('',#5067,3.);
#274=CIRCLE('',#5070,1.5);
#275=CIRCLE('',#5071,1.5);
#276=CIRCLE('',#5073,1.5);
#277=CIRCLE('',#5079,3.59999999999999);
#278=CIRCLE('',#5080,5.09999999999998);
#279=CIRCLE('',#5085,5.1);
#280=CIRCLE('',#5094,3.59999999999999);
#281=CIRCLE('',#5096,3.);
#282=CIRCLE('',#5098,2.);
#283=CIRCLE('',#5100,3.);
#284=CIRCLE('',#5102,2.);
#285=CIRCLE('',#5104,3.);
#286=CIRCLE('',#5106,2.);
#287=CIRCLE('',#5110,1.5);
#288=CIRCLE('',#5120,1.5);
#289=CIRCLE('',#5126,1.5);
#290=CIRCLE('',#5128,2.);
#291=CIRCLE('',#5130,1.5);
#292=CIRCLE('',#5132,1.5);
#293=CIRCLE('',#5134,1.5);
#294=CIRCLE('',#5136,2.);
#295=CIRCLE('',#5138,1.5);
#296=CIRCLE('',#5140,2.);
#297=CIRCLE('',#5147,1.5);
#298=CIRCLE('',#5149,1.5);
#299=CIRCLE('',#5151,1.5);
#300=CIRCLE('',#5152,1.5);
#301=CIRCLE('',#5153,5.1);
#302=CIRCLE('',#5154,5.09999999999999);
#303=CIRCLE('',#5155,3.);
#304=CIRCLE('',#5156,5.09999999999999);
#305=CIRCLE('',#5158,1.05);
#306=CIRCLE('',#5159,1.05);
#307=CIRCLE('',#5163,3.5);
#308=CIRCLE('',#5164,3.);
#309=CIRCLE('',#5167,3.5);
#310=CIRCLE('',#5168,3.);
#311=CIRCLE('',#5171,3.5);
#312=CIRCLE('',#5172,3.);
#313=CIRCLE('',#5175,3.5);
#314=CIRCLE('',#5176,3.);
#315=CIRCLE('',#5178,3.5);
#316=CIRCLE('',#5181,3.5);
#317=CIRCLE('',#5182,3.5);
#318=CIRCLE('',#5185,2.);
#319=CIRCLE('',#5186,2.);
#320=CIRCLE('',#5187,2.);
#321=CIRCLE('',#5188,2.);
#322=CIRCLE('',#5189,2.);
#323=CIRCLE('',#5191,1.5);
#324=CIRCLE('',#5192,1.5);
#325=CIRCLE('',#5194,1.5);
#326=CIRCLE('',#5195,3.5);
#327=CIRCLE('',#5196,1.5);
#328=CIRCLE('',#5197,1.5);
#329=CIRCLE('',#5198,1.5);
#330=CIRCLE('',#5199,3.6);
#331=CIRCLE('',#5200,1.5);
#332=CIRCLE('',#5203,1.5);
#333=CIRCLE('',#5205,1.5);
#334=CIRCLE('',#5206,1.5);
#335=CIRCLE('',#5209,1.5);
#336=CIRCLE('',#5210,3.59999999999999);
#337=CIRCLE('',#5211,1.5);
#338=CIRCLE('',#5212,1.5);
#339=CIRCLE('',#5213,1.5);
#340=CIRCLE('',#5214,3.5);
#341=CIRCLE('',#5215,1.5);
#342=CIRCLE('',#5216,2.);
#343=CIRCLE('',#5218,1.5);
#344=CIRCLE('',#5221,1.5);
#345=CIRCLE('',#5222,1.5);
#346=CIRCLE('',#5225,1.5);
#347=CIRCLE('',#5226,1.5);
#348=CIRCLE('',#5227,2.);
#349=CIRCLE('',#5228,2.);
#350=CIRCLE('',#5229,1.5);
#351=CIRCLE('',#5231,1.5);
#352=CIRCLE('',#5234,1.5);
#353=CIRCLE('',#5237,1.5);
#354=CIRCLE('',#5240,1.5);
#355=CIRCLE('',#5243,1.5);
#356=CIRCLE('',#5244,1.5);
#357=CIRCLE('',#5246,1.5);
#358=CIRCLE('',#5247,3.6);
#359=CIRCLE('',#5248,1.5);
#360=CIRCLE('',#5249,3.59999999999999);
#361=CIRCLE('',#5250,1.5);
#362=CIRCLE('',#5251,1.5);
#363=CIRCLE('',#5252,3.6);
#364=CIRCLE('',#5253,1.5);
#365=CIRCLE('',#5254,1.5);
#366=CIRCLE('',#5255,1.5);
#367=CIRCLE('',#5256,2.);
#368=CIRCLE('',#5257,2.);
#369=CIRCLE('',#5258,2.);
#370=CIRCLE('',#5259,2.);
#371=CIRCLE('',#5261,1.5);
#372=CIRCLE('',#5267,1.5);
#373=CIRCLE('',#5269,1.5);
#374=CIRCLE('',#5270,1.5);
#375=CIRCLE('',#5272,1.5);
#376=CIRCLE('',#5273,1.49999999999999);
#377=CIRCLE('',#5274,1.5);
#378=CIRCLE('',#5278,1.5);
#379=CIRCLE('',#5279,1.49999999999999);
#380=CIRCLE('',#5280,1.5);
#381=CIRCLE('',#5283,1.5);
#382=CIRCLE('',#5284,1.5);
#383=CIRCLE('',#5285,1.5);
#384=CIRCLE('',#5288,3.59999999999999);
#385=CIRCLE('',#5291,3.6);
#386=CIRCLE('',#5294,1.5);
#387=CIRCLE('',#5295,1.5);
#388=CIRCLE('',#5298,3.59999999999999);
#389=CIRCLE('',#5301,1.5);
#390=CIRCLE('',#5302,3.);
#391=CIRCLE('',#5303,1.5);
#392=CIRCLE('',#5305,3.);
#393=CIRCLE('',#5306,1.5);
#394=CIRCLE('',#5307,1.5);
#395=CIRCLE('',#5308,1.50000000000001);
#396=CIRCLE('',#5311,1.5);
#397=CIRCLE('',#5312,1.5);
#398=CIRCLE('',#5313,1.5);
#399=CIRCLE('',#5315,1.5);
#400=CIRCLE('',#5317,1.5);
#401=CIRCLE('',#5346,2.);
#402=CIRCLE('',#5347,2.);
#403=CIRCLE('',#5353,0.750000000000003);
#404=CIRCLE('',#5354,1.);
#405=CIRCLE('',#5355,1.75);
#406=CIRCLE('',#5357,1.75);
#407=CIRCLE('',#5360,2.8);
#408=CIRCLE('',#5362,2.8);
#409=CIRCLE('',#5364,0.75);
#410=CIRCLE('',#5365,1.);
#411=CIRCLE('',#5366,1.75);
#412=CIRCLE('',#5368,1.75);
#413=CIRCLE('',#5371,2.8);
#414=CIRCLE('',#5373,2.8);
#415=CIRCLE('',#5375,0.75);
#416=CIRCLE('',#5376,1.);
#417=CIRCLE('',#5377,1.75);
#418=CIRCLE('',#5379,1.75);
#419=CIRCLE('',#5382,2.8);
#420=CIRCLE('',#5384,2.8);
#421=CYLINDRICAL_SURFACE('',#4820,3.6);
#422=CYLINDRICAL_SURFACE('',#4823,3.6);
#423=CYLINDRICAL_SURFACE('',#4826,0.900000000000003);
#424=CYLINDRICAL_SURFACE('',#4868,1.5);
#425=CYLINDRICAL_SURFACE('',#4871,3.5);
#426=CYLINDRICAL_SURFACE('',#4874,1.5);
#427=CYLINDRICAL_SURFACE('',#4892,1.5);
#428=CYLINDRICAL_SURFACE('',#4895,3.5);
#429=CYLINDRICAL_SURFACE('',#4898,1.5);
#430=CYLINDRICAL_SURFACE('',#4902,1.5);
#431=CYLINDRICAL_SURFACE('',#4923,1.5);
#432=CYLINDRICAL_SURFACE('',#4933,1.5);
#433=CYLINDRICAL_SURFACE('',#4935,1.5);
#434=CYLINDRICAL_SURFACE('',#4937,1.5);
#435=CYLINDRICAL_SURFACE('',#4938,1.5);
#436=CYLINDRICAL_SURFACE('',#4955,1.5);
#437=CYLINDRICAL_SURFACE('',#4982,2.56199999996975);
#438=CYLINDRICAL_SURFACE('',#4994,1.5);
#439=CYLINDRICAL_SURFACE('',#4995,1.5);
#440=CYLINDRICAL_SURFACE('',#4996,1.5);
#441=CYLINDRICAL_SURFACE('',#5000,3.6);
#442=CYLINDRICAL_SURFACE('',#5009,1.5);
#443=CYLINDRICAL_SURFACE('',#5010,1.5);
#444=CYLINDRICAL_SURFACE('',#5012,3.6);
#445=CYLINDRICAL_SURFACE('',#5024,1.5);
#446=CYLINDRICAL_SURFACE('',#5025,1.5);
#447=CYLINDRICAL_SURFACE('',#5039,1.5);
#448=CYLINDRICAL_SURFACE('',#5041,1.5);
#449=CYLINDRICAL_SURFACE('',#5042,1.5);
#450=CYLINDRICAL_SURFACE('',#5043,1.5);
#451=CYLINDRICAL_SURFACE('',#5046,1.5);
#452=CYLINDRICAL_SURFACE('',#5047,1.5);
#453=CYLINDRICAL_SURFACE('',#5049,1.5);
#454=CYLINDRICAL_SURFACE('',#5050,3.5);
#455=CYLINDRICAL_SURFACE('',#5068,1.5);
#456=CYLINDRICAL_SURFACE('',#5074,1.5);
#457=CYLINDRICAL_SURFACE('',#5075,1.5);
#458=CYLINDRICAL_SURFACE('',#5076,1.5);
#459=CYLINDRICAL_SURFACE('',#5077,1.5);
#460=CYLINDRICAL_SURFACE('',#5081,1.5);
#461=CYLINDRICAL_SURFACE('',#5082,1.5);
#462=CYLINDRICAL_SURFACE('',#5083,1.5);
#463=CYLINDRICAL_SURFACE('',#5087,1.5);
#464=CYLINDRICAL_SURFACE('',#5089,3.5);
#465=CYLINDRICAL_SURFACE('',#5095,3.);
#466=CYLINDRICAL_SURFACE('',#5099,3.);
#467=CYLINDRICAL_SURFACE('',#5103,3.);
#468=CYLINDRICAL_SURFACE('',#5108,3.59999999999999);
#469=CYLINDRICAL_SURFACE('',#5112,3.6);
#470=CYLINDRICAL_SURFACE('',#5113,3.59999999999999);
#471=CYLINDRICAL_SURFACE('',#5119,1.5);
#472=CYLINDRICAL_SURFACE('',#5125,1.5);
#473=CYLINDRICAL_SURFACE('',#5127,2.);
#474=CYLINDRICAL_SURFACE('',#5129,1.5);
#475=CYLINDRICAL_SURFACE('',#5131,1.5);
#476=CYLINDRICAL_SURFACE('',#5133,1.5);
#477=CYLINDRICAL_SURFACE('',#5135,2.);
#478=CYLINDRICAL_SURFACE('',#5137,1.5);
#479=CYLINDRICAL_SURFACE('',#5139,2.);
#480=CYLINDRICAL_SURFACE('',#5148,1.5);
#481=CYLINDRICAL_SURFACE('',#5157,1.05);
#482=CYLINDRICAL_SURFACE('',#5177,3.5);
#483=CYLINDRICAL_SURFACE('',#5180,3.5);
#484=CYLINDRICAL_SURFACE('',#5190,1.5);
#485=CYLINDRICAL_SURFACE('',#5202,1.5);
#486=CYLINDRICAL_SURFACE('',#5204,1.5);
#487=CYLINDRICAL_SURFACE('',#5217,1.5);
#488=CYLINDRICAL_SURFACE('',#5220,1.5);
#489=CYLINDRICAL_SURFACE('',#5230,1.5);
#490=CYLINDRICAL_SURFACE('',#5233,1.5);
#491=CYLINDRICAL_SURFACE('',#5236,1.5);
#492=CYLINDRICAL_SURFACE('',#5239,1.5);
#493=CYLINDRICAL_SURFACE('',#5242,1.5);
#494=CYLINDRICAL_SURFACE('',#5260,1.5);
#495=CYLINDRICAL_SURFACE('',#5262,1.5);
#496=CYLINDRICAL_SURFACE('',#5264,1.5);
#497=CYLINDRICAL_SURFACE('',#5266,1.5);
#498=CYLINDRICAL_SURFACE('',#5271,1.5);
#499=CYLINDRICAL_SURFACE('',#5275,1.5);
#500=CYLINDRICAL_SURFACE('',#5276,1.5);
#501=CYLINDRICAL_SURFACE('',#5281,1.5);
#502=CYLINDRICAL_SURFACE('',#5286,1.5);
#503=CYLINDRICAL_SURFACE('',#5289,1.5);
#504=CYLINDRICAL_SURFACE('',#5292,3.6);
#505=CYLINDRICAL_SURFACE('',#5296,1.5);
#506=CYLINDRICAL_SURFACE('',#5299,3.59999999999999);
#507=CYLINDRICAL_SURFACE('',#5309,1.5);
#508=CYLINDRICAL_SURFACE('',#5314,1.5);
#509=CYLINDRICAL_SURFACE('',#5318,1.5);
#510=CYLINDRICAL_SURFACE('',#5319,1.5);
#511=CYLINDRICAL_SURFACE('',#5320,1.5);
#512=CYLINDRICAL_SURFACE('',#5321,1.5);
#513=CYLINDRICAL_SURFACE('',#5323,1.5);
#514=CYLINDRICAL_SURFACE('',#5324,3.59999999999999);
#515=CYLINDRICAL_SURFACE('',#5325,3.5);
#516=CYLINDRICAL_SURFACE('',#5327,3.5);
#517=CYLINDRICAL_SURFACE('',#5337,3.6);
#518=CYLINDRICAL_SURFACE('',#5348,2.);
#519=CYLINDRICAL_SURFACE('',#5349,2.);
#520=CYLINDRICAL_SURFACE('',#5350,2.);
#521=CYLINDRICAL_SURFACE('',#5351,2.);
#522=CYLINDRICAL_SURFACE('',#5352,2.);
#523=CYLINDRICAL_SURFACE('',#5356,1.75);
#524=CYLINDRICAL_SURFACE('',#5361,2.8);
#525=CYLINDRICAL_SURFACE('',#5367,1.75);
#526=CYLINDRICAL_SURFACE('',#5372,2.8);
#527=CYLINDRICAL_SURFACE('',#5378,1.75);
#528=CYLINDRICAL_SURFACE('',#5383,2.8);
#529=FACE_OUTER_BOUND('',#811,.T.);
#530=FACE_OUTER_BOUND('',#812,.T.);
#531=FACE_OUTER_BOUND('',#813,.T.);
#532=FACE_OUTER_BOUND('',#814,.T.);
#533=FACE_OUTER_BOUND('',#815,.T.);
#534=FACE_OUTER_BOUND('',#816,.T.);
#535=FACE_OUTER_BOUND('',#817,.T.);
#536=FACE_OUTER_BOUND('',#818,.T.);
#537=FACE_OUTER_BOUND('',#819,.T.);
#538=FACE_OUTER_BOUND('',#820,.T.);
#539=FACE_OUTER_BOUND('',#821,.T.);
#540=FACE_OUTER_BOUND('',#822,.T.);
#541=FACE_OUTER_BOUND('',#823,.T.);
#542=FACE_OUTER_BOUND('',#824,.T.);
#543=FACE_OUTER_BOUND('',#825,.T.);
#544=FACE_OUTER_BOUND('',#826,.T.);
#545=FACE_OUTER_BOUND('',#827,.T.);
#546=FACE_OUTER_BOUND('',#828,.T.);
#547=FACE_OUTER_BOUND('',#829,.T.);
#548=FACE_OUTER_BOUND('',#830,.T.);
#549=FACE_OUTER_BOUND('',#831,.T.);
#550=FACE_OUTER_BOUND('',#832,.T.);
#551=FACE_OUTER_BOUND('',#833,.T.);
#552=FACE_OUTER_BOUND('',#834,.T.);
#553=FACE_OUTER_BOUND('',#835,.T.);
#554=FACE_OUTER_BOUND('',#836,.T.);
#555=FACE_OUTER_BOUND('',#837,.T.);
#556=FACE_OUTER_BOUND('',#838,.T.);
#557=FACE_OUTER_BOUND('',#839,.T.);
#558=FACE_OUTER_BOUND('',#840,.T.);
#559=FACE_OUTER_BOUND('',#841,.T.);
#560=FACE_OUTER_BOUND('',#842,.T.);
#561=FACE_OUTER_BOUND('',#843,.T.);
#562=FACE_OUTER_BOUND('',#844,.T.);
#563=FACE_OUTER_BOUND('',#845,.T.);
#564=FACE_OUTER_BOUND('',#846,.T.);
#565=FACE_OUTER_BOUND('',#847,.T.);
#566=FACE_OUTER_BOUND('',#848,.T.);
#567=FACE_OUTER_BOUND('',#849,.T.);
#568=FACE_OUTER_BOUND('',#850,.T.);
#569=FACE_OUTER_BOUND('',#851,.T.);
#570=FACE_OUTER_BOUND('',#852,.T.);
#571=FACE_OUTER_BOUND('',#853,.T.);
#572=FACE_OUTER_BOUND('',#854,.T.);
#573=FACE_OUTER_BOUND('',#855,.T.);
#574=FACE_OUTER_BOUND('',#856,.T.);
#575=FACE_OUTER_BOUND('',#861,.T.);
#576=FACE_OUTER_BOUND('',#862,.T.);
#577=FACE_OUTER_BOUND('',#863,.T.);
#578=FACE_OUTER_BOUND('',#864,.T.);
#579=FACE_OUTER_BOUND('',#865,.T.);
#580=FACE_OUTER_BOUND('',#866,.T.);
#581=FACE_OUTER_BOUND('',#867,.T.);
#582=FACE_OUTER_BOUND('',#868,.T.);
#583=FACE_OUTER_BOUND('',#869,.T.);
#584=FACE_OUTER_BOUND('',#870,.T.);
#585=FACE_OUTER_BOUND('',#872,.T.);
#586=FACE_OUTER_BOUND('',#877,.T.);
#587=FACE_OUTER_BOUND('',#878,.T.);
#588=FACE_OUTER_BOUND('',#879,.T.);
#589=FACE_OUTER_BOUND('',#880,.T.);
#590=FACE_OUTER_BOUND('',#881,.T.);
#591=FACE_OUTER_BOUND('',#882,.T.);
#592=FACE_OUTER_BOUND('',#883,.T.);
#593=FACE_OUTER_BOUND('',#884,.T.);
#594=FACE_OUTER_BOUND('',#885,.T.);
#595=FACE_OUTER_BOUND('',#886,.T.);
#596=FACE_OUTER_BOUND('',#887,.T.);
#597=FACE_OUTER_BOUND('',#889,.T.);
#598=FACE_OUTER_BOUND('',#890,.T.);
#599=FACE_OUTER_BOUND('',#891,.T.);
#600=FACE_OUTER_BOUND('',#892,.T.);
#601=FACE_OUTER_BOUND('',#893,.T.);
#602=FACE_OUTER_BOUND('',#894,.T.);
#603=FACE_OUTER_BOUND('',#895,.T.);
#604=FACE_OUTER_BOUND('',#896,.T.);
#605=FACE_OUTER_BOUND('',#897,.T.);
#606=FACE_OUTER_BOUND('',#898,.T.);
#607=FACE_OUTER_BOUND('',#899,.T.);
#608=FACE_OUTER_BOUND('',#900,.T.);
#609=FACE_OUTER_BOUND('',#901,.T.);
#610=FACE_OUTER_BOUND('',#902,.T.);
#611=FACE_OUTER_BOUND('',#903,.T.);
#612=FACE_OUTER_BOUND('',#904,.T.);
#613=FACE_OUTER_BOUND('',#905,.T.);
#614=FACE_OUTER_BOUND('',#906,.T.);
#615=FACE_OUTER_BOUND('',#907,.T.);
#616=FACE_OUTER_BOUND('',#909,.T.);
#617=FACE_OUTER_BOUND('',#910,.T.);
#618=FACE_OUTER_BOUND('',#911,.T.);
#619=FACE_OUTER_BOUND('',#912,.T.);
#620=FACE_OUTER_BOUND('',#913,.T.);
#621=FACE_OUTER_BOUND('',#914,.T.);
#622=FACE_OUTER_BOUND('',#915,.T.);
#623=FACE_OUTER_BOUND('',#916,.T.);
#624=FACE_OUTER_BOUND('',#917,.T.);
#625=FACE_OUTER_BOUND('',#918,.T.);
#626=FACE_OUTER_BOUND('',#919,.T.);
#627=FACE_OUTER_BOUND('',#920,.T.);
#628=FACE_OUTER_BOUND('',#921,.T.);
#629=FACE_OUTER_BOUND('',#922,.T.);
#630=FACE_OUTER_BOUND('',#923,.T.);
#631=FACE_OUTER_BOUND('',#924,.T.);
#632=FACE_OUTER_BOUND('',#925,.T.);
#633=FACE_OUTER_BOUND('',#926,.T.);
#634=FACE_OUTER_BOUND('',#927,.T.);
#635=FACE_OUTER_BOUND('',#928,.T.);
#636=FACE_OUTER_BOUND('',#929,.T.);
#637=FACE_OUTER_BOUND('',#930,.T.);
#638=FACE_OUTER_BOUND('',#931,.T.);
#639=FACE_OUTER_BOUND('',#932,.T.);
#640=FACE_OUTER_BOUND('',#933,.T.);
#641=FACE_OUTER_BOUND('',#934,.T.);
#642=FACE_OUTER_BOUND('',#935,.T.);
#643=FACE_OUTER_BOUND('',#936,.T.);
#644=FACE_OUTER_BOUND('',#937,.T.);
#645=FACE_OUTER_BOUND('',#938,.T.);
#646=FACE_OUTER_BOUND('',#939,.T.);
#647=FACE_OUTER_BOUND('',#940,.T.);
#648=FACE_OUTER_BOUND('',#941,.T.);
#649=FACE_OUTER_BOUND('',#942,.T.);
#650=FACE_OUTER_BOUND('',#943,.T.);
#651=FACE_OUTER_BOUND('',#944,.T.);
#652=FACE_OUTER_BOUND('',#945,.T.);
#653=FACE_OUTER_BOUND('',#946,.T.);
#654=FACE_OUTER_BOUND('',#947,.T.);
#655=FACE_OUTER_BOUND('',#948,.T.);
#656=FACE_OUTER_BOUND('',#949,.T.);
#657=FACE_OUTER_BOUND('',#950,.T.);
#658=FACE_OUTER_BOUND('',#952,.T.);
#659=FACE_OUTER_BOUND('',#953,.T.);
#660=FACE_OUTER_BOUND('',#955,.T.);
#661=FACE_OUTER_BOUND('',#956,.T.);
#662=FACE_OUTER_BOUND('',#958,.T.);
#663=FACE_OUTER_BOUND('',#959,.T.);
#664=FACE_OUTER_BOUND('',#960,.T.);
#665=FACE_OUTER_BOUND('',#962,.T.);
#666=FACE_OUTER_BOUND('',#963,.T.);
#667=FACE_OUTER_BOUND('',#964,.T.);
#668=FACE_OUTER_BOUND('',#965,.T.);
#669=FACE_OUTER_BOUND('',#966,.T.);
#670=FACE_OUTER_BOUND('',#967,.T.);
#671=FACE_OUTER_BOUND('',#968,.T.);
#672=FACE_OUTER_BOUND('',#969,.T.);
#673=FACE_OUTER_BOUND('',#970,.T.);
#674=FACE_OUTER_BOUND('',#971,.T.);
#675=FACE_OUTER_BOUND('',#972,.T.);
#676=FACE_OUTER_BOUND('',#973,.T.);
#677=FACE_OUTER_BOUND('',#974,.T.);
#678=FACE_OUTER_BOUND('',#975,.T.);
#679=FACE_OUTER_BOUND('',#976,.T.);
#680=FACE_OUTER_BOUND('',#977,.T.);
#681=FACE_OUTER_BOUND('',#978,.T.);
#682=FACE_OUTER_BOUND('',#979,.T.);
#683=FACE_OUTER_BOUND('',#980,.T.);
#684=FACE_OUTER_BOUND('',#981,.T.);
#685=FACE_OUTER_BOUND('',#982,.T.);
#686=FACE_OUTER_BOUND('',#983,.T.);
#687=FACE_OUTER_BOUND('',#984,.T.);
#688=FACE_OUTER_BOUND('',#985,.T.);
#689=FACE_OUTER_BOUND('',#986,.T.);
#690=FACE_OUTER_BOUND('',#987,.T.);
#691=FACE_OUTER_BOUND('',#999,.T.);
#692=FACE_OUTER_BOUND('',#1000,.T.);
#693=FACE_OUTER_BOUND('',#1001,.T.);
#694=FACE_OUTER_BOUND('',#1002,.T.);
#695=FACE_OUTER_BOUND('',#1003,.T.);
#696=FACE_OUTER_BOUND('',#1004,.T.);
#697=FACE_OUTER_BOUND('',#1005,.T.);
#698=FACE_OUTER_BOUND('',#1006,.T.);
#699=FACE_OUTER_BOUND('',#1007,.T.);
#700=FACE_OUTER_BOUND('',#1008,.T.);
#701=FACE_OUTER_BOUND('',#1009,.T.);
#702=FACE_OUTER_BOUND('',#1010,.T.);
#703=FACE_OUTER_BOUND('',#1011,.T.);
#704=FACE_OUTER_BOUND('',#1012,.T.);
#705=FACE_OUTER_BOUND('',#1013,.T.);
#706=FACE_OUTER_BOUND('',#1014,.T.);
#707=FACE_OUTER_BOUND('',#1015,.T.);
#708=FACE_OUTER_BOUND('',#1016,.T.);
#709=FACE_OUTER_BOUND('',#1022,.T.);
#710=FACE_OUTER_BOUND('',#1023,.T.);
#711=FACE_OUTER_BOUND('',#1025,.T.);
#712=FACE_OUTER_BOUND('',#1026,.T.);
#713=FACE_OUTER_BOUND('',#1027,.T.);
#714=FACE_OUTER_BOUND('',#1028,.T.);
#715=FACE_OUTER_BOUND('',#1029,.T.);
#716=FACE_OUTER_BOUND('',#1031,.T.);
#717=FACE_OUTER_BOUND('',#1032,.T.);
#718=FACE_OUTER_BOUND('',#1033,.T.);
#719=FACE_OUTER_BOUND('',#1034,.T.);
#720=FACE_OUTER_BOUND('',#1035,.T.);
#721=FACE_OUTER_BOUND('',#1036,.T.);
#722=FACE_OUTER_BOUND('',#1037,.T.);
#723=FACE_OUTER_BOUND('',#1038,.T.);
#724=FACE_OUTER_BOUND('',#1039,.T.);
#725=FACE_OUTER_BOUND('',#1040,.T.);
#726=FACE_OUTER_BOUND('',#1041,.T.);
#727=FACE_OUTER_BOUND('',#1042,.T.);
#728=FACE_OUTER_BOUND('',#1043,.T.);
#729=FACE_OUTER_BOUND('',#1044,.T.);
#730=FACE_OUTER_BOUND('',#1045,.T.);
#731=FACE_OUTER_BOUND('',#1048,.T.);
#732=FACE_OUTER_BOUND('',#1049,.T.);
#733=FACE_OUTER_BOUND('',#1050,.T.);
#734=FACE_OUTER_BOUND('',#1051,.T.);
#735=FACE_OUTER_BOUND('',#1052,.T.);
#736=FACE_OUTER_BOUND('',#1053,.T.);
#737=FACE_OUTER_BOUND('',#1054,.T.);
#738=FACE_OUTER_BOUND('',#1055,.T.);
#739=FACE_OUTER_BOUND('',#1056,.T.);
#740=FACE_OUTER_BOUND('',#1057,.T.);
#741=FACE_OUTER_BOUND('',#1058,.T.);
#742=FACE_OUTER_BOUND('',#1059,.T.);
#743=FACE_OUTER_BOUND('',#1060,.T.);
#744=FACE_OUTER_BOUND('',#1061,.T.);
#745=FACE_OUTER_BOUND('',#1062,.T.);
#746=FACE_OUTER_BOUND('',#1063,.T.);
#747=FACE_OUTER_BOUND('',#1064,.T.);
#748=FACE_OUTER_BOUND('',#1065,.T.);
#749=FACE_OUTER_BOUND('',#1066,.T.);
#750=FACE_OUTER_BOUND('',#1067,.T.);
#751=FACE_OUTER_BOUND('',#1068,.T.);
#752=FACE_OUTER_BOUND('',#1069,.T.);
#753=FACE_OUTER_BOUND('',#1070,.T.);
#754=FACE_OUTER_BOUND('',#1071,.T.);
#755=FACE_OUTER_BOUND('',#1072,.T.);
#756=FACE_OUTER_BOUND('',#1073,.T.);
#757=FACE_OUTER_BOUND('',#1074,.T.);
#758=FACE_OUTER_BOUND('',#1075,.T.);
#759=FACE_OUTER_BOUND('',#1076,.T.);
#760=FACE_OUTER_BOUND('',#1077,.T.);
#761=FACE_OUTER_BOUND('',#1078,.T.);
#762=FACE_OUTER_BOUND('',#1079,.T.);
#763=FACE_OUTER_BOUND('',#1080,.T.);
#764=FACE_OUTER_BOUND('',#1081,.T.);
#765=FACE_OUTER_BOUND('',#1082,.T.);
#766=FACE_OUTER_BOUND('',#1083,.T.);
#767=FACE_OUTER_BOUND('',#1084,.T.);
#768=FACE_OUTER_BOUND('',#1085,.T.);
#769=FACE_OUTER_BOUND('',#1086,.T.);
#770=FACE_OUTER_BOUND('',#1087,.T.);
#771=FACE_OUTER_BOUND('',#1088,.T.);
#772=FACE_OUTER_BOUND('',#1089,.T.);
#773=FACE_OUTER_BOUND('',#1090,.T.);
#774=FACE_OUTER_BOUND('',#1091,.T.);
#775=FACE_OUTER_BOUND('',#1092,.T.);
#776=FACE_OUTER_BOUND('',#1093,.T.);
#777=FACE_OUTER_BOUND('',#1094,.T.);
#778=FACE_OUTER_BOUND('',#1095,.T.);
#779=FACE_OUTER_BOUND('',#1096,.T.);
#780=FACE_OUTER_BOUND('',#1097,.T.);
#781=FACE_OUTER_BOUND('',#1098,.T.);
#782=FACE_OUTER_BOUND('',#1099,.T.);
#783=FACE_OUTER_BOUND('',#1100,.T.);
#784=FACE_OUTER_BOUND('',#1101,.T.);
#785=FACE_OUTER_BOUND('',#1102,.T.);
#786=FACE_OUTER_BOUND('',#1103,.T.);
#787=FACE_OUTER_BOUND('',#1104,.T.);
#788=FACE_OUTER_BOUND('',#1105,.T.);
#789=FACE_OUTER_BOUND('',#1106,.T.);
#790=FACE_OUTER_BOUND('',#1107,.T.);
#791=FACE_OUTER_BOUND('',#1108,.T.);
#792=FACE_OUTER_BOUND('',#1109,.T.);
#793=FACE_OUTER_BOUND('',#1110,.T.);
#794=FACE_OUTER_BOUND('',#1111,.T.);
#795=FACE_OUTER_BOUND('',#1112,.T.);
#796=FACE_OUTER_BOUND('',#1113,.T.);
#797=FACE_OUTER_BOUND('',#1114,.T.);
#798=FACE_OUTER_BOUND('',#1115,.T.);
#799=FACE_OUTER_BOUND('',#1117,.T.);
#800=FACE_OUTER_BOUND('',#1118,.T.);
#801=FACE_OUTER_BOUND('',#1119,.T.);
#802=FACE_OUTER_BOUND('',#1120,.T.);
#803=FACE_OUTER_BOUND('',#1121,.T.);
#804=FACE_OUTER_BOUND('',#1122,.T.);
#805=FACE_OUTER_BOUND('',#1124,.T.);
#806=FACE_OUTER_BOUND('',#1125,.T.);
#807=FACE_OUTER_BOUND('',#1126,.T.);
#808=FACE_OUTER_BOUND('',#1127,.T.);
#809=FACE_OUTER_BOUND('',#1128,.T.);
#810=FACE_OUTER_BOUND('',#1129,.T.);
#811=EDGE_LOOP('',(#3022,#3023,#3024,#3025,#3026,#3027,#3028));
#812=EDGE_LOOP('',(#3029,#3030,#3031,#3032));
#813=EDGE_LOOP('',(#3033,#3034,#3035,#3036));
#814=EDGE_LOOP('',(#3037,#3038,#3039,#3040));
#815=EDGE_LOOP('',(#3041));
#816=EDGE_LOOP('',(#3042,#3043,#3044,#3045));
#817=EDGE_LOOP('',(#3046,#3047,#3048,#3049));
#818=EDGE_LOOP('',(#3050,#3051,#3052,#3053));
#819=EDGE_LOOP('',(#3054,#3055,#3056,#3057));
#820=EDGE_LOOP('',(#3058,#3059,#3060,#3061));
#821=EDGE_LOOP('',(#3062,#3063,#3064,#3065));
#822=EDGE_LOOP('',(#3066,#3067,#3068,#3069));
#823=EDGE_LOOP('',(#3070,#3071,#3072,#3073,#3074));
#824=EDGE_LOOP('',(#3075,#3076,#3077,#3078));
#825=EDGE_LOOP('',(#3079,#3080,#3081,#3082));
#826=EDGE_LOOP('',(#3083,#3084,#3085,#3086));
#827=EDGE_LOOP('',(#3087,#3088,#3089,#3090,#3091));
#828=EDGE_LOOP('',(#3092,#3093,#3094,#3095));
#829=EDGE_LOOP('',(#3096,#3097,#3098,#3099));
#830=EDGE_LOOP('',(#3100,#3101,#3102,#3103));
#831=EDGE_LOOP('',(#3104,#3105,#3106,#3107));
#832=EDGE_LOOP('',(#3108,#3109,#3110,#3111));
#833=EDGE_LOOP('',(#3112,#3113,#3114,#3115,#3116));
#834=EDGE_LOOP('',(#3117,#3118,#3119,#3120,#3121));
#835=EDGE_LOOP('',(#3122,#3123,#3124,#3125));
#836=EDGE_LOOP('',(#3126,#3127,#3128,#3129));
#837=EDGE_LOOP('',(#3130,#3131,#3132,#3133));
#838=EDGE_LOOP('',(#3134,#3135,#3136,#3137));
#839=EDGE_LOOP('',(#3138,#3139,#3140,#3141));
#840=EDGE_LOOP('',(#3142,#3143,#3144,#3145,#3146,#3147,#3148));
#841=EDGE_LOOP('',(#3149,#3150,#3151,#3152,#3153));
#842=EDGE_LOOP('',(#3154,#3155,#3156,#3157));
#843=EDGE_LOOP('',(#3158,#3159,#3160,#3161));
#844=EDGE_LOOP('',(#3162,#3163,#3164,#3165));
#845=EDGE_LOOP('',(#3166,#3167,#3168,#3169));
#846=EDGE_LOOP('',(#3170,#3171,#3172,#3173));
#847=EDGE_LOOP('',(#3174,#3175,#3176,#3177,#3178));
#848=EDGE_LOOP('',(#3179,#3180,#3181,#3182,#3183));
#849=EDGE_LOOP('',(#3184,#3185,#3186,#3187));
#850=EDGE_LOOP('',(#3188,#3189,#3190,#3191));
#851=EDGE_LOOP('',(#3192,#3193,#3194,#3195));
#852=EDGE_LOOP('',(#3196,#3197,#3198,#3199));
#853=EDGE_LOOP('',(#3200,#3201,#3202,#3203));
#854=EDGE_LOOP('',(#3204,#3205,#3206,#3207,#3208));
#855=EDGE_LOOP('',(#3209,#3210,#3211,#3212));
#856=EDGE_LOOP('',(#3213,#3214,#3215,#3216,#3217,#3218,#3219,#3220,#3221,
#3222,#3223,#3224,#3225,#3226,#3227,#3228,#3229,#3230,#3231,#3232,#3233,
#3234,#3235,#3236,#3237,#3238,#3239,#3240,#3241,#3242));
#857=EDGE_LOOP('',(#3243));
#858=EDGE_LOOP('',(#3244));
#859=EDGE_LOOP('',(#3245));
#860=EDGE_LOOP('',(#3246));
#861=EDGE_LOOP('',(#3247,#3248,#3249,#3250));
#862=EDGE_LOOP('',(#3251,#3252,#3253));
#863=EDGE_LOOP('',(#3254,#3255,#3256,#3257));
#864=EDGE_LOOP('',(#3258,#3259,#3260,#3261));
#865=EDGE_LOOP('',(#3262,#3263,#3264,#3265));
#866=EDGE_LOOP('',(#3266,#3267,#3268,#3269));
#867=EDGE_LOOP('',(#3270,#3271,#3272,#3273));
#868=EDGE_LOOP('',(#3274,#3275,#3276,#3277));
#869=EDGE_LOOP('',(#3278,#3279,#3280,#3281));
#870=EDGE_LOOP('',(#3282,#3283,#3284,#3285,#3286,#3287,#3288,#3289,#3290,
#3291,#3292,#3293));
#871=EDGE_LOOP('',(#3294));
#872=EDGE_LOOP('',(#3295,#3296,#3297,#3298,#3299,#3300,#3301,#3302,#3303,
#3304,#3305,#3306,#3307,#3308,#3309,#3310,#3311,#3312,#3313,#3314,#3315));
#873=EDGE_LOOP('',(#3316));
#874=EDGE_LOOP('',(#3317,#3318,#3319,#3320));
#875=EDGE_LOOP('',(#3321,#3322,#3323,#3324));
#876=EDGE_LOOP('',(#3325));
#877=EDGE_LOOP('',(#3326,#3327,#3328,#3329));
#878=EDGE_LOOP('',(#3330,#3331,#3332,#3333,#3334));
#879=EDGE_LOOP('',(#3335,#3336,#3337));
#880=EDGE_LOOP('',(#3338,#3339,#3340));
#881=EDGE_LOOP('',(#3341,#3342,#3343,#3344,#3345));
#882=EDGE_LOOP('',(#3346,#3347,#3348,#3349,#3350,#3351,#3352,#3353,#3354));
#883=EDGE_LOOP('',(#3355,#3356,#3357,#3358,#3359,#3360));
#884=EDGE_LOOP('',(#3361,#3362,#3363,#3364));
#885=EDGE_LOOP('',(#3365,#3366,#3367,#3368,#3369,#3370,#3371));
#886=EDGE_LOOP('',(#3372,#3373,#3374,#3375));
#887=EDGE_LOOP('',(#3376));
#888=EDGE_LOOP('',(#3377));
#889=EDGE_LOOP('',(#3378,#3379,#3380,#3381));
#890=EDGE_LOOP('',(#3382,#3383,#3384,#3385));
#891=EDGE_LOOP('',(#3386,#3387,#3388,#3389));
#892=EDGE_LOOP('',(#3390,#3391,#3392));
#893=EDGE_LOOP('',(#3393,#3394,#3395));
#894=EDGE_LOOP('',(#3396,#3397,#3398,#3399));
#895=EDGE_LOOP('',(#3400,#3401,#3402,#3403));
#896=EDGE_LOOP('',(#3404,#3405,#3406,#3407));
#897=EDGE_LOOP('',(#3408,#3409,#3410,#3411));
#898=EDGE_LOOP('',(#3412,#3413,#3414,#3415));
#899=EDGE_LOOP('',(#3416,#3417,#3418,#3419));
#900=EDGE_LOOP('',(#3420,#3421,#3422,#3423));
#901=EDGE_LOOP('',(#3424,#3425,#3426,#3427));
#902=EDGE_LOOP('',(#3428,#3429,#3430));
#903=EDGE_LOOP('',(#3431,#3432,#3433,#3434));
#904=EDGE_LOOP('',(#3435,#3436,#3437,#3438));
#905=EDGE_LOOP('',(#3439,#3440,#3441,#3442,#3443,#3444,#3445));
#906=EDGE_LOOP('',(#3446,#3447,#3448,#3449));
#907=EDGE_LOOP('',(#3450,#3451,#3452,#3453,#3454,#3455,#3456,#3457,#3458,
#3459,#3460,#3461,#3462,#3463));
#908=EDGE_LOOP('',(#3464));
#909=EDGE_LOOP('',(#3465,#3466,#3467,#3468));
#910=EDGE_LOOP('',(#3469,#3470,#3471,#3472));
#911=EDGE_LOOP('',(#3473,#3474,#3475,#3476));
#912=EDGE_LOOP('',(#3477,#3478,#3479));
#913=EDGE_LOOP('',(#3480,#3481,#3482));
#914=EDGE_LOOP('',(#3483,#3484,#3485,#3486));
#915=EDGE_LOOP('',(#3487,#3488,#3489,#3490));
#916=EDGE_LOOP('',(#3491,#3492,#3493,#3494));
#917=EDGE_LOOP('',(#3495,#3496,#3497,#3498));
#918=EDGE_LOOP('',(#3499,#3500,#3501,#3502));
#919=EDGE_LOOP('',(#3503,#3504,#3505,#3506));
#920=EDGE_LOOP('',(#3507,#3508,#3509,#3510));
#921=EDGE_LOOP('',(#3511,#3512,#3513,#3514));
#922=EDGE_LOOP('',(#3515,#3516,#3517,#3518));
#923=EDGE_LOOP('',(#3519,#3520,#3521,#3522));
#924=EDGE_LOOP('',(#3523,#3524,#3525,#3526));
#925=EDGE_LOOP('',(#3527,#3528,#3529));
#926=EDGE_LOOP('',(#3530,#3531,#3532));
#927=EDGE_LOOP('',(#3533,#3534,#3535));
#928=EDGE_LOOP('',(#3536,#3537,#3538,#3539));
#929=EDGE_LOOP('',(#3540,#3541,#3542,#3543));
#930=EDGE_LOOP('',(#3544,#3545,#3546,#3547));
#931=EDGE_LOOP('',(#3548,#3549,#3550,#3551));
#932=EDGE_LOOP('',(#3552,#3553,#3554,#3555));
#933=EDGE_LOOP('',(#3556,#3557,#3558,#3559));
#934=EDGE_LOOP('',(#3560,#3561,#3562,#3563));
#935=EDGE_LOOP('',(#3564,#3565,#3566,#3567));
#936=EDGE_LOOP('',(#3568,#3569,#3570,#3571,#3572,#3573,#3574));
#937=EDGE_LOOP('',(#3575,#3576,#3577,#3578));
#938=EDGE_LOOP('',(#3579,#3580,#3581,#3582));
#939=EDGE_LOOP('',(#3583,#3584,#3585,#3586));
#940=EDGE_LOOP('',(#3587,#3588,#3589,#3590));
#941=EDGE_LOOP('',(#3591,#3592,#3593,#3594));
#942=EDGE_LOOP('',(#3595,#3596,#3597,#3598));
#943=EDGE_LOOP('',(#3599,#3600,#3601,#3602,#3603));
#944=EDGE_LOOP('',(#3604,#3605,#3606,#3607));
#945=EDGE_LOOP('',(#3608,#3609,#3610,#3611));
#946=EDGE_LOOP('',(#3612,#3613,#3614,#3615));
#947=EDGE_LOOP('',(#3616,#3617,#3618,#3619));
#948=EDGE_LOOP('',(#3620,#3621,#3622));
#949=EDGE_LOOP('',(#3623,#3624,#3625,#3626));
#950=EDGE_LOOP('',(#3627));
#951=EDGE_LOOP('',(#3628));
#952=EDGE_LOOP('',(#3629,#3630,#3631,#3632,#3633));
#953=EDGE_LOOP('',(#3634));
#954=EDGE_LOOP('',(#3635));
#955=EDGE_LOOP('',(#3636,#3637,#3638,#3639,#3640));
#956=EDGE_LOOP('',(#3641));
#957=EDGE_LOOP('',(#3642));
#958=EDGE_LOOP('',(#3643,#3644,#3645,#3646));
#959=EDGE_LOOP('',(#3647,#3648,#3649,#3650,#3651,#3652,#3653));
#960=EDGE_LOOP('',(#3654));
#961=EDGE_LOOP('',(#3655));
#962=EDGE_LOOP('',(#3656,#3657,#3658,#3659));
#963=EDGE_LOOP('',(#3660,#3661,#3662,#3663));
#964=EDGE_LOOP('',(#3664,#3665,#3666,#3667));
#965=EDGE_LOOP('',(#3668,#3669,#3670,#3671));
#966=EDGE_LOOP('',(#3672,#3673,#3674,#3675));
#967=EDGE_LOOP('',(#3676,#3677,#3678,#3679,#3680));
#968=EDGE_LOOP('',(#3681,#3682,#3683,#3684,#3685,#3686,#3687,#3688));
#969=EDGE_LOOP('',(#3689,#3690,#3691,#3692,#3693,#3694,#3695,#3696,#3697,
#3698));
#970=EDGE_LOOP('',(#3699,#3700,#3701,#3702));
#971=EDGE_LOOP('',(#3703,#3704,#3705,#3706));
#972=EDGE_LOOP('',(#3707,#3708,#3709,#3710));
#973=EDGE_LOOP('',(#3711,#3712,#3713,#3714));
#974=EDGE_LOOP('',(#3715,#3716,#3717,#3718));
#975=EDGE_LOOP('',(#3719,#3720,#3721,#3722));
#976=EDGE_LOOP('',(#3723,#3724,#3725,#3726));
#977=EDGE_LOOP('',(#3727,#3728,#3729,#3730));
#978=EDGE_LOOP('',(#3731,#3732,#3733,#3734));
#979=EDGE_LOOP('',(#3735,#3736,#3737,#3738));
#980=EDGE_LOOP('',(#3739,#3740,#3741,#3742));
#981=EDGE_LOOP('',(#3743,#3744,#3745,#3746));
#982=EDGE_LOOP('',(#3747,#3748,#3749,#3750));
#983=EDGE_LOOP('',(#3751,#3752,#3753,#3754));
#984=EDGE_LOOP('',(#3755,#3756,#3757,#3758,#3759,#3760));
#985=EDGE_LOOP('',(#3761,#3762,#3763,#3764,#3765,#3766,#3767));
#986=EDGE_LOOP('',(#3768,#3769,#3770,#3771,#3772,#3773));
#987=EDGE_LOOP('',(#3774,#3775,#3776,#3777,#3778,#3779,#3780,#3781,#3782,
#3783,#3784,#3785,#3786,#3787,#3788,#3789,#3790,#3791,#3792,#3793,#3794,
#3795,#3796,#3797,#3798,#3799,#3800));
#988=EDGE_LOOP('',(#3801));
#989=EDGE_LOOP('',(#3802,#3803,#3804,#3805));
#990=EDGE_LOOP('',(#3806));
#991=EDGE_LOOP('',(#3807));
#992=EDGE_LOOP('',(#3808));
#993=EDGE_LOOP('',(#3809));
#994=EDGE_LOOP('',(#3810));
#995=EDGE_LOOP('',(#3811));
#996=EDGE_LOOP('',(#3812));
#997=EDGE_LOOP('',(#3813));
#998=EDGE_LOOP('',(#3814,#3815,#3816,#3817));
#999=EDGE_LOOP('',(#3818,#3819,#3820,#3821,#3822));
#1000=EDGE_LOOP('',(#3823,#3824,#3825,#3826));
#1001=EDGE_LOOP('',(#3827,#3828,#3829,#3830,#3831,#3832,#3833,#3834,#3835,
#3836,#3837,#3838,#3839,#3840,#3841,#3842));
#1002=EDGE_LOOP('',(#3843,#3844,#3845,#3846));
#1003=EDGE_LOOP('',(#3847));
#1004=EDGE_LOOP('',(#3848,#3849,#3850,#3851));
#1005=EDGE_LOOP('',(#3852,#3853,#3854,#3855));
#1006=EDGE_LOOP('',(#3856,#3857,#3858,#3859));
#1007=EDGE_LOOP('',(#3860,#3861,#3862,#3863));
#1008=EDGE_LOOP('',(#3864,#3865,#3866,#3867));
#1009=EDGE_LOOP('',(#3868,#3869,#3870,#3871));
#1010=EDGE_LOOP('',(#3872,#3873,#3874,#3875));
#1011=EDGE_LOOP('',(#3876,#3877,#3878,#3879));
#1012=EDGE_LOOP('',(#3880,#3881,#3882,#3883));
#1013=EDGE_LOOP('',(#3884,#3885,#3886,#3887,#3888,#3889));
#1014=EDGE_LOOP('',(#3890,#3891,#3892,#3893,#3894,#3895));
#1015=EDGE_LOOP('',(#3896,#3897,#3898,#3899));
#1016=EDGE_LOOP('',(#3900,#3901,#3902,#3903,#3904,#3905,#3906,#3907));
#1017=EDGE_LOOP('',(#3908));
#1018=EDGE_LOOP('',(#3909));
#1019=EDGE_LOOP('',(#3910));
#1020=EDGE_LOOP('',(#3911));
#1021=EDGE_LOOP('',(#3912));
#1022=EDGE_LOOP('',(#3913,#3914,#3915,#3916));
#1023=EDGE_LOOP('',(#3917,#3918,#3919,#3920,#3921,#3922,#3923,#3924,#3925,
#3926,#3927,#3928,#3929,#3930,#3931,#3932,#3933,#3934,#3935));
#1024=EDGE_LOOP('',(#3936));
#1025=EDGE_LOOP('',(#3937,#3938,#3939,#3940));
#1026=EDGE_LOOP('',(#3941,#3942,#3943,#3944));
#1027=EDGE_LOOP('',(#3945,#3946,#3947,#3948));
#1028=EDGE_LOOP('',(#3949,#3950,#3951,#3952));
#1029=EDGE_LOOP('',(#3953,#3954,#3955,#3956,#3957,#3958,#3959,#3960,#3961,
#3962,#3963,#3964,#3965));
#1030=EDGE_LOOP('',(#3966));
#1031=EDGE_LOOP('',(#3967,#3968,#3969,#3970));
#1032=EDGE_LOOP('',(#3971,#3972,#3973,#3974,#3975,#3976,#3977,#3978));
#1033=EDGE_LOOP('',(#3979,#3980,#3981,#3982));
#1034=EDGE_LOOP('',(#3983,#3984,#3985,#3986));
#1035=EDGE_LOOP('',(#3987,#3988,#3989,#3990,#3991,#3992,#3993,#3994,#3995,
#3996,#3997,#3998,#3999));
#1036=EDGE_LOOP('',(#4000,#4001,#4002,#4003));
#1037=EDGE_LOOP('',(#4004,#4005,#4006,#4007,#4008,#4009,#4010,#4011,#4012,
#4013));
#1038=EDGE_LOOP('',(#4014,#4015,#4016,#4017));
#1039=EDGE_LOOP('',(#4018,#4019,#4020,#4021,#4022,#4023));
#1040=EDGE_LOOP('',(#4024,#4025,#4026,#4027));
#1041=EDGE_LOOP('',(#4028,#4029,#4030,#4031));
#1042=EDGE_LOOP('',(#4032,#4033,#4034,#4035));
#1043=EDGE_LOOP('',(#4036,#4037,#4038,#4039,#4040,#4041));
#1044=EDGE_LOOP('',(#4042,#4043,#4044,#4045));
#1045=EDGE_LOOP('',(#4046,#4047,#4048,#4049,#4050,#4051,#4052,#4053,#4054,
#4055,#4056,#4057,#4058,#4059,#4060,#4061,#4062,#4063,#4064,#4065,#4066,
#4067,#4068,#4069,#4070,#4071));
#1046=EDGE_LOOP('',(#4072));
#1047=EDGE_LOOP('',(#4073));
#1048=EDGE_LOOP('',(#4074,#4075,#4076,#4077));
#1049=EDGE_LOOP('',(#4078,#4079,#4080,#4081));
#1050=EDGE_LOOP('',(#4082,#4083,#4084,#4085,#4086,#4087));
#1051=EDGE_LOOP('',(#4088,#4089,#4090,#4091));
#1052=EDGE_LOOP('',(#4092,#4093,#4094,#4095,#4096));
#1053=EDGE_LOOP('',(#4097,#4098,#4099,#4100));
#1054=EDGE_LOOP('',(#4101,#4102,#4103));
#1055=EDGE_LOOP('',(#4104,#4105,#4106,#4107));
#1056=EDGE_LOOP('',(#4108,#4109,#4110,#4111));
#1057=EDGE_LOOP('',(#4112,#4113,#4114,#4115));
#1058=EDGE_LOOP('',(#4116,#4117,#4118,#4119));
#1059=EDGE_LOOP('',(#4120,#4121,#4122));
#1060=EDGE_LOOP('',(#4123,#4124,#4125,#4126));
#1061=EDGE_LOOP('',(#4127,#4128,#4129));
#1062=EDGE_LOOP('',(#4130,#4131,#4132,#4133));
#1063=EDGE_LOOP('',(#4134,#4135,#4136,#4137,#4138));
#1064=EDGE_LOOP('',(#4139,#4140,#4141,#4142));
#1065=EDGE_LOOP('',(#4143,#4144,#4145,#4146,#4147));
#1066=EDGE_LOOP('',(#4148,#4149,#4150,#4151));
#1067=EDGE_LOOP('',(#4152,#4153,#4154));
#1068=EDGE_LOOP('',(#4155,#4156,#4157,#4158));
#1069=EDGE_LOOP('',(#4159,#4160,#4161,#4162));
#1070=EDGE_LOOP('',(#4163,#4164,#4165,#4166));
#1071=EDGE_LOOP('',(#4167,#4168,#4169,#4170));
#1072=EDGE_LOOP('',(#4171,#4172,#4173,#4174));
#1073=EDGE_LOOP('',(#4175,#4176,#4177,#4178));
#1074=EDGE_LOOP('',(#4179,#4180,#4181,#4182));
#1075=EDGE_LOOP('',(#4183,#4184,#4185,#4186,#4187));
#1076=EDGE_LOOP('',(#4188,#4189,#4190));
#1077=EDGE_LOOP('',(#4191,#4192,#4193,#4194));
#1078=EDGE_LOOP('',(#4195,#4196,#4197,#4198));
#1079=EDGE_LOOP('',(#4199,#4200,#4201,#4202));
#1080=EDGE_LOOP('',(#4203,#4204,#4205,#4206));
#1081=EDGE_LOOP('',(#4207,#4208,#4209,#4210));
#1082=EDGE_LOOP('',(#4211,#4212,#4213,#4214,#4215,#4216));
#1083=EDGE_LOOP('',(#4217,#4218,#4219,#4220));
#1084=EDGE_LOOP('',(#4221,#4222,#4223,#4224));
#1085=EDGE_LOOP('',(#4225,#4226,#4227,#4228,#4229,#4230,#4231,#4232,#4233,
#4234));
#1086=EDGE_LOOP('',(#4235,#4236,#4237,#4238));
#1087=EDGE_LOOP('',(#4239,#4240,#4241,#4242));
#1088=EDGE_LOOP('',(#4243,#4244,#4245,#4246));
#1089=EDGE_LOOP('',(#4247,#4248,#4249,#4250,#4251));
#1090=EDGE_LOOP('',(#4252,#4253,#4254,#4255));
#1091=EDGE_LOOP('',(#4256,#4257,#4258,#4259,#4260));
#1092=EDGE_LOOP('',(#4261,#4262,#4263,#4264));
#1093=EDGE_LOOP('',(#4265,#4266,#4267,#4268));
#1094=EDGE_LOOP('',(#4269,#4270,#4271,#4272));
#1095=EDGE_LOOP('',(#4273,#4274,#4275,#4276));
#1096=EDGE_LOOP('',(#4277,#4278,#4279,#4280));
#1097=EDGE_LOOP('',(#4281,#4282,#4283,#4284));
#1098=EDGE_LOOP('',(#4285,#4286,#4287,#4288,#4289,#4290));
#1099=EDGE_LOOP('',(#4291,#4292,#4293,#4294));
#1100=EDGE_LOOP('',(#4295,#4296,#4297,#4298,#4299,#4300,#4301,#4302));
#1101=EDGE_LOOP('',(#4303,#4304,#4305,#4306,#4307,#4308,#4309,#4310,#4311,
#4312,#4313,#4314,#4315,#4316));
#1102=EDGE_LOOP('',(#4317,#4318,#4319,#4320));
#1103=EDGE_LOOP('',(#4321,#4322,#4323,#4324,#4325,#4326));
#1104=EDGE_LOOP('',(#4327,#4328,#4329,#4330,#4331,#4332,#4333));
#1105=EDGE_LOOP('',(#4334,#4335,#4336,#4337,#4338,#4339,#4340,#4341));
#1106=EDGE_LOOP('',(#4342,#4343,#4344,#4345));
#1107=EDGE_LOOP('',(#4346,#4347,#4348,#4349));
#1108=EDGE_LOOP('',(#4350,#4351,#4352,#4353,#4354,#4355,#4356,#4357));
#1109=EDGE_LOOP('',(#4358,#4359,#4360,#4361));
#1110=EDGE_LOOP('',(#4362,#4363,#4364,#4365));
#1111=EDGE_LOOP('',(#4366,#4367,#4368,#4369));
#1112=EDGE_LOOP('',(#4370));
#1113=EDGE_LOOP('',(#4371));
#1114=EDGE_LOOP('',(#4372,#4373,#4374,#4375));
#1115=EDGE_LOOP('',(#4376));
#1116=EDGE_LOOP('',(#4377));
#1117=EDGE_LOOP('',(#4378,#4379,#4380,#4381));
#1118=EDGE_LOOP('',(#4382,#4383,#4384,#4385));
#1119=EDGE_LOOP('',(#4386));
#1120=EDGE_LOOP('',(#4387));
#1121=EDGE_LOOP('',(#4388,#4389,#4390,#4391));
#1122=EDGE_LOOP('',(#4392));
#1123=EDGE_LOOP('',(#4393));
#1124=EDGE_LOOP('',(#4394,#4395,#4396,#4397));
#1125=EDGE_LOOP('',(#4398,#4399,#4400,#4401));
#1126=EDGE_LOOP('',(#4402));
#1127=EDGE_LOOP('',(#4403));
#1128=EDGE_LOOP('',(#4404,#4405,#4406,#4407));
#1129=EDGE_LOOP('',(#4408));
#1130=EDGE_LOOP('',(#4409));
#1131=LINE('',#6907,#1501);
#1132=LINE('',#6909,#1502);
#1133=LINE('',#6911,#1503);
#1134=LINE('',#6913,#1504);
#1135=LINE('',#6915,#1505);
#1136=LINE('',#6916,#1506);
#1137=LINE('',#6921,#1507);
#1138=LINE('',#6926,#1508);
#1139=LINE('',#6930,#1509);
#1140=LINE('',#6936,#1510);
#1141=LINE('',#6942,#1511);
#1142=LINE('',#6944,#1512);
#1143=LINE('',#6946,#1513);
#1144=LINE('',#6947,#1514);
#1145=LINE('',#6952,#1515);
#1146=LINE('',#6958,#1516);
#1147=LINE('',#6963,#1517);
#1148=LINE('',#6964,#1518);
#1149=LINE('',#6965,#1519);
#1150=LINE('',#6970,#1520);
#1151=LINE('',#6975,#1521);
#1152=LINE('',#6976,#1522);
#1153=LINE('',#6977,#1523);
#1154=LINE('',#6982,#1524);
#1155=LINE('',#6987,#1525);
#1156=LINE('',#6988,#1526);
#1157=LINE('',#6990,#1527);
#1158=LINE('',#6991,#1528);
#1159=LINE('',#6996,#1529);
#1160=LINE('',#7001,#1530);
#1161=LINE('',#7002,#1531);
#1162=LINE('',#7003,#1532);
#1163=LINE('',#7008,#1533);
#1164=LINE('',#7013,#1534);
#1165=LINE('',#7014,#1535);
#1166=LINE('',#7016,#1536);
#1167=LINE('',#7017,#1537);
#1168=LINE('',#7022,#1538);
#1169=LINE('',#7027,#1539);
#1170=LINE('',#7028,#1540);
#1171=LINE('',#7029,#1541);
#1172=LINE('',#7034,#1542);
#1173=LINE('',#7039,#1543);
#1174=LINE('',#7040,#1544);
#1175=LINE('',#7041,#1545);
#1176=LINE('',#7046,#1546);
#1177=LINE('',#7051,#1547);
#1178=LINE('',#7052,#1548);
#1179=LINE('',#7054,#1549);
#1180=LINE('',#7055,#1550);
#1181=LINE('',#7058,#1551);
#1182=LINE('',#7060,#1552);
#1183=LINE('',#7062,#1553);
#1184=LINE('',#7066,#1554);
#1185=LINE('',#7070,#1555);
#1186=LINE('',#7071,#1556);
#1187=LINE('',#7074,#1557);
#1188=LINE('',#7078,#1558);
#1189=LINE('',#7079,#1559);
#1190=LINE('',#7082,#1560);
#1191=LINE('',#7097,#1561);
#1192=LINE('',#7099,#1562);
#1193=LINE('',#7101,#1563);
#1194=LINE('',#7102,#1564);
#1195=LINE('',#7106,#1565);
#1196=LINE('',#7108,#1566);
#1197=LINE('',#7110,#1567);
#1198=LINE('',#7112,#1568);
#1199=LINE('',#7113,#1569);
#1200=LINE('',#7118,#1570);
#1201=LINE('',#7123,#1571);
#1202=LINE('',#7124,#1572);
#1203=LINE('',#7125,#1573);
#1204=LINE('',#7130,#1574);
#1205=LINE('',#7135,#1575);
#1206=LINE('',#7136,#1576);
#1207=LINE('',#7137,#1577);
#1208=LINE('',#7142,#1578);
#1209=LINE('',#7147,#1579);
#1210=LINE('',#7148,#1580);
#1211=LINE('',#7150,#1581);
#1212=LINE('',#7151,#1582);
#1213=LINE('',#7154,#1583);
#1214=LINE('',#7156,#1584);
#1215=LINE('',#7158,#1585);
#1216=LINE('',#7162,#1586);
#1217=LINE('',#7166,#1587);
#1218=LINE('',#7167,#1588);
#1219=LINE('',#7170,#1589);
#1220=LINE('',#7174,#1590);
#1221=LINE('',#7175,#1591);
#1222=LINE('',#7178,#1592);
#1223=LINE('',#7184,#1593);
#1224=LINE('',#7185,#1594);
#1225=LINE('',#7191,#1595);
#1226=LINE('',#7201,#1596);
#1227=LINE('',#7204,#1597);
#1228=LINE('',#7210,#1598);
#1229=LINE('',#7213,#1599);
#1230=LINE('',#7215,#1600);
#1231=LINE('',#7221,#1601);
#1232=LINE('',#7229,#1602);
#1233=LINE('',#7233,#1603);
#1234=LINE('',#7237,#1604);
#1235=LINE('',#7241,#1605);
#1236=LINE('',#7246,#1606);
#1237=LINE('',#7250,#1607);
#1238=LINE('',#7261,#1608);
#1239=LINE('',#7278,#1609);
#1240=LINE('',#7282,#1610);
#1241=LINE('',#7284,#1611);
#1242=LINE('',#7285,#1612);
#1243=LINE('',#7290,#1613);
#1244=LINE('',#7291,#1614);
#1245=LINE('',#7362,#1615);
#1246=LINE('',#7364,#1616);
#1247=LINE('',#7369,#1617);
#1248=LINE('',#7371,#1618);
#1249=LINE('',#7375,#1619);
#1250=LINE('',#7379,#1620);
#1251=LINE('',#7381,#1621);
#1252=LINE('',#7384,#1622);
#1253=LINE('',#7388,#1623);
#1254=LINE('',#7390,#1624);
#1255=LINE('',#7392,#1625);
#1256=LINE('',#7394,#1626);
#1257=LINE('',#7398,#1627);
#1258=LINE('',#7399,#1628);
#1259=LINE('',#7468,#1629);
#1260=LINE('',#7470,#1630);
#1261=LINE('',#7472,#1631);
#1262=LINE('',#7473,#1632);
#1263=LINE('',#8269,#1633);
#1264=LINE('',#8297,#1634);
#1265=LINE('',#8299,#1635);
#1266=LINE('',#8300,#1636);
#1267=LINE('',#8302,#1637);
#1268=LINE('',#8303,#1638);
#1269=LINE('',#8321,#1639);
#1270=LINE('',#8324,#1640);
#1271=LINE('',#8326,#1641);
#1272=LINE('',#8329,#1642);
#1273=LINE('',#8330,#1643);
#1274=LINE('',#8339,#1644);
#1275=LINE('',#8342,#1645);
#1276=LINE('',#8347,#1646);
#1277=LINE('',#8355,#1647);
#1278=LINE('',#8365,#1648);
#1279=LINE('',#8388,#1649);
#1280=LINE('',#8390,#1650);
#1281=LINE('',#8392,#1651);
#1282=LINE('',#8393,#1652);
#1283=LINE('',#8397,#1653);
#1284=LINE('',#8398,#1654);
#1285=LINE('',#8400,#1655);
#1286=LINE('',#8403,#1656);
#1287=LINE('',#8404,#1657);
#1288=LINE('',#8406,#1658);
#1289=LINE('',#8434,#1659);
#1290=LINE('',#8443,#1660);
#1291=LINE('',#8444,#1661);
#1292=LINE('',#8446,#1662);
#1293=LINE('',#8447,#1663);
#1294=LINE('',#8466,#1664);
#1295=LINE('',#8467,#1665);
#1296=LINE('',#8469,#1666);
#1297=LINE('',#8470,#1667);
#1298=LINE('',#8472,#1668);
#1299=LINE('',#8487,#1669);
#1300=LINE('',#8489,#1670);
#1301=LINE('',#8490,#1671);
#1302=LINE('',#8493,#1672);
#1303=LINE('',#8494,#1673);
#1304=LINE('',#8499,#1674);
#1305=LINE('',#8500,#1675);
#1306=LINE('',#8505,#1676);
#1307=LINE('',#8512,#1677);
#1308=LINE('',#8519,#1678);
#1309=LINE('',#8536,#1679);
#1310=LINE('',#8537,#1680);
#1311=LINE('',#8540,#1681);
#1312=LINE('',#8541,#1682);
#1313=LINE('',#8543,#1683);
#1314=LINE('',#8547,#1684);
#1315=LINE('',#8550,#1685);
#1316=LINE('',#8552,#1686);
#1317=LINE('',#8553,#1687);
#1318=LINE('',#8556,#1688);
#1319=LINE('',#8557,#1689);
#1320=LINE('',#8560,#1690);
#1321=LINE('',#8561,#1691);
#1322=LINE('',#8563,#1692);
#1323=LINE('',#8567,#1693);
#1324=LINE('',#8571,#1694);
#1325=LINE('',#8575,#1695);
#1326=LINE('',#8579,#1696);
#1327=LINE('',#8583,#1697);
#1328=LINE('',#8587,#1698);
#1329=LINE('',#8591,#1699);
#1330=LINE('',#8595,#1700);
#1331=LINE('',#8598,#1701);
#1332=LINE('',#8600,#1702);
#1333=LINE('',#8602,#1703);
#1334=LINE('',#8607,#1704);
#1335=LINE('',#8611,#1705);
#1336=LINE('',#8613,#1706);
#1337=LINE('',#8614,#1707);
#1338=LINE('',#8617,#1708);
#1339=LINE('',#8620,#1709);
#1340=LINE('',#8623,#1710);
#1341=LINE('',#8629,#1711);
#1342=LINE('',#8633,#1712);
#1343=LINE('',#8637,#1713);
#1344=LINE('',#8641,#1714);
#1345=LINE('',#8643,#1715);
#1346=LINE('',#8645,#1716);
#1347=LINE('',#8656,#1717);
#1348=LINE('',#8662,#1718);
#1349=LINE('',#8664,#1719);
#1350=LINE('',#8666,#1720);
#1351=LINE('',#8667,#1721);
#1352=LINE('',#8672,#1722);
#1353=LINE('',#8677,#1723);
#1354=LINE('',#8678,#1724);
#1355=LINE('',#8679,#1725);
#1356=LINE('',#8684,#1726);
#1357=LINE('',#8689,#1727);
#1358=LINE('',#8690,#1728);
#1359=LINE('',#8691,#1729);
#1360=LINE('',#8696,#1730);
#1361=LINE('',#8701,#1731);
#1362=LINE('',#8702,#1732);
#1363=LINE('',#8703,#1733);
#1364=LINE('',#8709,#1734);
#1365=LINE('',#8712,#1735);
#1366=LINE('',#8715,#1736);
#1367=LINE('',#8717,#1737);
#1368=LINE('',#8719,#1738);
#1369=LINE('',#8720,#1739);
#1370=LINE('',#8723,#1740);
#1371=LINE('',#8727,#1741);
#1372=LINE('',#8731,#1742);
#1373=LINE('',#8732,#1743);
#1374=LINE('',#8749,#1744);
#1375=LINE('',#8752,#1745);
#1376=LINE('',#8755,#1746);
#1377=LINE('',#8760,#1747);
#1378=LINE('',#8764,#1748);
#1379=LINE('',#8768,#1749);
#1380=LINE('',#8772,#1750);
#1381=LINE('',#8774,#1751);
#1382=LINE('',#8776,#1752);
#1383=LINE('',#8780,#1753);
#1384=LINE('',#8782,#1754);
#1385=LINE('',#8786,#1755);
#1386=LINE('',#8787,#1756);
#1387=LINE('',#8795,#1757);
#1388=LINE('',#8798,#1758);
#1389=LINE('',#8801,#1759);
#1390=LINE('',#8803,#1760);
#1391=LINE('',#8804,#1761);
#1392=LINE('',#8807,#1762);
#1393=LINE('',#8817,#1763);
#1394=LINE('',#8821,#1764);
#1395=LINE('',#8825,#1765);
#1396=LINE('',#8831,#1766);
#1397=LINE('',#8835,#1767);
#1398=LINE('',#8837,#1768);
#1399=LINE('',#8838,#1769);
#1400=LINE('',#8839,#1770);
#1401=LINE('',#8844,#1771);
#1402=LINE('',#8848,#1772);
#1403=LINE('',#8850,#1773);
#1404=LINE('',#8851,#1774);
#1405=LINE('',#8856,#1775);
#1406=LINE('',#8860,#1776);
#1407=LINE('',#8866,#1777);
#1408=LINE('',#8870,#1778);
#1409=LINE('',#8873,#1779);
#1410=LINE('',#8875,#1780);
#1411=LINE('',#8876,#1781);
#1412=LINE('',#8877,#1782);
#1413=LINE('',#8880,#1783);
#1414=LINE('',#8883,#1784);
#1415=LINE('',#8886,#1785);
#1416=LINE('',#8888,#1786);
#1417=LINE('',#8890,#1787);
#1418=LINE('',#8891,#1788);
#1419=LINE('',#8895,#1789);
#1420=LINE('',#8897,#1790);
#1421=LINE('',#8900,#1791);
#1422=LINE('',#8904,#1792);
#1423=LINE('',#8906,#1793);
#1424=LINE('',#8908,#1794);
#1425=LINE('',#8909,#1795);
#1426=LINE('',#8915,#1796);
#1427=LINE('',#8918,#1797);
#1428=LINE('',#8922,#1798);
#1429=LINE('',#8926,#1799);
#1430=LINE('',#8928,#1800);
#1431=LINE('',#8930,#1801);
#1432=LINE('',#8932,#1802);
#1433=LINE('',#8934,#1803);
#1434=LINE('',#8936,#1804);
#1435=LINE('',#8938,#1805);
#1436=LINE('',#8946,#1806);
#1437=LINE('',#8954,#1807);
#1438=LINE('',#8960,#1808);
#1439=LINE('',#8965,#1809);
#1440=LINE('',#8973,#1810);
#1441=LINE('',#8974,#1811);
#1442=LINE('',#8977,#1812);
#1443=LINE('',#8978,#1813);
#1444=LINE('',#8980,#1814);
#1445=LINE('',#8983,#1815);
#1446=LINE('',#8992,#1816);
#1447=LINE('',#8993,#1817);
#1448=LINE('',#9000,#1818);
#1449=LINE('',#9025,#1819);
#1450=LINE('',#9028,#1820);
#1451=LINE('',#9048,#1821);
#1452=LINE('',#9049,#1822);
#1453=LINE('',#9057,#1823);
#1454=LINE('',#9058,#1824);
#1455=LINE('',#9084,#1825);
#1456=LINE('',#9093,#1826);
#1457=LINE('',#9112,#1827);
#1458=LINE('',#9122,#1828);
#1459=LINE('',#9126,#1829);
#1460=LINE('',#9127,#1830);
#1461=LINE('',#9129,#1831);
#1462=LINE('',#9131,#1832);
#1463=LINE('',#9132,#1833);
#1464=LINE('',#9134,#1834);
#1465=LINE('',#9135,#1835);
#1466=LINE('',#9137,#1836);
#1467=LINE('',#9139,#1837);
#1468=LINE('',#9140,#1838);
#1469=LINE('',#9143,#1839);
#1470=LINE('',#9145,#1840);
#1471=LINE('',#9151,#1841);
#1472=LINE('',#9153,#1842);
#1473=LINE('',#9155,#1843);
#1474=LINE('',#9156,#1844);
#1475=LINE('',#9159,#1845);
#1476=LINE('',#9160,#1846);
#1477=LINE('',#9163,#1847);
#1478=LINE('',#9165,#1848);
#1479=LINE('',#9166,#1849);
#1480=LINE('',#9168,#1850);
#1481=LINE('',#9169,#1851);
#1482=LINE('',#9171,#1852);
#1483=LINE('',#9174,#1853);
#1484=LINE('',#9176,#1854);
#1485=LINE('',#9178,#1855);
#1486=LINE('',#9180,#1856);
#1487=LINE('',#9184,#1857);
#1488=LINE('',#9188,#1858);
#1489=LINE('',#9189,#1859);
#1490=LINE('',#9194,#1860);
#1491=LINE('',#9196,#1861);
#1492=LINE('',#9198,#1862);
#1493=LINE('',#9200,#1863);
#1494=LINE('',#9202,#1864);
#1495=LINE('',#9237,#1865);
#1496=LINE('',#9246,#1866);
#1497=LINE('',#9282,#1867);
#1498=LINE('',#9291,#1868);
#1499=LINE('',#9327,#1869);
#1500=LINE('',#9336,#1870);
#1501=VECTOR('',#5390,10.);
#1502=VECTOR('',#5391,10.);
#1503=VECTOR('',#5392,10.);
#1504=VECTOR('',#5393,10.);
#1505=VECTOR('',#5394,10.);
#1506=VECTOR('',#5395,10.);
#1507=VECTOR('',#5400,10.);
#1508=VECTOR('',#5405,10.);
#1509=VECTOR('',#5408,10.);
#1510=VECTOR('',#5415,0.900000000000003);
#1511=VECTOR('',#5422,10.);
#1512=VECTOR('',#5423,10.);
#1513=VECTOR('',#5424,10.);
#1514=VECTOR('',#5425,10.);
#1515=VECTOR('',#5430,10.);
#1516=VECTOR('',#5437,10.);
#1517=VECTOR('',#5442,10.);
#1518=VECTOR('',#5443,10.);
#1519=VECTOR('',#5444,10.);
#1520=VECTOR('',#5449,10.);
#1521=VECTOR('',#5454,10.);
#1522=VECTOR('',#5455,10.);
#1523=VECTOR('',#5456,10.);
#1524=VECTOR('',#5461,10.);
#1525=VECTOR('',#5466,10.);
#1526=VECTOR('',#5467,10.);
#1527=VECTOR('',#5468,10.);
#1528=VECTOR('',#5469,10.);
#1529=VECTOR('',#5474,10.);
#1530=VECTOR('',#5479,10.);
#1531=VECTOR('',#5480,10.);
#1532=VECTOR('',#5481,10.);
#1533=VECTOR('',#5486,10.);
#1534=VECTOR('',#5491,10.);
#1535=VECTOR('',#5492,10.);
#1536=VECTOR('',#5493,10.);
#1537=VECTOR('',#5494,10.);
#1538=VECTOR('',#5499,10.);
#1539=VECTOR('',#5504,10.);
#1540=VECTOR('',#5505,10.);
#1541=VECTOR('',#5506,10.);
#1542=VECTOR('',#5511,10.);
#1543=VECTOR('',#5516,10.);
#1544=VECTOR('',#5517,10.);
#1545=VECTOR('',#5518,10.);
#1546=VECTOR('',#5523,10.);
#1547=VECTOR('',#5528,10.);
#1548=VECTOR('',#5529,10.);
#1549=VECTOR('',#5530,10.);
#1550=VECTOR('',#5531,10.);
#1551=VECTOR('',#5534,10.);
#1552=VECTOR('',#5535,10.);
#1553=VECTOR('',#5536,10.);
#1554=VECTOR('',#5541,10.);
#1555=VECTOR('',#5546,10.);
#1556=VECTOR('',#5547,10.);
#1557=VECTOR('',#5550,10.);
#1558=VECTOR('',#5555,10.);
#1559=VECTOR('',#5556,10.);
#1560=VECTOR('',#5559,10.);
#1561=VECTOR('',#5564,10.);
#1562=VECTOR('',#5565,10.);
#1563=VECTOR('',#5566,10.);
#1564=VECTOR('',#5567,10.);
#1565=VECTOR('',#5570,10.);
#1566=VECTOR('',#5571,10.);
#1567=VECTOR('',#5572,10.);
#1568=VECTOR('',#5573,10.);
#1569=VECTOR('',#5574,10.);
#1570=VECTOR('',#5579,10.);
#1571=VECTOR('',#5584,10.);
#1572=VECTOR('',#5585,10.);
#1573=VECTOR('',#5586,10.);
#1574=VECTOR('',#5591,10.);
#1575=VECTOR('',#5596,10.);
#1576=VECTOR('',#5597,10.);
#1577=VECTOR('',#5598,10.);
#1578=VECTOR('',#5603,10.);
#1579=VECTOR('',#5608,10.);
#1580=VECTOR('',#5609,10.);
#1581=VECTOR('',#5610,10.);
#1582=VECTOR('',#5611,10.);
#1583=VECTOR('',#5614,10.);
#1584=VECTOR('',#5615,10.);
#1585=VECTOR('',#5616,10.);
#1586=VECTOR('',#5621,10.);
#1587=VECTOR('',#5626,10.);
#1588=VECTOR('',#5627,10.);
#1589=VECTOR('',#5630,10.);
#1590=VECTOR('',#5635,10.);
#1591=VECTOR('',#5636,10.);
#1592=VECTOR('',#5639,10.);
#1593=VECTOR('',#5646,10.);
#1594=VECTOR('',#5647,10.);
#1595=VECTOR('',#5652,10.);
#1596=VECTOR('',#5653,10.);
#1597=VECTOR('',#5656,10.);
#1598=VECTOR('',#5661,10.);
#1599=VECTOR('',#5664,10.);
#1600=VECTOR('',#5665,10.);
#1601=VECTOR('',#5670,10.);
#1602=VECTOR('',#5677,10.);
#1603=VECTOR('',#5680,10.);
#1604=VECTOR('',#5683,10.);
#1605=VECTOR('',#5686,10.);
#1606=VECTOR('',#5691,10.);
#1607=VECTOR('',#5694,10.);
#1608=VECTOR('',#5707,1.5);
#1609=VECTOR('',#5728,10.);
#1610=VECTOR('',#5733,10.);
#1611=VECTOR('',#5736,10.);
#1612=VECTOR('',#5737,10.);
#1613=VECTOR('',#5742,10.);
#1614=VECTOR('',#5743,10.);
#1615=VECTOR('',#5754,10.);
#1616=VECTOR('',#5757,10.);
#1617=VECTOR('',#5762,10.);
#1618=VECTOR('',#5763,10.);
#1619=VECTOR('',#5766,10.);
#1620=VECTOR('',#5769,10.);
#1621=VECTOR('',#5770,10.);
#1622=VECTOR('',#5773,10.);
#1623=VECTOR('',#5776,10.);
#1624=VECTOR('',#5777,10.);
#1625=VECTOR('',#5778,10.);
#1626=VECTOR('',#5779,10.);
#1627=VECTOR('',#5782,10.);
#1628=VECTOR('',#5783,10.);
#1629=VECTOR('',#5786,10.);
#1630=VECTOR('',#5787,10.);
#1631=VECTOR('',#5788,10.);
#1632=VECTOR('',#5789,10.);
#1633=VECTOR('',#5850,2.56199999996975);
#1634=VECTOR('',#5873,10.);
#1635=VECTOR('',#5876,10.);
#1636=VECTOR('',#5877,10.);
#1637=VECTOR('',#5880,10.);
#1638=VECTOR('',#5881,10.);
#1639=VECTOR('',#5890,10.);
#1640=VECTOR('',#5893,10.);
#1641=VECTOR('',#5896,10.);
#1642=VECTOR('',#5899,10.);
#1643=VECTOR('',#5900,10.);
#1644=VECTOR('',#5915,10.);
#1645=VECTOR('',#5920,10.);
#1646=VECTOR('',#5925,10.);
#1647=VECTOR('',#5932,10.);
#1648=VECTOR('',#5947,10.);
#1649=VECTOR('',#5982,10.);
#1650=VECTOR('',#5985,10.);
#1651=VECTOR('',#5988,10.);
#1652=VECTOR('',#5989,10.);
#1653=VECTOR('',#5996,10.);
#1654=VECTOR('',#5997,10.);
#1655=VECTOR('',#6000,10.);
#1656=VECTOR('',#6005,1.5);
#1657=VECTOR('',#6006,1.5);
#1658=VECTOR('',#6009,10.);
#1659=VECTOR('',#6046,10.);
#1660=VECTOR('',#6063,10.);
#1661=VECTOR('',#6064,10.);
#1662=VECTOR('',#6067,10.);
#1663=VECTOR('',#6068,10.);
#1664=VECTOR('',#6077,10.);
#1665=VECTOR('',#6078,10.);
#1666=VECTOR('',#6081,10.);
#1667=VECTOR('',#6082,10.);
#1668=VECTOR('',#6085,10.);
#1669=VECTOR('',#6092,10.);
#1670=VECTOR('',#6095,10.);
#1671=VECTOR('',#6096,10.);
#1672=VECTOR('',#6101,10.);
#1673=VECTOR('',#6102,10.);
#1674=VECTOR('',#6109,10.);
#1675=VECTOR('',#6110,10.);
#1676=VECTOR('',#6117,3.);
#1677=VECTOR('',#6126,3.);
#1678=VECTOR('',#6135,3.);
#1679=VECTOR('',#6162,10.);
#1680=VECTOR('',#6163,10.);
#1681=VECTOR('',#6166,10.);
#1682=VECTOR('',#6167,10.);
#1683=VECTOR('',#6170,10.);
#1684=VECTOR('',#6175,1.5);
#1685=VECTOR('',#6178,10.);
#1686=VECTOR('',#6179,10.);
#1687=VECTOR('',#6180,10.);
#1688=VECTOR('',#6183,10.);
#1689=VECTOR('',#6184,10.);
#1690=VECTOR('',#6187,10.);
#1691=VECTOR('',#6188,10.);
#1692=VECTOR('',#6191,10.);
#1693=VECTOR('',#6196,1.5);
#1694=VECTOR('',#6201,2.);
#1695=VECTOR('',#6206,1.5);
#1696=VECTOR('',#6211,1.5);
#1697=VECTOR('',#6216,1.5);
#1698=VECTOR('',#6221,2.);
#1699=VECTOR('',#6226,1.5);
#1700=VECTOR('',#6231,2.);
#1701=VECTOR('',#6236,10.);
#1702=VECTOR('',#6239,10.);
#1703=VECTOR('',#6242,10.);
#1704=VECTOR('',#6247,10.);
#1705=VECTOR('',#6250,10.);
#1706=VECTOR('',#6251,10.);
#1707=VECTOR('',#6252,10.);
#1708=VECTOR('',#6255,10.);
#1709=VECTOR('',#6258,10.);
#1710=VECTOR('',#6261,10.);
#1711=VECTOR('',#6266,10.);
#1712=VECTOR('',#6269,10.);
#1713=VECTOR('',#6272,10.);
#1714=VECTOR('',#6275,10.);
#1715=VECTOR('',#6276,10.);
#1716=VECTOR('',#6277,10.);
#1717=VECTOR('',#6284,1.05);
#1718=VECTOR('',#6291,10.);
#1719=VECTOR('',#6292,10.);
#1720=VECTOR('',#6293,10.);
#1721=VECTOR('',#6294,10.);
#1722=VECTOR('',#6299,10.);
#1723=VECTOR('',#6304,10.);
#1724=VECTOR('',#6305,10.);
#1725=VECTOR('',#6306,10.);
#1726=VECTOR('',#6311,10.);
#1727=VECTOR('',#6316,10.);
#1728=VECTOR('',#6317,10.);
#1729=VECTOR('',#6318,10.);
#1730=VECTOR('',#6323,10.);
#1731=VECTOR('',#6328,10.);
#1732=VECTOR('',#6329,10.);
#1733=VECTOR('',#6330,10.);
#1734=VECTOR('',#6339,10.);
#1735=VECTOR('',#6342,10.);
#1736=VECTOR('',#6345,10.);
#1737=VECTOR('',#6346,10.);
#1738=VECTOR('',#6347,10.);
#1739=VECTOR('',#6348,10.);
#1740=VECTOR('',#6351,10.);
#1741=VECTOR('',#6354,1.5);
#1742=VECTOR('',#6359,10.);
#1743=VECTOR('',#6360,10.);
#1744=VECTOR('',#6377,10.);
#1745=VECTOR('',#6380,10.);
#1746=VECTOR('',#6383,10.);
#1747=VECTOR('',#6388,10.);
#1748=VECTOR('',#6391,10.);
#1749=VECTOR('',#6394,10.);
#1750=VECTOR('',#6397,10.);
#1751=VECTOR('',#6398,10.);
#1752=VECTOR('',#6399,10.);
#1753=VECTOR('',#6402,10.);
#1754=VECTOR('',#6403,10.);
#1755=VECTOR('',#6408,10.);
#1756=VECTOR('',#6409,1.5);
#1757=VECTOR('',#6418,10.);
#1758=VECTOR('',#6421,10.);
#1759=VECTOR('',#6424,10.);
#1760=VECTOR('',#6425,10.);
#1761=VECTOR('',#6426,10.);
#1762=VECTOR('',#6429,10.);
#1763=VECTOR('',#6438,10.);
#1764=VECTOR('',#6441,10.);
#1765=VECTOR('',#6444,10.);
#1766=VECTOR('',#6451,10.);
#1767=VECTOR('',#6456,10.);
#1768=VECTOR('',#6457,10.);
#1769=VECTOR('',#6458,10.);
#1770=VECTOR('',#6459,10.);
#1771=VECTOR('',#6464,10.);
#1772=VECTOR('',#6469,10.);
#1773=VECTOR('',#6470,10.);
#1774=VECTOR('',#6471,10.);
#1775=VECTOR('',#6476,10.);
#1776=VECTOR('',#6479,10.);
#1777=VECTOR('',#6484,10.);
#1778=VECTOR('',#6489,10.);
#1779=VECTOR('',#6494,10.);
#1780=VECTOR('',#6495,10.);
#1781=VECTOR('',#6496,10.);
#1782=VECTOR('',#6497,10.);
#1783=VECTOR('',#6500,10.);
#1784=VECTOR('',#6503,10.);
#1785=VECTOR('',#6506,10.);
#1786=VECTOR('',#6507,10.);
#1787=VECTOR('',#6508,10.);
#1788=VECTOR('',#6509,10.);
#1789=VECTOR('',#6514,10.);
#1790=VECTOR('',#6517,10.);
#1791=VECTOR('',#6520,1.5);
#1792=VECTOR('',#6525,10.);
#1793=VECTOR('',#6526,10.);
#1794=VECTOR('',#6527,10.);
#1795=VECTOR('',#6528,10.);
#1796=VECTOR('',#6533,1.5);
#1797=VECTOR('',#6536,1.5);
#1798=VECTOR('',#6541,10.);
#1799=VECTOR('',#6544,10.);
#1800=VECTOR('',#6545,10.);
#1801=VECTOR('',#6546,10.);
#1802=VECTOR('',#6547,10.);
#1803=VECTOR('',#6548,10.);
#1804=VECTOR('',#6549,10.);
#1805=VECTOR('',#6550,10.);
#1806=VECTOR('',#6557,10.);
#1807=VECTOR('',#6564,10.);
#1808=VECTOR('',#6569,10.);
#1809=VECTOR('',#6574,10.);
#1810=VECTOR('',#6585,1.5);
#1811=VECTOR('',#6586,1.5);
#1812=VECTOR('',#6589,10.);
#1813=VECTOR('',#6590,10.);
#1814=VECTOR('',#6593,10.);
#1815=VECTOR('',#6596,10.);
#1816=VECTOR('',#6601,10.);
#1817=VECTOR('',#6602,10.);
#1818=VECTOR('',#6613,10.);
#1819=VECTOR('',#6620,1.5);
#1820=VECTOR('',#6623,10.);
#1821=VECTOR('',#6634,10.);
#1822=VECTOR('',#6635,10.);
#1823=VECTOR('',#6646,10.);
#1824=VECTOR('',#6647,10.);
#1825=VECTOR('',#6654,10.);
#1826=VECTOR('',#6669,10.);
#1827=VECTOR('',#6696,10.);
#1828=VECTOR('',#6709,10.);
#1829=VECTOR('',#6716,10.);
#1830=VECTOR('',#6717,10.);
#1831=VECTOR('',#6720,10.);
#1832=VECTOR('',#6723,10.);
#1833=VECTOR('',#6724,10.);
#1834=VECTOR('',#6727,10.);
#1835=VECTOR('',#6728,10.);
#1836=VECTOR('',#6731,10.);
#1837=VECTOR('',#6734,10.);
#1838=VECTOR('',#6735,10.);
#1839=VECTOR('',#6740,10.);
#1840=VECTOR('',#6743,10.);
#1841=VECTOR('',#6752,10.);
#1842=VECTOR('',#6753,10.);
#1843=VECTOR('',#6754,10.);
#1844=VECTOR('',#6755,10.);
#1845=VECTOR('',#6758,10.);
#1846=VECTOR('',#6759,10.);
#1847=VECTOR('',#6762,10.);
#1848=VECTOR('',#6763,10.);
#1849=VECTOR('',#6764,10.);
#1850=VECTOR('',#6767,10.);
#1851=VECTOR('',#6768,10.);
#1852=VECTOR('',#6771,10.);
#1853=VECTOR('',#6776,10.);
#1854=VECTOR('',#6779,10.);
#1855=VECTOR('',#6782,10.);
#1856=VECTOR('',#6785,10.);
#1857=VECTOR('',#6792,10.);
#1858=VECTOR('',#6797,10.);
#1859=VECTOR('',#6798,10.);
#1860=VECTOR('',#6807,2.);
#1861=VECTOR('',#6810,2.);
#1862=VECTOR('',#6813,2.);
#1863=VECTOR('',#6816,2.);
#1864=VECTOR('',#6819,2.);
#1865=VECTOR('',#6828,1.75);
#1866=VECTOR('',#6841,2.8);
#1867=VECTOR('',#6852,1.75);
#1868=VECTOR('',#6865,2.8);
#1869=VECTOR('',#6876,1.75);
#1870=VECTOR('',#6889,2.8);
#1871=B_SPLINE_CURVE_WITH_KNOTS('',3,(#6896,#6897,#6898,#6899,#6900,#6901,
#6902,#6903,#6904,#6905),.UNSPECIFIED.,.F.,.F.,(4,2,2,2,4),(0.228463504162458,
0.29002605158898,0.350985260366777,0.408619553488697,0.462009954977693),
 .UNSPECIFIED.);
#1872=B_SPLINE_CURVE_WITH_KNOTS('',3,(#7086,#7087,#7088,#7089,#7090,#7091,
#7092,#7093,#7094,#7095),.UNSPECIFIED.,.F.,.F.,(4,2,2,2,4),(0.,0.00731109548214348,
0.0501323935533674,0.0954752496198055,0.096115421967247),.UNSPECIFIED.);
#1873=B_SPLINE_CURVE_WITH_KNOTS('',3,(#7193,#7194,#7195,#7196,#7197,#7198,
#7199,#7200),.UNSPECIFIED.,.F.,.F.,(4,2,2,4),(0.0983384832544864,0.127739862016997,
0.161409576957591,0.195079291898185),.UNSPECIFIED.);
#1874=B_SPLINE_CURVE_WITH_KNOTS('',3,(#7343,#7344,#7345,#7346,#7347,#7348,
#7349,#7350,#7351),.UNSPECIFIED.,.F.,.F.,(4,1,1,1,1,1,4),(0.193472570687622,
0.235635656607946,0.27779874252827,0.362124914368918,0.530777258050215,
0.657266515811188,0.78375577357216),.UNSPECIFIED.);
#1875=B_SPLINE_CURVE_WITH_KNOTS('',3,(#7352,#7353,#7354,#7355,#7356,#7357,
#7358,#7359),.UNSPECIFIED.,.F.,.F.,(4,1,1,1,1,4),(-0.78375577357216,-0.657266515811188,
-0.530777258050215,-0.362124914368918,-0.27779874252827,-0.262887935715389),
 .UNSPECIFIED.);
#1876=B_SPLINE_CURVE_WITH_KNOTS('',3,(#7404,#7405,#7406,#7407,#7408,#7409,
#7410,#7411,#7412,#7413),.UNSPECIFIED.,.F.,.F.,(4,1,1,1,1,1,1,4),(-1.52262801645568,
-1.08742618745373,-0.652224358451776,-0.217022529449822,0.218179299552133,
0.653381128554087,1.08858295755604,1.523784786558),.UNSPECIFIED.);
#1877=B_SPLINE_CURVE_WITH_KNOTS('',3,(#7415,#7416,#7417,#7418,#7419,#7420),
 .UNSPECIFIED.,.F.,.F.,(4,1,1,4),(-1.82005694837872,-1.62130159306561,-1.18610266261649,
-0.750903732167375),.UNSPECIFIED.);
#1878=B_SPLINE_CURVE_WITH_KNOTS('',3,(#7422,#7423,#7424,#7425,#7426,#7427,
#7428,#7429,#7430,#7431,#7432,#7433,#7434,#7435,#7436,#7437,#7438,#7439,
#7440,#7441,#7442,#7443,#7444,#7445,#7446,#7447,#7448,#7449,#7450,#7451,
#7452,#7453,#7454,#7455,#7456,#7457,#7458),.UNSPECIFIED.,.F.,.F.,(4,3,3,
3,3,3,3,3,3,3,3,3,4),(1.36601390801816,1.38473163397944,1.42812743508942,
1.4714513619459,1.51446926348154,1.55684711363467,1.58348112156254,1.61026986025725,
1.65139404913443,1.6935597739455,1.73563107353766,1.77784401095819,1.82005694837872),
 .UNSPECIFIED.);
#1879=B_SPLINE_CURVE_WITH_KNOTS('',3,(#7459,#7460,#7461,#7462,#7463,#7464,
#7465),.UNSPECIFIED.,.F.,.F.,(4,1,1,1,4),(-0.157188327243221,0.278012311402888,
0.713212950048998,1.14841358869511,1.36601390801816),.UNSPECIFIED.);
#1880=B_SPLINE_CURVE_WITH_KNOTS('',3,(#7531,#7532,#7533,#7534,#7535,#7536,
#7537,#7538,#7539,#7540,#7541,#7542,#7543,#7544,#7545,#7546,#7547,#7548,
#7549,#7550,#7551,#7552,#7553,#7554,#7555,#7556,#7557,#7558,#7559,#7560,
#7561,#7562,#7563,#7564,#7565,#7566,#7567,#7568,#7569,#7570,#7571,#7572,
#7573,#7574,#7575,#7576,#7577,#7578,#7579,#7580,#7581,#7582,#7583,#7584,
#7585,#7586,#7587,#7588,#7589,#7590,#7591,#7592,#7593,#7594,#7595,#7596,
#7597,#7598,#7599,#7600,#7601,#7602,#7603,#7604,#7605,#7606,#7607,#7608,
#7609,#7610,#7611,#7612,#7613,#7614,#7615,#7616,#7617,#7618,#7619,#7620,
#7621,#7622,#7623,#7624,#7625,#7626,#7627,#7628,#7629,#7630,#7631,#7632,
#7633,#7634,#7635,#7636,#7637,#7638,#7639,#7640,#7641,#7642,#7643,#7644,
#7645),.UNSPECIFIED.,.F.,.F.,(4,3,3,3,3,3,3,3,3,3,3,3,3,3,3,3,3,3,3,3,3,
3,3,3,3,3,3,3,3,3,3,3,3,3,3,3,3,3,4),(-1.52378478655799,-1.48009559323601,
-1.43603485111636,-1.39172892646401,-1.38473163397945,-1.33897979219215,
-1.29276047693902,-1.2465924983036,-1.20094808903318,-1.15919340770164,
-1.11622662150607,-1.08824770901763,-1.04579406030676,-1.00294633510798,
-0.959794217880739,-0.933655181423843,-0.887173498708926,-0.840267753817376,
-0.793472969169193,-0.747312187553317,-0.708116955146042,-0.664149220165231,
-0.653147154282009,-0.609837926546437,-0.56612875457329,-0.522120209456115,
-0.482578728868243,-0.436620211901644,-0.390332659793871,-0.3441962809035,
-0.298738300424284,-0.257040502590442,-0.21827225676559,-0.176725013600004,
-0.134623871768705,-0.128520251295221,-0.0822342222380596,-0.0356145179361824,
0.),.UNSPECIFIED.);
#1881=B_SPLINE_CURVE_WITH_KNOTS('',3,(#7647,#7648,#7649,#7650,#7651,#7652,
#7653,#7654,#7655,#7656,#7657,#7658,#7659,#7660,#7661,#7662,#7663,#7664,
#7665,#7666,#7667,#7668,#7669,#7670,#7671,#7672,#7673,#7674,#7675,#7676,
#7677,#7678,#7679,#7680,#7681,#7682,#7683,#7684,#7685,#7686,#7687,#7688,
#7689,#7690,#7691,#7692,#7693,#7694,#7695,#7696,#7697,#7698,#7699,#7700,
#7701,#7702,#7703,#7704,#7705,#7706,#7707,#7708,#7709,#7710,#7711,#7712,
#7713,#7714,#7715,#7716,#7717,#7718,#7719,#7720,#7721,#7722,#7723,#7724,
#7725,#7726,#7727,#7728,#7729,#7730,#7731,#7732,#7733,#7734,#7735,#7736,
#7737,#7738,#7739,#7740,#7741,#7742,#7743,#7744,#7745,#7746,#7747,#7748,
#7749,#7750,#7751,#7752,#7753,#7754,#7755,#7756,#7757,#7758),
 .UNSPECIFIED.,.F.,.F.,(4,3,3,3,3,3,3,3,3,3,3,3,3,3,3,3,3,3,3,3,3,3,3,3,
3,3,3,3,3,3,3,3,3,3,3,3,3,4),(0.,0.0451437139056323,0.0903721540422225,
0.135347160798071,0.179585921303074,0.217242110220321,0.225538226277801,
0.270251147284903,0.315875433186657,0.361770693235606,0.407635011596798,
0.4510764525556,0.495180521042856,0.539224698086006,0.582962980915571,0.625964145009812,
0.652061471022325,0.676614678833401,0.721381164856852,0.767076883682774,
0.813039374803773,0.858948303848602,0.902152905111202,0.948404865250398,
0.99293341628307,1.03716745752683,1.08074771729685,1.08716074566798,1.127691131389,
1.17256908620249,1.21822205431584,1.26405630068238,1.30973149976145,1.3532293576668,
1.39724753537761,1.44108892831163,1.48431574625633,1.52262801645568),
 .UNSPECIFIED.);
#1882=B_SPLINE_CURVE_WITH_KNOTS('',3,(#7822,#7823,#7824,#7825,#7826,#7827,
#7828,#7829,#7830),.UNSPECIFIED.,.F.,.F.,(4,1,1,1,1,1,4),(-1.00902440930833,
-0.91800435288214,-0.82698429645595,-0.64494418360357,-0.55392412717738,
-0.46290407075119,-0.371884014325),.UNSPECIFIED.);
#1883=B_SPLINE_CURVE_WITH_KNOTS('',3,(#7832,#7833,#7834,#7835,#7836,#7837,
#7838),.UNSPECIFIED.,.F.,.F.,(4,1,1,1,4),(0.371884014325,0.46290407075119,
0.55392412717738,0.64494418360357,0.690495715567987),.UNSPECIFIED.);
#1884=B_SPLINE_CURVE_WITH_KNOTS('',3,(#7839,#7840,#7841,#7842,#7843,#7844),
 .UNSPECIFIED.,.F.,.F.,(4,1,1,4),(0.690495715567987,0.82698429645595,0.91800435288214,
1.00902440930833),.UNSPECIFIED.);
#1885=B_SPLINE_CURVE_WITH_KNOTS('',3,(#7851,#7852,#7853,#7854,#7855,#7856,
#7857,#7858,#7859,#7860,#7861,#7862,#7863,#7864,#7865,#7866,#7867,#7868,
#7869,#7870,#7871,#7872,#7873,#7874,#7875,#7876,#7877,#7878,#7879,#7880,
#7881,#7882,#7883,#7884,#7885,#7886,#7887,#7888,#7889,#7890,#7891,#7892,
#7893,#7894,#7895,#7896,#7897,#7898,#7899,#7900,#7901,#7902,#7903,#7904,
#7905,#7906,#7907,#7908,#7909,#7910,#7911,#7912,#7913,#7914,#7915,#7916,
#7917,#7918,#7919,#7920,#7921,#7922,#7923,#7924,#7925,#7926,#7927,#7928,
#7929,#7930,#7931,#7932,#7933,#7934,#7935,#7936,#7937,#7938,#7939,#7940,
#7941,#7942,#7943,#7944,#7945,#7946,#7947,#7948,#7949,#7950,#7951,#7952,
#7953,#7954,#7955,#7956,#7957,#7958,#7959,#7960,#7961,#7962,#7963,#7964,
#7965),.UNSPECIFIED.,.F.,.F.,(4,3,3,3,3,3,3,3,3,3,3,3,3,3,3,3,3,3,3,3,3,
3,3,3,3,3,3,3,3,3,3,3,3,3,3,3,3,3,4),(-1.36601390801816,-1.31748719452496,
-1.26884462169649,-1.22060765610754,-1.17335606463022,-1.15919340770164,
-1.14845622582313,-1.10485592872023,-1.06038855644531,-1.01562772913618,
-0.970784564798471,-0.933655181423843,-0.889238132808569,-0.844803077604892,
-0.800634026685004,-0.757077583585477,-0.71352114048595,-0.708116955146043,
-0.663528651477291,-0.617939631777147,-0.572024127790077,-0.52606563631955,
-0.482578728868242,-0.437239754588489,-0.391790729804012,-0.346600161772127,
-0.302131253749086,-0.278408962283068,-0.257040502590443,-0.21392339715,
-0.170256843089,-0.128520251295222,-0.0827508591989501,-0.0369643287710326,
0.,0.0435153911993828,0.0868302680386189,0.129577361137688,0.15718832724322),
 .UNSPECIFIED.);
#1886=B_SPLINE_CURVE_WITH_KNOTS('',3,(#7967,#7968,#7969,#7970,#7971,#7972,
#7973,#7974,#7975,#7976,#7977,#7978,#7979,#7980,#7981,#7982,#7983,#7984,
#7985,#7986,#7987,#7988,#7989,#7990,#7991,#7992,#7993,#7994,#7995,#7996,
#7997,#7998,#7999,#8000,#8001,#8002,#8003,#8004,#8005,#8006,#8007,#8008,
#8009),.UNSPECIFIED.,.F.,.F.,(4,3,3,3,3,3,3,3,3,3,3,3,3,3,4),(-1.82005694837872,
-1.77464278012172,-1.72915629344229,-1.68392640811386,-1.63939980924093,
-1.61026986025725,-1.58348094356492,-1.53736527994138,-1.49020198809264,
-1.44279809402493,-1.40440600102155,-1.39116621324505,-1.38519098064559,
-1.37992488989732,-1.36601390801816),.UNSPECIFIED.);
#1887=B_SPLINE_CURVE_WITH_KNOTS('',3,(#8010,#8011,#8012,#8013,#8014,#8015,
#8016,#8017,#8018,#8019,#8020,#8021,#8022,#8023,#8024,#8025,#8026,#8027,
#8028,#8029,#8030,#8031,#8032,#8033,#8034,#8035,#8036,#8037,#8038,#8039,
#8040,#8041,#8042,#8043,#8044,#8045,#8046,#8047,#8048,#8049,#8050,#8051,
#8052,#8053,#8054,#8055,#8056,#8057,#8058,#8059,#8060,#8061,#8062,#8063,
#8064,#8065,#8066,#8067,#8068,#8069,#8070,#8071,#8072,#8073,#8074,#8075,
#8076,#8077,#8078,#8079,#8080,#8081,#8082,#8083,#8084,#8085,#8086,#8087,
#8088,#8089,#8090,#8091),.UNSPECIFIED.,.F.,.F.,(4,3,3,3,3,3,3,3,3,3,3,3,
3,3,3,3,3,3,3,3,3,3,3,3,3,3,3,4),(0.750903732167375,0.794253510686828,0.837995056591404,
0.882040099755286,0.902152905111202,0.947763189734559,0.993789859591178,
1.03974044497628,1.08514346325831,1.127691131389,1.17139029343095,1.18649746804815,
1.22963509144313,1.2731711520248,1.31700132948507,1.3532293576668,1.39954559061108,
1.44622486348548,1.49275792748195,1.538611749671,1.5787675839446,1.62165601618948,
1.66422048696821,1.70755127416354,1.75114641137494,1.79481611557048,1.8043058102224,
1.82005694837872),.UNSPECIFIED.);
#1888=B_SPLINE_CURVE_WITH_KNOTS('',3,(#8231,#8232,#8233,#8234,#8235,#8236,
#8237,#8238,#8239,#8240,#8241,#8242),.UNSPECIFIED.,.F.,.F.,(4,1,1,1,1,1,
1,1,1,4),(-0.990137812488024,-0.848909730387763,-0.707424775323136,-0.565939820258509,
-0.424454865193882,-0.141484955064627,0.141484955064627,0.424454865193882,
0.707424775323136,0.990394685452391),.UNSPECIFIED.);
#1889=B_SPLINE_CURVE_WITH_KNOTS('',3,(#8245,#8246,#8247,#8248,#8249,#8250,
#8251,#8252,#8253,#8254,#8255,#8256),.UNSPECIFIED.,.T.,.F.,(4,1,1,1,1,1,
1,1,1,4),(-0.990394685452391,-0.707424775323136,-0.424454865193882,-0.141484955064627,
0.141484955064627,0.424454865193882,0.565939820258509,0.707424775323136,
0.848909730387763,0.990394685452391),.UNSPECIFIED.);
#1890=B_SPLINE_CURVE_WITH_KNOTS('',3,(#8285,#8286,#8287,#8288,#8289,#8290,
#8291,#8292,#8293,#8294),.UNSPECIFIED.,.F.,.F.,(4,2,2,2,4),(0.241092543974508,
0.316091191550954,0.392232522779605,0.456806256692021,0.505238245720492),
 .UNSPECIFIED.);
#1891=B_SPLINE_CURVE_WITH_KNOTS('',3,(#8307,#8308,#8309,#8310,#8311,#8312,
#8313,#8314,#8315,#8316),.UNSPECIFIED.,.F.,.F.,(4,2,2,2,4),(0.505238245720492,
0.553670234748963,0.618243968661378,0.694385299890029,0.769383947466475),
 .UNSPECIFIED.);
#1892=B_SPLINE_CURVE_WITH_KNOTS('',3,(#8450,#8451,#8452,#8453,#8454,#8455),
 .UNSPECIFIED.,.F.,.F.,(4,2,4),(1.40124406454524,1.43181445140905,1.57544436703158),
 .UNSPECIFIED.);
#1893=B_SPLINE_CURVE_WITH_KNOTS('',3,(#8459,#8460,#8461,#8462,#8463,#8464),
 .UNSPECIFIED.,.F.,.F.,(4,2,4),(0.227908024185852,0.288922607346371,0.342951874501495),
 .UNSPECIFIED.);
#1894=B_SPLINE_CURVE_WITH_KNOTS('',3,(#8475,#8476,#8477,#8478,#8479,#8480,
#8481,#8482,#8483,#8484),.UNSPECIFIED.,.F.,.F.,(4,2,2,2,4),(0.46037636077521,
0.513961256466747,0.571388287778859,0.631830114204049,0.692844697364568),
 .UNSPECIFIED.);
#1895=B_SPLINE_CURVE_WITH_KNOTS('',3,(#8647,#8648,#8649,#8650),
 .UNSPECIFIED.,.F.,.F.,(4,4),(-0.180492209633434,-0.0263714516811995),
 .UNSPECIFIED.);
#1896=B_SPLINE_CURVE_WITH_KNOTS('',3,(#8984,#8985,#8986,#8987),
 .UNSPECIFIED.,.F.,.F.,(4,4),(0.639770779246696,0.666692327670421),
 .UNSPECIFIED.);
#1897=B_SPLINE_CURVE_WITH_KNOTS('',3,(#9029,#9030,#9031,#9032,#9033,#9034,
#9035,#9036,#9037,#9038,#9039,#9040),.UNSPECIFIED.,.F.,.F.,(4,2,2,2,2,4),
(-0.000675199329983544,0.,0.114781031563657,0.189527693043767,0.247532537798947,
0.256153573643882),.UNSPECIFIED.);
#1898=B_SPLINE_CURVE_WITH_KNOTS('',3,(#9061,#9062,#9063,#9064,#9065,#9066,
#9067,#9068),.UNSPECIFIED.,.F.,.F.,(4,2,2,4),(-0.000837079868361178,0.,
0.0666122939857562,0.129297158078913),.UNSPECIFIED.);
#1899=B_SPLINE_CURVE_WITH_KNOTS('',3,(#9071,#9072,#9073,#9074,#9075,#9076,
#9077,#9078,#9079,#9080,#9081,#9082),.UNSPECIFIED.,.F.,.F.,(4,2,2,2,2,4),
(-0.141680181328186,-0.0891937539323251,-0.0466834180670749,-0.0199855996351516,
-0.00797899280070576,-1.14235782947437E-5),.UNSPECIFIED.);
#1900=VERTEX_POINT('',#6894);
#1901=VERTEX_POINT('',#6895);
#1902=VERTEX_POINT('',#6906);
#1903=VERTEX_POINT('',#6908);
#1904=VERTEX_POINT('',#6910);
#1905=VERTEX_POINT('',#6912);
#1906=VERTEX_POINT('',#6914);
#1907=VERTEX_POINT('',#6918);
#1908=VERTEX_POINT('',#6920);
#1909=VERTEX_POINT('',#6924);
#1910=VERTEX_POINT('',#6925);
#1911=VERTEX_POINT('',#6927);
#1912=VERTEX_POINT('',#6929);
#1913=VERTEX_POINT('',#6933);
#1914=VERTEX_POINT('',#6935);
#1915=VERTEX_POINT('',#6940);
#1916=VERTEX_POINT('',#6941);
#1917=VERTEX_POINT('',#6943);
#1918=VERTEX_POINT('',#6945);
#1919=VERTEX_POINT('',#6949);
#1920=VERTEX_POINT('',#6951);
#1921=VERTEX_POINT('',#6955);
#1922=VERTEX_POINT('',#6957);
#1923=VERTEX_POINT('',#6961);
#1924=VERTEX_POINT('',#6962);
#1925=VERTEX_POINT('',#6967);
#1926=VERTEX_POINT('',#6969);
#1927=VERTEX_POINT('',#6973);
#1928=VERTEX_POINT('',#6974);
#1929=VERTEX_POINT('',#6979);
#1930=VERTEX_POINT('',#6981);
#1931=VERTEX_POINT('',#6985);
#1932=VERTEX_POINT('',#6986);
#1933=VERTEX_POINT('',#6989);
#1934=VERTEX_POINT('',#6993);
#1935=VERTEX_POINT('',#6995);
#1936=VERTEX_POINT('',#6999);
#1937=VERTEX_POINT('',#7000);
#1938=VERTEX_POINT('',#7005);
#1939=VERTEX_POINT('',#7007);
#1940=VERTEX_POINT('',#7011);
#1941=VERTEX_POINT('',#7012);
#1942=VERTEX_POINT('',#7015);
#1943=VERTEX_POINT('',#7019);
#1944=VERTEX_POINT('',#7021);
#1945=VERTEX_POINT('',#7025);
#1946=VERTEX_POINT('',#7026);
#1947=VERTEX_POINT('',#7031);
#1948=VERTEX_POINT('',#7033);
#1949=VERTEX_POINT('',#7037);
#1950=VERTEX_POINT('',#7038);
#1951=VERTEX_POINT('',#7043);
#1952=VERTEX_POINT('',#7045);
#1953=VERTEX_POINT('',#7049);
#1954=VERTEX_POINT('',#7050);
#1955=VERTEX_POINT('',#7053);
#1956=VERTEX_POINT('',#7057);
#1957=VERTEX_POINT('',#7059);
#1958=VERTEX_POINT('',#7061);
#1959=VERTEX_POINT('',#7065);
#1960=VERTEX_POINT('',#7069);
#1961=VERTEX_POINT('',#7073);
#1962=VERTEX_POINT('',#7077);
#1963=VERTEX_POINT('',#7081);
#1964=VERTEX_POINT('',#7085);
#1965=VERTEX_POINT('',#7096);
#1966=VERTEX_POINT('',#7098);
#1967=VERTEX_POINT('',#7100);
#1968=VERTEX_POINT('',#7104);
#1969=VERTEX_POINT('',#7105);
#1970=VERTEX_POINT('',#7107);
#1971=VERTEX_POINT('',#7109);
#1972=VERTEX_POINT('',#7111);
#1973=VERTEX_POINT('',#7115);
#1974=VERTEX_POINT('',#7117);
#1975=VERTEX_POINT('',#7121);
#1976=VERTEX_POINT('',#7122);
#1977=VERTEX_POINT('',#7127);
#1978=VERTEX_POINT('',#7129);
#1979=VERTEX_POINT('',#7133);
#1980=VERTEX_POINT('',#7134);
#1981=VERTEX_POINT('',#7139);
#1982=VERTEX_POINT('',#7141);
#1983=VERTEX_POINT('',#7145);
#1984=VERTEX_POINT('',#7146);
#1985=VERTEX_POINT('',#7149);
#1986=VERTEX_POINT('',#7153);
#1987=VERTEX_POINT('',#7155);
#1988=VERTEX_POINT('',#7157);
#1989=VERTEX_POINT('',#7161);
#1990=VERTEX_POINT('',#7165);
#1991=VERTEX_POINT('',#7169);
#1992=VERTEX_POINT('',#7173);
#1993=VERTEX_POINT('',#7177);
#1994=VERTEX_POINT('',#7181);
#1995=VERTEX_POINT('',#7183);
#1996=VERTEX_POINT('',#7187);
#1997=VERTEX_POINT('',#7188);
#1998=VERTEX_POINT('',#7190);
#1999=VERTEX_POINT('',#7192);
#2000=VERTEX_POINT('',#7203);
#2001=VERTEX_POINT('',#7205);
#2002=VERTEX_POINT('',#7207);
#2003=VERTEX_POINT('',#7209);
#2004=VERTEX_POINT('',#7212);
#2005=VERTEX_POINT('',#7214);
#2006=VERTEX_POINT('',#7216);
#2007=VERTEX_POINT('',#7218);
#2008=VERTEX_POINT('',#7220);
#2009=VERTEX_POINT('',#7222);
#2010=VERTEX_POINT('',#7224);
#2011=VERTEX_POINT('',#7226);
#2012=VERTEX_POINT('',#7228);
#2013=VERTEX_POINT('',#7230);
#2014=VERTEX_POINT('',#7232);
#2015=VERTEX_POINT('',#7234);
#2016=VERTEX_POINT('',#7236);
#2017=VERTEX_POINT('',#7238);
#2018=VERTEX_POINT('',#7240);
#2019=VERTEX_POINT('',#7242);
#2020=VERTEX_POINT('',#7244);
#2021=VERTEX_POINT('',#7247);
#2022=VERTEX_POINT('',#7249);
#2023=VERTEX_POINT('',#7252);
#2024=VERTEX_POINT('',#7254);
#2025=VERTEX_POINT('',#7256);
#2026=VERTEX_POINT('',#7259);
#2027=VERTEX_POINT('',#7263);
#2028=VERTEX_POINT('',#7264);
#2029=VERTEX_POINT('',#7266);
#2030=VERTEX_POINT('',#7270);
#2031=VERTEX_POINT('',#7271);
#2032=VERTEX_POINT('',#7276);
#2033=VERTEX_POINT('',#7280);
#2034=VERTEX_POINT('',#7287);
#2035=VERTEX_POINT('',#7288);
#2036=VERTEX_POINT('',#7293);
#2037=VERTEX_POINT('',#7294);
#2038=VERTEX_POINT('',#7361);
#2039=VERTEX_POINT('',#7365);
#2040=VERTEX_POINT('',#7368);
#2041=VERTEX_POINT('',#7370);
#2042=VERTEX_POINT('',#7372);
#2043=VERTEX_POINT('',#7374);
#2044=VERTEX_POINT('',#7376);
#2045=VERTEX_POINT('',#7378);
#2046=VERTEX_POINT('',#7380);
#2047=VERTEX_POINT('',#7382);
#2048=VERTEX_POINT('',#7385);
#2049=VERTEX_POINT('',#7387);
#2050=VERTEX_POINT('',#7389);
#2051=VERTEX_POINT('',#7391);
#2052=VERTEX_POINT('',#7393);
#2053=VERTEX_POINT('',#7395);
#2054=VERTEX_POINT('',#7397);
#2055=VERTEX_POINT('',#7400);
#2056=VERTEX_POINT('',#7402);
#2057=VERTEX_POINT('',#7403);
#2058=VERTEX_POINT('',#7414);
#2059=VERTEX_POINT('',#7421);
#2060=VERTEX_POINT('',#7466);
#2061=VERTEX_POINT('',#7467);
#2062=VERTEX_POINT('',#7469);
#2063=VERTEX_POINT('',#7471);
#2064=VERTEX_POINT('',#7474);
#2065=VERTEX_POINT('',#7528);
#2066=VERTEX_POINT('',#7530);
#2067=VERTEX_POINT('',#7646);
#2068=VERTEX_POINT('',#7761);
#2069=VERTEX_POINT('',#7765);
#2070=VERTEX_POINT('',#7831);
#2071=VERTEX_POINT('',#7846);
#2072=VERTEX_POINT('',#7847);
#2073=VERTEX_POINT('',#7850);
#2074=VERTEX_POINT('',#7966);
#2075=VERTEX_POINT('',#8165);
#2076=VERTEX_POINT('',#8166);
#2077=VERTEX_POINT('',#8230);
#2078=VERTEX_POINT('',#8243);
#2079=VERTEX_POINT('',#8258);
#2080=VERTEX_POINT('',#8263);
#2081=VERTEX_POINT('',#8267);
#2082=VERTEX_POINT('',#8271);
#2083=VERTEX_POINT('',#8272);
#2084=VERTEX_POINT('',#8274);
#2085=VERTEX_POINT('',#8278);
#2086=VERTEX_POINT('',#8279);
#2087=VERTEX_POINT('',#8284);
#2088=VERTEX_POINT('',#8305);
#2089=VERTEX_POINT('',#8306);
#2090=VERTEX_POINT('',#8320);
#2091=VERTEX_POINT('',#8322);
#2092=VERTEX_POINT('',#8328);
#2093=VERTEX_POINT('',#8338);
#2094=VERTEX_POINT('',#8344);
#2095=VERTEX_POINT('',#8346);
#2096=VERTEX_POINT('',#8348);
#2097=VERTEX_POINT('',#8350);
#2098=VERTEX_POINT('',#8352);
#2099=VERTEX_POINT('',#8354);
#2100=VERTEX_POINT('',#8357);
#2101=VERTEX_POINT('',#8360);
#2102=VERTEX_POINT('',#8369);
#2103=VERTEX_POINT('',#8371);
#2104=VERTEX_POINT('',#8375);
#2105=VERTEX_POINT('',#8377);
#2106=VERTEX_POINT('',#8381);
#2107=VERTEX_POINT('',#8408);
#2108=VERTEX_POINT('',#8410);
#2109=VERTEX_POINT('',#8414);
#2110=VERTEX_POINT('',#8415);
#2111=VERTEX_POINT('',#8417);
#2112=VERTEX_POINT('',#8421);
#2113=VERTEX_POINT('',#8423);
#2114=VERTEX_POINT('',#8427);
#2115=VERTEX_POINT('',#8428);
#2116=VERTEX_POINT('',#8449);
#2117=VERTEX_POINT('',#8457);
#2118=VERTEX_POINT('',#8474);
#2119=VERTEX_POINT('',#8498);
#2120=VERTEX_POINT('',#8504);
#2121=VERTEX_POINT('',#8508);
#2122=VERTEX_POINT('',#8511);
#2123=VERTEX_POINT('',#8515);
#2124=VERTEX_POINT('',#8518);
#2125=VERTEX_POINT('',#8522);
#2126=VERTEX_POINT('',#8527);
#2127=VERTEX_POINT('',#8535);
#2128=VERTEX_POINT('',#8539);
#2129=VERTEX_POINT('',#8545);
#2130=VERTEX_POINT('',#8549);
#2131=VERTEX_POINT('',#8551);
#2132=VERTEX_POINT('',#8555);
#2133=VERTEX_POINT('',#8559);
#2134=VERTEX_POINT('',#8565);
#2135=VERTEX_POINT('',#8569);
#2136=VERTEX_POINT('',#8573);
#2137=VERTEX_POINT('',#8577);
#2138=VERTEX_POINT('',#8581);
#2139=VERTEX_POINT('',#8585);
#2140=VERTEX_POINT('',#8589);
#2141=VERTEX_POINT('',#8593);
#2142=VERTEX_POINT('',#8605);
#2143=VERTEX_POINT('',#8606);
#2144=VERTEX_POINT('',#8608);
#2145=VERTEX_POINT('',#8610);
#2146=VERTEX_POINT('',#8612);
#2147=VERTEX_POINT('',#8616);
#2148=VERTEX_POINT('',#8618);
#2149=VERTEX_POINT('',#8622);
#2150=VERTEX_POINT('',#8624);
#2151=VERTEX_POINT('',#8626);
#2152=VERTEX_POINT('',#8628);
#2153=VERTEX_POINT('',#8630);
#2154=VERTEX_POINT('',#8632);
#2155=VERTEX_POINT('',#8634);
#2156=VERTEX_POINT('',#8636);
#2157=VERTEX_POINT('',#8638);
#2158=VERTEX_POINT('',#8640);
#2159=VERTEX_POINT('',#8642);
#2160=VERTEX_POINT('',#8644);
#2161=VERTEX_POINT('',#8646);
#2162=VERTEX_POINT('',#8653);
#2163=VERTEX_POINT('',#8655);
#2164=VERTEX_POINT('',#8660);
#2165=VERTEX_POINT('',#8661);
#2166=VERTEX_POINT('',#8663);
#2167=VERTEX_POINT('',#8665);
#2168=VERTEX_POINT('',#8669);
#2169=VERTEX_POINT('',#8671);
#2170=VERTEX_POINT('',#8675);
#2171=VERTEX_POINT('',#8676);
#2172=VERTEX_POINT('',#8681);
#2173=VERTEX_POINT('',#8683);
#2174=VERTEX_POINT('',#8687);
#2175=VERTEX_POINT('',#8688);
#2176=VERTEX_POINT('',#8693);
#2177=VERTEX_POINT('',#8695);
#2178=VERTEX_POINT('',#8699);
#2179=VERTEX_POINT('',#8700);
#2180=VERTEX_POINT('',#8708);
#2181=VERTEX_POINT('',#8710);
#2182=VERTEX_POINT('',#8714);
#2183=VERTEX_POINT('',#8716);
#2184=VERTEX_POINT('',#8718);
#2185=VERTEX_POINT('',#8722);
#2186=VERTEX_POINT('',#8724);
#2187=VERTEX_POINT('',#8726);
#2188=VERTEX_POINT('',#8730);
#2189=VERTEX_POINT('',#8734);
#2190=VERTEX_POINT('',#8736);
#2191=VERTEX_POINT('',#8738);
#2192=VERTEX_POINT('',#8740);
#2193=VERTEX_POINT('',#8742);
#2194=VERTEX_POINT('',#8745);
#2195=VERTEX_POINT('',#8746);
#2196=VERTEX_POINT('',#8748);
#2197=VERTEX_POINT('',#8750);
#2198=VERTEX_POINT('',#8754);
#2199=VERTEX_POINT('',#8757);
#2200=VERTEX_POINT('',#8759);
#2201=VERTEX_POINT('',#8761);
#2202=VERTEX_POINT('',#8763);
#2203=VERTEX_POINT('',#8765);
#2204=VERTEX_POINT('',#8767);
#2205=VERTEX_POINT('',#8769);
#2206=VERTEX_POINT('',#8771);
#2207=VERTEX_POINT('',#8773);
#2208=VERTEX_POINT('',#8775);
#2209=VERTEX_POINT('',#8777);
#2210=VERTEX_POINT('',#8779);
#2211=VERTEX_POINT('',#8781);
#2212=VERTEX_POINT('',#8785);
#2213=VERTEX_POINT('',#8791);
#2214=VERTEX_POINT('',#8792);
#2215=VERTEX_POINT('',#8794);
#2216=VERTEX_POINT('',#8796);
#2217=VERTEX_POINT('',#8800);
#2218=VERTEX_POINT('',#8802);
#2219=VERTEX_POINT('',#8806);
#2220=VERTEX_POINT('',#8808);
#2221=VERTEX_POINT('',#8810);
#2222=VERTEX_POINT('',#8812);
#2223=VERTEX_POINT('',#8814);
#2224=VERTEX_POINT('',#8816);
#2225=VERTEX_POINT('',#8818);
#2226=VERTEX_POINT('',#8820);
#2227=VERTEX_POINT('',#8822);
#2228=VERTEX_POINT('',#8824);
#2229=VERTEX_POINT('',#8827);
#2230=VERTEX_POINT('',#8830);
#2231=VERTEX_POINT('',#8834);
#2232=VERTEX_POINT('',#8836);
#2233=VERTEX_POINT('',#8841);
#2234=VERTEX_POINT('',#8843);
#2235=VERTEX_POINT('',#8847);
#2236=VERTEX_POINT('',#8849);
#2237=VERTEX_POINT('',#8853);
#2238=VERTEX_POINT('',#8855);
#2239=VERTEX_POINT('',#8857);
#2240=VERTEX_POINT('',#8859);
#2241=VERTEX_POINT('',#8861);
#2242=VERTEX_POINT('',#8863);
#2243=VERTEX_POINT('',#8865);
#2244=VERTEX_POINT('',#8869);
#2245=VERTEX_POINT('',#8874);
#2246=VERTEX_POINT('',#8879);
#2247=VERTEX_POINT('',#8881);
#2248=VERTEX_POINT('',#8885);
#2249=VERTEX_POINT('',#8887);
#2250=VERTEX_POINT('',#8889);
#2251=VERTEX_POINT('',#8893);
#2252=VERTEX_POINT('',#8899);
#2253=VERTEX_POINT('',#8903);
#2254=VERTEX_POINT('',#8905);
#2255=VERTEX_POINT('',#8907);
#2256=VERTEX_POINT('',#8911);
#2257=VERTEX_POINT('',#8912);
#2258=VERTEX_POINT('',#8914);
#2259=VERTEX_POINT('',#8916);
#2260=VERTEX_POINT('',#8921);
#2261=VERTEX_POINT('',#8923);
#2262=VERTEX_POINT('',#8925);
#2263=VERTEX_POINT('',#8927);
#2264=VERTEX_POINT('',#8929);
#2265=VERTEX_POINT('',#8931);
#2266=VERTEX_POINT('',#8933);
#2267=VERTEX_POINT('',#8935);
#2268=VERTEX_POINT('',#8937);
#2269=VERTEX_POINT('',#8939);
#2270=VERTEX_POINT('',#8941);
#2271=VERTEX_POINT('',#8943);
#2272=VERTEX_POINT('',#8945);
#2273=VERTEX_POINT('',#8947);
#2274=VERTEX_POINT('',#8949);
#2275=VERTEX_POINT('',#8951);
#2276=VERTEX_POINT('',#8953);
#2277=VERTEX_POINT('',#8955);
#2278=VERTEX_POINT('',#8957);
#2279=VERTEX_POINT('',#8959);
#2280=VERTEX_POINT('',#8961);
#2281=VERTEX_POINT('',#8963);
#2282=VERTEX_POINT('',#8966);
#2283=VERTEX_POINT('',#8968);
#2284=VERTEX_POINT('',#8976);
#2285=VERTEX_POINT('',#8982);
#2286=VERTEX_POINT('',#8989);
#2287=VERTEX_POINT('',#8990);
#2288=VERTEX_POINT('',#8998);
#2289=VERTEX_POINT('',#9021);
#2290=VERTEX_POINT('',#9027);
#2291=VERTEX_POINT('',#9042);
#2292=VERTEX_POINT('',#9044);
#2293=VERTEX_POINT('',#9051);
#2294=VERTEX_POINT('',#9053);
#2295=VERTEX_POINT('',#9060);
#2296=VERTEX_POINT('',#9069);
#2297=VERTEX_POINT('',#9089);
#2298=VERTEX_POINT('',#9098);
#2299=VERTEX_POINT('',#9100);
#2300=VERTEX_POINT('',#9104);
#2301=VERTEX_POINT('',#9105);
#2302=VERTEX_POINT('',#9108);
#2303=VERTEX_POINT('',#9114);
#2304=VERTEX_POINT('',#9116);
#2305=VERTEX_POINT('',#9120);
#2306=VERTEX_POINT('',#9150);
#2307=VERTEX_POINT('',#9152);
#2308=VERTEX_POINT('',#9154);
#2309=VERTEX_POINT('',#9158);
#2310=VERTEX_POINT('',#9162);
#2311=VERTEX_POINT('',#9164);
#2312=VERTEX_POINT('',#9187);
#2313=VERTEX_POINT('',#9230);
#2314=VERTEX_POINT('',#9232);
#2315=VERTEX_POINT('',#9236);
#2316=VERTEX_POINT('',#9241);
#2317=VERTEX_POINT('',#9244);
#2318=VERTEX_POINT('',#9275);
#2319=VERTEX_POINT('',#9277);
#2320=VERTEX_POINT('',#9281);
#2321=VERTEX_POINT('',#9286);
#2322=VERTEX_POINT('',#9289);
#2323=VERTEX_POINT('',#9320);
#2324=VERTEX_POINT('',#9322);
#2325=VERTEX_POINT('',#9326);
#2326=VERTEX_POINT('',#9331);
#2327=VERTEX_POINT('',#9334);
#2328=EDGE_CURVE('',#1900,#1901,#1871,.F.);
#2329=EDGE_CURVE('',#1902,#1901,#1131,.T.);
#2330=EDGE_CURVE('',#1902,#1903,#1132,.T.);
#2331=EDGE_CURVE('',#1904,#1903,#1133,.T.);
#2332=EDGE_CURVE('',#1905,#1904,#1134,.T.);
#2333=EDGE_CURVE('',#1906,#1905,#1135,.T.);
#2334=EDGE_CURVE('',#1900,#1906,#1136,.T.);
#2335=EDGE_CURVE('',#1907,#1906,#127,.T.);
#2336=EDGE_CURVE('',#1908,#1907,#1137,.T.);
#2337=EDGE_CURVE('',#1900,#1908,#128,.T.);
#2338=EDGE_CURVE('',#1909,#1910,#1138,.T.);
#2339=EDGE_CURVE('',#1911,#1910,#129,.T.);
#2340=EDGE_CURVE('',#1912,#1911,#1139,.T.);
#2341=EDGE_CURVE('',#1909,#1912,#130,.T.);
#2342=EDGE_CURVE('',#1913,#1913,#131,.T.);
#2343=EDGE_CURVE('',#1913,#1914,#1140,.T.);
#2344=EDGE_CURVE('',#1914,#1914,#132,.T.);
#2345=EDGE_CURVE('',#1915,#1916,#1141,.F.);
#2346=EDGE_CURVE('',#1916,#1917,#1142,.T.);
#2347=EDGE_CURVE('',#1917,#1918,#1143,.T.);
#2348=EDGE_CURVE('',#1918,#1915,#1144,.T.);
#2349=EDGE_CURVE('',#1917,#1919,#133,.T.);
#2350=EDGE_CURVE('',#1919,#1920,#1145,.T.);
#2351=EDGE_CURVE('',#1920,#1918,#134,.T.);
#2352=EDGE_CURVE('',#1919,#1921,#135,.T.);
#2353=EDGE_CURVE('',#1921,#1922,#1146,.T.);
#2354=EDGE_CURVE('',#1922,#1920,#136,.T.);
#2355=EDGE_CURVE('',#1923,#1924,#1147,.T.);
#2356=EDGE_CURVE('',#1924,#1922,#1148,.T.);
#2357=EDGE_CURVE('',#1921,#1923,#1149,.T.);
#2358=EDGE_CURVE('',#1923,#1925,#137,.T.);
#2359=EDGE_CURVE('',#1925,#1926,#1150,.T.);
#2360=EDGE_CURVE('',#1926,#1924,#138,.T.);
#2361=EDGE_CURVE('',#1927,#1928,#1151,.T.);
#2362=EDGE_CURVE('',#1928,#1926,#1152,.T.);
#2363=EDGE_CURVE('',#1925,#1927,#1153,.T.);
#2364=EDGE_CURVE('',#1927,#1929,#139,.T.);
#2365=EDGE_CURVE('',#1929,#1930,#1154,.T.);
#2366=EDGE_CURVE('',#1930,#1928,#140,.T.);
#2367=EDGE_CURVE('',#1931,#1932,#1155,.T.);
#2368=EDGE_CURVE('',#1932,#1930,#1156,.T.);
#2369=EDGE_CURVE('',#1929,#1933,#1157,.T.);
#2370=EDGE_CURVE('',#1931,#1933,#1158,.T.);
#2371=EDGE_CURVE('',#1931,#1934,#141,.F.);
#2372=EDGE_CURVE('',#1934,#1935,#1159,.T.);
#2373=EDGE_CURVE('',#1935,#1932,#142,.T.);
#2374=EDGE_CURVE('',#1936,#1937,#1160,.T.);
#2375=EDGE_CURVE('',#1937,#1935,#1161,.T.);
#2376=EDGE_CURVE('',#1936,#1934,#1162,.T.);
#2377=EDGE_CURVE('',#1936,#1938,#143,.F.);
#2378=EDGE_CURVE('',#1938,#1939,#1163,.T.);
#2379=EDGE_CURVE('',#1939,#1937,#144,.T.);
#2380=EDGE_CURVE('',#1940,#1941,#1164,.T.);
#2381=EDGE_CURVE('',#1941,#1939,#1165,.T.);
#2382=EDGE_CURVE('',#1942,#1938,#1166,.T.);
#2383=EDGE_CURVE('',#1942,#1940,#1167,.T.);
#2384=EDGE_CURVE('',#1940,#1943,#145,.T.);
#2385=EDGE_CURVE('',#1943,#1944,#1168,.T.);
#2386=EDGE_CURVE('',#1944,#1941,#146,.T.);
#2387=EDGE_CURVE('',#1945,#1946,#1169,.T.);
#2388=EDGE_CURVE('',#1946,#1944,#1170,.T.);
#2389=EDGE_CURVE('',#1943,#1945,#1171,.T.);
#2390=EDGE_CURVE('',#1945,#1947,#147,.T.);
#2391=EDGE_CURVE('',#1947,#1948,#1172,.T.);
#2392=EDGE_CURVE('',#1948,#1946,#148,.T.);
#2393=EDGE_CURVE('',#1949,#1950,#1173,.T.);
#2394=EDGE_CURVE('',#1950,#1948,#1174,.T.);
#2395=EDGE_CURVE('',#1947,#1949,#1175,.T.);
#2396=EDGE_CURVE('',#1949,#1951,#149,.T.);
#2397=EDGE_CURVE('',#1951,#1952,#1176,.T.);
#2398=EDGE_CURVE('',#1952,#1950,#150,.T.);
#2399=EDGE_CURVE('',#1953,#1954,#1177,.F.);
#2400=EDGE_CURVE('',#1954,#1952,#1178,.T.);
#2401=EDGE_CURVE('',#1951,#1955,#1179,.T.);
#2402=EDGE_CURVE('',#1953,#1955,#1180,.T.);
#2403=EDGE_CURVE('',#1956,#1951,#1181,.T.);
#2404=EDGE_CURVE('',#1957,#1956,#1182,.T.);
#2405=EDGE_CURVE('',#1958,#1957,#1183,.T.);
#2406=EDGE_CURVE('',#1955,#1958,#151,.T.);
#2407=EDGE_CURVE('',#1949,#1959,#1184,.T.);
#2408=EDGE_CURVE('',#1959,#1956,#152,.T.);
#2409=EDGE_CURVE('',#1960,#1947,#1185,.T.);
#2410=EDGE_CURVE('',#1959,#1960,#1186,.T.);
#2411=EDGE_CURVE('',#1945,#1961,#1187,.T.);
#2412=EDGE_CURVE('',#1961,#1960,#153,.T.);
#2413=EDGE_CURVE('',#1962,#1943,#1188,.T.);
#2414=EDGE_CURVE('',#1961,#1962,#1189,.T.);
#2415=EDGE_CURVE('',#1940,#1963,#1190,.T.);
#2416=EDGE_CURVE('',#1963,#1962,#154,.T.);
#2417=EDGE_CURVE('',#1964,#1942,#1872,.T.);
#2418=EDGE_CURVE('',#1965,#1964,#1191,.T.);
#2419=EDGE_CURVE('',#1966,#1965,#1192,.T.);
#2420=EDGE_CURVE('',#1967,#1966,#1193,.T.);
#2421=EDGE_CURVE('',#1963,#1967,#1194,.T.);
#2422=EDGE_CURVE('',#1968,#1969,#1195,.F.);
#2423=EDGE_CURVE('',#1970,#1969,#1196,.T.);
#2424=EDGE_CURVE('',#1970,#1971,#1197,.T.);
#2425=EDGE_CURVE('',#1971,#1972,#1198,.T.);
#2426=EDGE_CURVE('',#1972,#1968,#1199,.T.);
#2427=EDGE_CURVE('',#1971,#1973,#155,.T.);
#2428=EDGE_CURVE('',#1973,#1974,#1200,.T.);
#2429=EDGE_CURVE('',#1974,#1972,#156,.T.);
#2430=EDGE_CURVE('',#1975,#1976,#1201,.T.);
#2431=EDGE_CURVE('',#1976,#1974,#1202,.T.);
#2432=EDGE_CURVE('',#1973,#1975,#1203,.T.);
#2433=EDGE_CURVE('',#1975,#1977,#157,.T.);
#2434=EDGE_CURVE('',#1977,#1978,#1204,.T.);
#2435=EDGE_CURVE('',#1978,#1976,#158,.T.);
#2436=EDGE_CURVE('',#1979,#1980,#1205,.T.);
#2437=EDGE_CURVE('',#1980,#1978,#1206,.T.);
#2438=EDGE_CURVE('',#1977,#1979,#1207,.T.);
#2439=EDGE_CURVE('',#1979,#1981,#159,.T.);
#2440=EDGE_CURVE('',#1981,#1982,#1208,.T.);
#2441=EDGE_CURVE('',#1982,#1980,#160,.T.);
#2442=EDGE_CURVE('',#1983,#1984,#1209,.F.);
#2443=EDGE_CURVE('',#1984,#1982,#1210,.T.);
#2444=EDGE_CURVE('',#1981,#1985,#1211,.T.);
#2445=EDGE_CURVE('',#1983,#1985,#1212,.T.);
#2446=EDGE_CURVE('',#1986,#1981,#1213,.T.);
#2447=EDGE_CURVE('',#1987,#1986,#1214,.T.);
#2448=EDGE_CURVE('',#1988,#1987,#1215,.T.);
#2449=EDGE_CURVE('',#1985,#1988,#161,.T.);
#2450=EDGE_CURVE('',#1979,#1989,#1216,.T.);
#2451=EDGE_CURVE('',#1989,#1986,#162,.T.);
#2452=EDGE_CURVE('',#1990,#1977,#1217,.T.);
#2453=EDGE_CURVE('',#1989,#1990,#1218,.T.);
#2454=EDGE_CURVE('',#1975,#1991,#1219,.T.);
#2455=EDGE_CURVE('',#1991,#1990,#163,.T.);
#2456=EDGE_CURVE('',#1992,#1973,#1220,.T.);
#2457=EDGE_CURVE('',#1991,#1992,#1221,.T.);
#2458=EDGE_CURVE('',#1971,#1993,#1222,.T.);
#2459=EDGE_CURVE('',#1993,#1992,#164,.T.);
#2460=EDGE_CURVE('',#1994,#1970,#165,.T.);
#2461=EDGE_CURVE('',#1995,#1994,#1223,.T.);
#2462=EDGE_CURVE('',#1993,#1995,#1224,.T.);
#2463=EDGE_CURVE('',#1996,#1997,#166,.T.);
#2464=EDGE_CURVE('',#1997,#1998,#1225,.T.);
#2465=EDGE_CURVE('',#1998,#1999,#1873,.F.);
#2466=EDGE_CURVE('',#1999,#1996,#1226,.T.);
#2467=EDGE_CURVE('',#1905,#2000,#1227,.T.);
#2468=EDGE_CURVE('',#2000,#2001,#167,.T.);
#2469=EDGE_CURVE('',#2002,#2001,#168,.T.);
#2470=EDGE_CURVE('',#2002,#2003,#1228,.T.);
#2471=EDGE_CURVE('',#1911,#2003,#169,.T.);
#2472=EDGE_CURVE('',#1910,#2004,#1229,.T.);
#2473=EDGE_CURVE('',#2004,#2005,#1230,.T.);
#2474=EDGE_CURVE('',#2005,#2006,#170,.T.);
#2475=EDGE_CURVE('',#2007,#2006,#171,.T.);
#2476=EDGE_CURVE('',#2007,#2008,#1231,.T.);
#2477=EDGE_CURVE('',#2009,#2008,#172,.T.);
#2478=EDGE_CURVE('',#2009,#2010,#173,.T.);
#2479=EDGE_CURVE('',#2011,#2010,#174,.T.);
#2480=EDGE_CURVE('',#2011,#2012,#1232,.T.);
#2481=EDGE_CURVE('',#2013,#2012,#175,.T.);
#2482=EDGE_CURVE('',#2013,#2014,#1233,.T.);
#2483=EDGE_CURVE('',#2015,#2014,#176,.T.);
#2484=EDGE_CURVE('',#2015,#2016,#1234,.T.);
#2485=EDGE_CURVE('',#2017,#2016,#177,.T.);
#2486=EDGE_CURVE('',#2017,#2018,#1235,.T.);
#2487=EDGE_CURVE('',#2019,#2018,#178,.T.);
#2488=EDGE_CURVE('',#2020,#2019,#179,.T.);
#2489=EDGE_CURVE('',#2020,#1997,#1236,.T.);
#2490=EDGE_CURVE('',#2021,#1996,#180,.T.);
#2491=EDGE_CURVE('',#2021,#2022,#1237,.T.);
#2492=EDGE_CURVE('',#1907,#2022,#181,.T.);
#2493=EDGE_CURVE('',#2023,#2023,#182,.T.);
#2494=EDGE_CURVE('',#2024,#2024,#183,.T.);
#2495=EDGE_CURVE('',#2025,#2025,#184,.T.);
#2496=EDGE_CURVE('',#2026,#1999,#72,.T.);
#2497=EDGE_CURVE('',#2026,#2021,#1238,.T.);
#2498=EDGE_CURVE('',#2027,#2028,#185,.F.);
#2499=EDGE_CURVE('',#2029,#2027,#186,.F.);
#2500=EDGE_CURVE('',#2028,#2029,#187,.F.);
#2501=EDGE_CURVE('',#2030,#2031,#188,.F.);
#2502=EDGE_CURVE('',#1955,#2030,#189,.T.);
#2503=EDGE_CURVE('',#2031,#1958,#190,.T.);
#2504=EDGE_CURVE('',#2032,#1953,#191,.F.);
#2505=EDGE_CURVE('',#2030,#2032,#1239,.T.);
#2506=EDGE_CURVE('',#1957,#2033,#192,.T.);
#2507=EDGE_CURVE('',#2033,#2031,#1240,.T.);
#2508=EDGE_CURVE('',#2027,#2030,#1241,.T.);
#2509=EDGE_CURVE('',#2031,#2029,#1242,.T.);
#2510=EDGE_CURVE('',#2034,#2035,#193,.T.);
#2511=EDGE_CURVE('',#2035,#2028,#1243,.T.);
#2512=EDGE_CURVE('',#2029,#2034,#1244,.T.);
#2513=EDGE_CURVE('',#2036,#2037,#194,.T.);
#2514=EDGE_CURVE('',#2037,#2027,#195,.T.);
#2515=EDGE_CURVE('',#2028,#2036,#196,.T.);
#2516=EDGE_CURVE('',#1942,#2037,#1874,.T.);
#2517=EDGE_CURVE('',#2036,#1964,#1875,.T.);
#2518=EDGE_CURVE('',#1967,#2038,#1245,.T.);
#2519=EDGE_CURVE('',#2038,#2035,#197,.T.);
#2520=EDGE_CURVE('',#2034,#2033,#1246,.T.);
#2521=EDGE_CURVE('',#2039,#2039,#198,.T.);
#2522=EDGE_CURVE('',#2032,#2040,#1247,.T.);
#2523=EDGE_CURVE('',#2041,#2037,#1248,.T.);
#2524=EDGE_CURVE('',#2042,#2041,#199,.T.);
#2525=EDGE_CURVE('',#2043,#2042,#1249,.T.);
#2526=EDGE_CURVE('',#2044,#2043,#200,.T.);
#2527=EDGE_CURVE('',#2045,#2044,#1250,.T.);
#2528=EDGE_CURVE('',#2046,#2045,#1251,.T.);
#2529=EDGE_CURVE('',#2047,#2046,#201,.T.);
#2530=EDGE_CURVE('',#2047,#1902,#1252,.T.);
#2531=EDGE_CURVE('',#2048,#1901,#202,.T.);
#2532=EDGE_CURVE('',#2049,#2048,#1253,.T.);
#2533=EDGE_CURVE('',#2050,#2049,#1254,.T.);
#2534=EDGE_CURVE('',#2051,#2050,#1255,.T.);
#2535=EDGE_CURVE('',#2052,#2051,#1256,.T.);
#2536=EDGE_CURVE('',#2053,#2052,#203,.T.);
#2537=EDGE_CURVE('',#2054,#2053,#1257,.T.);
#2538=EDGE_CURVE('',#2040,#2054,#1258,.T.);
#2539=EDGE_CURVE('',#2055,#2055,#204,.T.);
#2540=EDGE_CURVE('',#2056,#2057,#1876,.T.);
#2541=EDGE_CURVE('',#2058,#2056,#1877,.T.);
#2542=EDGE_CURVE('',#2059,#2058,#1878,.T.);
#2543=EDGE_CURVE('',#2057,#2059,#1879,.T.);
#2544=EDGE_CURVE('',#2060,#2061,#1259,.T.);
#2545=EDGE_CURVE('',#2062,#2060,#1260,.T.);
#2546=EDGE_CURVE('',#2063,#2062,#1261,.T.);
#2547=EDGE_CURVE('',#2061,#2063,#1262,.T.);
#2548=EDGE_CURVE('',#2064,#2064,#205,.T.);
#2549=EDGE_CURVE('',#1938,#2041,#206,.T.);
#2550=EDGE_CURVE('',#2057,#2065,#207,.T.);
#2551=EDGE_CURVE('',#2065,#2066,#1880,.T.);
#2552=EDGE_CURVE('',#2066,#2067,#1881,.T.);
#2553=EDGE_CURVE('',#2067,#2056,#208,.T.);
#2554=EDGE_CURVE('',#2057,#2068,#209,.T.);
#2555=EDGE_CURVE('',#2068,#2065,#210,.T.);
#2556=EDGE_CURVE('',#2067,#2069,#211,.T.);
#2557=EDGE_CURVE('',#2069,#2056,#212,.T.);
#2558=EDGE_CURVE('',#2067,#2065,#1882,.T.);
#2559=EDGE_CURVE('',#2068,#2070,#1883,.T.);
#2560=EDGE_CURVE('',#2070,#2069,#1884,.T.);
#2561=EDGE_CURVE('',#2071,#2072,#213,.T.);
#2562=EDGE_CURVE('',#2072,#2070,#214,.T.);
#2563=EDGE_CURVE('',#2073,#2068,#1885,.T.);
#2564=EDGE_CURVE('',#2074,#2073,#1886,.T.);
#2565=EDGE_CURVE('',#2069,#2074,#1887,.T.);
#2566=EDGE_CURVE('',#2072,#2071,#215,.T.);
#2567=EDGE_CURVE('',#2059,#2073,#216,.T.);
#2568=EDGE_CURVE('',#2075,#2076,#217,.T.);
#2569=EDGE_CURVE('',#2076,#2066,#218,.T.);
#2570=EDGE_CURVE('',#2076,#2075,#219,.T.);
#2571=EDGE_CURVE('',#2077,#2077,#1888,.T.);
#2572=EDGE_CURVE('',#2078,#2077,#220,.T.);
#2573=EDGE_CURVE('',#2078,#2078,#1889,.T.);
#2574=EDGE_CURVE('',#2079,#2079,#221,.T.);
#2575=EDGE_CURVE('',#2077,#2055,#222,.T.);
#2576=EDGE_CURVE('',#2080,#2080,#223,.T.);
#2577=EDGE_CURVE('',#2080,#2064,#224,.T.);
#2578=EDGE_CURVE('',#2081,#2081,#225,.T.);
#2579=EDGE_CURVE('',#2081,#2080,#1263,.T.);
#2580=EDGE_CURVE('',#2082,#2083,#226,.F.);
#2581=EDGE_CURVE('',#2084,#2082,#227,.F.);
#2582=EDGE_CURVE('',#2083,#2084,#228,.F.);
#2583=EDGE_CURVE('',#2085,#2086,#229,.F.);
#2584=EDGE_CURVE('',#1912,#2085,#230,.F.);
#2585=EDGE_CURVE('',#2086,#1912,#231,.F.);
#2586=EDGE_CURVE('',#1909,#2087,#1890,.F.);
#2587=EDGE_CURVE('',#2085,#2087,#232,.T.);
#2588=EDGE_CURVE('',#2003,#2086,#1264,.T.);
#2589=EDGE_CURVE('',#2082,#2085,#1265,.T.);
#2590=EDGE_CURVE('',#2086,#2084,#1266,.T.);
#2591=EDGE_CURVE('',#2001,#2083,#1267,.T.);
#2592=EDGE_CURVE('',#2084,#2002,#1268,.T.);
#2593=EDGE_CURVE('',#2088,#2089,#1891,.T.);
#2594=EDGE_CURVE('',#2089,#2082,#233,.T.);
#2595=EDGE_CURVE('',#2083,#2088,#234,.T.);
#2596=EDGE_CURVE('',#2005,#2090,#1269,.T.);
#2597=EDGE_CURVE('',#2091,#2090,#235,.T.);
#2598=EDGE_CURVE('',#2006,#2091,#1270,.T.);
#2599=EDGE_CURVE('',#2089,#2087,#1271,.T.);
#2600=EDGE_CURVE('',#2092,#2026,#1272,.T.);
#2601=EDGE_CURVE('',#2022,#2092,#1273,.T.);
#2602=EDGE_CURVE('',#2048,#2092,#236,.F.);
#2603=EDGE_CURVE('',#1908,#2048,#237,.F.);
#2604=EDGE_CURVE('',#2092,#1908,#238,.F.);
#2605=EDGE_CURVE('',#2093,#1998,#1274,.T.);
#2606=EDGE_CURVE('',#2093,#2049,#239,.T.);
#2607=EDGE_CURVE('',#2000,#2088,#1275,.T.);
#2608=EDGE_CURVE('',#2094,#1995,#240,.T.);
#2609=EDGE_CURVE('',#2094,#2095,#1276,.T.);
#2610=EDGE_CURVE('',#2096,#2095,#241,.T.);
#2611=EDGE_CURVE('',#2096,#2097,#242,.T.);
#2612=EDGE_CURVE('',#2098,#2097,#243,.T.);
#2613=EDGE_CURVE('',#2098,#2099,#1277,.T.);
#2614=EDGE_CURVE('',#1987,#2099,#244,.T.);
#2615=EDGE_CURVE('',#2100,#2100,#245,.T.);
#2616=EDGE_CURVE('',#2101,#2054,#246,.F.);
#2617=EDGE_CURVE('',#1994,#2101,#247,.T.);
#2618=EDGE_CURVE('',#2054,#1970,#248,.T.);
#2619=EDGE_CURVE('',#2101,#2094,#1278,.T.);
#2620=EDGE_CURVE('',#1969,#2040,#249,.F.);
#2621=EDGE_CURVE('',#2053,#2102,#250,.F.);
#2622=EDGE_CURVE('',#2103,#2053,#251,.F.);
#2623=EDGE_CURVE('',#2102,#2103,#252,.F.);
#2624=EDGE_CURVE('',#2052,#2104,#253,.F.);
#2625=EDGE_CURVE('',#2105,#2052,#254,.F.);
#2626=EDGE_CURVE('',#2104,#2105,#255,.F.);
#2627=EDGE_CURVE('',#2051,#2106,#256,.F.);
#2628=EDGE_CURVE('',#1985,#2051,#257,.T.);
#2629=EDGE_CURVE('',#2106,#1988,#258,.T.);
#2630=EDGE_CURVE('',#2050,#1983,#259,.F.);
#2631=EDGE_CURVE('',#2099,#2106,#1279,.T.);
#2632=EDGE_CURVE('',#2106,#2105,#1280,.T.);
#2633=EDGE_CURVE('',#2097,#2104,#1281,.T.);
#2634=EDGE_CURVE('',#2105,#2098,#1282,.T.);
#2635=EDGE_CURVE('',#2104,#2103,#260,.T.);
#2636=EDGE_CURVE('',#2095,#2102,#1283,.T.);
#2637=EDGE_CURVE('',#2103,#2096,#1284,.T.);
#2638=EDGE_CURVE('',#2102,#2101,#1285,.T.);
#2639=EDGE_CURVE('',#1917,#2020,#1286,.T.);
#2640=EDGE_CURVE('',#2019,#1919,#1287,.T.);
#2641=EDGE_CURVE('',#2018,#1921,#1288,.T.);
#2642=EDGE_CURVE('',#2107,#2091,#261,.F.);
#2643=EDGE_CURVE('',#2108,#2107,#262,.F.);
#2644=EDGE_CURVE('',#2091,#2108,#263,.F.);
#2645=EDGE_CURVE('',#2109,#2110,#264,.F.);
#2646=EDGE_CURVE('',#2111,#2109,#265,.F.);
#2647=EDGE_CURVE('',#2110,#2111,#266,.F.);
#2648=EDGE_CURVE('',#2046,#2112,#267,.F.);
#2649=EDGE_CURVE('',#2113,#2046,#268,.F.);
#2650=EDGE_CURVE('',#2112,#2113,#269,.F.);
#2651=EDGE_CURVE('',#2114,#2115,#270,.T.);
#2652=EDGE_CURVE('',#2045,#2114,#271,.F.);
#2653=EDGE_CURVE('',#1933,#2045,#272,.T.);
#2654=EDGE_CURVE('',#1933,#2115,#273,.T.);
#2655=EDGE_CURVE('',#2114,#2113,#1289,.T.);
#2656=EDGE_CURVE('',#1934,#2043,#274,.T.);
#2657=EDGE_CURVE('',#2044,#1931,#275,.T.);
#2658=EDGE_CURVE('',#2042,#1936,#276,.T.);
#2659=EDGE_CURVE('',#2012,#2114,#1290,.T.);
#2660=EDGE_CURVE('',#2115,#2013,#1291,.T.);
#2661=EDGE_CURVE('',#2010,#2112,#1292,.T.);
#2662=EDGE_CURVE('',#2113,#2011,#1293,.T.);
#2663=EDGE_CURVE('',#2047,#2116,#1892,.F.);
#2664=EDGE_CURVE('',#2112,#2111,#277,.T.);
#2665=EDGE_CURVE('',#2109,#2117,#278,.T.);
#2666=EDGE_CURVE('',#2116,#2117,#1893,.F.);
#2667=EDGE_CURVE('',#2008,#2110,#1294,.T.);
#2668=EDGE_CURVE('',#2111,#2009,#1295,.T.);
#2669=EDGE_CURVE('',#2107,#2109,#1296,.T.);
#2670=EDGE_CURVE('',#2110,#2108,#1297,.T.);
#2671=EDGE_CURVE('',#2108,#2007,#1298,.T.);
#2672=EDGE_CURVE('',#2090,#2118,#1894,.T.);
#2673=EDGE_CURVE('',#2118,#2107,#279,.T.);
#2674=EDGE_CURVE('',#2118,#2117,#1299,.T.);
#2675=EDGE_CURVE('',#1927,#2015,#1300,.T.);
#2676=EDGE_CURVE('',#2014,#1929,#1301,.T.);
#2677=EDGE_CURVE('',#1923,#2017,#1302,.T.);
#2678=EDGE_CURVE('',#2016,#1925,#1303,.T.);
#2679=EDGE_CURVE('',#2119,#1966,#1304,.T.);
#2680=EDGE_CURVE('',#2119,#2038,#1305,.T.);
#2681=EDGE_CURVE('',#1965,#2119,#280,.T.);
#2682=EDGE_CURVE('',#2079,#2120,#1306,.T.);
#2683=EDGE_CURVE('',#2120,#2120,#281,.T.);
#2684=EDGE_CURVE('',#2121,#2121,#282,.T.);
#2685=EDGE_CURVE('',#2075,#2122,#1307,.T.);
#2686=EDGE_CURVE('',#2122,#2122,#283,.T.);
#2687=EDGE_CURVE('',#2123,#2123,#284,.T.);
#2688=EDGE_CURVE('',#2071,#2124,#1308,.T.);
#2689=EDGE_CURVE('',#2124,#2124,#285,.T.);
#2690=EDGE_CURVE('',#2125,#2125,#286,.T.);
#2691=EDGE_CURVE('',#2126,#2126,#287,.T.);
#2692=EDGE_CURVE('',#2116,#2127,#1309,.T.);
#2693=EDGE_CURVE('',#1903,#2127,#1310,.T.);
#2694=EDGE_CURVE('',#2127,#2128,#1311,.T.);
#2695=EDGE_CURVE('',#2004,#2128,#1312,.T.);
#2696=EDGE_CURVE('',#2128,#1904,#1313,.T.);
#2697=EDGE_CURVE('',#2129,#2129,#288,.T.);
#2698=EDGE_CURVE('',#2129,#2023,#1314,.T.);
#2699=EDGE_CURVE('',#2060,#2130,#1315,.T.);
#2700=EDGE_CURVE('',#2131,#2130,#1316,.T.);
#2701=EDGE_CURVE('',#2062,#2131,#1317,.T.);
#2702=EDGE_CURVE('',#2132,#2131,#1318,.T.);
#2703=EDGE_CURVE('',#2063,#2132,#1319,.T.);
#2704=EDGE_CURVE('',#2133,#2132,#1320,.T.);
#2705=EDGE_CURVE('',#2061,#2133,#1321,.T.);
#2706=EDGE_CURVE('',#2130,#2133,#1322,.T.);
#2707=EDGE_CURVE('',#2134,#2134,#289,.T.);
#2708=EDGE_CURVE('',#2134,#2024,#1323,.T.);
#2709=EDGE_CURVE('',#2135,#2135,#290,.T.);
#2710=EDGE_CURVE('',#2135,#2125,#1324,.T.);
#2711=EDGE_CURVE('',#2136,#2136,#291,.T.);
#2712=EDGE_CURVE('',#2136,#2126,#1325,.T.);
#2713=EDGE_CURVE('',#2137,#2137,#292,.T.);
#2714=EDGE_CURVE('',#2137,#2039,#1326,.T.);
#2715=EDGE_CURVE('',#2138,#2138,#293,.T.);
#2716=EDGE_CURVE('',#2138,#2100,#1327,.T.);
#2717=EDGE_CURVE('',#2139,#2139,#294,.T.);
#2718=EDGE_CURVE('',#2139,#2121,#1328,.T.);
#2719=EDGE_CURVE('',#2140,#2140,#295,.T.);
#2720=EDGE_CURVE('',#2140,#2025,#1329,.T.);
#2721=EDGE_CURVE('',#2141,#2141,#296,.T.);
#2722=EDGE_CURVE('',#2141,#2123,#1330,.T.);
#2723=EDGE_CURVE('',#2093,#1916,#1331,.T.);
#2724=EDGE_CURVE('',#1984,#1915,#1332,.T.);
#2725=EDGE_CURVE('',#1954,#1968,#1333,.T.);
#2726=EDGE_CURVE('',#2142,#2143,#1334,.T.);
#2727=EDGE_CURVE('',#2144,#2142,#297,.T.);
#2728=EDGE_CURVE('',#2145,#2144,#1335,.T.);
#2729=EDGE_CURVE('',#2146,#2145,#1336,.T.);
#2730=EDGE_CURVE('',#2143,#2146,#1337,.T.);
#2731=EDGE_CURVE('',#2142,#2147,#1338,.T.);
#2732=EDGE_CURVE('',#2147,#2148,#298,.F.);
#2733=EDGE_CURVE('',#2148,#2144,#1339,.T.);
#2734=EDGE_CURVE('',#2143,#2149,#1340,.T.);
#2735=EDGE_CURVE('',#2149,#2150,#299,.T.);
#2736=EDGE_CURVE('',#2150,#2151,#300,.T.);
#2737=EDGE_CURVE('',#2152,#2151,#1341,.T.);
#2738=EDGE_CURVE('',#2153,#2152,#301,.T.);
#2739=EDGE_CURVE('',#2154,#2153,#1342,.T.);
#2740=EDGE_CURVE('',#2155,#2154,#302,.T.);
#2741=EDGE_CURVE('',#2156,#2155,#1343,.T.);
#2742=EDGE_CURVE('',#2157,#2156,#303,.T.);
#2743=EDGE_CURVE('',#2158,#2157,#1344,.T.);
#2744=EDGE_CURVE('',#2159,#2158,#1345,.T.);
#2745=EDGE_CURVE('',#2160,#2159,#1346,.T.);
#2746=EDGE_CURVE('',#2161,#2160,#1895,.T.);
#2747=EDGE_CURVE('',#2147,#2161,#304,.T.);
#2748=EDGE_CURVE('',#2162,#2162,#305,.T.);
#2749=EDGE_CURVE('',#2162,#2163,#1347,.T.);
#2750=EDGE_CURVE('',#2163,#2163,#306,.T.);
#2751=EDGE_CURVE('',#2164,#2165,#1348,.T.);
#2752=EDGE_CURVE('',#2165,#2166,#1349,.T.);
#2753=EDGE_CURVE('',#2166,#2167,#1350,.T.);
#2754=EDGE_CURVE('',#2167,#2164,#1351,.T.);
#2755=EDGE_CURVE('',#2164,#2168,#307,.T.);
#2756=EDGE_CURVE('',#2168,#2169,#1352,.T.);
#2757=EDGE_CURVE('',#2169,#2165,#308,.T.);
#2758=EDGE_CURVE('',#2170,#2171,#1353,.T.);
#2759=EDGE_CURVE('',#2171,#2169,#1354,.T.);
#2760=EDGE_CURVE('',#2168,#2170,#1355,.T.);
#2761=EDGE_CURVE('',#2170,#2172,#309,.T.);
#2762=EDGE_CURVE('',#2172,#2173,#1356,.T.);
#2763=EDGE_CURVE('',#2173,#2171,#310,.T.);
#2764=EDGE_CURVE('',#2174,#2175,#1357,.T.);
#2765=EDGE_CURVE('',#2175,#2173,#1358,.T.);
#2766=EDGE_CURVE('',#2172,#2174,#1359,.T.);
#2767=EDGE_CURVE('',#2174,#2176,#311,.T.);
#2768=EDGE_CURVE('',#2176,#2177,#1360,.T.);
#2769=EDGE_CURVE('',#2177,#2175,#312,.T.);
#2770=EDGE_CURVE('',#2178,#2179,#1361,.T.);
#2771=EDGE_CURVE('',#2179,#2177,#1362,.T.);
#2772=EDGE_CURVE('',#2176,#2178,#1363,.T.);
#2773=EDGE_CURVE('',#2178,#2167,#313,.T.);
#2774=EDGE_CURVE('',#2166,#2179,#314,.T.);
#2775=EDGE_CURVE('',#2170,#2180,#1364,.T.);
#2776=EDGE_CURVE('',#2180,#2181,#315,.T.);
#2777=EDGE_CURVE('',#2181,#2172,#1365,.T.);
#2778=EDGE_CURVE('',#2182,#2168,#1366,.T.);
#2779=EDGE_CURVE('',#2183,#2182,#1367,.T.);
#2780=EDGE_CURVE('',#2184,#2183,#1368,.T.);
#2781=EDGE_CURVE('',#2180,#2184,#1369,.T.);
#2782=EDGE_CURVE('',#2164,#2185,#1370,.T.);
#2783=EDGE_CURVE('',#2185,#2186,#316,.T.);
#2784=EDGE_CURVE('',#2187,#2186,#1371,.T.);
#2785=EDGE_CURVE('',#2182,#2187,#317,.T.);
#2786=EDGE_CURVE('',#2188,#2167,#1372,.T.);
#2787=EDGE_CURVE('',#2185,#2188,#1373,.T.);
#2788=EDGE_CURVE('',#2189,#2189,#318,.T.);
#2789=EDGE_CURVE('',#2190,#2190,#319,.T.);
#2790=EDGE_CURVE('',#2191,#2191,#320,.T.);
#2791=EDGE_CURVE('',#2192,#2192,#321,.T.);
#2792=EDGE_CURVE('',#2193,#2193,#322,.T.);
#2793=EDGE_CURVE('',#2194,#2195,#323,.T.);
#2794=EDGE_CURVE('',#2195,#2196,#1374,.T.);
#2795=EDGE_CURVE('',#2196,#2197,#324,.F.);
#2796=EDGE_CURVE('',#2197,#2194,#1375,.T.);
#2797=EDGE_CURVE('',#2194,#2198,#1376,.T.);
#2798=EDGE_CURVE('',#2186,#2198,#325,.T.);
#2799=EDGE_CURVE('',#2199,#2188,#326,.T.);
#2800=EDGE_CURVE('',#2199,#2200,#1377,.T.);
#2801=EDGE_CURVE('',#2201,#2200,#327,.T.);
#2802=EDGE_CURVE('',#2201,#2202,#1378,.T.);
#2803=EDGE_CURVE('',#2203,#2202,#328,.T.);
#2804=EDGE_CURVE('',#2203,#2204,#1379,.T.);
#2805=EDGE_CURVE('',#2205,#2204,#329,.T.);
#2806=EDGE_CURVE('',#2205,#2206,#1380,.T.);
#2807=EDGE_CURVE('',#2206,#2207,#1381,.T.);
#2808=EDGE_CURVE('',#2207,#2208,#1382,.T.);
#2809=EDGE_CURVE('',#2208,#2209,#330,.T.);
#2810=EDGE_CURVE('',#2209,#2210,#1383,.T.);
#2811=EDGE_CURVE('',#2210,#2211,#1384,.T.);
#2812=EDGE_CURVE('',#2211,#2195,#331,.F.);
#2813=EDGE_CURVE('',#2197,#2212,#1385,.T.);
#2814=EDGE_CURVE('',#2198,#2212,#1386,.T.);
#2815=EDGE_CURVE('',#2187,#2212,#332,.T.);
#2816=EDGE_CURVE('',#2213,#2214,#333,.T.);
#2817=EDGE_CURVE('',#2214,#2215,#1387,.T.);
#2818=EDGE_CURVE('',#2215,#2216,#334,.F.);
#2819=EDGE_CURVE('',#2216,#2213,#1388,.T.);
#2820=EDGE_CURVE('',#2217,#2214,#1389,.T.);
#2821=EDGE_CURVE('',#2218,#2217,#1390,.T.);
#2822=EDGE_CURVE('',#2218,#2215,#1391,.T.);
#2823=EDGE_CURVE('',#2213,#2219,#1392,.T.);
#2824=EDGE_CURVE('',#2220,#2219,#335,.T.);
#2825=EDGE_CURVE('',#2220,#2221,#336,.T.);
#2826=EDGE_CURVE('',#2222,#2221,#337,.T.);
#2827=EDGE_CURVE('',#2223,#2222,#338,.T.);
#2828=EDGE_CURVE('',#2223,#2224,#1393,.T.);
#2829=EDGE_CURVE('',#2225,#2224,#339,.T.);
#2830=EDGE_CURVE('',#2225,#2226,#1394,.T.);
#2831=EDGE_CURVE('',#2227,#2226,#340,.T.);
#2832=EDGE_CURVE('',#2227,#2228,#1395,.T.);
#2833=EDGE_CURVE('',#2217,#2228,#341,.T.);
#2834=EDGE_CURVE('',#2229,#2229,#342,.T.);
#2835=EDGE_CURVE('',#2228,#2230,#1396,.T.);
#2836=EDGE_CURVE('',#2230,#2218,#343,.F.);
#2837=EDGE_CURVE('',#2231,#2181,#1397,.T.);
#2838=EDGE_CURVE('',#2232,#2231,#1398,.T.);
#2839=EDGE_CURVE('',#2232,#2230,#1399,.T.);
#2840=EDGE_CURVE('',#2174,#2227,#1400,.T.);
#2841=EDGE_CURVE('',#2231,#2233,#344,.T.);
#2842=EDGE_CURVE('',#2233,#2234,#1401,.T.);
#2843=EDGE_CURVE('',#2234,#2232,#345,.F.);
#2844=EDGE_CURVE('',#2235,#2233,#1402,.T.);
#2845=EDGE_CURVE('',#2236,#2235,#1403,.T.);
#2846=EDGE_CURVE('',#2236,#2234,#1404,.T.);
#2847=EDGE_CURVE('',#2237,#2184,#346,.T.);
#2848=EDGE_CURVE('',#2237,#2238,#1405,.T.);
#2849=EDGE_CURVE('',#2239,#2238,#347,.T.);
#2850=EDGE_CURVE('',#2239,#2240,#1406,.T.);
#2851=EDGE_CURVE('',#2240,#2241,#348,.T.);
#2852=EDGE_CURVE('',#2241,#2242,#349,.T.);
#2853=EDGE_CURVE('',#2242,#2243,#1407,.T.);
#2854=EDGE_CURVE('',#2235,#2243,#350,.T.);
#2855=EDGE_CURVE('',#2243,#2244,#1408,.T.);
#2856=EDGE_CURVE('',#2244,#2236,#351,.F.);
#2857=EDGE_CURVE('',#2216,#2244,#1409,.T.);
#2858=EDGE_CURVE('',#2245,#2242,#1410,.T.);
#2859=EDGE_CURVE('',#2245,#2145,#1411,.T.);
#2860=EDGE_CURVE('',#2219,#2148,#1412,.T.);
#2861=EDGE_CURVE('',#2238,#2246,#1413,.T.);
#2862=EDGE_CURVE('',#2246,#2247,#352,.F.);
#2863=EDGE_CURVE('',#2247,#2239,#1414,.T.);
#2864=EDGE_CURVE('',#2247,#2248,#1415,.T.);
#2865=EDGE_CURVE('',#2248,#2249,#1416,.T.);
#2866=EDGE_CURVE('',#2249,#2250,#1417,.T.);
#2867=EDGE_CURVE('',#2240,#2250,#1418,.T.);
#2868=EDGE_CURVE('',#2183,#2251,#353,.F.);
#2869=EDGE_CURVE('',#2251,#2237,#1419,.T.);
#2870=EDGE_CURVE('',#2251,#2246,#1420,.T.);
#2871=EDGE_CURVE('',#2211,#2252,#1421,.T.);
#2872=EDGE_CURVE('',#2196,#2252,#354,.T.);
#2873=EDGE_CURVE('',#2253,#2210,#1422,.T.);
#2874=EDGE_CURVE('',#2254,#2253,#1423,.T.);
#2875=EDGE_CURVE('',#2255,#2254,#1424,.T.);
#2876=EDGE_CURVE('',#2255,#2252,#1425,.T.);
#2877=EDGE_CURVE('',#2256,#2257,#355,.F.);
#2878=EDGE_CURVE('',#2257,#2258,#1426,.T.);
#2879=EDGE_CURVE('',#2258,#2259,#356,.T.);
#2880=EDGE_CURVE('',#2259,#2256,#1427,.T.);
#2881=EDGE_CURVE('',#2254,#2258,#357,.T.);
#2882=EDGE_CURVE('',#2253,#2260,#1428,.T.);
#2883=EDGE_CURVE('',#2260,#2261,#358,.T.);
#2884=EDGE_CURVE('',#2261,#2262,#1429,.T.);
#2885=EDGE_CURVE('',#2262,#2263,#1430,.T.);
#2886=EDGE_CURVE('',#2263,#2264,#1431,.T.);
#2887=EDGE_CURVE('',#2264,#2265,#1432,.T.);
#2888=EDGE_CURVE('',#2265,#2266,#1433,.T.);
#2889=EDGE_CURVE('',#2266,#2267,#1434,.T.);
#2890=EDGE_CURVE('',#2267,#2268,#1435,.T.);
#2891=EDGE_CURVE('',#2269,#2268,#359,.F.);
#2892=EDGE_CURVE('',#2269,#2270,#360,.T.);
#2893=EDGE_CURVE('',#2271,#2270,#361,.T.);
#2894=EDGE_CURVE('',#2271,#2272,#1436,.T.);
#2895=EDGE_CURVE('',#2273,#2272,#362,.T.);
#2896=EDGE_CURVE('',#2273,#2274,#363,.T.);
#2897=EDGE_CURVE('',#2275,#2274,#364,.T.);
#2898=EDGE_CURVE('',#2275,#2276,#1437,.T.);
#2899=EDGE_CURVE('',#2277,#2276,#365,.T.);
#2900=EDGE_CURVE('',#2278,#2277,#366,.T.);
#2901=EDGE_CURVE('',#2278,#2279,#1438,.T.);
#2902=EDGE_CURVE('',#2279,#2280,#367,.T.);
#2903=EDGE_CURVE('',#2280,#2281,#368,.T.);
#2904=EDGE_CURVE('',#2281,#2259,#1439,.T.);
#2905=EDGE_CURVE('',#2282,#2282,#369,.T.);
#2906=EDGE_CURVE('',#2283,#2283,#370,.T.);
#2907=EDGE_CURVE('',#2255,#2257,#371,.T.);
#2908=EDGE_CURVE('',#2277,#2150,#1440,.T.);
#2909=EDGE_CURVE('',#2149,#2278,#1441,.T.);
#2910=EDGE_CURVE('',#2146,#2284,#1442,.T.);
#2911=EDGE_CURVE('',#2279,#2284,#1443,.T.);
#2912=EDGE_CURVE('',#2276,#2151,#1444,.T.);
#2913=EDGE_CURVE('',#2285,#2275,#1445,.T.);
#2914=EDGE_CURVE('',#2285,#2152,#1896,.T.);
#2915=EDGE_CURVE('',#2286,#2287,#372,.T.);
#2916=EDGE_CURVE('',#2287,#2223,#1446,.T.);
#2917=EDGE_CURVE('',#2222,#2286,#1447,.T.);
#2918=EDGE_CURVE('',#2286,#2160,#373,.T.);
#2919=EDGE_CURVE('',#2160,#2287,#374,.T.);
#2920=EDGE_CURVE('',#2159,#2288,#375,.F.);
#2921=EDGE_CURVE('',#2288,#2287,#1448,.T.);
#2922=EDGE_CURVE('',#2286,#2289,#376,.T.);
#2923=EDGE_CURVE('',#2161,#2289,#377,.T.);
#2924=EDGE_CURVE('',#2221,#2289,#1449,.T.);
#2925=EDGE_CURVE('',#2274,#2290,#1450,.T.);
#2926=EDGE_CURVE('',#2290,#2285,#1897,.T.);
#2927=EDGE_CURVE('',#2291,#2153,#378,.F.);
#2928=EDGE_CURVE('',#2292,#2291,#379,.F.);
#2929=EDGE_CURVE('',#2153,#2292,#380,.F.);
#2930=EDGE_CURVE('',#2272,#2292,#1451,.T.);
#2931=EDGE_CURVE('',#2291,#2273,#1452,.T.);
#2932=EDGE_CURVE('',#2293,#2154,#381,.F.);
#2933=EDGE_CURVE('',#2294,#2293,#382,.F.);
#2934=EDGE_CURVE('',#2154,#2294,#383,.F.);
#2935=EDGE_CURVE('',#2270,#2294,#1453,.T.);
#2936=EDGE_CURVE('',#2293,#2271,#1454,.T.);
#2937=EDGE_CURVE('',#2155,#2295,#1898,.T.);
#2938=EDGE_CURVE('',#2294,#2296,#384,.T.);
#2939=EDGE_CURVE('',#2295,#2296,#1899,.T.);
#2940=EDGE_CURVE('',#2292,#2293,#1455,.T.);
#2941=EDGE_CURVE('',#2290,#2291,#385,.T.);
#2942=EDGE_CURVE('',#2297,#2147,#386,.F.);
#2943=EDGE_CURVE('',#2148,#2297,#387,.F.);
#2944=EDGE_CURVE('',#2297,#2220,#1456,.T.);
#2945=EDGE_CURVE('',#2289,#2297,#388,.T.);
#2946=EDGE_CURVE('',#2298,#2159,#389,.T.);
#2947=EDGE_CURVE('',#2298,#2299,#390,.T.);
#2948=EDGE_CURVE('',#2288,#2299,#391,.T.);
#2949=EDGE_CURVE('',#2300,#2301,#392,.T.);
#2950=EDGE_CURVE('',#2158,#2301,#393,.T.);
#2951=EDGE_CURVE('',#2302,#2158,#394,.F.);
#2952=EDGE_CURVE('',#2300,#2302,#395,.T.);
#2953=EDGE_CURVE('',#2301,#2298,#1457,.T.);
#2954=EDGE_CURVE('',#2303,#2156,#396,.T.);
#2955=EDGE_CURVE('',#2304,#2303,#397,.F.);
#2956=EDGE_CURVE('',#2157,#2304,#398,.T.);
#2957=EDGE_CURVE('',#2295,#2305,#399,.T.);
#2958=EDGE_CURVE('',#2305,#2303,#1458,.T.);
#2959=EDGE_CURVE('',#2296,#2305,#400,.T.);
#2960=EDGE_CURVE('',#2202,#2304,#1459,.T.);
#2961=EDGE_CURVE('',#2303,#2203,#1460,.T.);
#2962=EDGE_CURVE('',#2304,#2302,#1461,.T.);
#2963=EDGE_CURVE('',#2200,#2300,#1462,.T.);
#2964=EDGE_CURVE('',#2302,#2201,#1463,.T.);
#2965=EDGE_CURVE('',#2224,#2288,#1464,.T.);
#2966=EDGE_CURVE('',#2299,#2225,#1465,.T.);
#2967=EDGE_CURVE('',#2204,#2305,#1466,.T.);
#2968=EDGE_CURVE('',#2269,#2296,#1467,.T.);
#2969=EDGE_CURVE('',#2268,#2205,#1468,.T.);
#2970=EDGE_CURVE('',#2226,#2176,#1469,.T.);
#2971=EDGE_CURVE('',#2178,#2199,#1470,.T.);
#2972=EDGE_CURVE('',#2306,#2266,#1471,.T.);
#2973=EDGE_CURVE('',#2265,#2307,#1472,.T.);
#2974=EDGE_CURVE('',#2307,#2308,#1473,.T.);
#2975=EDGE_CURVE('',#2306,#2308,#1474,.T.);
#2976=EDGE_CURVE('',#2264,#2309,#1475,.T.);
#2977=EDGE_CURVE('',#2309,#2307,#1476,.T.);
#2978=EDGE_CURVE('',#2263,#2310,#1477,.T.);
#2979=EDGE_CURVE('',#2310,#2311,#1478,.T.);
#2980=EDGE_CURVE('',#2311,#2309,#1479,.T.);
#2981=EDGE_CURVE('',#2310,#2306,#1480,.T.);
#2982=EDGE_CURVE('',#2308,#2311,#1481,.T.);
#2983=EDGE_CURVE('',#2263,#2266,#1482,.T.);
#2984=EDGE_CURVE('',#2260,#2209,#1483,.T.);
#2985=EDGE_CURVE('',#2261,#2208,#1484,.T.);
#2986=EDGE_CURVE('',#2262,#2207,#1485,.T.);
#2987=EDGE_CURVE('',#2267,#2206,#1486,.T.);
#2988=EDGE_CURVE('',#2256,#2248,#1487,.T.);
#2989=EDGE_CURVE('',#2312,#2281,#1488,.T.);
#2990=EDGE_CURVE('',#2312,#2249,#1489,.T.);
#2991=EDGE_CURVE('',#2284,#2312,#401,.T.);
#2992=EDGE_CURVE('',#2250,#2245,#402,.T.);
#2993=EDGE_CURVE('',#2191,#2280,#1490,.T.);
#2994=EDGE_CURVE('',#2189,#2282,#1491,.T.);
#2995=EDGE_CURVE('',#2190,#2229,#1492,.T.);
#2996=EDGE_CURVE('',#2192,#2241,#1493,.T.);
#2997=EDGE_CURVE('',#2193,#2283,#1494,.T.);
#2998=EDGE_CURVE('',#2313,#2313,#403,.T.);
#2999=EDGE_CURVE('',#2313,#2314,#404,.T.);
#3000=EDGE_CURVE('',#2314,#2314,#405,.T.);
#3001=EDGE_CURVE('',#2314,#2315,#1495,.T.);
#3002=EDGE_CURVE('',#2315,#2315,#406,.T.);
#3003=EDGE_CURVE('',#2316,#2316,#407,.T.);
#3004=EDGE_CURVE('',#2317,#2317,#408,.T.);
#3005=EDGE_CURVE('',#2317,#2316,#1496,.T.);
#3006=EDGE_CURVE('',#2318,#2318,#409,.T.);
#3007=EDGE_CURVE('',#2318,#2319,#410,.T.);
#3008=EDGE_CURVE('',#2319,#2319,#411,.T.);
#3009=EDGE_CURVE('',#2319,#2320,#1497,.T.);
#3010=EDGE_CURVE('',#2320,#2320,#412,.T.);
#3011=EDGE_CURVE('',#2321,#2321,#413,.T.);
#3012=EDGE_CURVE('',#2322,#2322,#414,.T.);
#3013=EDGE_CURVE('',#2322,#2321,#1498,.T.);
#3014=EDGE_CURVE('',#2323,#2323,#415,.T.);
#3015=EDGE_CURVE('',#2323,#2324,#416,.T.);
#3016=EDGE_CURVE('',#2324,#2324,#417,.T.);
#3017=EDGE_CURVE('',#2324,#2325,#1499,.T.);
#3018=EDGE_CURVE('',#2325,#2325,#418,.T.);
#3019=EDGE_CURVE('',#2326,#2326,#419,.T.);
#3020=EDGE_CURVE('',#2327,#2327,#420,.T.);
#3021=EDGE_CURVE('',#2327,#2326,#1500,.T.);
#3022=ORIENTED_EDGE('',*,*,#2328,.T.);
#3023=ORIENTED_EDGE('',*,*,#2329,.F.);
#3024=ORIENTED_EDGE('',*,*,#2330,.T.);
#3025=ORIENTED_EDGE('',*,*,#2331,.F.);
#3026=ORIENTED_EDGE('',*,*,#2332,.F.);
#3027=ORIENTED_EDGE('',*,*,#2333,.F.);
#3028=ORIENTED_EDGE('',*,*,#2334,.F.);
#3029=ORIENTED_EDGE('',*,*,#2334,.T.);
#3030=ORIENTED_EDGE('',*,*,#2335,.F.);
#3031=ORIENTED_EDGE('',*,*,#2336,.F.);
#3032=ORIENTED_EDGE('',*,*,#2337,.F.);
#3033=ORIENTED_EDGE('',*,*,#2338,.T.);
#3034=ORIENTED_EDGE('',*,*,#2339,.F.);
#3035=ORIENTED_EDGE('',*,*,#2340,.F.);
#3036=ORIENTED_EDGE('',*,*,#2341,.F.);
#3037=ORIENTED_EDGE('',*,*,#2342,.F.);
#3038=ORIENTED_EDGE('',*,*,#2343,.T.);
#3039=ORIENTED_EDGE('',*,*,#2344,.F.);
#3040=ORIENTED_EDGE('',*,*,#2343,.F.);
#3041=ORIENTED_EDGE('',*,*,#2342,.T.);
#3042=ORIENTED_EDGE('',*,*,#2345,.T.);
#3043=ORIENTED_EDGE('',*,*,#2346,.T.);
#3044=ORIENTED_EDGE('',*,*,#2347,.T.);
#3045=ORIENTED_EDGE('',*,*,#2348,.T.);
#3046=ORIENTED_EDGE('',*,*,#2347,.F.);
#3047=ORIENTED_EDGE('',*,*,#2349,.T.);
#3048=ORIENTED_EDGE('',*,*,#2350,.T.);
#3049=ORIENTED_EDGE('',*,*,#2351,.T.);
#3050=ORIENTED_EDGE('',*,*,#2350,.F.);
#3051=ORIENTED_EDGE('',*,*,#2352,.T.);
#3052=ORIENTED_EDGE('',*,*,#2353,.T.);
#3053=ORIENTED_EDGE('',*,*,#2354,.T.);
#3054=ORIENTED_EDGE('',*,*,#2355,.T.);
#3055=ORIENTED_EDGE('',*,*,#2356,.T.);
#3056=ORIENTED_EDGE('',*,*,#2353,.F.);
#3057=ORIENTED_EDGE('',*,*,#2357,.T.);
#3058=ORIENTED_EDGE('',*,*,#2355,.F.);
#3059=ORIENTED_EDGE('',*,*,#2358,.T.);
#3060=ORIENTED_EDGE('',*,*,#2359,.T.);
#3061=ORIENTED_EDGE('',*,*,#2360,.T.);
#3062=ORIENTED_EDGE('',*,*,#2361,.T.);
#3063=ORIENTED_EDGE('',*,*,#2362,.T.);
#3064=ORIENTED_EDGE('',*,*,#2359,.F.);
#3065=ORIENTED_EDGE('',*,*,#2363,.T.);
#3066=ORIENTED_EDGE('',*,*,#2361,.F.);
#3067=ORIENTED_EDGE('',*,*,#2364,.T.);
#3068=ORIENTED_EDGE('',*,*,#2365,.T.);
#3069=ORIENTED_EDGE('',*,*,#2366,.T.);
#3070=ORIENTED_EDGE('',*,*,#2367,.T.);
#3071=ORIENTED_EDGE('',*,*,#2368,.T.);
#3072=ORIENTED_EDGE('',*,*,#2365,.F.);
#3073=ORIENTED_EDGE('',*,*,#2369,.T.);
#3074=ORIENTED_EDGE('',*,*,#2370,.F.);
#3075=ORIENTED_EDGE('',*,*,#2367,.F.);
#3076=ORIENTED_EDGE('',*,*,#2371,.T.);
#3077=ORIENTED_EDGE('',*,*,#2372,.T.);
#3078=ORIENTED_EDGE('',*,*,#2373,.T.);
#3079=ORIENTED_EDGE('',*,*,#2374,.T.);
#3080=ORIENTED_EDGE('',*,*,#2375,.T.);
#3081=ORIENTED_EDGE('',*,*,#2372,.F.);
#3082=ORIENTED_EDGE('',*,*,#2376,.F.);
#3083=ORIENTED_EDGE('',*,*,#2374,.F.);
#3084=ORIENTED_EDGE('',*,*,#2377,.T.);
#3085=ORIENTED_EDGE('',*,*,#2378,.T.);
#3086=ORIENTED_EDGE('',*,*,#2379,.T.);
#3087=ORIENTED_EDGE('',*,*,#2380,.T.);
#3088=ORIENTED_EDGE('',*,*,#2381,.T.);
#3089=ORIENTED_EDGE('',*,*,#2378,.F.);
#3090=ORIENTED_EDGE('',*,*,#2382,.F.);
#3091=ORIENTED_EDGE('',*,*,#2383,.T.);
#3092=ORIENTED_EDGE('',*,*,#2380,.F.);
#3093=ORIENTED_EDGE('',*,*,#2384,.T.);
#3094=ORIENTED_EDGE('',*,*,#2385,.T.);
#3095=ORIENTED_EDGE('',*,*,#2386,.T.);
#3096=ORIENTED_EDGE('',*,*,#2387,.T.);
#3097=ORIENTED_EDGE('',*,*,#2388,.T.);
#3098=ORIENTED_EDGE('',*,*,#2385,.F.);
#3099=ORIENTED_EDGE('',*,*,#2389,.T.);
#3100=ORIENTED_EDGE('',*,*,#2387,.F.);
#3101=ORIENTED_EDGE('',*,*,#2390,.T.);
#3102=ORIENTED_EDGE('',*,*,#2391,.T.);
#3103=ORIENTED_EDGE('',*,*,#2392,.T.);
#3104=ORIENTED_EDGE('',*,*,#2393,.T.);
#3105=ORIENTED_EDGE('',*,*,#2394,.T.);
#3106=ORIENTED_EDGE('',*,*,#2391,.F.);
#3107=ORIENTED_EDGE('',*,*,#2395,.T.);
#3108=ORIENTED_EDGE('',*,*,#2393,.F.);
#3109=ORIENTED_EDGE('',*,*,#2396,.T.);
#3110=ORIENTED_EDGE('',*,*,#2397,.T.);
#3111=ORIENTED_EDGE('',*,*,#2398,.T.);
#3112=ORIENTED_EDGE('',*,*,#2399,.T.);
#3113=ORIENTED_EDGE('',*,*,#2400,.T.);
#3114=ORIENTED_EDGE('',*,*,#2397,.F.);
#3115=ORIENTED_EDGE('',*,*,#2401,.T.);
#3116=ORIENTED_EDGE('',*,*,#2402,.F.);
#3117=ORIENTED_EDGE('',*,*,#2401,.F.);
#3118=ORIENTED_EDGE('',*,*,#2403,.F.);
#3119=ORIENTED_EDGE('',*,*,#2404,.F.);
#3120=ORIENTED_EDGE('',*,*,#2405,.F.);
#3121=ORIENTED_EDGE('',*,*,#2406,.F.);
#3122=ORIENTED_EDGE('',*,*,#2396,.F.);
#3123=ORIENTED_EDGE('',*,*,#2407,.T.);
#3124=ORIENTED_EDGE('',*,*,#2408,.T.);
#3125=ORIENTED_EDGE('',*,*,#2403,.T.);
#3126=ORIENTED_EDGE('',*,*,#2395,.F.);
#3127=ORIENTED_EDGE('',*,*,#2409,.F.);
#3128=ORIENTED_EDGE('',*,*,#2410,.F.);
#3129=ORIENTED_EDGE('',*,*,#2407,.F.);
#3130=ORIENTED_EDGE('',*,*,#2390,.F.);
#3131=ORIENTED_EDGE('',*,*,#2411,.T.);
#3132=ORIENTED_EDGE('',*,*,#2412,.T.);
#3133=ORIENTED_EDGE('',*,*,#2409,.T.);
#3134=ORIENTED_EDGE('',*,*,#2389,.F.);
#3135=ORIENTED_EDGE('',*,*,#2413,.F.);
#3136=ORIENTED_EDGE('',*,*,#2414,.F.);
#3137=ORIENTED_EDGE('',*,*,#2411,.F.);
#3138=ORIENTED_EDGE('',*,*,#2384,.F.);
#3139=ORIENTED_EDGE('',*,*,#2415,.T.);
#3140=ORIENTED_EDGE('',*,*,#2416,.T.);
#3141=ORIENTED_EDGE('',*,*,#2413,.T.);
#3142=ORIENTED_EDGE('',*,*,#2383,.F.);
#3143=ORIENTED_EDGE('',*,*,#2417,.F.);
#3144=ORIENTED_EDGE('',*,*,#2418,.F.);
#3145=ORIENTED_EDGE('',*,*,#2419,.F.);
#3146=ORIENTED_EDGE('',*,*,#2420,.F.);
#3147=ORIENTED_EDGE('',*,*,#2421,.F.);
#3148=ORIENTED_EDGE('',*,*,#2415,.F.);
#3149=ORIENTED_EDGE('',*,*,#2422,.T.);
#3150=ORIENTED_EDGE('',*,*,#2423,.F.);
#3151=ORIENTED_EDGE('',*,*,#2424,.T.);
#3152=ORIENTED_EDGE('',*,*,#2425,.T.);
#3153=ORIENTED_EDGE('',*,*,#2426,.T.);
#3154=ORIENTED_EDGE('',*,*,#2425,.F.);
#3155=ORIENTED_EDGE('',*,*,#2427,.T.);
#3156=ORIENTED_EDGE('',*,*,#2428,.T.);
#3157=ORIENTED_EDGE('',*,*,#2429,.T.);
#3158=ORIENTED_EDGE('',*,*,#2430,.T.);
#3159=ORIENTED_EDGE('',*,*,#2431,.T.);
#3160=ORIENTED_EDGE('',*,*,#2428,.F.);
#3161=ORIENTED_EDGE('',*,*,#2432,.T.);
#3162=ORIENTED_EDGE('',*,*,#2430,.F.);
#3163=ORIENTED_EDGE('',*,*,#2433,.T.);
#3164=ORIENTED_EDGE('',*,*,#2434,.T.);
#3165=ORIENTED_EDGE('',*,*,#2435,.T.);
#3166=ORIENTED_EDGE('',*,*,#2436,.T.);
#3167=ORIENTED_EDGE('',*,*,#2437,.T.);
#3168=ORIENTED_EDGE('',*,*,#2434,.F.);
#3169=ORIENTED_EDGE('',*,*,#2438,.T.);
#3170=ORIENTED_EDGE('',*,*,#2436,.F.);
#3171=ORIENTED_EDGE('',*,*,#2439,.T.);
#3172=ORIENTED_EDGE('',*,*,#2440,.T.);
#3173=ORIENTED_EDGE('',*,*,#2441,.T.);
#3174=ORIENTED_EDGE('',*,*,#2442,.T.);
#3175=ORIENTED_EDGE('',*,*,#2443,.T.);
#3176=ORIENTED_EDGE('',*,*,#2440,.F.);
#3177=ORIENTED_EDGE('',*,*,#2444,.T.);
#3178=ORIENTED_EDGE('',*,*,#2445,.F.);
#3179=ORIENTED_EDGE('',*,*,#2444,.F.);
#3180=ORIENTED_EDGE('',*,*,#2446,.F.);
#3181=ORIENTED_EDGE('',*,*,#2447,.F.);
#3182=ORIENTED_EDGE('',*,*,#2448,.F.);
#3183=ORIENTED_EDGE('',*,*,#2449,.F.);
#3184=ORIENTED_EDGE('',*,*,#2439,.F.);
#3185=ORIENTED_EDGE('',*,*,#2450,.T.);
#3186=ORIENTED_EDGE('',*,*,#2451,.T.);
#3187=ORIENTED_EDGE('',*,*,#2446,.T.);
#3188=ORIENTED_EDGE('',*,*,#2438,.F.);
#3189=ORIENTED_EDGE('',*,*,#2452,.F.);
#3190=ORIENTED_EDGE('',*,*,#2453,.F.);
#3191=ORIENTED_EDGE('',*,*,#2450,.F.);
#3192=ORIENTED_EDGE('',*,*,#2433,.F.);
#3193=ORIENTED_EDGE('',*,*,#2454,.T.);
#3194=ORIENTED_EDGE('',*,*,#2455,.T.);
#3195=ORIENTED_EDGE('',*,*,#2452,.T.);
#3196=ORIENTED_EDGE('',*,*,#2432,.F.);
#3197=ORIENTED_EDGE('',*,*,#2456,.F.);
#3198=ORIENTED_EDGE('',*,*,#2457,.F.);
#3199=ORIENTED_EDGE('',*,*,#2454,.F.);
#3200=ORIENTED_EDGE('',*,*,#2427,.F.);
#3201=ORIENTED_EDGE('',*,*,#2458,.T.);
#3202=ORIENTED_EDGE('',*,*,#2459,.T.);
#3203=ORIENTED_EDGE('',*,*,#2456,.T.);
#3204=ORIENTED_EDGE('',*,*,#2424,.F.);
#3205=ORIENTED_EDGE('',*,*,#2460,.F.);
#3206=ORIENTED_EDGE('',*,*,#2461,.F.);
#3207=ORIENTED_EDGE('',*,*,#2462,.F.);
#3208=ORIENTED_EDGE('',*,*,#2458,.F.);
#3209=ORIENTED_EDGE('',*,*,#2463,.T.);
#3210=ORIENTED_EDGE('',*,*,#2464,.T.);
#3211=ORIENTED_EDGE('',*,*,#2465,.T.);
#3212=ORIENTED_EDGE('',*,*,#2466,.T.);
#3213=ORIENTED_EDGE('',*,*,#2467,.T.);
#3214=ORIENTED_EDGE('',*,*,#2468,.T.);
#3215=ORIENTED_EDGE('',*,*,#2469,.F.);
#3216=ORIENTED_EDGE('',*,*,#2470,.T.);
#3217=ORIENTED_EDGE('',*,*,#2471,.F.);
#3218=ORIENTED_EDGE('',*,*,#2339,.T.);
#3219=ORIENTED_EDGE('',*,*,#2472,.T.);
#3220=ORIENTED_EDGE('',*,*,#2473,.T.);
#3221=ORIENTED_EDGE('',*,*,#2474,.T.);
#3222=ORIENTED_EDGE('',*,*,#2475,.F.);
#3223=ORIENTED_EDGE('',*,*,#2476,.T.);
#3224=ORIENTED_EDGE('',*,*,#2477,.F.);
#3225=ORIENTED_EDGE('',*,*,#2478,.T.);
#3226=ORIENTED_EDGE('',*,*,#2479,.F.);
#3227=ORIENTED_EDGE('',*,*,#2480,.T.);
#3228=ORIENTED_EDGE('',*,*,#2481,.F.);
#3229=ORIENTED_EDGE('',*,*,#2482,.T.);
#3230=ORIENTED_EDGE('',*,*,#2483,.F.);
#3231=ORIENTED_EDGE('',*,*,#2484,.T.);
#3232=ORIENTED_EDGE('',*,*,#2485,.F.);
#3233=ORIENTED_EDGE('',*,*,#2486,.T.);
#3234=ORIENTED_EDGE('',*,*,#2487,.F.);
#3235=ORIENTED_EDGE('',*,*,#2488,.F.);
#3236=ORIENTED_EDGE('',*,*,#2489,.T.);
#3237=ORIENTED_EDGE('',*,*,#2463,.F.);
#3238=ORIENTED_EDGE('',*,*,#2490,.F.);
#3239=ORIENTED_EDGE('',*,*,#2491,.T.);
#3240=ORIENTED_EDGE('',*,*,#2492,.F.);
#3241=ORIENTED_EDGE('',*,*,#2335,.T.);
#3242=ORIENTED_EDGE('',*,*,#2333,.T.);
#3243=ORIENTED_EDGE('',*,*,#2344,.T.);
#3244=ORIENTED_EDGE('',*,*,#2493,.T.);
#3245=ORIENTED_EDGE('',*,*,#2494,.T.);
#3246=ORIENTED_EDGE('',*,*,#2495,.T.);
#3247=ORIENTED_EDGE('',*,*,#2466,.F.);
#3248=ORIENTED_EDGE('',*,*,#2496,.F.);
#3249=ORIENTED_EDGE('',*,*,#2497,.T.);
#3250=ORIENTED_EDGE('',*,*,#2490,.T.);
#3251=ORIENTED_EDGE('',*,*,#2498,.F.);
#3252=ORIENTED_EDGE('',*,*,#2499,.F.);
#3253=ORIENTED_EDGE('',*,*,#2500,.F.);
#3254=ORIENTED_EDGE('',*,*,#2501,.F.);
#3255=ORIENTED_EDGE('',*,*,#2502,.F.);
#3256=ORIENTED_EDGE('',*,*,#2406,.T.);
#3257=ORIENTED_EDGE('',*,*,#2503,.F.);
#3258=ORIENTED_EDGE('',*,*,#2504,.T.);
#3259=ORIENTED_EDGE('',*,*,#2402,.T.);
#3260=ORIENTED_EDGE('',*,*,#2502,.T.);
#3261=ORIENTED_EDGE('',*,*,#2505,.T.);
#3262=ORIENTED_EDGE('',*,*,#2506,.T.);
#3263=ORIENTED_EDGE('',*,*,#2507,.T.);
#3264=ORIENTED_EDGE('',*,*,#2503,.T.);
#3265=ORIENTED_EDGE('',*,*,#2405,.T.);
#3266=ORIENTED_EDGE('',*,*,#2499,.T.);
#3267=ORIENTED_EDGE('',*,*,#2508,.T.);
#3268=ORIENTED_EDGE('',*,*,#2501,.T.);
#3269=ORIENTED_EDGE('',*,*,#2509,.T.);
#3270=ORIENTED_EDGE('',*,*,#2510,.T.);
#3271=ORIENTED_EDGE('',*,*,#2511,.T.);
#3272=ORIENTED_EDGE('',*,*,#2500,.T.);
#3273=ORIENTED_EDGE('',*,*,#2512,.T.);
#3274=ORIENTED_EDGE('',*,*,#2513,.T.);
#3275=ORIENTED_EDGE('',*,*,#2514,.T.);
#3276=ORIENTED_EDGE('',*,*,#2498,.T.);
#3277=ORIENTED_EDGE('',*,*,#2515,.T.);
#3278=ORIENTED_EDGE('',*,*,#2417,.T.);
#3279=ORIENTED_EDGE('',*,*,#2516,.T.);
#3280=ORIENTED_EDGE('',*,*,#2513,.F.);
#3281=ORIENTED_EDGE('',*,*,#2517,.T.);
#3282=ORIENTED_EDGE('',*,*,#2506,.F.);
#3283=ORIENTED_EDGE('',*,*,#2404,.T.);
#3284=ORIENTED_EDGE('',*,*,#2408,.F.);
#3285=ORIENTED_EDGE('',*,*,#2410,.T.);
#3286=ORIENTED_EDGE('',*,*,#2412,.F.);
#3287=ORIENTED_EDGE('',*,*,#2414,.T.);
#3288=ORIENTED_EDGE('',*,*,#2416,.F.);
#3289=ORIENTED_EDGE('',*,*,#2421,.T.);
#3290=ORIENTED_EDGE('',*,*,#2518,.T.);
#3291=ORIENTED_EDGE('',*,*,#2519,.T.);
#3292=ORIENTED_EDGE('',*,*,#2510,.F.);
#3293=ORIENTED_EDGE('',*,*,#2520,.T.);
#3294=ORIENTED_EDGE('',*,*,#2521,.T.);
#3295=ORIENTED_EDGE('',*,*,#2522,.F.);
#3296=ORIENTED_EDGE('',*,*,#2505,.F.);
#3297=ORIENTED_EDGE('',*,*,#2508,.F.);
#3298=ORIENTED_EDGE('',*,*,#2514,.F.);
#3299=ORIENTED_EDGE('',*,*,#2523,.F.);
#3300=ORIENTED_EDGE('',*,*,#2524,.F.);
#3301=ORIENTED_EDGE('',*,*,#2525,.F.);
#3302=ORIENTED_EDGE('',*,*,#2526,.F.);
#3303=ORIENTED_EDGE('',*,*,#2527,.F.);
#3304=ORIENTED_EDGE('',*,*,#2528,.F.);
#3305=ORIENTED_EDGE('',*,*,#2529,.F.);
#3306=ORIENTED_EDGE('',*,*,#2530,.T.);
#3307=ORIENTED_EDGE('',*,*,#2329,.T.);
#3308=ORIENTED_EDGE('',*,*,#2531,.F.);
#3309=ORIENTED_EDGE('',*,*,#2532,.F.);
#3310=ORIENTED_EDGE('',*,*,#2533,.F.);
#3311=ORIENTED_EDGE('',*,*,#2534,.F.);
#3312=ORIENTED_EDGE('',*,*,#2535,.F.);
#3313=ORIENTED_EDGE('',*,*,#2536,.F.);
#3314=ORIENTED_EDGE('',*,*,#2537,.F.);
#3315=ORIENTED_EDGE('',*,*,#2538,.F.);
#3316=ORIENTED_EDGE('',*,*,#2539,.F.);
#3317=ORIENTED_EDGE('',*,*,#2540,.F.);
#3318=ORIENTED_EDGE('',*,*,#2541,.F.);
#3319=ORIENTED_EDGE('',*,*,#2542,.F.);
#3320=ORIENTED_EDGE('',*,*,#2543,.F.);
#3321=ORIENTED_EDGE('',*,*,#2544,.F.);
#3322=ORIENTED_EDGE('',*,*,#2545,.F.);
#3323=ORIENTED_EDGE('',*,*,#2546,.F.);
#3324=ORIENTED_EDGE('',*,*,#2547,.F.);
#3325=ORIENTED_EDGE('',*,*,#2548,.F.);
#3326=ORIENTED_EDGE('',*,*,#2516,.F.);
#3327=ORIENTED_EDGE('',*,*,#2382,.T.);
#3328=ORIENTED_EDGE('',*,*,#2549,.T.);
#3329=ORIENTED_EDGE('',*,*,#2523,.T.);
#3330=ORIENTED_EDGE('',*,*,#2550,.T.);
#3331=ORIENTED_EDGE('',*,*,#2551,.T.);
#3332=ORIENTED_EDGE('',*,*,#2552,.T.);
#3333=ORIENTED_EDGE('',*,*,#2553,.T.);
#3334=ORIENTED_EDGE('',*,*,#2540,.T.);
#3335=ORIENTED_EDGE('',*,*,#2550,.F.);
#3336=ORIENTED_EDGE('',*,*,#2554,.T.);
#3337=ORIENTED_EDGE('',*,*,#2555,.T.);
#3338=ORIENTED_EDGE('',*,*,#2553,.F.);
#3339=ORIENTED_EDGE('',*,*,#2556,.T.);
#3340=ORIENTED_EDGE('',*,*,#2557,.T.);
#3341=ORIENTED_EDGE('',*,*,#2556,.F.);
#3342=ORIENTED_EDGE('',*,*,#2558,.T.);
#3343=ORIENTED_EDGE('',*,*,#2555,.F.);
#3344=ORIENTED_EDGE('',*,*,#2559,.T.);
#3345=ORIENTED_EDGE('',*,*,#2560,.T.);
#3346=ORIENTED_EDGE('',*,*,#2561,.T.);
#3347=ORIENTED_EDGE('',*,*,#2562,.T.);
#3348=ORIENTED_EDGE('',*,*,#2559,.F.);
#3349=ORIENTED_EDGE('',*,*,#2563,.F.);
#3350=ORIENTED_EDGE('',*,*,#2564,.F.);
#3351=ORIENTED_EDGE('',*,*,#2565,.F.);
#3352=ORIENTED_EDGE('',*,*,#2560,.F.);
#3353=ORIENTED_EDGE('',*,*,#2562,.F.);
#3354=ORIENTED_EDGE('',*,*,#2566,.T.);
#3355=ORIENTED_EDGE('',*,*,#2557,.F.);
#3356=ORIENTED_EDGE('',*,*,#2565,.T.);
#3357=ORIENTED_EDGE('',*,*,#2564,.T.);
#3358=ORIENTED_EDGE('',*,*,#2567,.F.);
#3359=ORIENTED_EDGE('',*,*,#2542,.T.);
#3360=ORIENTED_EDGE('',*,*,#2541,.T.);
#3361=ORIENTED_EDGE('',*,*,#2554,.F.);
#3362=ORIENTED_EDGE('',*,*,#2543,.T.);
#3363=ORIENTED_EDGE('',*,*,#2567,.T.);
#3364=ORIENTED_EDGE('',*,*,#2563,.T.);
#3365=ORIENTED_EDGE('',*,*,#2568,.T.);
#3366=ORIENTED_EDGE('',*,*,#2569,.T.);
#3367=ORIENTED_EDGE('',*,*,#2551,.F.);
#3368=ORIENTED_EDGE('',*,*,#2558,.F.);
#3369=ORIENTED_EDGE('',*,*,#2552,.F.);
#3370=ORIENTED_EDGE('',*,*,#2569,.F.);
#3371=ORIENTED_EDGE('',*,*,#2570,.T.);
#3372=ORIENTED_EDGE('',*,*,#2571,.T.);
#3373=ORIENTED_EDGE('',*,*,#2572,.F.);
#3374=ORIENTED_EDGE('',*,*,#2573,.T.);
#3375=ORIENTED_EDGE('',*,*,#2572,.T.);
#3376=ORIENTED_EDGE('',*,*,#2573,.F.);
#3377=ORIENTED_EDGE('',*,*,#2574,.T.);
#3378=ORIENTED_EDGE('',*,*,#2571,.F.);
#3379=ORIENTED_EDGE('',*,*,#2575,.T.);
#3380=ORIENTED_EDGE('',*,*,#2539,.T.);
#3381=ORIENTED_EDGE('',*,*,#2575,.F.);
#3382=ORIENTED_EDGE('',*,*,#2576,.T.);
#3383=ORIENTED_EDGE('',*,*,#2577,.T.);
#3384=ORIENTED_EDGE('',*,*,#2548,.T.);
#3385=ORIENTED_EDGE('',*,*,#2577,.F.);
#3386=ORIENTED_EDGE('',*,*,#2578,.F.);
#3387=ORIENTED_EDGE('',*,*,#2579,.T.);
#3388=ORIENTED_EDGE('',*,*,#2576,.F.);
#3389=ORIENTED_EDGE('',*,*,#2579,.F.);
#3390=ORIENTED_EDGE('',*,*,#2580,.F.);
#3391=ORIENTED_EDGE('',*,*,#2581,.F.);
#3392=ORIENTED_EDGE('',*,*,#2582,.F.);
#3393=ORIENTED_EDGE('',*,*,#2583,.F.);
#3394=ORIENTED_EDGE('',*,*,#2584,.F.);
#3395=ORIENTED_EDGE('',*,*,#2585,.F.);
#3396=ORIENTED_EDGE('',*,*,#2586,.F.);
#3397=ORIENTED_EDGE('',*,*,#2341,.T.);
#3398=ORIENTED_EDGE('',*,*,#2584,.T.);
#3399=ORIENTED_EDGE('',*,*,#2587,.T.);
#3400=ORIENTED_EDGE('',*,*,#2471,.T.);
#3401=ORIENTED_EDGE('',*,*,#2588,.T.);
#3402=ORIENTED_EDGE('',*,*,#2585,.T.);
#3403=ORIENTED_EDGE('',*,*,#2340,.T.);
#3404=ORIENTED_EDGE('',*,*,#2581,.T.);
#3405=ORIENTED_EDGE('',*,*,#2589,.T.);
#3406=ORIENTED_EDGE('',*,*,#2583,.T.);
#3407=ORIENTED_EDGE('',*,*,#2590,.T.);
#3408=ORIENTED_EDGE('',*,*,#2469,.T.);
#3409=ORIENTED_EDGE('',*,*,#2591,.T.);
#3410=ORIENTED_EDGE('',*,*,#2582,.T.);
#3411=ORIENTED_EDGE('',*,*,#2592,.T.);
#3412=ORIENTED_EDGE('',*,*,#2593,.T.);
#3413=ORIENTED_EDGE('',*,*,#2594,.T.);
#3414=ORIENTED_EDGE('',*,*,#2580,.T.);
#3415=ORIENTED_EDGE('',*,*,#2595,.T.);
#3416=ORIENTED_EDGE('',*,*,#2596,.T.);
#3417=ORIENTED_EDGE('',*,*,#2597,.F.);
#3418=ORIENTED_EDGE('',*,*,#2598,.F.);
#3419=ORIENTED_EDGE('',*,*,#2474,.F.);
#3420=ORIENTED_EDGE('',*,*,#2587,.F.);
#3421=ORIENTED_EDGE('',*,*,#2589,.F.);
#3422=ORIENTED_EDGE('',*,*,#2594,.F.);
#3423=ORIENTED_EDGE('',*,*,#2599,.T.);
#3424=ORIENTED_EDGE('',*,*,#2497,.F.);
#3425=ORIENTED_EDGE('',*,*,#2600,.F.);
#3426=ORIENTED_EDGE('',*,*,#2601,.F.);
#3427=ORIENTED_EDGE('',*,*,#2491,.F.);
#3428=ORIENTED_EDGE('',*,*,#2602,.F.);
#3429=ORIENTED_EDGE('',*,*,#2603,.F.);
#3430=ORIENTED_EDGE('',*,*,#2604,.F.);
#3431=ORIENTED_EDGE('',*,*,#2328,.F.);
#3432=ORIENTED_EDGE('',*,*,#2337,.T.);
#3433=ORIENTED_EDGE('',*,*,#2603,.T.);
#3434=ORIENTED_EDGE('',*,*,#2531,.T.);
#3435=ORIENTED_EDGE('',*,*,#2492,.T.);
#3436=ORIENTED_EDGE('',*,*,#2601,.T.);
#3437=ORIENTED_EDGE('',*,*,#2604,.T.);
#3438=ORIENTED_EDGE('',*,*,#2336,.T.);
#3439=ORIENTED_EDGE('',*,*,#2496,.T.);
#3440=ORIENTED_EDGE('',*,*,#2465,.F.);
#3441=ORIENTED_EDGE('',*,*,#2605,.F.);
#3442=ORIENTED_EDGE('',*,*,#2606,.T.);
#3443=ORIENTED_EDGE('',*,*,#2532,.T.);
#3444=ORIENTED_EDGE('',*,*,#2602,.T.);
#3445=ORIENTED_EDGE('',*,*,#2600,.T.);
#3446=ORIENTED_EDGE('',*,*,#2607,.T.);
#3447=ORIENTED_EDGE('',*,*,#2595,.F.);
#3448=ORIENTED_EDGE('',*,*,#2591,.F.);
#3449=ORIENTED_EDGE('',*,*,#2468,.F.);
#3450=ORIENTED_EDGE('',*,*,#2459,.F.);
#3451=ORIENTED_EDGE('',*,*,#2462,.T.);
#3452=ORIENTED_EDGE('',*,*,#2608,.F.);
#3453=ORIENTED_EDGE('',*,*,#2609,.T.);
#3454=ORIENTED_EDGE('',*,*,#2610,.F.);
#3455=ORIENTED_EDGE('',*,*,#2611,.T.);
#3456=ORIENTED_EDGE('',*,*,#2612,.F.);
#3457=ORIENTED_EDGE('',*,*,#2613,.T.);
#3458=ORIENTED_EDGE('',*,*,#2614,.F.);
#3459=ORIENTED_EDGE('',*,*,#2447,.T.);
#3460=ORIENTED_EDGE('',*,*,#2451,.F.);
#3461=ORIENTED_EDGE('',*,*,#2453,.T.);
#3462=ORIENTED_EDGE('',*,*,#2455,.F.);
#3463=ORIENTED_EDGE('',*,*,#2457,.T.);
#3464=ORIENTED_EDGE('',*,*,#2615,.T.);
#3465=ORIENTED_EDGE('',*,*,#2616,.F.);
#3466=ORIENTED_EDGE('',*,*,#2617,.F.);
#3467=ORIENTED_EDGE('',*,*,#2460,.T.);
#3468=ORIENTED_EDGE('',*,*,#2618,.F.);
#3469=ORIENTED_EDGE('',*,*,#2608,.T.);
#3470=ORIENTED_EDGE('',*,*,#2461,.T.);
#3471=ORIENTED_EDGE('',*,*,#2617,.T.);
#3472=ORIENTED_EDGE('',*,*,#2619,.T.);
#3473=ORIENTED_EDGE('',*,*,#2620,.T.);
#3474=ORIENTED_EDGE('',*,*,#2538,.T.);
#3475=ORIENTED_EDGE('',*,*,#2618,.T.);
#3476=ORIENTED_EDGE('',*,*,#2423,.T.);
#3477=ORIENTED_EDGE('',*,*,#2621,.F.);
#3478=ORIENTED_EDGE('',*,*,#2622,.F.);
#3479=ORIENTED_EDGE('',*,*,#2623,.F.);
#3480=ORIENTED_EDGE('',*,*,#2624,.F.);
#3481=ORIENTED_EDGE('',*,*,#2625,.F.);
#3482=ORIENTED_EDGE('',*,*,#2626,.F.);
#3483=ORIENTED_EDGE('',*,*,#2627,.F.);
#3484=ORIENTED_EDGE('',*,*,#2628,.F.);
#3485=ORIENTED_EDGE('',*,*,#2449,.T.);
#3486=ORIENTED_EDGE('',*,*,#2629,.F.);
#3487=ORIENTED_EDGE('',*,*,#2630,.T.);
#3488=ORIENTED_EDGE('',*,*,#2445,.T.);
#3489=ORIENTED_EDGE('',*,*,#2628,.T.);
#3490=ORIENTED_EDGE('',*,*,#2534,.T.);
#3491=ORIENTED_EDGE('',*,*,#2614,.T.);
#3492=ORIENTED_EDGE('',*,*,#2631,.T.);
#3493=ORIENTED_EDGE('',*,*,#2629,.T.);
#3494=ORIENTED_EDGE('',*,*,#2448,.T.);
#3495=ORIENTED_EDGE('',*,*,#2625,.T.);
#3496=ORIENTED_EDGE('',*,*,#2535,.T.);
#3497=ORIENTED_EDGE('',*,*,#2627,.T.);
#3498=ORIENTED_EDGE('',*,*,#2632,.T.);
#3499=ORIENTED_EDGE('',*,*,#2612,.T.);
#3500=ORIENTED_EDGE('',*,*,#2633,.T.);
#3501=ORIENTED_EDGE('',*,*,#2626,.T.);
#3502=ORIENTED_EDGE('',*,*,#2634,.T.);
#3503=ORIENTED_EDGE('',*,*,#2622,.T.);
#3504=ORIENTED_EDGE('',*,*,#2536,.T.);
#3505=ORIENTED_EDGE('',*,*,#2624,.T.);
#3506=ORIENTED_EDGE('',*,*,#2635,.T.);
#3507=ORIENTED_EDGE('',*,*,#2610,.T.);
#3508=ORIENTED_EDGE('',*,*,#2636,.T.);
#3509=ORIENTED_EDGE('',*,*,#2623,.T.);
#3510=ORIENTED_EDGE('',*,*,#2637,.T.);
#3511=ORIENTED_EDGE('',*,*,#2616,.T.);
#3512=ORIENTED_EDGE('',*,*,#2537,.T.);
#3513=ORIENTED_EDGE('',*,*,#2621,.T.);
#3514=ORIENTED_EDGE('',*,*,#2638,.T.);
#3515=ORIENTED_EDGE('',*,*,#2619,.F.);
#3516=ORIENTED_EDGE('',*,*,#2638,.F.);
#3517=ORIENTED_EDGE('',*,*,#2636,.F.);
#3518=ORIENTED_EDGE('',*,*,#2609,.F.);
#3519=ORIENTED_EDGE('',*,*,#2349,.F.);
#3520=ORIENTED_EDGE('',*,*,#2639,.T.);
#3521=ORIENTED_EDGE('',*,*,#2488,.T.);
#3522=ORIENTED_EDGE('',*,*,#2640,.T.);
#3523=ORIENTED_EDGE('',*,*,#2352,.F.);
#3524=ORIENTED_EDGE('',*,*,#2640,.F.);
#3525=ORIENTED_EDGE('',*,*,#2487,.T.);
#3526=ORIENTED_EDGE('',*,*,#2641,.T.);
#3527=ORIENTED_EDGE('',*,*,#2642,.F.);
#3528=ORIENTED_EDGE('',*,*,#2643,.F.);
#3529=ORIENTED_EDGE('',*,*,#2644,.F.);
#3530=ORIENTED_EDGE('',*,*,#2645,.F.);
#3531=ORIENTED_EDGE('',*,*,#2646,.F.);
#3532=ORIENTED_EDGE('',*,*,#2647,.F.);
#3533=ORIENTED_EDGE('',*,*,#2648,.F.);
#3534=ORIENTED_EDGE('',*,*,#2649,.F.);
#3535=ORIENTED_EDGE('',*,*,#2650,.F.);
#3536=ORIENTED_EDGE('',*,*,#2651,.F.);
#3537=ORIENTED_EDGE('',*,*,#2652,.F.);
#3538=ORIENTED_EDGE('',*,*,#2653,.F.);
#3539=ORIENTED_EDGE('',*,*,#2654,.T.);
#3540=ORIENTED_EDGE('',*,*,#2649,.T.);
#3541=ORIENTED_EDGE('',*,*,#2528,.T.);
#3542=ORIENTED_EDGE('',*,*,#2652,.T.);
#3543=ORIENTED_EDGE('',*,*,#2655,.T.);
#3544=ORIENTED_EDGE('',*,*,#2526,.T.);
#3545=ORIENTED_EDGE('',*,*,#2656,.F.);
#3546=ORIENTED_EDGE('',*,*,#2371,.F.);
#3547=ORIENTED_EDGE('',*,*,#2657,.F.);
#3548=ORIENTED_EDGE('',*,*,#2377,.F.);
#3549=ORIENTED_EDGE('',*,*,#2658,.F.);
#3550=ORIENTED_EDGE('',*,*,#2524,.T.);
#3551=ORIENTED_EDGE('',*,*,#2549,.F.);
#3552=ORIENTED_EDGE('',*,*,#2656,.T.);
#3553=ORIENTED_EDGE('',*,*,#2525,.T.);
#3554=ORIENTED_EDGE('',*,*,#2658,.T.);
#3555=ORIENTED_EDGE('',*,*,#2376,.T.);
#3556=ORIENTED_EDGE('',*,*,#2653,.T.);
#3557=ORIENTED_EDGE('',*,*,#2527,.T.);
#3558=ORIENTED_EDGE('',*,*,#2657,.T.);
#3559=ORIENTED_EDGE('',*,*,#2370,.T.);
#3560=ORIENTED_EDGE('',*,*,#2481,.T.);
#3561=ORIENTED_EDGE('',*,*,#2659,.T.);
#3562=ORIENTED_EDGE('',*,*,#2651,.T.);
#3563=ORIENTED_EDGE('',*,*,#2660,.T.);
#3564=ORIENTED_EDGE('',*,*,#2479,.T.);
#3565=ORIENTED_EDGE('',*,*,#2661,.T.);
#3566=ORIENTED_EDGE('',*,*,#2650,.T.);
#3567=ORIENTED_EDGE('',*,*,#2662,.T.);
#3568=ORIENTED_EDGE('',*,*,#2663,.F.);
#3569=ORIENTED_EDGE('',*,*,#2529,.T.);
#3570=ORIENTED_EDGE('',*,*,#2648,.T.);
#3571=ORIENTED_EDGE('',*,*,#2664,.T.);
#3572=ORIENTED_EDGE('',*,*,#2646,.T.);
#3573=ORIENTED_EDGE('',*,*,#2665,.T.);
#3574=ORIENTED_EDGE('',*,*,#2666,.F.);
#3575=ORIENTED_EDGE('',*,*,#2477,.T.);
#3576=ORIENTED_EDGE('',*,*,#2667,.T.);
#3577=ORIENTED_EDGE('',*,*,#2647,.T.);
#3578=ORIENTED_EDGE('',*,*,#2668,.T.);
#3579=ORIENTED_EDGE('',*,*,#2643,.T.);
#3580=ORIENTED_EDGE('',*,*,#2669,.T.);
#3581=ORIENTED_EDGE('',*,*,#2645,.T.);
#3582=ORIENTED_EDGE('',*,*,#2670,.T.);
#3583=ORIENTED_EDGE('',*,*,#2475,.T.);
#3584=ORIENTED_EDGE('',*,*,#2598,.T.);
#3585=ORIENTED_EDGE('',*,*,#2644,.T.);
#3586=ORIENTED_EDGE('',*,*,#2671,.T.);
#3587=ORIENTED_EDGE('',*,*,#2672,.T.);
#3588=ORIENTED_EDGE('',*,*,#2673,.T.);
#3589=ORIENTED_EDGE('',*,*,#2642,.T.);
#3590=ORIENTED_EDGE('',*,*,#2597,.T.);
#3591=ORIENTED_EDGE('',*,*,#2665,.F.);
#3592=ORIENTED_EDGE('',*,*,#2669,.F.);
#3593=ORIENTED_EDGE('',*,*,#2673,.F.);
#3594=ORIENTED_EDGE('',*,*,#2674,.T.);
#3595=ORIENTED_EDGE('',*,*,#2364,.F.);
#3596=ORIENTED_EDGE('',*,*,#2675,.T.);
#3597=ORIENTED_EDGE('',*,*,#2483,.T.);
#3598=ORIENTED_EDGE('',*,*,#2676,.T.);
#3599=ORIENTED_EDGE('',*,*,#2369,.F.);
#3600=ORIENTED_EDGE('',*,*,#2676,.F.);
#3601=ORIENTED_EDGE('',*,*,#2482,.F.);
#3602=ORIENTED_EDGE('',*,*,#2660,.F.);
#3603=ORIENTED_EDGE('',*,*,#2654,.F.);
#3604=ORIENTED_EDGE('',*,*,#2358,.F.);
#3605=ORIENTED_EDGE('',*,*,#2677,.T.);
#3606=ORIENTED_EDGE('',*,*,#2485,.T.);
#3607=ORIENTED_EDGE('',*,*,#2678,.T.);
#3608=ORIENTED_EDGE('',*,*,#2357,.F.);
#3609=ORIENTED_EDGE('',*,*,#2641,.F.);
#3610=ORIENTED_EDGE('',*,*,#2486,.F.);
#3611=ORIENTED_EDGE('',*,*,#2677,.F.);
#3612=ORIENTED_EDGE('',*,*,#2659,.F.);
#3613=ORIENTED_EDGE('',*,*,#2480,.F.);
#3614=ORIENTED_EDGE('',*,*,#2662,.F.);
#3615=ORIENTED_EDGE('',*,*,#2655,.F.);
#3616=ORIENTED_EDGE('',*,*,#2518,.F.);
#3617=ORIENTED_EDGE('',*,*,#2420,.T.);
#3618=ORIENTED_EDGE('',*,*,#2679,.F.);
#3619=ORIENTED_EDGE('',*,*,#2680,.T.);
#3620=ORIENTED_EDGE('',*,*,#2681,.T.);
#3621=ORIENTED_EDGE('',*,*,#2679,.T.);
#3622=ORIENTED_EDGE('',*,*,#2419,.T.);
#3623=ORIENTED_EDGE('',*,*,#2574,.F.);
#3624=ORIENTED_EDGE('',*,*,#2682,.T.);
#3625=ORIENTED_EDGE('',*,*,#2683,.T.);
#3626=ORIENTED_EDGE('',*,*,#2682,.F.);
#3627=ORIENTED_EDGE('',*,*,#2683,.F.);
#3628=ORIENTED_EDGE('',*,*,#2684,.F.);
#3629=ORIENTED_EDGE('',*,*,#2568,.F.);
#3630=ORIENTED_EDGE('',*,*,#2685,.T.);
#3631=ORIENTED_EDGE('',*,*,#2686,.T.);
#3632=ORIENTED_EDGE('',*,*,#2685,.F.);
#3633=ORIENTED_EDGE('',*,*,#2570,.F.);
#3634=ORIENTED_EDGE('',*,*,#2686,.F.);
#3635=ORIENTED_EDGE('',*,*,#2687,.F.);
#3636=ORIENTED_EDGE('',*,*,#2561,.F.);
#3637=ORIENTED_EDGE('',*,*,#2688,.T.);
#3638=ORIENTED_EDGE('',*,*,#2689,.T.);
#3639=ORIENTED_EDGE('',*,*,#2688,.F.);
#3640=ORIENTED_EDGE('',*,*,#2566,.F.);
#3641=ORIENTED_EDGE('',*,*,#2689,.F.);
#3642=ORIENTED_EDGE('',*,*,#2690,.F.);
#3643=ORIENTED_EDGE('',*,*,#2507,.F.);
#3644=ORIENTED_EDGE('',*,*,#2520,.F.);
#3645=ORIENTED_EDGE('',*,*,#2512,.F.);
#3646=ORIENTED_EDGE('',*,*,#2509,.F.);
#3647=ORIENTED_EDGE('',*,*,#2511,.F.);
#3648=ORIENTED_EDGE('',*,*,#2519,.F.);
#3649=ORIENTED_EDGE('',*,*,#2680,.F.);
#3650=ORIENTED_EDGE('',*,*,#2681,.F.);
#3651=ORIENTED_EDGE('',*,*,#2418,.T.);
#3652=ORIENTED_EDGE('',*,*,#2517,.F.);
#3653=ORIENTED_EDGE('',*,*,#2515,.F.);
#3654=ORIENTED_EDGE('',*,*,#2578,.T.);
#3655=ORIENTED_EDGE('',*,*,#2691,.T.);
#3656=ORIENTED_EDGE('',*,*,#2631,.F.);
#3657=ORIENTED_EDGE('',*,*,#2613,.F.);
#3658=ORIENTED_EDGE('',*,*,#2634,.F.);
#3659=ORIENTED_EDGE('',*,*,#2632,.F.);
#3660=ORIENTED_EDGE('',*,*,#2633,.F.);
#3661=ORIENTED_EDGE('',*,*,#2611,.F.);
#3662=ORIENTED_EDGE('',*,*,#2637,.F.);
#3663=ORIENTED_EDGE('',*,*,#2635,.F.);
#3664=ORIENTED_EDGE('',*,*,#2661,.F.);
#3665=ORIENTED_EDGE('',*,*,#2478,.F.);
#3666=ORIENTED_EDGE('',*,*,#2668,.F.);
#3667=ORIENTED_EDGE('',*,*,#2664,.F.);
#3668=ORIENTED_EDGE('',*,*,#2667,.F.);
#3669=ORIENTED_EDGE('',*,*,#2476,.F.);
#3670=ORIENTED_EDGE('',*,*,#2671,.F.);
#3671=ORIENTED_EDGE('',*,*,#2670,.F.);
#3672=ORIENTED_EDGE('',*,*,#2588,.F.);
#3673=ORIENTED_EDGE('',*,*,#2470,.F.);
#3674=ORIENTED_EDGE('',*,*,#2592,.F.);
#3675=ORIENTED_EDGE('',*,*,#2590,.F.);
#3676=ORIENTED_EDGE('',*,*,#2692,.T.);
#3677=ORIENTED_EDGE('',*,*,#2693,.F.);
#3678=ORIENTED_EDGE('',*,*,#2330,.F.);
#3679=ORIENTED_EDGE('',*,*,#2530,.F.);
#3680=ORIENTED_EDGE('',*,*,#2663,.T.);
#3681=ORIENTED_EDGE('',*,*,#2694,.F.);
#3682=ORIENTED_EDGE('',*,*,#2692,.F.);
#3683=ORIENTED_EDGE('',*,*,#2666,.T.);
#3684=ORIENTED_EDGE('',*,*,#2674,.F.);
#3685=ORIENTED_EDGE('',*,*,#2672,.F.);
#3686=ORIENTED_EDGE('',*,*,#2596,.F.);
#3687=ORIENTED_EDGE('',*,*,#2473,.F.);
#3688=ORIENTED_EDGE('',*,*,#2695,.T.);
#3689=ORIENTED_EDGE('',*,*,#2696,.F.);
#3690=ORIENTED_EDGE('',*,*,#2695,.F.);
#3691=ORIENTED_EDGE('',*,*,#2472,.F.);
#3692=ORIENTED_EDGE('',*,*,#2338,.F.);
#3693=ORIENTED_EDGE('',*,*,#2586,.T.);
#3694=ORIENTED_EDGE('',*,*,#2599,.F.);
#3695=ORIENTED_EDGE('',*,*,#2593,.F.);
#3696=ORIENTED_EDGE('',*,*,#2607,.F.);
#3697=ORIENTED_EDGE('',*,*,#2467,.F.);
#3698=ORIENTED_EDGE('',*,*,#2332,.T.);
#3699=ORIENTED_EDGE('',*,*,#2697,.F.);
#3700=ORIENTED_EDGE('',*,*,#2698,.T.);
#3701=ORIENTED_EDGE('',*,*,#2493,.F.);
#3702=ORIENTED_EDGE('',*,*,#2698,.F.);
#3703=ORIENTED_EDGE('',*,*,#2545,.T.);
#3704=ORIENTED_EDGE('',*,*,#2699,.T.);
#3705=ORIENTED_EDGE('',*,*,#2700,.F.);
#3706=ORIENTED_EDGE('',*,*,#2701,.F.);
#3707=ORIENTED_EDGE('',*,*,#2546,.T.);
#3708=ORIENTED_EDGE('',*,*,#2701,.T.);
#3709=ORIENTED_EDGE('',*,*,#2702,.F.);
#3710=ORIENTED_EDGE('',*,*,#2703,.F.);
#3711=ORIENTED_EDGE('',*,*,#2547,.T.);
#3712=ORIENTED_EDGE('',*,*,#2703,.T.);
#3713=ORIENTED_EDGE('',*,*,#2704,.F.);
#3714=ORIENTED_EDGE('',*,*,#2705,.F.);
#3715=ORIENTED_EDGE('',*,*,#2544,.T.);
#3716=ORIENTED_EDGE('',*,*,#2705,.T.);
#3717=ORIENTED_EDGE('',*,*,#2706,.F.);
#3718=ORIENTED_EDGE('',*,*,#2699,.F.);
#3719=ORIENTED_EDGE('',*,*,#2707,.F.);
#3720=ORIENTED_EDGE('',*,*,#2708,.T.);
#3721=ORIENTED_EDGE('',*,*,#2494,.F.);
#3722=ORIENTED_EDGE('',*,*,#2708,.F.);
#3723=ORIENTED_EDGE('',*,*,#2709,.F.);
#3724=ORIENTED_EDGE('',*,*,#2710,.T.);
#3725=ORIENTED_EDGE('',*,*,#2690,.T.);
#3726=ORIENTED_EDGE('',*,*,#2710,.F.);
#3727=ORIENTED_EDGE('',*,*,#2711,.F.);
#3728=ORIENTED_EDGE('',*,*,#2712,.T.);
#3729=ORIENTED_EDGE('',*,*,#2691,.F.);
#3730=ORIENTED_EDGE('',*,*,#2712,.F.);
#3731=ORIENTED_EDGE('',*,*,#2713,.F.);
#3732=ORIENTED_EDGE('',*,*,#2714,.T.);
#3733=ORIENTED_EDGE('',*,*,#2521,.F.);
#3734=ORIENTED_EDGE('',*,*,#2714,.F.);
#3735=ORIENTED_EDGE('',*,*,#2715,.F.);
#3736=ORIENTED_EDGE('',*,*,#2716,.T.);
#3737=ORIENTED_EDGE('',*,*,#2615,.F.);
#3738=ORIENTED_EDGE('',*,*,#2716,.F.);
#3739=ORIENTED_EDGE('',*,*,#2717,.F.);
#3740=ORIENTED_EDGE('',*,*,#2718,.T.);
#3741=ORIENTED_EDGE('',*,*,#2684,.T.);
#3742=ORIENTED_EDGE('',*,*,#2718,.F.);
#3743=ORIENTED_EDGE('',*,*,#2719,.F.);
#3744=ORIENTED_EDGE('',*,*,#2720,.T.);
#3745=ORIENTED_EDGE('',*,*,#2495,.F.);
#3746=ORIENTED_EDGE('',*,*,#2720,.F.);
#3747=ORIENTED_EDGE('',*,*,#2721,.F.);
#3748=ORIENTED_EDGE('',*,*,#2722,.T.);
#3749=ORIENTED_EDGE('',*,*,#2687,.T.);
#3750=ORIENTED_EDGE('',*,*,#2722,.F.);
#3751=ORIENTED_EDGE('',*,*,#2363,.F.);
#3752=ORIENTED_EDGE('',*,*,#2678,.F.);
#3753=ORIENTED_EDGE('',*,*,#2484,.F.);
#3754=ORIENTED_EDGE('',*,*,#2675,.F.);
#3755=ORIENTED_EDGE('',*,*,#2346,.F.);
#3756=ORIENTED_EDGE('',*,*,#2723,.F.);
#3757=ORIENTED_EDGE('',*,*,#2605,.T.);
#3758=ORIENTED_EDGE('',*,*,#2464,.F.);
#3759=ORIENTED_EDGE('',*,*,#2489,.F.);
#3760=ORIENTED_EDGE('',*,*,#2639,.F.);
#3761=ORIENTED_EDGE('',*,*,#2533,.T.);
#3762=ORIENTED_EDGE('',*,*,#2606,.F.);
#3763=ORIENTED_EDGE('',*,*,#2723,.T.);
#3764=ORIENTED_EDGE('',*,*,#2345,.F.);
#3765=ORIENTED_EDGE('',*,*,#2724,.F.);
#3766=ORIENTED_EDGE('',*,*,#2442,.F.);
#3767=ORIENTED_EDGE('',*,*,#2630,.F.);
#3768=ORIENTED_EDGE('',*,*,#2522,.T.);
#3769=ORIENTED_EDGE('',*,*,#2620,.F.);
#3770=ORIENTED_EDGE('',*,*,#2422,.F.);
#3771=ORIENTED_EDGE('',*,*,#2725,.F.);
#3772=ORIENTED_EDGE('',*,*,#2399,.F.);
#3773=ORIENTED_EDGE('',*,*,#2504,.F.);
#3774=ORIENTED_EDGE('',*,*,#2725,.T.);
#3775=ORIENTED_EDGE('',*,*,#2426,.F.);
#3776=ORIENTED_EDGE('',*,*,#2429,.F.);
#3777=ORIENTED_EDGE('',*,*,#2431,.F.);
#3778=ORIENTED_EDGE('',*,*,#2435,.F.);
#3779=ORIENTED_EDGE('',*,*,#2437,.F.);
#3780=ORIENTED_EDGE('',*,*,#2441,.F.);
#3781=ORIENTED_EDGE('',*,*,#2443,.F.);
#3782=ORIENTED_EDGE('',*,*,#2724,.T.);
#3783=ORIENTED_EDGE('',*,*,#2348,.F.);
#3784=ORIENTED_EDGE('',*,*,#2351,.F.);
#3785=ORIENTED_EDGE('',*,*,#2354,.F.);
#3786=ORIENTED_EDGE('',*,*,#2356,.F.);
#3787=ORIENTED_EDGE('',*,*,#2360,.F.);
#3788=ORIENTED_EDGE('',*,*,#2362,.F.);
#3789=ORIENTED_EDGE('',*,*,#2366,.F.);
#3790=ORIENTED_EDGE('',*,*,#2368,.F.);
#3791=ORIENTED_EDGE('',*,*,#2373,.F.);
#3792=ORIENTED_EDGE('',*,*,#2375,.F.);
#3793=ORIENTED_EDGE('',*,*,#2379,.F.);
#3794=ORIENTED_EDGE('',*,*,#2381,.F.);
#3795=ORIENTED_EDGE('',*,*,#2386,.F.);
#3796=ORIENTED_EDGE('',*,*,#2388,.F.);
#3797=ORIENTED_EDGE('',*,*,#2392,.F.);
#3798=ORIENTED_EDGE('',*,*,#2394,.F.);
#3799=ORIENTED_EDGE('',*,*,#2398,.F.);
#3800=ORIENTED_EDGE('',*,*,#2400,.F.);
#3801=ORIENTED_EDGE('',*,*,#2697,.T.);
#3802=ORIENTED_EDGE('',*,*,#2706,.T.);
#3803=ORIENTED_EDGE('',*,*,#2704,.T.);
#3804=ORIENTED_EDGE('',*,*,#2702,.T.);
#3805=ORIENTED_EDGE('',*,*,#2700,.T.);
#3806=ORIENTED_EDGE('',*,*,#2707,.T.);
#3807=ORIENTED_EDGE('',*,*,#2709,.T.);
#3808=ORIENTED_EDGE('',*,*,#2711,.T.);
#3809=ORIENTED_EDGE('',*,*,#2713,.T.);
#3810=ORIENTED_EDGE('',*,*,#2715,.T.);
#3811=ORIENTED_EDGE('',*,*,#2717,.T.);
#3812=ORIENTED_EDGE('',*,*,#2719,.T.);
#3813=ORIENTED_EDGE('',*,*,#2721,.T.);
#3814=ORIENTED_EDGE('',*,*,#2331,.T.);
#3815=ORIENTED_EDGE('',*,*,#2693,.T.);
#3816=ORIENTED_EDGE('',*,*,#2694,.T.);
#3817=ORIENTED_EDGE('',*,*,#2696,.T.);
#3818=ORIENTED_EDGE('',*,*,#2726,.F.);
#3819=ORIENTED_EDGE('',*,*,#2727,.F.);
#3820=ORIENTED_EDGE('',*,*,#2728,.F.);
#3821=ORIENTED_EDGE('',*,*,#2729,.F.);
#3822=ORIENTED_EDGE('',*,*,#2730,.F.);
#3823=ORIENTED_EDGE('',*,*,#2727,.T.);
#3824=ORIENTED_EDGE('',*,*,#2731,.T.);
#3825=ORIENTED_EDGE('',*,*,#2732,.T.);
#3826=ORIENTED_EDGE('',*,*,#2733,.T.);
#3827=ORIENTED_EDGE('',*,*,#2726,.T.);
#3828=ORIENTED_EDGE('',*,*,#2734,.T.);
#3829=ORIENTED_EDGE('',*,*,#2735,.T.);
#3830=ORIENTED_EDGE('',*,*,#2736,.T.);
#3831=ORIENTED_EDGE('',*,*,#2737,.F.);
#3832=ORIENTED_EDGE('',*,*,#2738,.F.);
#3833=ORIENTED_EDGE('',*,*,#2739,.F.);
#3834=ORIENTED_EDGE('',*,*,#2740,.F.);
#3835=ORIENTED_EDGE('',*,*,#2741,.F.);
#3836=ORIENTED_EDGE('',*,*,#2742,.F.);
#3837=ORIENTED_EDGE('',*,*,#2743,.F.);
#3838=ORIENTED_EDGE('',*,*,#2744,.F.);
#3839=ORIENTED_EDGE('',*,*,#2745,.F.);
#3840=ORIENTED_EDGE('',*,*,#2746,.F.);
#3841=ORIENTED_EDGE('',*,*,#2747,.F.);
#3842=ORIENTED_EDGE('',*,*,#2731,.F.);
#3843=ORIENTED_EDGE('',*,*,#2748,.F.);
#3844=ORIENTED_EDGE('',*,*,#2749,.T.);
#3845=ORIENTED_EDGE('',*,*,#2750,.T.);
#3846=ORIENTED_EDGE('',*,*,#2749,.F.);
#3847=ORIENTED_EDGE('',*,*,#2750,.F.);
#3848=ORIENTED_EDGE('',*,*,#2751,.T.);
#3849=ORIENTED_EDGE('',*,*,#2752,.T.);
#3850=ORIENTED_EDGE('',*,*,#2753,.T.);
#3851=ORIENTED_EDGE('',*,*,#2754,.T.);
#3852=ORIENTED_EDGE('',*,*,#2751,.F.);
#3853=ORIENTED_EDGE('',*,*,#2755,.T.);
#3854=ORIENTED_EDGE('',*,*,#2756,.T.);
#3855=ORIENTED_EDGE('',*,*,#2757,.T.);
#3856=ORIENTED_EDGE('',*,*,#2758,.T.);
#3857=ORIENTED_EDGE('',*,*,#2759,.T.);
#3858=ORIENTED_EDGE('',*,*,#2756,.F.);
#3859=ORIENTED_EDGE('',*,*,#2760,.T.);
#3860=ORIENTED_EDGE('',*,*,#2758,.F.);
#3861=ORIENTED_EDGE('',*,*,#2761,.T.);
#3862=ORIENTED_EDGE('',*,*,#2762,.T.);
#3863=ORIENTED_EDGE('',*,*,#2763,.T.);
#3864=ORIENTED_EDGE('',*,*,#2764,.T.);
#3865=ORIENTED_EDGE('',*,*,#2765,.T.);
#3866=ORIENTED_EDGE('',*,*,#2762,.F.);
#3867=ORIENTED_EDGE('',*,*,#2766,.T.);
#3868=ORIENTED_EDGE('',*,*,#2764,.F.);
#3869=ORIENTED_EDGE('',*,*,#2767,.T.);
#3870=ORIENTED_EDGE('',*,*,#2768,.T.);
#3871=ORIENTED_EDGE('',*,*,#2769,.T.);
#3872=ORIENTED_EDGE('',*,*,#2770,.T.);
#3873=ORIENTED_EDGE('',*,*,#2771,.T.);
#3874=ORIENTED_EDGE('',*,*,#2768,.F.);
#3875=ORIENTED_EDGE('',*,*,#2772,.T.);
#3876=ORIENTED_EDGE('',*,*,#2770,.F.);
#3877=ORIENTED_EDGE('',*,*,#2773,.T.);
#3878=ORIENTED_EDGE('',*,*,#2753,.F.);
#3879=ORIENTED_EDGE('',*,*,#2774,.T.);
#3880=ORIENTED_EDGE('',*,*,#2761,.F.);
#3881=ORIENTED_EDGE('',*,*,#2775,.T.);
#3882=ORIENTED_EDGE('',*,*,#2776,.T.);
#3883=ORIENTED_EDGE('',*,*,#2777,.T.);
#3884=ORIENTED_EDGE('',*,*,#2760,.F.);
#3885=ORIENTED_EDGE('',*,*,#2778,.F.);
#3886=ORIENTED_EDGE('',*,*,#2779,.F.);
#3887=ORIENTED_EDGE('',*,*,#2780,.F.);
#3888=ORIENTED_EDGE('',*,*,#2781,.F.);
#3889=ORIENTED_EDGE('',*,*,#2775,.F.);
#3890=ORIENTED_EDGE('',*,*,#2755,.F.);
#3891=ORIENTED_EDGE('',*,*,#2782,.T.);
#3892=ORIENTED_EDGE('',*,*,#2783,.T.);
#3893=ORIENTED_EDGE('',*,*,#2784,.F.);
#3894=ORIENTED_EDGE('',*,*,#2785,.F.);
#3895=ORIENTED_EDGE('',*,*,#2778,.T.);
#3896=ORIENTED_EDGE('',*,*,#2754,.F.);
#3897=ORIENTED_EDGE('',*,*,#2786,.F.);
#3898=ORIENTED_EDGE('',*,*,#2787,.F.);
#3899=ORIENTED_EDGE('',*,*,#2782,.F.);
#3900=ORIENTED_EDGE('',*,*,#2752,.F.);
#3901=ORIENTED_EDGE('',*,*,#2757,.F.);
#3902=ORIENTED_EDGE('',*,*,#2759,.F.);
#3903=ORIENTED_EDGE('',*,*,#2763,.F.);
#3904=ORIENTED_EDGE('',*,*,#2765,.F.);
#3905=ORIENTED_EDGE('',*,*,#2769,.F.);
#3906=ORIENTED_EDGE('',*,*,#2771,.F.);
#3907=ORIENTED_EDGE('',*,*,#2774,.F.);
#3908=ORIENTED_EDGE('',*,*,#2788,.T.);
#3909=ORIENTED_EDGE('',*,*,#2789,.T.);
#3910=ORIENTED_EDGE('',*,*,#2790,.T.);
#3911=ORIENTED_EDGE('',*,*,#2791,.T.);
#3912=ORIENTED_EDGE('',*,*,#2792,.T.);
#3913=ORIENTED_EDGE('',*,*,#2793,.T.);
#3914=ORIENTED_EDGE('',*,*,#2794,.T.);
#3915=ORIENTED_EDGE('',*,*,#2795,.T.);
#3916=ORIENTED_EDGE('',*,*,#2796,.T.);
#3917=ORIENTED_EDGE('',*,*,#2793,.F.);
#3918=ORIENTED_EDGE('',*,*,#2797,.T.);
#3919=ORIENTED_EDGE('',*,*,#2798,.F.);
#3920=ORIENTED_EDGE('',*,*,#2783,.F.);
#3921=ORIENTED_EDGE('',*,*,#2787,.T.);
#3922=ORIENTED_EDGE('',*,*,#2799,.F.);
#3923=ORIENTED_EDGE('',*,*,#2800,.T.);
#3924=ORIENTED_EDGE('',*,*,#2801,.F.);
#3925=ORIENTED_EDGE('',*,*,#2802,.T.);
#3926=ORIENTED_EDGE('',*,*,#2803,.F.);
#3927=ORIENTED_EDGE('',*,*,#2804,.T.);
#3928=ORIENTED_EDGE('',*,*,#2805,.F.);
#3929=ORIENTED_EDGE('',*,*,#2806,.T.);
#3930=ORIENTED_EDGE('',*,*,#2807,.T.);
#3931=ORIENTED_EDGE('',*,*,#2808,.T.);
#3932=ORIENTED_EDGE('',*,*,#2809,.T.);
#3933=ORIENTED_EDGE('',*,*,#2810,.T.);
#3934=ORIENTED_EDGE('',*,*,#2811,.T.);
#3935=ORIENTED_EDGE('',*,*,#2812,.T.);
#3936=ORIENTED_EDGE('',*,*,#2748,.T.);
#3937=ORIENTED_EDGE('',*,*,#2796,.F.);
#3938=ORIENTED_EDGE('',*,*,#2813,.T.);
#3939=ORIENTED_EDGE('',*,*,#2814,.F.);
#3940=ORIENTED_EDGE('',*,*,#2797,.F.);
#3941=ORIENTED_EDGE('',*,*,#2815,.F.);
#3942=ORIENTED_EDGE('',*,*,#2784,.T.);
#3943=ORIENTED_EDGE('',*,*,#2798,.T.);
#3944=ORIENTED_EDGE('',*,*,#2814,.T.);
#3945=ORIENTED_EDGE('',*,*,#2816,.T.);
#3946=ORIENTED_EDGE('',*,*,#2817,.T.);
#3947=ORIENTED_EDGE('',*,*,#2818,.T.);
#3948=ORIENTED_EDGE('',*,*,#2819,.T.);
#3949=ORIENTED_EDGE('',*,*,#2817,.F.);
#3950=ORIENTED_EDGE('',*,*,#2820,.F.);
#3951=ORIENTED_EDGE('',*,*,#2821,.F.);
#3952=ORIENTED_EDGE('',*,*,#2822,.T.);
#3953=ORIENTED_EDGE('',*,*,#2816,.F.);
#3954=ORIENTED_EDGE('',*,*,#2823,.T.);
#3955=ORIENTED_EDGE('',*,*,#2824,.F.);
#3956=ORIENTED_EDGE('',*,*,#2825,.T.);
#3957=ORIENTED_EDGE('',*,*,#2826,.F.);
#3958=ORIENTED_EDGE('',*,*,#2827,.F.);
#3959=ORIENTED_EDGE('',*,*,#2828,.T.);
#3960=ORIENTED_EDGE('',*,*,#2829,.F.);
#3961=ORIENTED_EDGE('',*,*,#2830,.T.);
#3962=ORIENTED_EDGE('',*,*,#2831,.F.);
#3963=ORIENTED_EDGE('',*,*,#2832,.T.);
#3964=ORIENTED_EDGE('',*,*,#2833,.F.);
#3965=ORIENTED_EDGE('',*,*,#2820,.T.);
#3966=ORIENTED_EDGE('',*,*,#2834,.T.);
#3967=ORIENTED_EDGE('',*,*,#2833,.T.);
#3968=ORIENTED_EDGE('',*,*,#2835,.T.);
#3969=ORIENTED_EDGE('',*,*,#2836,.T.);
#3970=ORIENTED_EDGE('',*,*,#2821,.T.);
#3971=ORIENTED_EDGE('',*,*,#2766,.F.);
#3972=ORIENTED_EDGE('',*,*,#2777,.F.);
#3973=ORIENTED_EDGE('',*,*,#2837,.F.);
#3974=ORIENTED_EDGE('',*,*,#2838,.F.);
#3975=ORIENTED_EDGE('',*,*,#2839,.T.);
#3976=ORIENTED_EDGE('',*,*,#2835,.F.);
#3977=ORIENTED_EDGE('',*,*,#2832,.F.);
#3978=ORIENTED_EDGE('',*,*,#2840,.F.);
#3979=ORIENTED_EDGE('',*,*,#2841,.T.);
#3980=ORIENTED_EDGE('',*,*,#2842,.T.);
#3981=ORIENTED_EDGE('',*,*,#2843,.T.);
#3982=ORIENTED_EDGE('',*,*,#2838,.T.);
#3983=ORIENTED_EDGE('',*,*,#2842,.F.);
#3984=ORIENTED_EDGE('',*,*,#2844,.F.);
#3985=ORIENTED_EDGE('',*,*,#2845,.F.);
#3986=ORIENTED_EDGE('',*,*,#2846,.T.);
#3987=ORIENTED_EDGE('',*,*,#2841,.F.);
#3988=ORIENTED_EDGE('',*,*,#2837,.T.);
#3989=ORIENTED_EDGE('',*,*,#2776,.F.);
#3990=ORIENTED_EDGE('',*,*,#2781,.T.);
#3991=ORIENTED_EDGE('',*,*,#2847,.F.);
#3992=ORIENTED_EDGE('',*,*,#2848,.T.);
#3993=ORIENTED_EDGE('',*,*,#2849,.F.);
#3994=ORIENTED_EDGE('',*,*,#2850,.T.);
#3995=ORIENTED_EDGE('',*,*,#2851,.T.);
#3996=ORIENTED_EDGE('',*,*,#2852,.T.);
#3997=ORIENTED_EDGE('',*,*,#2853,.T.);
#3998=ORIENTED_EDGE('',*,*,#2854,.F.);
#3999=ORIENTED_EDGE('',*,*,#2844,.T.);
#4000=ORIENTED_EDGE('',*,*,#2854,.T.);
#4001=ORIENTED_EDGE('',*,*,#2855,.T.);
#4002=ORIENTED_EDGE('',*,*,#2856,.T.);
#4003=ORIENTED_EDGE('',*,*,#2845,.T.);
#4004=ORIENTED_EDGE('',*,*,#2857,.T.);
#4005=ORIENTED_EDGE('',*,*,#2855,.F.);
#4006=ORIENTED_EDGE('',*,*,#2853,.F.);
#4007=ORIENTED_EDGE('',*,*,#2858,.F.);
#4008=ORIENTED_EDGE('',*,*,#2859,.T.);
#4009=ORIENTED_EDGE('',*,*,#2728,.T.);
#4010=ORIENTED_EDGE('',*,*,#2733,.F.);
#4011=ORIENTED_EDGE('',*,*,#2860,.F.);
#4012=ORIENTED_EDGE('',*,*,#2823,.F.);
#4013=ORIENTED_EDGE('',*,*,#2819,.F.);
#4014=ORIENTED_EDGE('',*,*,#2849,.T.);
#4015=ORIENTED_EDGE('',*,*,#2861,.T.);
#4016=ORIENTED_EDGE('',*,*,#2862,.T.);
#4017=ORIENTED_EDGE('',*,*,#2863,.T.);
#4018=ORIENTED_EDGE('',*,*,#2863,.F.);
#4019=ORIENTED_EDGE('',*,*,#2864,.T.);
#4020=ORIENTED_EDGE('',*,*,#2865,.T.);
#4021=ORIENTED_EDGE('',*,*,#2866,.T.);
#4022=ORIENTED_EDGE('',*,*,#2867,.F.);
#4023=ORIENTED_EDGE('',*,*,#2850,.F.);
#4024=ORIENTED_EDGE('',*,*,#2847,.T.);
#4025=ORIENTED_EDGE('',*,*,#2780,.T.);
#4026=ORIENTED_EDGE('',*,*,#2868,.T.);
#4027=ORIENTED_EDGE('',*,*,#2869,.T.);
#4028=ORIENTED_EDGE('',*,*,#2861,.F.);
#4029=ORIENTED_EDGE('',*,*,#2848,.F.);
#4030=ORIENTED_EDGE('',*,*,#2869,.F.);
#4031=ORIENTED_EDGE('',*,*,#2870,.T.);
#4032=ORIENTED_EDGE('',*,*,#2794,.F.);
#4033=ORIENTED_EDGE('',*,*,#2812,.F.);
#4034=ORIENTED_EDGE('',*,*,#2871,.T.);
#4035=ORIENTED_EDGE('',*,*,#2872,.F.);
#4036=ORIENTED_EDGE('',*,*,#2871,.F.);
#4037=ORIENTED_EDGE('',*,*,#2811,.F.);
#4038=ORIENTED_EDGE('',*,*,#2873,.F.);
#4039=ORIENTED_EDGE('',*,*,#2874,.F.);
#4040=ORIENTED_EDGE('',*,*,#2875,.F.);
#4041=ORIENTED_EDGE('',*,*,#2876,.T.);
#4042=ORIENTED_EDGE('',*,*,#2877,.T.);
#4043=ORIENTED_EDGE('',*,*,#2878,.T.);
#4044=ORIENTED_EDGE('',*,*,#2879,.T.);
#4045=ORIENTED_EDGE('',*,*,#2880,.T.);
#4046=ORIENTED_EDGE('',*,*,#2879,.F.);
#4047=ORIENTED_EDGE('',*,*,#2881,.F.);
#4048=ORIENTED_EDGE('',*,*,#2874,.T.);
#4049=ORIENTED_EDGE('',*,*,#2882,.T.);
#4050=ORIENTED_EDGE('',*,*,#2883,.T.);
#4051=ORIENTED_EDGE('',*,*,#2884,.T.);
#4052=ORIENTED_EDGE('',*,*,#2885,.T.);
#4053=ORIENTED_EDGE('',*,*,#2886,.T.);
#4054=ORIENTED_EDGE('',*,*,#2887,.T.);
#4055=ORIENTED_EDGE('',*,*,#2888,.T.);
#4056=ORIENTED_EDGE('',*,*,#2889,.T.);
#4057=ORIENTED_EDGE('',*,*,#2890,.T.);
#4058=ORIENTED_EDGE('',*,*,#2891,.F.);
#4059=ORIENTED_EDGE('',*,*,#2892,.T.);
#4060=ORIENTED_EDGE('',*,*,#2893,.F.);
#4061=ORIENTED_EDGE('',*,*,#2894,.T.);
#4062=ORIENTED_EDGE('',*,*,#2895,.F.);
#4063=ORIENTED_EDGE('',*,*,#2896,.T.);
#4064=ORIENTED_EDGE('',*,*,#2897,.F.);
#4065=ORIENTED_EDGE('',*,*,#2898,.T.);
#4066=ORIENTED_EDGE('',*,*,#2899,.F.);
#4067=ORIENTED_EDGE('',*,*,#2900,.F.);
#4068=ORIENTED_EDGE('',*,*,#2901,.T.);
#4069=ORIENTED_EDGE('',*,*,#2902,.T.);
#4070=ORIENTED_EDGE('',*,*,#2903,.T.);
#4071=ORIENTED_EDGE('',*,*,#2904,.T.);
#4072=ORIENTED_EDGE('',*,*,#2905,.T.);
#4073=ORIENTED_EDGE('',*,*,#2906,.T.);
#4074=ORIENTED_EDGE('',*,*,#2878,.F.);
#4075=ORIENTED_EDGE('',*,*,#2907,.F.);
#4076=ORIENTED_EDGE('',*,*,#2875,.T.);
#4077=ORIENTED_EDGE('',*,*,#2881,.T.);
#4078=ORIENTED_EDGE('',*,*,#2900,.T.);
#4079=ORIENTED_EDGE('',*,*,#2908,.T.);
#4080=ORIENTED_EDGE('',*,*,#2735,.F.);
#4081=ORIENTED_EDGE('',*,*,#2909,.T.);
#4082=ORIENTED_EDGE('',*,*,#2909,.F.);
#4083=ORIENTED_EDGE('',*,*,#2734,.F.);
#4084=ORIENTED_EDGE('',*,*,#2730,.T.);
#4085=ORIENTED_EDGE('',*,*,#2910,.T.);
#4086=ORIENTED_EDGE('',*,*,#2911,.F.);
#4087=ORIENTED_EDGE('',*,*,#2901,.F.);
#4088=ORIENTED_EDGE('',*,*,#2908,.F.);
#4089=ORIENTED_EDGE('',*,*,#2899,.T.);
#4090=ORIENTED_EDGE('',*,*,#2912,.T.);
#4091=ORIENTED_EDGE('',*,*,#2736,.F.);
#4092=ORIENTED_EDGE('',*,*,#2912,.F.);
#4093=ORIENTED_EDGE('',*,*,#2898,.F.);
#4094=ORIENTED_EDGE('',*,*,#2913,.F.);
#4095=ORIENTED_EDGE('',*,*,#2914,.T.);
#4096=ORIENTED_EDGE('',*,*,#2737,.T.);
#4097=ORIENTED_EDGE('',*,*,#2915,.T.);
#4098=ORIENTED_EDGE('',*,*,#2916,.T.);
#4099=ORIENTED_EDGE('',*,*,#2827,.T.);
#4100=ORIENTED_EDGE('',*,*,#2917,.T.);
#4101=ORIENTED_EDGE('',*,*,#2915,.F.);
#4102=ORIENTED_EDGE('',*,*,#2918,.T.);
#4103=ORIENTED_EDGE('',*,*,#2919,.T.);
#4104=ORIENTED_EDGE('',*,*,#2919,.F.);
#4105=ORIENTED_EDGE('',*,*,#2745,.T.);
#4106=ORIENTED_EDGE('',*,*,#2920,.T.);
#4107=ORIENTED_EDGE('',*,*,#2921,.T.);
#4108=ORIENTED_EDGE('',*,*,#2918,.F.);
#4109=ORIENTED_EDGE('',*,*,#2922,.T.);
#4110=ORIENTED_EDGE('',*,*,#2923,.F.);
#4111=ORIENTED_EDGE('',*,*,#2746,.T.);
#4112=ORIENTED_EDGE('',*,*,#2917,.F.);
#4113=ORIENTED_EDGE('',*,*,#2826,.T.);
#4114=ORIENTED_EDGE('',*,*,#2924,.T.);
#4115=ORIENTED_EDGE('',*,*,#2922,.F.);
#4116=ORIENTED_EDGE('',*,*,#2913,.T.);
#4117=ORIENTED_EDGE('',*,*,#2897,.T.);
#4118=ORIENTED_EDGE('',*,*,#2925,.T.);
#4119=ORIENTED_EDGE('',*,*,#2926,.T.);
#4120=ORIENTED_EDGE('',*,*,#2927,.F.);
#4121=ORIENTED_EDGE('',*,*,#2928,.F.);
#4122=ORIENTED_EDGE('',*,*,#2929,.F.);
#4123=ORIENTED_EDGE('',*,*,#2895,.T.);
#4124=ORIENTED_EDGE('',*,*,#2930,.T.);
#4125=ORIENTED_EDGE('',*,*,#2928,.T.);
#4126=ORIENTED_EDGE('',*,*,#2931,.T.);
#4127=ORIENTED_EDGE('',*,*,#2932,.F.);
#4128=ORIENTED_EDGE('',*,*,#2933,.F.);
#4129=ORIENTED_EDGE('',*,*,#2934,.F.);
#4130=ORIENTED_EDGE('',*,*,#2893,.T.);
#4131=ORIENTED_EDGE('',*,*,#2935,.T.);
#4132=ORIENTED_EDGE('',*,*,#2933,.T.);
#4133=ORIENTED_EDGE('',*,*,#2936,.T.);
#4134=ORIENTED_EDGE('',*,*,#2937,.F.);
#4135=ORIENTED_EDGE('',*,*,#2740,.T.);
#4136=ORIENTED_EDGE('',*,*,#2934,.T.);
#4137=ORIENTED_EDGE('',*,*,#2938,.T.);
#4138=ORIENTED_EDGE('',*,*,#2939,.F.);
#4139=ORIENTED_EDGE('',*,*,#2929,.T.);
#4140=ORIENTED_EDGE('',*,*,#2940,.T.);
#4141=ORIENTED_EDGE('',*,*,#2932,.T.);
#4142=ORIENTED_EDGE('',*,*,#2739,.T.);
#4143=ORIENTED_EDGE('',*,*,#2941,.T.);
#4144=ORIENTED_EDGE('',*,*,#2927,.T.);
#4145=ORIENTED_EDGE('',*,*,#2738,.T.);
#4146=ORIENTED_EDGE('',*,*,#2914,.F.);
#4147=ORIENTED_EDGE('',*,*,#2926,.F.);
#4148=ORIENTED_EDGE('',*,*,#2931,.F.);
#4149=ORIENTED_EDGE('',*,*,#2941,.F.);
#4150=ORIENTED_EDGE('',*,*,#2925,.F.);
#4151=ORIENTED_EDGE('',*,*,#2896,.F.);
#4152=ORIENTED_EDGE('',*,*,#2942,.F.);
#4153=ORIENTED_EDGE('',*,*,#2943,.F.);
#4154=ORIENTED_EDGE('',*,*,#2732,.F.);
#4155=ORIENTED_EDGE('',*,*,#2824,.T.);
#4156=ORIENTED_EDGE('',*,*,#2860,.T.);
#4157=ORIENTED_EDGE('',*,*,#2943,.T.);
#4158=ORIENTED_EDGE('',*,*,#2944,.T.);
#4159=ORIENTED_EDGE('',*,*,#2923,.T.);
#4160=ORIENTED_EDGE('',*,*,#2945,.T.);
#4161=ORIENTED_EDGE('',*,*,#2942,.T.);
#4162=ORIENTED_EDGE('',*,*,#2747,.T.);
#4163=ORIENTED_EDGE('',*,*,#2944,.F.);
#4164=ORIENTED_EDGE('',*,*,#2945,.F.);
#4165=ORIENTED_EDGE('',*,*,#2924,.F.);
#4166=ORIENTED_EDGE('',*,*,#2825,.F.);
#4167=ORIENTED_EDGE('',*,*,#2920,.F.);
#4168=ORIENTED_EDGE('',*,*,#2946,.F.);
#4169=ORIENTED_EDGE('',*,*,#2947,.T.);
#4170=ORIENTED_EDGE('',*,*,#2948,.F.);
#4171=ORIENTED_EDGE('',*,*,#2949,.T.);
#4172=ORIENTED_EDGE('',*,*,#2950,.F.);
#4173=ORIENTED_EDGE('',*,*,#2951,.F.);
#4174=ORIENTED_EDGE('',*,*,#2952,.F.);
#4175=ORIENTED_EDGE('',*,*,#2950,.T.);
#4176=ORIENTED_EDGE('',*,*,#2953,.T.);
#4177=ORIENTED_EDGE('',*,*,#2946,.T.);
#4178=ORIENTED_EDGE('',*,*,#2744,.T.);
#4179=ORIENTED_EDGE('',*,*,#2742,.T.);
#4180=ORIENTED_EDGE('',*,*,#2954,.F.);
#4181=ORIENTED_EDGE('',*,*,#2955,.F.);
#4182=ORIENTED_EDGE('',*,*,#2956,.F.);
#4183=ORIENTED_EDGE('',*,*,#2937,.T.);
#4184=ORIENTED_EDGE('',*,*,#2957,.T.);
#4185=ORIENTED_EDGE('',*,*,#2958,.T.);
#4186=ORIENTED_EDGE('',*,*,#2954,.T.);
#4187=ORIENTED_EDGE('',*,*,#2741,.T.);
#4188=ORIENTED_EDGE('',*,*,#2939,.T.);
#4189=ORIENTED_EDGE('',*,*,#2959,.T.);
#4190=ORIENTED_EDGE('',*,*,#2957,.F.);
#4191=ORIENTED_EDGE('',*,*,#2803,.T.);
#4192=ORIENTED_EDGE('',*,*,#2960,.T.);
#4193=ORIENTED_EDGE('',*,*,#2955,.T.);
#4194=ORIENTED_EDGE('',*,*,#2961,.T.);
#4195=ORIENTED_EDGE('',*,*,#2951,.T.);
#4196=ORIENTED_EDGE('',*,*,#2743,.T.);
#4197=ORIENTED_EDGE('',*,*,#2956,.T.);
#4198=ORIENTED_EDGE('',*,*,#2962,.T.);
#4199=ORIENTED_EDGE('',*,*,#2801,.T.);
#4200=ORIENTED_EDGE('',*,*,#2963,.T.);
#4201=ORIENTED_EDGE('',*,*,#2952,.T.);
#4202=ORIENTED_EDGE('',*,*,#2964,.T.);
#4203=ORIENTED_EDGE('',*,*,#2829,.T.);
#4204=ORIENTED_EDGE('',*,*,#2965,.T.);
#4205=ORIENTED_EDGE('',*,*,#2948,.T.);
#4206=ORIENTED_EDGE('',*,*,#2966,.T.);
#4207=ORIENTED_EDGE('',*,*,#2961,.F.);
#4208=ORIENTED_EDGE('',*,*,#2958,.F.);
#4209=ORIENTED_EDGE('',*,*,#2967,.F.);
#4210=ORIENTED_EDGE('',*,*,#2804,.F.);
#4211=ORIENTED_EDGE('',*,*,#2959,.F.);
#4212=ORIENTED_EDGE('',*,*,#2968,.F.);
#4213=ORIENTED_EDGE('',*,*,#2891,.T.);
#4214=ORIENTED_EDGE('',*,*,#2969,.T.);
#4215=ORIENTED_EDGE('',*,*,#2805,.T.);
#4216=ORIENTED_EDGE('',*,*,#2967,.T.);
#4217=ORIENTED_EDGE('',*,*,#2935,.F.);
#4218=ORIENTED_EDGE('',*,*,#2892,.F.);
#4219=ORIENTED_EDGE('',*,*,#2968,.T.);
#4220=ORIENTED_EDGE('',*,*,#2938,.F.);
#4221=ORIENTED_EDGE('',*,*,#2767,.F.);
#4222=ORIENTED_EDGE('',*,*,#2840,.T.);
#4223=ORIENTED_EDGE('',*,*,#2831,.T.);
#4224=ORIENTED_EDGE('',*,*,#2970,.T.);
#4225=ORIENTED_EDGE('',*,*,#2772,.F.);
#4226=ORIENTED_EDGE('',*,*,#2970,.F.);
#4227=ORIENTED_EDGE('',*,*,#2830,.F.);
#4228=ORIENTED_EDGE('',*,*,#2966,.F.);
#4229=ORIENTED_EDGE('',*,*,#2947,.F.);
#4230=ORIENTED_EDGE('',*,*,#2953,.F.);
#4231=ORIENTED_EDGE('',*,*,#2949,.F.);
#4232=ORIENTED_EDGE('',*,*,#2963,.F.);
#4233=ORIENTED_EDGE('',*,*,#2800,.F.);
#4234=ORIENTED_EDGE('',*,*,#2971,.F.);
#4235=ORIENTED_EDGE('',*,*,#2773,.F.);
#4236=ORIENTED_EDGE('',*,*,#2971,.T.);
#4237=ORIENTED_EDGE('',*,*,#2799,.T.);
#4238=ORIENTED_EDGE('',*,*,#2786,.T.);
#4239=ORIENTED_EDGE('',*,*,#2960,.F.);
#4240=ORIENTED_EDGE('',*,*,#2802,.F.);
#4241=ORIENTED_EDGE('',*,*,#2964,.F.);
#4242=ORIENTED_EDGE('',*,*,#2962,.F.);
#4243=ORIENTED_EDGE('',*,*,#2916,.F.);
#4244=ORIENTED_EDGE('',*,*,#2921,.F.);
#4245=ORIENTED_EDGE('',*,*,#2965,.F.);
#4246=ORIENTED_EDGE('',*,*,#2828,.F.);
#4247=ORIENTED_EDGE('',*,*,#2972,.T.);
#4248=ORIENTED_EDGE('',*,*,#2888,.F.);
#4249=ORIENTED_EDGE('',*,*,#2973,.T.);
#4250=ORIENTED_EDGE('',*,*,#2974,.T.);
#4251=ORIENTED_EDGE('',*,*,#2975,.F.);
#4252=ORIENTED_EDGE('',*,*,#2887,.F.);
#4253=ORIENTED_EDGE('',*,*,#2976,.T.);
#4254=ORIENTED_EDGE('',*,*,#2977,.T.);
#4255=ORIENTED_EDGE('',*,*,#2973,.F.);
#4256=ORIENTED_EDGE('',*,*,#2886,.F.);
#4257=ORIENTED_EDGE('',*,*,#2978,.T.);
#4258=ORIENTED_EDGE('',*,*,#2979,.T.);
#4259=ORIENTED_EDGE('',*,*,#2980,.T.);
#4260=ORIENTED_EDGE('',*,*,#2976,.F.);
#4261=ORIENTED_EDGE('',*,*,#2981,.T.);
#4262=ORIENTED_EDGE('',*,*,#2975,.T.);
#4263=ORIENTED_EDGE('',*,*,#2982,.T.);
#4264=ORIENTED_EDGE('',*,*,#2979,.F.);
#4265=ORIENTED_EDGE('',*,*,#2983,.T.);
#4266=ORIENTED_EDGE('',*,*,#2972,.F.);
#4267=ORIENTED_EDGE('',*,*,#2981,.F.);
#4268=ORIENTED_EDGE('',*,*,#2978,.F.);
#4269=ORIENTED_EDGE('',*,*,#2982,.F.);
#4270=ORIENTED_EDGE('',*,*,#2974,.F.);
#4271=ORIENTED_EDGE('',*,*,#2977,.F.);
#4272=ORIENTED_EDGE('',*,*,#2980,.F.);
#4273=ORIENTED_EDGE('',*,*,#2882,.F.);
#4274=ORIENTED_EDGE('',*,*,#2873,.T.);
#4275=ORIENTED_EDGE('',*,*,#2810,.F.);
#4276=ORIENTED_EDGE('',*,*,#2984,.F.);
#4277=ORIENTED_EDGE('',*,*,#2883,.F.);
#4278=ORIENTED_EDGE('',*,*,#2984,.T.);
#4279=ORIENTED_EDGE('',*,*,#2809,.F.);
#4280=ORIENTED_EDGE('',*,*,#2985,.F.);
#4281=ORIENTED_EDGE('',*,*,#2884,.F.);
#4282=ORIENTED_EDGE('',*,*,#2985,.T.);
#4283=ORIENTED_EDGE('',*,*,#2808,.F.);
#4284=ORIENTED_EDGE('',*,*,#2986,.F.);
#4285=ORIENTED_EDGE('',*,*,#2885,.F.);
#4286=ORIENTED_EDGE('',*,*,#2986,.T.);
#4287=ORIENTED_EDGE('',*,*,#2807,.F.);
#4288=ORIENTED_EDGE('',*,*,#2987,.F.);
#4289=ORIENTED_EDGE('',*,*,#2889,.F.);
#4290=ORIENTED_EDGE('',*,*,#2983,.F.);
#4291=ORIENTED_EDGE('',*,*,#2969,.F.);
#4292=ORIENTED_EDGE('',*,*,#2890,.F.);
#4293=ORIENTED_EDGE('',*,*,#2987,.T.);
#4294=ORIENTED_EDGE('',*,*,#2806,.F.);
#4295=ORIENTED_EDGE('',*,*,#2857,.F.);
#4296=ORIENTED_EDGE('',*,*,#2818,.F.);
#4297=ORIENTED_EDGE('',*,*,#2822,.F.);
#4298=ORIENTED_EDGE('',*,*,#2836,.F.);
#4299=ORIENTED_EDGE('',*,*,#2839,.F.);
#4300=ORIENTED_EDGE('',*,*,#2843,.F.);
#4301=ORIENTED_EDGE('',*,*,#2846,.F.);
#4302=ORIENTED_EDGE('',*,*,#2856,.F.);
#4303=ORIENTED_EDGE('',*,*,#2872,.T.);
#4304=ORIENTED_EDGE('',*,*,#2876,.F.);
#4305=ORIENTED_EDGE('',*,*,#2907,.T.);
#4306=ORIENTED_EDGE('',*,*,#2877,.F.);
#4307=ORIENTED_EDGE('',*,*,#2988,.T.);
#4308=ORIENTED_EDGE('',*,*,#2864,.F.);
#4309=ORIENTED_EDGE('',*,*,#2862,.F.);
#4310=ORIENTED_EDGE('',*,*,#2870,.F.);
#4311=ORIENTED_EDGE('',*,*,#2868,.F.);
#4312=ORIENTED_EDGE('',*,*,#2779,.T.);
#4313=ORIENTED_EDGE('',*,*,#2785,.T.);
#4314=ORIENTED_EDGE('',*,*,#2815,.T.);
#4315=ORIENTED_EDGE('',*,*,#2813,.F.);
#4316=ORIENTED_EDGE('',*,*,#2795,.F.);
#4317=ORIENTED_EDGE('',*,*,#2930,.F.);
#4318=ORIENTED_EDGE('',*,*,#2894,.F.);
#4319=ORIENTED_EDGE('',*,*,#2936,.F.);
#4320=ORIENTED_EDGE('',*,*,#2940,.F.);
#4321=ORIENTED_EDGE('',*,*,#2880,.F.);
#4322=ORIENTED_EDGE('',*,*,#2904,.F.);
#4323=ORIENTED_EDGE('',*,*,#2989,.F.);
#4324=ORIENTED_EDGE('',*,*,#2990,.T.);
#4325=ORIENTED_EDGE('',*,*,#2865,.F.);
#4326=ORIENTED_EDGE('',*,*,#2988,.F.);
#4327=ORIENTED_EDGE('',*,*,#2991,.F.);
#4328=ORIENTED_EDGE('',*,*,#2910,.F.);
#4329=ORIENTED_EDGE('',*,*,#2729,.T.);
#4330=ORIENTED_EDGE('',*,*,#2859,.F.);
#4331=ORIENTED_EDGE('',*,*,#2992,.F.);
#4332=ORIENTED_EDGE('',*,*,#2866,.F.);
#4333=ORIENTED_EDGE('',*,*,#2990,.F.);
#4334=ORIENTED_EDGE('',*,*,#2790,.F.);
#4335=ORIENTED_EDGE('',*,*,#2993,.T.);
#4336=ORIENTED_EDGE('',*,*,#2902,.F.);
#4337=ORIENTED_EDGE('',*,*,#2911,.T.);
#4338=ORIENTED_EDGE('',*,*,#2991,.T.);
#4339=ORIENTED_EDGE('',*,*,#2989,.T.);
#4340=ORIENTED_EDGE('',*,*,#2903,.F.);
#4341=ORIENTED_EDGE('',*,*,#2993,.F.);
#4342=ORIENTED_EDGE('',*,*,#2788,.F.);
#4343=ORIENTED_EDGE('',*,*,#2994,.T.);
#4344=ORIENTED_EDGE('',*,*,#2905,.F.);
#4345=ORIENTED_EDGE('',*,*,#2994,.F.);
#4346=ORIENTED_EDGE('',*,*,#2789,.F.);
#4347=ORIENTED_EDGE('',*,*,#2995,.T.);
#4348=ORIENTED_EDGE('',*,*,#2834,.F.);
#4349=ORIENTED_EDGE('',*,*,#2995,.F.);
#4350=ORIENTED_EDGE('',*,*,#2791,.F.);
#4351=ORIENTED_EDGE('',*,*,#2996,.T.);
#4352=ORIENTED_EDGE('',*,*,#2851,.F.);
#4353=ORIENTED_EDGE('',*,*,#2867,.T.);
#4354=ORIENTED_EDGE('',*,*,#2992,.T.);
#4355=ORIENTED_EDGE('',*,*,#2858,.T.);
#4356=ORIENTED_EDGE('',*,*,#2852,.F.);
#4357=ORIENTED_EDGE('',*,*,#2996,.F.);
#4358=ORIENTED_EDGE('',*,*,#2792,.F.);
#4359=ORIENTED_EDGE('',*,*,#2997,.T.);
#4360=ORIENTED_EDGE('',*,*,#2906,.F.);
#4361=ORIENTED_EDGE('',*,*,#2997,.F.);
#4362=ORIENTED_EDGE('',*,*,#2998,.T.);
#4363=ORIENTED_EDGE('',*,*,#2999,.T.);
#4364=ORIENTED_EDGE('',*,*,#3000,.T.);
#4365=ORIENTED_EDGE('',*,*,#2999,.F.);
#4366=ORIENTED_EDGE('',*,*,#3000,.F.);
#4367=ORIENTED_EDGE('',*,*,#3001,.T.);
#4368=ORIENTED_EDGE('',*,*,#3002,.F.);
#4369=ORIENTED_EDGE('',*,*,#3001,.F.);
#4370=ORIENTED_EDGE('',*,*,#2998,.F.);
#4371=ORIENTED_EDGE('',*,*,#3003,.F.);
#4372=ORIENTED_EDGE('',*,*,#3004,.F.);
#4373=ORIENTED_EDGE('',*,*,#3005,.T.);
#4374=ORIENTED_EDGE('',*,*,#3003,.T.);
#4375=ORIENTED_EDGE('',*,*,#3005,.F.);
#4376=ORIENTED_EDGE('',*,*,#3004,.T.);
#4377=ORIENTED_EDGE('',*,*,#3002,.T.);
#4378=ORIENTED_EDGE('',*,*,#3006,.T.);
#4379=ORIENTED_EDGE('',*,*,#3007,.T.);
#4380=ORIENTED_EDGE('',*,*,#3008,.T.);
#4381=ORIENTED_EDGE('',*,*,#3007,.F.);
#4382=ORIENTED_EDGE('',*,*,#3008,.F.);
#4383=ORIENTED_EDGE('',*,*,#3009,.T.);
#4384=ORIENTED_EDGE('',*,*,#3010,.F.);
#4385=ORIENTED_EDGE('',*,*,#3009,.F.);
#4386=ORIENTED_EDGE('',*,*,#3006,.F.);
#4387=ORIENTED_EDGE('',*,*,#3011,.T.);
#4388=ORIENTED_EDGE('',*,*,#3012,.F.);
#4389=ORIENTED_EDGE('',*,*,#3013,.T.);
#4390=ORIENTED_EDGE('',*,*,#3011,.F.);
#4391=ORIENTED_EDGE('',*,*,#3013,.F.);
#4392=ORIENTED_EDGE('',*,*,#3012,.T.);
#4393=ORIENTED_EDGE('',*,*,#3010,.T.);
#4394=ORIENTED_EDGE('',*,*,#3014,.T.);
#4395=ORIENTED_EDGE('',*,*,#3015,.T.);
#4396=ORIENTED_EDGE('',*,*,#3016,.T.);
#4397=ORIENTED_EDGE('',*,*,#3015,.F.);
#4398=ORIENTED_EDGE('',*,*,#3016,.F.);
#4399=ORIENTED_EDGE('',*,*,#3017,.T.);
#4400=ORIENTED_EDGE('',*,*,#3018,.F.);
#4401=ORIENTED_EDGE('',*,*,#3017,.F.);
#4402=ORIENTED_EDGE('',*,*,#3014,.F.);
#4403=ORIENTED_EDGE('',*,*,#3019,.T.);
#4404=ORIENTED_EDGE('',*,*,#3020,.F.);
#4405=ORIENTED_EDGE('',*,*,#3021,.T.);
#4406=ORIENTED_EDGE('',*,*,#3019,.F.);
#4407=ORIENTED_EDGE('',*,*,#3021,.F.);
#4408=ORIENTED_EDGE('',*,*,#3020,.T.);
#4409=ORIENTED_EDGE('',*,*,#3018,.T.);
#4410=PLANE('',#4819);
#4411=PLANE('',#4829);
#4412=PLANE('',#4830);
#4413=PLANE('',#4837);
#4414=PLANE('',#4841);
#4415=PLANE('',#4845);
#4416=PLANE('',#4849);
#4417=PLANE('',#4853);
#4418=PLANE('',#4857);
#4419=PLANE('',#4861);
#4420=PLANE('',#4865);
#4421=PLANE('',#4866);
#4422=PLANE('',#4870);
#4423=PLANE('',#4873);
#4424=PLANE('',#4876);
#4425=PLANE('',#4877);
#4426=PLANE('',#4881);
#4427=PLANE('',#4885);
#4428=PLANE('',#4889);
#4429=PLANE('',#4890);
#4430=PLANE('',#4894);
#4431=PLANE('',#4897);
#4432=PLANE('',#4900);
#4433=PLANE('',#4904);
#4434=PLANE('',#4944);
#4435=PLANE('',#4947);
#4436=PLANE('',#4975);
#4437=PLANE('',#5002);
#4438=PLANE('',#5003);
#4439=PLANE('',#5013);
#4440=PLANE('',#5048);
#4441=PLANE('',#5086);
#4442=PLANE('',#5088);
#4443=PLANE('',#5090);
#4444=PLANE('',#5091);
#4445=PLANE('',#5092);
#4446=PLANE('',#5093);
#4447=PLANE('',#5097);
#4448=PLANE('',#5101);
#4449=PLANE('',#5105);
#4450=PLANE('',#5107);
#4451=PLANE('',#5109);
#4452=PLANE('',#5111);
#4453=PLANE('',#5114);
#4454=PLANE('',#5115);
#4455=PLANE('',#5116);
#4456=PLANE('',#5117);
#4457=PLANE('',#5118);
#4458=PLANE('',#5121);
#4459=PLANE('',#5122);
#4460=PLANE('',#5123);
#4461=PLANE('',#5124);
#4462=PLANE('',#5141);
#4463=PLANE('',#5142);
#4464=PLANE('',#5143);
#4465=PLANE('',#5144);
#4466=PLANE('',#5145);
#4467=PLANE('',#5146);
#4468=PLANE('',#5150);
#4469=PLANE('',#5160);
#4470=PLANE('',#5161);
#4471=PLANE('',#5165);
#4472=PLANE('',#5169);
#4473=PLANE('',#5173);
#4474=PLANE('',#5179);
#4475=PLANE('',#5183);
#4476=PLANE('',#5184);
#4477=PLANE('',#5193);
#4478=PLANE('',#5201);
#4479=PLANE('',#5207);
#4480=PLANE('',#5208);
#4481=PLANE('',#5219);
#4482=PLANE('',#5223);
#4483=PLANE('',#5224);
#4484=PLANE('',#5232);
#4485=PLANE('',#5235);
#4486=PLANE('',#5238);
#4487=PLANE('',#5241);
#4488=PLANE('',#5245);
#4489=PLANE('',#5263);
#4490=PLANE('',#5265);
#4491=PLANE('',#5322);
#4492=PLANE('',#5326);
#4493=PLANE('',#5328);
#4494=PLANE('',#5329);
#4495=PLANE('',#5330);
#4496=PLANE('',#5331);
#4497=PLANE('',#5332);
#4498=PLANE('',#5333);
#4499=PLANE('',#5334);
#4500=PLANE('',#5335);
#4501=PLANE('',#5336);
#4502=PLANE('',#5338);
#4503=PLANE('',#5339);
#4504=PLANE('',#5340);
#4505=PLANE('',#5341);
#4506=PLANE('',#5342);
#4507=PLANE('',#5343);
#4508=PLANE('',#5344);
#4509=PLANE('',#5345);
#4510=PLANE('',#5358);
#4511=PLANE('',#5359);
#4512=PLANE('',#5363);
#4513=PLANE('',#5369);
#4514=PLANE('',#5370);
#4515=PLANE('',#5374);
#4516=PLANE('',#5380);
#4517=PLANE('',#5381);
#4518=PLANE('',#5385);
#4519=ADVANCED_FACE('',(#529),#4410,.F.);
#4520=ADVANCED_FACE('',(#530),#421,.T.);
#4521=ADVANCED_FACE('',(#531),#422,.T.);
#4522=ADVANCED_FACE('',(#532),#423,.T.);
#4523=ADVANCED_FACE('',(#533),#4411,.F.);
#4524=ADVANCED_FACE('',(#534),#4412,.T.);
#4525=ADVANCED_FACE('',(#535),#111,.T.);
#4526=ADVANCED_FACE('',(#536),#112,.T.);
#4527=ADVANCED_FACE('',(#537),#4413,.T.);
#4528=ADVANCED_FACE('',(#538),#113,.T.);
#4529=ADVANCED_FACE('',(#539),#4414,.T.);
#4530=ADVANCED_FACE('',(#540),#114,.T.);
#4531=ADVANCED_FACE('',(#541),#4415,.T.);
#4532=ADVANCED_FACE('',(#542),#115,.F.);
#4533=ADVANCED_FACE('',(#543),#4416,.T.);
#4534=ADVANCED_FACE('',(#544),#116,.F.);
#4535=ADVANCED_FACE('',(#545),#4417,.T.);
#4536=ADVANCED_FACE('',(#546),#117,.T.);
#4537=ADVANCED_FACE('',(#547),#4418,.T.);
#4538=ADVANCED_FACE('',(#548),#118,.T.);
#4539=ADVANCED_FACE('',(#549),#4419,.T.);
#4540=ADVANCED_FACE('',(#550),#119,.T.);
#4541=ADVANCED_FACE('',(#551),#4420,.T.);
#4542=ADVANCED_FACE('',(#552),#4421,.T.);
#4543=ADVANCED_FACE('',(#553),#424,.T.);
#4544=ADVANCED_FACE('',(#554),#4422,.T.);
#4545=ADVANCED_FACE('',(#555),#425,.T.);
#4546=ADVANCED_FACE('',(#556),#4423,.T.);
#4547=ADVANCED_FACE('',(#557),#426,.T.);
#4548=ADVANCED_FACE('',(#558),#4424,.F.);
#4549=ADVANCED_FACE('',(#559),#4425,.T.);
#4550=ADVANCED_FACE('',(#560),#120,.T.);
#4551=ADVANCED_FACE('',(#561),#4426,.T.);
#4552=ADVANCED_FACE('',(#562),#121,.T.);
#4553=ADVANCED_FACE('',(#563),#4427,.T.);
#4554=ADVANCED_FACE('',(#564),#122,.T.);
#4555=ADVANCED_FACE('',(#565),#4428,.T.);
#4556=ADVANCED_FACE('',(#566),#4429,.T.);
#4557=ADVANCED_FACE('',(#567),#427,.T.);
#4558=ADVANCED_FACE('',(#568),#4430,.T.);
#4559=ADVANCED_FACE('',(#569),#428,.T.);
#4560=ADVANCED_FACE('',(#570),#4431,.T.);
#4561=ADVANCED_FACE('',(#571),#429,.T.);
#4562=ADVANCED_FACE('',(#572),#4432,.T.);
#4563=ADVANCED_FACE('',(#573),#430,.T.);
#4564=ADVANCED_FACE('',(#574,#73,#74,#75,#76),#4433,.F.);
#4565=ADVANCED_FACE('',(#575),#431,.F.);
#4566=ADVANCED_FACE('',(#576),#57,.F.);
#4567=ADVANCED_FACE('',(#577),#33,.T.);
#4568=ADVANCED_FACE('',(#578),#432,.T.);
#4569=ADVANCED_FACE('',(#579),#433,.T.);
#4570=ADVANCED_FACE('',(#580),#434,.F.);
#4571=ADVANCED_FACE('',(#581),#435,.F.);
#4572=ADVANCED_FACE('',(#582),#34,.F.);
#4573=ADVANCED_FACE('',(#583),#26,.T.);
#4574=ADVANCED_FACE('',(#584,#77),#4434,.F.);
#4575=ADVANCED_FACE('',(#585,#78,#79,#80,#81),#4435,.F.);
#4576=ADVANCED_FACE('',(#586),#436,.T.);
#4577=ADVANCED_FACE('',(#587),#27,.T.);
#4578=ADVANCED_FACE('',(#588),#58,.F.);
#4579=ADVANCED_FACE('',(#589),#59,.F.);
#4580=ADVANCED_FACE('',(#590),#28,.T.);
#4581=ADVANCED_FACE('',(#591),#35,.T.);
#4582=ADVANCED_FACE('',(#592),#29,.T.);
#4583=ADVANCED_FACE('',(#593),#30,.T.);
#4584=ADVANCED_FACE('',(#594),#36,.T.);
#4585=ADVANCED_FACE('',(#595),#31,.F.);
#4586=ADVANCED_FACE('',(#596,#82),#4436,.T.);
#4587=ADVANCED_FACE('',(#597),#37,.F.);
#4588=ADVANCED_FACE('',(#598),#38,.F.);
#4589=ADVANCED_FACE('',(#599),#437,.T.);
#4590=ADVANCED_FACE('',(#600),#60,.F.);
#4591=ADVANCED_FACE('',(#601),#61,.F.);
#4592=ADVANCED_FACE('',(#602),#39,.F.);
#4593=ADVANCED_FACE('',(#603),#438,.F.);
#4594=ADVANCED_FACE('',(#604),#439,.F.);
#4595=ADVANCED_FACE('',(#605),#440,.F.);
#4596=ADVANCED_FACE('',(#606),#40,.F.);
#4597=ADVANCED_FACE('',(#607),#441,.T.);
#4598=ADVANCED_FACE('',(#608),#4437,.F.);
#4599=ADVANCED_FACE('',(#609),#4438,.T.);
#4600=ADVANCED_FACE('',(#610),#62,.F.);
#4601=ADVANCED_FACE('',(#611),#41,.F.);
#4602=ADVANCED_FACE('',(#612),#442,.F.);
#4603=ADVANCED_FACE('',(#613),#443,.F.);
#4604=ADVANCED_FACE('',(#614),#444,.T.);
#4605=ADVANCED_FACE('',(#615,#83),#4439,.F.);
#4606=ADVANCED_FACE('',(#616),#42,.T.);
#4607=ADVANCED_FACE('',(#617),#445,.T.);
#4608=ADVANCED_FACE('',(#618),#446,.T.);
#4609=ADVANCED_FACE('',(#619),#63,.F.);
#4610=ADVANCED_FACE('',(#620),#64,.F.);
#4611=ADVANCED_FACE('',(#621),#43,.T.);
#4612=ADVANCED_FACE('',(#622),#447,.T.);
#4613=ADVANCED_FACE('',(#623),#448,.T.);
#4614=ADVANCED_FACE('',(#624),#449,.F.);
#4615=ADVANCED_FACE('',(#625),#450,.F.);
#4616=ADVANCED_FACE('',(#626),#44,.F.);
#4617=ADVANCED_FACE('',(#627),#451,.F.);
#4618=ADVANCED_FACE('',(#628),#452,.F.);
#4619=ADVANCED_FACE('',(#629),#4440,.T.);
#4620=ADVANCED_FACE('',(#630),#453,.T.);
#4621=ADVANCED_FACE('',(#631),#454,.T.);
#4622=ADVANCED_FACE('',(#632),#65,.F.);
#4623=ADVANCED_FACE('',(#633),#66,.F.);
#4624=ADVANCED_FACE('',(#634),#67,.F.);
#4625=ADVANCED_FACE('',(#635),#45,.T.);
#4626=ADVANCED_FACE('',(#636),#455,.F.);
#4627=ADVANCED_FACE('',(#637),#46,.T.);
#4628=ADVANCED_FACE('',(#638),#47,.T.);
#4629=ADVANCED_FACE('',(#639),#456,.T.);
#4630=ADVANCED_FACE('',(#640),#457,.T.);
#4631=ADVANCED_FACE('',(#641),#458,.T.);
#4632=ADVANCED_FACE('',(#642),#459,.F.);
#4633=ADVANCED_FACE('',(#643),#48,.F.);
#4634=ADVANCED_FACE('',(#644),#460,.F.);
#4635=ADVANCED_FACE('',(#645),#461,.F.);
#4636=ADVANCED_FACE('',(#646),#462,.F.);
#4637=ADVANCED_FACE('',(#647),#49,.F.);
#4638=ADVANCED_FACE('',(#648),#4441,.F.);
#4639=ADVANCED_FACE('',(#649),#463,.T.);
#4640=ADVANCED_FACE('',(#650),#4442,.F.);
#4641=ADVANCED_FACE('',(#651),#464,.T.);
#4642=ADVANCED_FACE('',(#652),#4443,.T.);
#4643=ADVANCED_FACE('',(#653),#4444,.T.);
#4644=ADVANCED_FACE('',(#654),#4445,.F.);
#4645=ADVANCED_FACE('',(#655),#4446,.F.);
#4646=ADVANCED_FACE('',(#656),#465,.F.);
#4647=ADVANCED_FACE('',(#657,#84),#4447,.T.);
#4648=ADVANCED_FACE('',(#658),#466,.F.);
#4649=ADVANCED_FACE('',(#659,#85),#4448,.T.);
#4650=ADVANCED_FACE('',(#660),#467,.F.);
#4651=ADVANCED_FACE('',(#661,#86),#4449,.T.);
#4652=ADVANCED_FACE('',(#662),#4450,.T.);
#4653=ADVANCED_FACE('',(#663),#468,.T.);
#4654=ADVANCED_FACE('',(#664,#87),#4451,.F.);
#4655=ADVANCED_FACE('',(#665),#4452,.T.);
#4656=ADVANCED_FACE('',(#666),#469,.T.);
#4657=ADVANCED_FACE('',(#667),#470,.T.);
#4658=ADVANCED_FACE('',(#668),#4453,.T.);
#4659=ADVANCED_FACE('',(#669),#4454,.T.);
#4660=ADVANCED_FACE('',(#670),#4455,.F.);
#4661=ADVANCED_FACE('',(#671),#4456,.F.);
#4662=ADVANCED_FACE('',(#672),#4457,.F.);
#4663=ADVANCED_FACE('',(#673),#471,.F.);
#4664=ADVANCED_FACE('',(#674),#4458,.T.);
#4665=ADVANCED_FACE('',(#675),#4459,.T.);
#4666=ADVANCED_FACE('',(#676),#4460,.T.);
#4667=ADVANCED_FACE('',(#677),#4461,.T.);
#4668=ADVANCED_FACE('',(#678),#472,.F.);
#4669=ADVANCED_FACE('',(#679),#473,.F.);
#4670=ADVANCED_FACE('',(#680),#474,.F.);
#4671=ADVANCED_FACE('',(#681),#475,.F.);
#4672=ADVANCED_FACE('',(#682),#476,.F.);
#4673=ADVANCED_FACE('',(#683),#477,.F.);
#4674=ADVANCED_FACE('',(#684),#478,.F.);
#4675=ADVANCED_FACE('',(#685),#479,.F.);
#4676=ADVANCED_FACE('',(#686),#4462,.T.);
#4677=ADVANCED_FACE('',(#687),#4463,.T.);
#4678=ADVANCED_FACE('',(#688),#4464,.T.);
#4679=ADVANCED_FACE('',(#689),#4465,.T.);
#4680=ADVANCED_FACE('',(#690,#88,#89,#90,#91,#92,#93,#94,#95,#96,#97,#98),
#4466,.T.);
#4681=ADVANCED_FACE('',(#691),#4467,.F.);
#4682=ADVANCED_FACE('',(#692),#480,.F.);
#4683=ADVANCED_FACE('',(#693),#4468,.T.);
#4684=ADVANCED_FACE('',(#694),#481,.F.);
#4685=ADVANCED_FACE('',(#695),#4469,.T.);
#4686=ADVANCED_FACE('',(#696),#4470,.T.);
#4687=ADVANCED_FACE('',(#697),#123,.T.);
#4688=ADVANCED_FACE('',(#698),#4471,.T.);
#4689=ADVANCED_FACE('',(#699),#124,.T.);
#4690=ADVANCED_FACE('',(#700),#4472,.T.);
#4691=ADVANCED_FACE('',(#701),#125,.T.);
#4692=ADVANCED_FACE('',(#702),#4473,.T.);
#4693=ADVANCED_FACE('',(#703),#126,.T.);
#4694=ADVANCED_FACE('',(#704),#482,.T.);
#4695=ADVANCED_FACE('',(#705),#4474,.T.);
#4696=ADVANCED_FACE('',(#706),#483,.T.);
#4697=ADVANCED_FACE('',(#707),#4475,.T.);
#4698=ADVANCED_FACE('',(#708,#99,#100,#101,#102,#103),#4476,.F.);
#4699=ADVANCED_FACE('',(#709),#484,.T.);
#4700=ADVANCED_FACE('',(#710,#104),#4477,.T.);
#4701=ADVANCED_FACE('',(#711),#4478,.F.);
#4702=ADVANCED_FACE('',(#712),#485,.T.);
#4703=ADVANCED_FACE('',(#713),#486,.T.);
#4704=ADVANCED_FACE('',(#714),#4479,.F.);
#4705=ADVANCED_FACE('',(#715,#105),#4480,.T.);
#4706=ADVANCED_FACE('',(#716),#487,.T.);
#4707=ADVANCED_FACE('',(#717),#4481,.T.);
#4708=ADVANCED_FACE('',(#718),#488,.T.);
#4709=ADVANCED_FACE('',(#719),#4482,.F.);
#4710=ADVANCED_FACE('',(#720),#4483,.T.);
#4711=ADVANCED_FACE('',(#721),#489,.T.);
#4712=ADVANCED_FACE('',(#722),#4484,.F.);
#4713=ADVANCED_FACE('',(#723),#490,.T.);
#4714=ADVANCED_FACE('',(#724),#4485,.F.);
#4715=ADVANCED_FACE('',(#725),#491,.T.);
#4716=ADVANCED_FACE('',(#726),#4486,.F.);
#4717=ADVANCED_FACE('',(#727),#492,.F.);
#4718=ADVANCED_FACE('',(#728),#4487,.F.);
#4719=ADVANCED_FACE('',(#729),#493,.T.);
#4720=ADVANCED_FACE('',(#730,#106,#107),#4488,.T.);
#4721=ADVANCED_FACE('',(#731),#494,.F.);
#4722=ADVANCED_FACE('',(#732),#495,.T.);
#4723=ADVANCED_FACE('',(#733),#4489,.F.);
#4724=ADVANCED_FACE('',(#734),#496,.F.);
#4725=ADVANCED_FACE('',(#735),#4490,.F.);
#4726=ADVANCED_FACE('',(#736),#497,.F.);
#4727=ADVANCED_FACE('',(#737),#68,.F.);
#4728=ADVANCED_FACE('',(#738),#498,.F.);
#4729=ADVANCED_FACE('',(#739),#32,.T.);
#4730=ADVANCED_FACE('',(#740),#499,.T.);
#4731=ADVANCED_FACE('',(#741),#500,.F.);
#4732=ADVANCED_FACE('',(#742),#69,.F.);
#4733=ADVANCED_FACE('',(#743),#501,.F.);
#4734=ADVANCED_FACE('',(#744),#70,.F.);
#4735=ADVANCED_FACE('',(#745),#502,.F.);
#4736=ADVANCED_FACE('',(#746),#50,.F.);
#4737=ADVANCED_FACE('',(#747),#503,.F.);
#4738=ADVANCED_FACE('',(#748),#51,.F.);
#4739=ADVANCED_FACE('',(#749),#504,.T.);
#4740=ADVANCED_FACE('',(#750),#71,.F.);
#4741=ADVANCED_FACE('',(#751),#505,.F.);
#4742=ADVANCED_FACE('',(#752),#52,.F.);
#4743=ADVANCED_FACE('',(#753),#506,.T.);
#4744=ADVANCED_FACE('',(#754),#53,.T.);
#4745=ADVANCED_FACE('',(#755),#54,.T.);
#4746=ADVANCED_FACE('',(#756),#507,.T.);
#4747=ADVANCED_FACE('',(#757),#55,.F.);
#4748=ADVANCED_FACE('',(#758),#508,.F.);
#4749=ADVANCED_FACE('',(#759),#56,.F.);
#4750=ADVANCED_FACE('',(#760),#509,.T.);
#4751=ADVANCED_FACE('',(#761),#510,.F.);
#4752=ADVANCED_FACE('',(#762),#511,.T.);
#4753=ADVANCED_FACE('',(#763),#512,.T.);
#4754=ADVANCED_FACE('',(#764),#4491,.F.);
#4755=ADVANCED_FACE('',(#765),#513,.T.);
#4756=ADVANCED_FACE('',(#766),#514,.T.);
#4757=ADVANCED_FACE('',(#767),#515,.T.);
#4758=ADVANCED_FACE('',(#768),#4492,.T.);
#4759=ADVANCED_FACE('',(#769),#516,.T.);
#4760=ADVANCED_FACE('',(#770),#4493,.F.);
#4761=ADVANCED_FACE('',(#771),#4494,.F.);
#4762=ADVANCED_FACE('',(#772),#4495,.F.);
#4763=ADVANCED_FACE('',(#773),#4496,.F.);
#4764=ADVANCED_FACE('',(#774),#4497,.F.);
#4765=ADVANCED_FACE('',(#775),#4498,.F.);
#4766=ADVANCED_FACE('',(#776),#4499,.F.);
#4767=ADVANCED_FACE('',(#777),#4500,.F.);
#4768=ADVANCED_FACE('',(#778),#4501,.T.);
#4769=ADVANCED_FACE('',(#779),#517,.F.);
#4770=ADVANCED_FACE('',(#780),#4502,.T.);
#4771=ADVANCED_FACE('',(#781),#4503,.T.);
#4772=ADVANCED_FACE('',(#782),#4504,.T.);
#4773=ADVANCED_FACE('',(#783),#4505,.F.);
#4774=ADVANCED_FACE('',(#784),#4506,.T.);
#4775=ADVANCED_FACE('',(#785),#4507,.F.);
#4776=ADVANCED_FACE('',(#786),#4508,.F.);
#4777=ADVANCED_FACE('',(#787),#4509,.F.);
#4778=ADVANCED_FACE('',(#788),#518,.F.);
#4779=ADVANCED_FACE('',(#789),#519,.F.);
#4780=ADVANCED_FACE('',(#790),#520,.F.);
#4781=ADVANCED_FACE('',(#791),#521,.F.);
#4782=ADVANCED_FACE('',(#792),#522,.F.);
#4783=ADVANCED_FACE('',(#793),#13,.F.);
#4784=ADVANCED_FACE('',(#794),#523,.T.);
#4785=ADVANCED_FACE('',(#795),#4510,.F.);
#4786=ADVANCED_FACE('',(#796),#4511,.T.);
#4787=ADVANCED_FACE('',(#797),#524,.T.);
#4788=ADVANCED_FACE('',(#798,#108),#4512,.F.);
#4789=ADVANCED_FACE('',(#799),#14,.F.);
#4790=ADVANCED_FACE('',(#800),#525,.T.);
#4791=ADVANCED_FACE('',(#801),#4513,.F.);
#4792=ADVANCED_FACE('',(#802),#4514,.T.);
#4793=ADVANCED_FACE('',(#803),#526,.T.);
#4794=ADVANCED_FACE('',(#804,#109),#4515,.F.);
#4795=ADVANCED_FACE('',(#805),#15,.F.);
#4796=ADVANCED_FACE('',(#806),#527,.T.);
#4797=ADVANCED_FACE('',(#807),#4516,.F.);
#4798=ADVANCED_FACE('',(#808),#4517,.T.);
#4799=ADVANCED_FACE('',(#809),#528,.T.);
#4800=ADVANCED_FACE('',(#810,#110),#4518,.F.);
#4801=CLOSED_SHELL('',(#4519,#4520,#4521,#4522,#4523,#4524,#4525,#4526,
#4527,#4528,#4529,#4530,#4531,#4532,#4533,#4534,#4535,#4536,#4537,#4538,
#4539,#4540,#4541,#4542,#4543,#4544,#4545,#4546,#4547,#4548,#4549,#4550,
#4551,#4552,#4553,#4554,#4555,#4556,#4557,#4558,#4559,#4560,#4561,#4562,
#4563,#4564,#4565,#4566,#4567,#4568,#4569,#4570,#4571,#4572,#4573,#4574,
#4575,#4576,#4577,#4578,#4579,#4580,#4581,#4582,#4583,#4584,#4585,#4586,
#4587,#4588,#4589,#4590,#4591,#4592,#4593,#4594,#4595,#4596,#4597,#4598,
#4599,#4600,#4601,#4602,#4603,#4604,#4605,#4606,#4607,#4608,#4609,#4610,
#4611,#4612,#4613,#4614,#4615,#4616,#4617,#4618,#4619,#4620,#4621,#4622,
#4623,#4624,#4625,#4626,#4627,#4628,#4629,#4630,#4631,#4632,#4633,#4634,
#4635,#4636,#4637,#4638,#4639,#4640,#4641,#4642,#4643,#4644,#4645,#4646,
#4647,#4648,#4649,#4650,#4651,#4652,#4653,#4654,#4655,#4656,#4657,#4658,
#4659,#4660,#4661,#4662,#4663,#4664,#4665,#4666,#4667,#4668,#4669,#4670,
#4671,#4672,#4673,#4674,#4675,#4676,#4677,#4678,#4679,#4680));
#4802=CLOSED_SHELL('',(#4681,#4682,#4683,#4684,#4685,#4686,#4687,#4688,
#4689,#4690,#4691,#4692,#4693,#4694,#4695,#4696,#4697,#4698,#4699,#4700,
#4701,#4702,#4703,#4704,#4705,#4706,#4707,#4708,#4709,#4710,#4711,#4712,
#4713,#4714,#4715,#4716,#4717,#4718,#4719,#4720,#4721,#4722,#4723,#4724,
#4725,#4726,#4727,#4728,#4729,#4730,#4731,#4732,#4733,#4734,#4735,#4736,
#4737,#4738,#4739,#4740,#4741,#4742,#4743,#4744,#4745,#4746,#4747,#4748,
#4749,#4750,#4751,#4752,#4753,#4754,#4755,#4756,#4757,#4758,#4759,#4760,
#4761,#4762,#4763,#4764,#4765,#4766,#4767,#4768,#4769,#4770,#4771,#4772,
#4773,#4774,#4775,#4776,#4777,#4778,#4779,#4780,#4781,#4782));
#4803=CLOSED_SHELL('',(#4783,#4784,#4785,#4786,#4787,#4788));
#4804=CLOSED_SHELL('',(#4789,#4790,#4791,#4792,#4793,#4794));
#4805=CLOSED_SHELL('',(#4795,#4796,#4797,#4798,#4799,#4800));
#4806=DERIVED_UNIT_ELEMENT(#4808,1.);
#4807=DERIVED_UNIT_ELEMENT(#9343,-3.);
#4808=(
MASS_UNIT()
NAMED_UNIT(*)
SI_UNIT(.KILO.,.GRAM.)
);
#4809=DERIVED_UNIT((#4806,#4807));
#4810=MEASURE_REPRESENTATION_ITEM('density measure',
POSITIVE_RATIO_MEASURE(7850.),#4809);
#4811=PROPERTY_DEFINITION_REPRESENTATION(#4816,#4813);
#4812=PROPERTY_DEFINITION_REPRESENTATION(#4817,#4814);
#4813=REPRESENTATION('material name',(#4815),#9340);
#4814=REPRESENTATION('density',(#4810),#9340);
#4815=DESCRIPTIVE_REPRESENTATION_ITEM('Steel','Steel');
#4816=PROPERTY_DEFINITION('material property','material name',#9350);
#4817=PROPERTY_DEFINITION('material property','density of part',#9350);
#4818=AXIS2_PLACEMENT_3D('',#6892,#5386,#5387);
#4819=AXIS2_PLACEMENT_3D('',#6893,#5388,#5389);
#4820=AXIS2_PLACEMENT_3D('',#6917,#5396,#5397);
#4821=AXIS2_PLACEMENT_3D('',#6919,#5398,#5399);
#4822=AXIS2_PLACEMENT_3D('',#6922,#5401,#5402);
#4823=AXIS2_PLACEMENT_3D('',#6923,#5403,#5404);
#4824=AXIS2_PLACEMENT_3D('',#6928,#5406,#5407);
#4825=AXIS2_PLACEMENT_3D('',#6931,#5409,#5410);
#4826=AXIS2_PLACEMENT_3D('',#6932,#5411,#5412);
#4827=AXIS2_PLACEMENT_3D('',#6934,#5413,#5414);
#4828=AXIS2_PLACEMENT_3D('',#6937,#5416,#5417);
#4829=AXIS2_PLACEMENT_3D('',#6938,#5418,#5419);
#4830=AXIS2_PLACEMENT_3D('',#6939,#5420,#5421);
#4831=AXIS2_PLACEMENT_3D('',#6948,#5426,#5427);
#4832=AXIS2_PLACEMENT_3D('',#6950,#5428,#5429);
#4833=AXIS2_PLACEMENT_3D('',#6953,#5431,#5432);
#4834=AXIS2_PLACEMENT_3D('',#6954,#5433,#5434);
#4835=AXIS2_PLACEMENT_3D('',#6956,#5435,#5436);
#4836=AXIS2_PLACEMENT_3D('',#6959,#5438,#5439);
#4837=AXIS2_PLACEMENT_3D('',#6960,#5440,#5441);
#4838=AXIS2_PLACEMENT_3D('',#6966,#5445,#5446);
#4839=AXIS2_PLACEMENT_3D('',#6968,#5447,#5448);
#4840=AXIS2_PLACEMENT_3D('',#6971,#5450,#5451);
#4841=AXIS2_PLACEMENT_3D('',#6972,#5452,#5453);
#4842=AXIS2_PLACEMENT_3D('',#6978,#5457,#5458);
#4843=AXIS2_PLACEMENT_3D('',#6980,#5459,#5460);
#4844=AXIS2_PLACEMENT_3D('',#6983,#5462,#5463);
#4845=AXIS2_PLACEMENT_3D('',#6984,#5464,#5465);
#4846=AXIS2_PLACEMENT_3D('',#6992,#5470,#5471);
#4847=AXIS2_PLACEMENT_3D('',#6994,#5472,#5473);
#4848=AXIS2_PLACEMENT_3D('',#6997,#5475,#5476);
#4849=AXIS2_PLACEMENT_3D('',#6998,#5477,#5478);
#4850=AXIS2_PLACEMENT_3D('',#7004,#5482,#5483);
#4851=AXIS2_PLACEMENT_3D('',#7006,#5484,#5485);
#4852=AXIS2_PLACEMENT_3D('',#7009,#5487,#5488);
#4853=AXIS2_PLACEMENT_3D('',#7010,#5489,#5490);
#4854=AXIS2_PLACEMENT_3D('',#7018,#5495,#5496);
#4855=AXIS2_PLACEMENT_3D('',#7020,#5497,#5498);
#4856=AXIS2_PLACEMENT_3D('',#7023,#5500,#5501);
#4857=AXIS2_PLACEMENT_3D('',#7024,#5502,#5503);
#4858=AXIS2_PLACEMENT_3D('',#7030,#5507,#5508);
#4859=AXIS2_PLACEMENT_3D('',#7032,#5509,#5510);
#4860=AXIS2_PLACEMENT_3D('',#7035,#5512,#5513);
#4861=AXIS2_PLACEMENT_3D('',#7036,#5514,#5515);
#4862=AXIS2_PLACEMENT_3D('',#7042,#5519,#5520);
#4863=AXIS2_PLACEMENT_3D('',#7044,#5521,#5522);
#4864=AXIS2_PLACEMENT_3D('',#7047,#5524,#5525);
#4865=AXIS2_PLACEMENT_3D('',#7048,#5526,#5527);
#4866=AXIS2_PLACEMENT_3D('',#7056,#5532,#5533);
#4867=AXIS2_PLACEMENT_3D('',#7063,#5537,#5538);
#4868=AXIS2_PLACEMENT_3D('',#7064,#5539,#5540);
#4869=AXIS2_PLACEMENT_3D('',#7067,#5542,#5543);
#4870=AXIS2_PLACEMENT_3D('',#7068,#5544,#5545);
#4871=AXIS2_PLACEMENT_3D('',#7072,#5548,#5549);
#4872=AXIS2_PLACEMENT_3D('',#7075,#5551,#5552);
#4873=AXIS2_PLACEMENT_3D('',#7076,#5553,#5554);
#4874=AXIS2_PLACEMENT_3D('',#7080,#5557,#5558);
#4875=AXIS2_PLACEMENT_3D('',#7083,#5560,#5561);
#4876=AXIS2_PLACEMENT_3D('',#7084,#5562,#5563);
#4877=AXIS2_PLACEMENT_3D('',#7103,#5568,#5569);
#4878=AXIS2_PLACEMENT_3D('',#7114,#5575,#5576);
#4879=AXIS2_PLACEMENT_3D('',#7116,#5577,#5578);
#4880=AXIS2_PLACEMENT_3D('',#7119,#5580,#5581);
#4881=AXIS2_PLACEMENT_3D('',#7120,#5582,#5583);
#4882=AXIS2_PLACEMENT_3D('',#7126,#5587,#5588);
#4883=AXIS2_PLACEMENT_3D('',#7128,#5589,#5590);
#4884=AXIS2_PLACEMENT_3D('',#7131,#5592,#5593);
#4885=AXIS2_PLACEMENT_3D('',#7132,#5594,#5595);
#4886=AXIS2_PLACEMENT_3D('',#7138,#5599,#5600);
#4887=AXIS2_PLACEMENT_3D('',#7140,#5601,#5602);
#4888=AXIS2_PLACEMENT_3D('',#7143,#5604,#5605);
#4889=AXIS2_PLACEMENT_3D('',#7144,#5606,#5607);
#4890=AXIS2_PLACEMENT_3D('',#7152,#5612,#5613);
#4891=AXIS2_PLACEMENT_3D('',#7159,#5617,#5618);
#4892=AXIS2_PLACEMENT_3D('',#7160,#5619,#5620);
#4893=AXIS2_PLACEMENT_3D('',#7163,#5622,#5623);
#4894=AXIS2_PLACEMENT_3D('',#7164,#5624,#5625);
#4895=AXIS2_PLACEMENT_3D('',#7168,#5628,#5629);
#4896=AXIS2_PLACEMENT_3D('',#7171,#5631,#5632);
#4897=AXIS2_PLACEMENT_3D('',#7172,#5633,#5634);
#4898=AXIS2_PLACEMENT_3D('',#7176,#5637,#5638);
#4899=AXIS2_PLACEMENT_3D('',#7179,#5640,#5641);
#4900=AXIS2_PLACEMENT_3D('',#7180,#5642,#5643);
#4901=AXIS2_PLACEMENT_3D('',#7182,#5644,#5645);
#4902=AXIS2_PLACEMENT_3D('',#7186,#5648,#5649);
#4903=AXIS2_PLACEMENT_3D('',#7189,#5650,#5651);
#4904=AXIS2_PLACEMENT_3D('',#7202,#5654,#5655);
#4905=AXIS2_PLACEMENT_3D('',#7206,#5657,#5658);
#4906=AXIS2_PLACEMENT_3D('',#7208,#5659,#5660);
#4907=AXIS2_PLACEMENT_3D('',#7211,#5662,#5663);
#4908=AXIS2_PLACEMENT_3D('',#7217,#5666,#5667);
#4909=AXIS2_PLACEMENT_3D('',#7219,#5668,#5669);
#4910=AXIS2_PLACEMENT_3D('',#7223,#5671,#5672);
#4911=AXIS2_PLACEMENT_3D('',#7225,#5673,#5674);
#4912=AXIS2_PLACEMENT_3D('',#7227,#5675,#5676);
#4913=AXIS2_PLACEMENT_3D('',#7231,#5678,#5679);
#4914=AXIS2_PLACEMENT_3D('',#7235,#5681,#5682);
#4915=AXIS2_PLACEMENT_3D('',#7239,#5684,#5685);
#4916=AXIS2_PLACEMENT_3D('',#7243,#5687,#5688);
#4917=AXIS2_PLACEMENT_3D('',#7245,#5689,#5690);
#4918=AXIS2_PLACEMENT_3D('',#7248,#5692,#5693);
#4919=AXIS2_PLACEMENT_3D('',#7251,#5695,#5696);
#4920=AXIS2_PLACEMENT_3D('',#7253,#5697,#5698);
#4921=AXIS2_PLACEMENT_3D('',#7255,#5699,#5700);
#4922=AXIS2_PLACEMENT_3D('',#7257,#5701,#5702);
#4923=AXIS2_PLACEMENT_3D('',#7258,#5703,#5704);
#4924=AXIS2_PLACEMENT_3D('',#7260,#5705,#5706);
#4925=AXIS2_PLACEMENT_3D('',#7262,#5708,#5709);
#4926=AXIS2_PLACEMENT_3D('',#7265,#5710,#5711);
#4927=AXIS2_PLACEMENT_3D('',#7267,#5712,#5713);
#4928=AXIS2_PLACEMENT_3D('',#7268,#5714,#5715);
#4929=AXIS2_PLACEMENT_3D('',#7269,#5716,#5717);
#4930=AXIS2_PLACEMENT_3D('',#7272,#5718,#5719);
#4931=AXIS2_PLACEMENT_3D('',#7273,#5720,#5721);
#4932=AXIS2_PLACEMENT_3D('',#7274,#5722,#5723);
#4933=AXIS2_PLACEMENT_3D('',#7275,#5724,#5725);
#4934=AXIS2_PLACEMENT_3D('',#7277,#5726,#5727);
#4935=AXIS2_PLACEMENT_3D('',#7279,#5729,#5730);
#4936=AXIS2_PLACEMENT_3D('',#7281,#5731,#5732);
#4937=AXIS2_PLACEMENT_3D('',#7283,#5734,#5735);
#4938=AXIS2_PLACEMENT_3D('',#7286,#5738,#5739);
#4939=AXIS2_PLACEMENT_3D('',#7289,#5740,#5741);
#4940=AXIS2_PLACEMENT_3D('',#7292,#5744,#5745);
#4941=AXIS2_PLACEMENT_3D('',#7295,#5746,#5747);
#4942=AXIS2_PLACEMENT_3D('',#7296,#5748,#5749);
#4943=AXIS2_PLACEMENT_3D('',#7297,#5750,#5751);
#4944=AXIS2_PLACEMENT_3D('',#7360,#5752,#5753);
#4945=AXIS2_PLACEMENT_3D('',#7363,#5755,#5756);
#4946=AXIS2_PLACEMENT_3D('',#7366,#5758,#5759);
#4947=AXIS2_PLACEMENT_3D('',#7367,#5760,#5761);
#4948=AXIS2_PLACEMENT_3D('',#7373,#5764,#5765);
#4949=AXIS2_PLACEMENT_3D('',#7377,#5767,#5768);
#4950=AXIS2_PLACEMENT_3D('',#7383,#5771,#5772);
#4951=AXIS2_PLACEMENT_3D('',#7386,#5774,#5775);
#4952=AXIS2_PLACEMENT_3D('',#7396,#5780,#5781);
#4953=AXIS2_PLACEMENT_3D('',#7401,#5784,#5785);
#4954=AXIS2_PLACEMENT_3D('',#7475,#5790,#5791);
#4955=AXIS2_PLACEMENT_3D('',#7476,#5792,#5793);
#4956=AXIS2_PLACEMENT_3D('',#7477,#5794,#5795);
#4957=AXIS2_PLACEMENT_3D('',#7529,#5796,#5797);
#4958=AXIS2_PLACEMENT_3D('',#7759,#5798,#5799);
#4959=AXIS2_PLACEMENT_3D('',#7760,#5800,#5801);
#4960=AXIS2_PLACEMENT_3D('',#7762,#5802,#5803);
#4961=AXIS2_PLACEMENT_3D('',#7763,#5804,#5805);
#4962=AXIS2_PLACEMENT_3D('',#7764,#5806,#5807);
#4963=AXIS2_PLACEMENT_3D('',#7766,#5808,#5809);
#4964=AXIS2_PLACEMENT_3D('',#7767,#5810,#5811);
#4965=AXIS2_PLACEMENT_3D('',#7845,#5812,#5813);
#4966=AXIS2_PLACEMENT_3D('',#7848,#5814,#5815);
#4967=AXIS2_PLACEMENT_3D('',#7849,#5816,#5817);
#4968=AXIS2_PLACEMENT_3D('',#8092,#5818,#5819);
#4969=AXIS2_PLACEMENT_3D('',#8128,#5820,#5821);
#4970=AXIS2_PLACEMENT_3D('',#8164,#5822,#5823);
#4971=AXIS2_PLACEMENT_3D('',#8167,#5824,#5825);
#4972=AXIS2_PLACEMENT_3D('',#8168,#5826,#5827);
#4973=AXIS2_PLACEMENT_3D('',#8169,#5828,#5829);
#4974=AXIS2_PLACEMENT_3D('',#8244,#5830,#5831);
#4975=AXIS2_PLACEMENT_3D('',#8257,#5832,#5833);
#4976=AXIS2_PLACEMENT_3D('',#8259,#5834,#5835);
#4977=AXIS2_PLACEMENT_3D('',#8260,#5836,#5837);
#4978=AXIS2_PLACEMENT_3D('',#8261,#5838,#5839);
#4979=AXIS2_PLACEMENT_3D('',#8262,#5840,#5841);
#4980=AXIS2_PLACEMENT_3D('',#8264,#5842,#5843);
#4981=AXIS2_PLACEMENT_3D('',#8265,#5844,#5845);
#4982=AXIS2_PLACEMENT_3D('',#8266,#5846,#5847);
#4983=AXIS2_PLACEMENT_3D('',#8268,#5848,#5849);
#4984=AXIS2_PLACEMENT_3D('',#8270,#5851,#5852);
#4985=AXIS2_PLACEMENT_3D('',#8273,#5853,#5854);
#4986=AXIS2_PLACEMENT_3D('',#8275,#5855,#5856);
#4987=AXIS2_PLACEMENT_3D('',#8276,#5857,#5858);
#4988=AXIS2_PLACEMENT_3D('',#8277,#5859,#5860);
#4989=AXIS2_PLACEMENT_3D('',#8280,#5861,#5862);
#4990=AXIS2_PLACEMENT_3D('',#8281,#5863,#5864);
#4991=AXIS2_PLACEMENT_3D('',#8282,#5865,#5866);
#4992=AXIS2_PLACEMENT_3D('',#8283,#5867,#5868);
#4993=AXIS2_PLACEMENT_3D('',#8295,#5869,#5870);
#4994=AXIS2_PLACEMENT_3D('',#8296,#5871,#5872);
#4995=AXIS2_PLACEMENT_3D('',#8298,#5874,#5875);
#4996=AXIS2_PLACEMENT_3D('',#8301,#5878,#5879);
#4997=AXIS2_PLACEMENT_3D('',#8304,#5882,#5883);
#4998=AXIS2_PLACEMENT_3D('',#8317,#5884,#5885);
#4999=AXIS2_PLACEMENT_3D('',#8318,#5886,#5887);
#5000=AXIS2_PLACEMENT_3D('',#8319,#5888,#5889);
#5001=AXIS2_PLACEMENT_3D('',#8323,#5891,#5892);
#5002=AXIS2_PLACEMENT_3D('',#8325,#5894,#5895);
#5003=AXIS2_PLACEMENT_3D('',#8327,#5897,#5898);
#5004=AXIS2_PLACEMENT_3D('',#8331,#5901,#5902);
#5005=AXIS2_PLACEMENT_3D('',#8332,#5903,#5904);
#5006=AXIS2_PLACEMENT_3D('',#8333,#5905,#5906);
#5007=AXIS2_PLACEMENT_3D('',#8334,#5907,#5908);
#5008=AXIS2_PLACEMENT_3D('',#8335,#5909,#5910);
#5009=AXIS2_PLACEMENT_3D('',#8336,#5911,#5912);
#5010=AXIS2_PLACEMENT_3D('',#8337,#5913,#5914);
#5011=AXIS2_PLACEMENT_3D('',#8340,#5916,#5917);
#5012=AXIS2_PLACEMENT_3D('',#8341,#5918,#5919);
#5013=AXIS2_PLACEMENT_3D('',#8343,#5921,#5922);
#5014=AXIS2_PLACEMENT_3D('',#8345,#5923,#5924);
#5015=AXIS2_PLACEMENT_3D('',#8349,#5926,#5927);
#5016=AXIS2_PLACEMENT_3D('',#8351,#5928,#5929);
#5017=AXIS2_PLACEMENT_3D('',#8353,#5930,#5931);
#5018=AXIS2_PLACEMENT_3D('',#8356,#5933,#5934);
#5019=AXIS2_PLACEMENT_3D('',#8358,#5935,#5936);
#5020=AXIS2_PLACEMENT_3D('',#8359,#5937,#5938);
#5021=AXIS2_PLACEMENT_3D('',#8361,#5939,#5940);
#5022=AXIS2_PLACEMENT_3D('',#8362,#5941,#5942);
#5023=AXIS2_PLACEMENT_3D('',#8363,#5943,#5944);
#5024=AXIS2_PLACEMENT_3D('',#8364,#5945,#5946);
#5025=AXIS2_PLACEMENT_3D('',#8366,#5948,#5949);
#5026=AXIS2_PLACEMENT_3D('',#8367,#5950,#5951);
#5027=AXIS2_PLACEMENT_3D('',#8368,#5952,#5953);
#5028=AXIS2_PLACEMENT_3D('',#8370,#5954,#5955);
#5029=AXIS2_PLACEMENT_3D('',#8372,#5956,#5957);
#5030=AXIS2_PLACEMENT_3D('',#8373,#5958,#5959);
#5031=AXIS2_PLACEMENT_3D('',#8374,#5960,#5961);
#5032=AXIS2_PLACEMENT_3D('',#8376,#5962,#5963);
#5033=AXIS2_PLACEMENT_3D('',#8378,#5964,#5965);
#5034=AXIS2_PLACEMENT_3D('',#8379,#5966,#5967);
#5035=AXIS2_PLACEMENT_3D('',#8380,#5968,#5969);
#5036=AXIS2_PLACEMENT_3D('',#8382,#5970,#5971);
#5037=AXIS2_PLACEMENT_3D('',#8383,#5972,#5973);
#5038=AXIS2_PLACEMENT_3D('',#8384,#5974,#5975);
#5039=AXIS2_PLACEMENT_3D('',#8385,#5976,#5977);
#5040=AXIS2_PLACEMENT_3D('',#8386,#5978,#5979);
#5041=AXIS2_PLACEMENT_3D('',#8387,#5980,#5981);
#5042=AXIS2_PLACEMENT_3D('',#8389,#5983,#5984);
#5043=AXIS2_PLACEMENT_3D('',#8391,#5986,#5987);
#5044=AXIS2_PLACEMENT_3D('',#8394,#5990,#5991);
#5045=AXIS2_PLACEMENT_3D('',#8395,#5992,#5993);
#5046=AXIS2_PLACEMENT_3D('',#8396,#5994,#5995);
#5047=AXIS2_PLACEMENT_3D('',#8399,#5998,#5999);
#5048=AXIS2_PLACEMENT_3D('',#8401,#6001,#6002);
#5049=AXIS2_PLACEMENT_3D('',#8402,#6003,#6004);
#5050=AXIS2_PLACEMENT_3D('',#8405,#6007,#6008);
#5051=AXIS2_PLACEMENT_3D('',#8407,#6010,#6011);
#5052=AXIS2_PLACEMENT_3D('',#8409,#6012,#6013);
#5053=AXIS2_PLACEMENT_3D('',#8411,#6014,#6015);
#5054=AXIS2_PLACEMENT_3D('',#8412,#6016,#6017);
#5055=AXIS2_PLACEMENT_3D('',#8413,#6018,#6019);
#5056=AXIS2_PLACEMENT_3D('',#8416,#6020,#6021);
#5057=AXIS2_PLACEMENT_3D('',#8418,#6022,#6023);
#5058=AXIS2_PLACEMENT_3D('',#8419,#6024,#6025);
#5059=AXIS2_PLACEMENT_3D('',#8420,#6026,#6027);
#5060=AXIS2_PLACEMENT_3D('',#8422,#6028,#6029);
#5061=AXIS2_PLACEMENT_3D('',#8424,#6030,#6031);
#5062=AXIS2_PLACEMENT_3D('',#8425,#6032,#6033);
#5063=AXIS2_PLACEMENT_3D('',#8426,#6034,#6035);
#5064=AXIS2_PLACEMENT_3D('',#8429,#6036,#6037);
#5065=AXIS2_PLACEMENT_3D('',#8430,#6038,#6039);
#5066=AXIS2_PLACEMENT_3D('',#8431,#6040,#6041);
#5067=AXIS2_PLACEMENT_3D('',#8432,#6042,#6043);
#5068=AXIS2_PLACEMENT_3D('',#8433,#6044,#6045);
#5069=AXIS2_PLACEMENT_3D('',#8435,#6047,#6048);
#5070=AXIS2_PLACEMENT_3D('',#8436,#6049,#6050);
#5071=AXIS2_PLACEMENT_3D('',#8437,#6051,#6052);
#5072=AXIS2_PLACEMENT_3D('',#8438,#6053,#6054);
#5073=AXIS2_PLACEMENT_3D('',#8439,#6055,#6056);
#5074=AXIS2_PLACEMENT_3D('',#8440,#6057,#6058);
#5075=AXIS2_PLACEMENT_3D('',#8441,#6059,#6060);
#5076=AXIS2_PLACEMENT_3D('',#8442,#6061,#6062);
#5077=AXIS2_PLACEMENT_3D('',#8445,#6065,#6066);
#5078=AXIS2_PLACEMENT_3D('',#8448,#6069,#6070);
#5079=AXIS2_PLACEMENT_3D('',#8456,#6071,#6072);
#5080=AXIS2_PLACEMENT_3D('',#8458,#6073,#6074);
#5081=AXIS2_PLACEMENT_3D('',#8465,#6075,#6076);
#5082=AXIS2_PLACEMENT_3D('',#8468,#6079,#6080);
#5083=AXIS2_PLACEMENT_3D('',#8471,#6083,#6084);
#5084=AXIS2_PLACEMENT_3D('',#8473,#6086,#6087);
#5085=AXIS2_PLACEMENT_3D('',#8485,#6088,#6089);
#5086=AXIS2_PLACEMENT_3D('',#8486,#6090,#6091);
#5087=AXIS2_PLACEMENT_3D('',#8488,#6093,#6094);
#5088=AXIS2_PLACEMENT_3D('',#8491,#6097,#6098);
#5089=AXIS2_PLACEMENT_3D('',#8492,#6099,#6100);
#5090=AXIS2_PLACEMENT_3D('',#8495,#6103,#6104);
#5091=AXIS2_PLACEMENT_3D('',#8496,#6105,#6106);
#5092=AXIS2_PLACEMENT_3D('',#8497,#6107,#6108);
#5093=AXIS2_PLACEMENT_3D('',#8501,#6111,#6112);
#5094=AXIS2_PLACEMENT_3D('',#8502,#6113,#6114);
#5095=AXIS2_PLACEMENT_3D('',#8503,#6115,#6116);
#5096=AXIS2_PLACEMENT_3D('',#8506,#6118,#6119);
#5097=AXIS2_PLACEMENT_3D('',#8507,#6120,#6121);
#5098=AXIS2_PLACEMENT_3D('',#8509,#6122,#6123);
#5099=AXIS2_PLACEMENT_3D('',#8510,#6124,#6125);
#5100=AXIS2_PLACEMENT_3D('',#8513,#6127,#6128);
#5101=AXIS2_PLACEMENT_3D('',#8514,#6129,#6130);
#5102=AXIS2_PLACEMENT_3D('',#8516,#6131,#6132);
#5103=AXIS2_PLACEMENT_3D('',#8517,#6133,#6134);
#5104=AXIS2_PLACEMENT_3D('',#8520,#6136,#6137);
#5105=AXIS2_PLACEMENT_3D('',#8521,#6138,#6139);
#5106=AXIS2_PLACEMENT_3D('',#8523,#6140,#6141);
#5107=AXIS2_PLACEMENT_3D('',#8524,#6142,#6143);
#5108=AXIS2_PLACEMENT_3D('',#8525,#6144,#6145);
#5109=AXIS2_PLACEMENT_3D('',#8526,#6146,#6147);
#5110=AXIS2_PLACEMENT_3D('',#8528,#6148,#6149);
#5111=AXIS2_PLACEMENT_3D('',#8529,#6150,#6151);
#5112=AXIS2_PLACEMENT_3D('',#8530,#6152,#6153);
#5113=AXIS2_PLACEMENT_3D('',#8531,#6154,#6155);
#5114=AXIS2_PLACEMENT_3D('',#8532,#6156,#6157);
#5115=AXIS2_PLACEMENT_3D('',#8533,#6158,#6159);
#5116=AXIS2_PLACEMENT_3D('',#8534,#6160,#6161);
#5117=AXIS2_PLACEMENT_3D('',#8538,#6164,#6165);
#5118=AXIS2_PLACEMENT_3D('',#8542,#6168,#6169);
#5119=AXIS2_PLACEMENT_3D('',#8544,#6171,#6172);
#5120=AXIS2_PLACEMENT_3D('',#8546,#6173,#6174);
#5121=AXIS2_PLACEMENT_3D('',#8548,#6176,#6177);
#5122=AXIS2_PLACEMENT_3D('',#8554,#6181,#6182);
#5123=AXIS2_PLACEMENT_3D('',#8558,#6185,#6186);
#5124=AXIS2_PLACEMENT_3D('',#8562,#6189,#6190);
#5125=AXIS2_PLACEMENT_3D('',#8564,#6192,#6193);
#5126=AXIS2_PLACEMENT_3D('',#8566,#6194,#6195);
#5127=AXIS2_PLACEMENT_3D('',#8568,#6197,#6198);
#5128=AXIS2_PLACEMENT_3D('',#8570,#6199,#6200);
#5129=AXIS2_PLACEMENT_3D('',#8572,#6202,#6203);
#5130=AXIS2_PLACEMENT_3D('',#8574,#6204,#6205);
#5131=AXIS2_PLACEMENT_3D('',#8576,#6207,#6208);
#5132=AXIS2_PLACEMENT_3D('',#8578,#6209,#6210);
#5133=AXIS2_PLACEMENT_3D('',#8580,#6212,#6213);
#5134=AXIS2_PLACEMENT_3D('',#8582,#6214,#6215);
#5135=AXIS2_PLACEMENT_3D('',#8584,#6217,#6218);
#5136=AXIS2_PLACEMENT_3D('',#8586,#6219,#6220);
#5137=AXIS2_PLACEMENT_3D('',#8588,#6222,#6223);
#5138=AXIS2_PLACEMENT_3D('',#8590,#6224,#6225);
#5139=AXIS2_PLACEMENT_3D('',#8592,#6227,#6228);
#5140=AXIS2_PLACEMENT_3D('',#8594,#6229,#6230);
#5141=AXIS2_PLACEMENT_3D('',#8596,#6232,#6233);
#5142=AXIS2_PLACEMENT_3D('',#8597,#6234,#6235);
#5143=AXIS2_PLACEMENT_3D('',#8599,#6237,#6238);
#5144=AXIS2_PLACEMENT_3D('',#8601,#6240,#6241);
#5145=AXIS2_PLACEMENT_3D('',#8603,#6243,#6244);
#5146=AXIS2_PLACEMENT_3D('',#8604,#6245,#6246);
#5147=AXIS2_PLACEMENT_3D('',#8609,#6248,#6249);
#5148=AXIS2_PLACEMENT_3D('',#8615,#6253,#6254);
#5149=AXIS2_PLACEMENT_3D('',#8619,#6256,#6257);
#5150=AXIS2_PLACEMENT_3D('',#8621,#6259,#6260);
#5151=AXIS2_PLACEMENT_3D('',#8625,#6262,#6263);
#5152=AXIS2_PLACEMENT_3D('',#8627,#6264,#6265);
#5153=AXIS2_PLACEMENT_3D('',#8631,#6267,#6268);
#5154=AXIS2_PLACEMENT_3D('',#8635,#6270,#6271);
#5155=AXIS2_PLACEMENT_3D('',#8639,#6273,#6274);
#5156=AXIS2_PLACEMENT_3D('',#8651,#6278,#6279);
#5157=AXIS2_PLACEMENT_3D('',#8652,#6280,#6281);
#5158=AXIS2_PLACEMENT_3D('',#8654,#6282,#6283);
#5159=AXIS2_PLACEMENT_3D('',#8657,#6285,#6286);
#5160=AXIS2_PLACEMENT_3D('',#8658,#6287,#6288);
#5161=AXIS2_PLACEMENT_3D('',#8659,#6289,#6290);
#5162=AXIS2_PLACEMENT_3D('',#8668,#6295,#6296);
#5163=AXIS2_PLACEMENT_3D('',#8670,#6297,#6298);
#5164=AXIS2_PLACEMENT_3D('',#8673,#6300,#6301);
#5165=AXIS2_PLACEMENT_3D('',#8674,#6302,#6303);
#5166=AXIS2_PLACEMENT_3D('',#8680,#6307,#6308);
#5167=AXIS2_PLACEMENT_3D('',#8682,#6309,#6310);
#5168=AXIS2_PLACEMENT_3D('',#8685,#6312,#6313);
#5169=AXIS2_PLACEMENT_3D('',#8686,#6314,#6315);
#5170=AXIS2_PLACEMENT_3D('',#8692,#6319,#6320);
#5171=AXIS2_PLACEMENT_3D('',#8694,#6321,#6322);
#5172=AXIS2_PLACEMENT_3D('',#8697,#6324,#6325);
#5173=AXIS2_PLACEMENT_3D('',#8698,#6326,#6327);
#5174=AXIS2_PLACEMENT_3D('',#8704,#6331,#6332);
#5175=AXIS2_PLACEMENT_3D('',#8705,#6333,#6334);
#5176=AXIS2_PLACEMENT_3D('',#8706,#6335,#6336);
#5177=AXIS2_PLACEMENT_3D('',#8707,#6337,#6338);
#5178=AXIS2_PLACEMENT_3D('',#8711,#6340,#6341);
#5179=AXIS2_PLACEMENT_3D('',#8713,#6343,#6344);
#5180=AXIS2_PLACEMENT_3D('',#8721,#6349,#6350);
#5181=AXIS2_PLACEMENT_3D('',#8725,#6352,#6353);
#5182=AXIS2_PLACEMENT_3D('',#8728,#6355,#6356);
#5183=AXIS2_PLACEMENT_3D('',#8729,#6357,#6358);
#5184=AXIS2_PLACEMENT_3D('',#8733,#6361,#6362);
#5185=AXIS2_PLACEMENT_3D('',#8735,#6363,#6364);
#5186=AXIS2_PLACEMENT_3D('',#8737,#6365,#6366);
#5187=AXIS2_PLACEMENT_3D('',#8739,#6367,#6368);
#5188=AXIS2_PLACEMENT_3D('',#8741,#6369,#6370);
#5189=AXIS2_PLACEMENT_3D('',#8743,#6371,#6372);
#5190=AXIS2_PLACEMENT_3D('',#8744,#6373,#6374);
#5191=AXIS2_PLACEMENT_3D('',#8747,#6375,#6376);
#5192=AXIS2_PLACEMENT_3D('',#8751,#6378,#6379);
#5193=AXIS2_PLACEMENT_3D('',#8753,#6381,#6382);
#5194=AXIS2_PLACEMENT_3D('',#8756,#6384,#6385);
#5195=AXIS2_PLACEMENT_3D('',#8758,#6386,#6387);
#5196=AXIS2_PLACEMENT_3D('',#8762,#6389,#6390);
#5197=AXIS2_PLACEMENT_3D('',#8766,#6392,#6393);
#5198=AXIS2_PLACEMENT_3D('',#8770,#6395,#6396);
#5199=AXIS2_PLACEMENT_3D('',#8778,#6400,#6401);
#5200=AXIS2_PLACEMENT_3D('',#8783,#6404,#6405);
#5201=AXIS2_PLACEMENT_3D('',#8784,#6406,#6407);
#5202=AXIS2_PLACEMENT_3D('',#8788,#6410,#6411);
#5203=AXIS2_PLACEMENT_3D('',#8789,#6412,#6413);
#5204=AXIS2_PLACEMENT_3D('',#8790,#6414,#6415);
#5205=AXIS2_PLACEMENT_3D('',#8793,#6416,#6417);
#5206=AXIS2_PLACEMENT_3D('',#8797,#6419,#6420);
#5207=AXIS2_PLACEMENT_3D('',#8799,#6422,#6423);
#5208=AXIS2_PLACEMENT_3D('',#8805,#6427,#6428);
#5209=AXIS2_PLACEMENT_3D('',#8809,#6430,#6431);
#5210=AXIS2_PLACEMENT_3D('',#8811,#6432,#6433);
#5211=AXIS2_PLACEMENT_3D('',#8813,#6434,#6435);
#5212=AXIS2_PLACEMENT_3D('',#8815,#6436,#6437);
#5213=AXIS2_PLACEMENT_3D('',#8819,#6439,#6440);
#5214=AXIS2_PLACEMENT_3D('',#8823,#6442,#6443);
#5215=AXIS2_PLACEMENT_3D('',#8826,#6445,#6446);
#5216=AXIS2_PLACEMENT_3D('',#8828,#6447,#6448);
#5217=AXIS2_PLACEMENT_3D('',#8829,#6449,#6450);
#5218=AXIS2_PLACEMENT_3D('',#8832,#6452,#6453);
#5219=AXIS2_PLACEMENT_3D('',#8833,#6454,#6455);
#5220=AXIS2_PLACEMENT_3D('',#8840,#6460,#6461);
#5221=AXIS2_PLACEMENT_3D('',#8842,#6462,#6463);
#5222=AXIS2_PLACEMENT_3D('',#8845,#6465,#6466);
#5223=AXIS2_PLACEMENT_3D('',#8846,#6467,#6468);
#5224=AXIS2_PLACEMENT_3D('',#8852,#6472,#6473);
#5225=AXIS2_PLACEMENT_3D('',#8854,#6474,#6475);
#5226=AXIS2_PLACEMENT_3D('',#8858,#6477,#6478);
#5227=AXIS2_PLACEMENT_3D('',#8862,#6480,#6481);
#5228=AXIS2_PLACEMENT_3D('',#8864,#6482,#6483);
#5229=AXIS2_PLACEMENT_3D('',#8867,#6485,#6486);
#5230=AXIS2_PLACEMENT_3D('',#8868,#6487,#6488);
#5231=AXIS2_PLACEMENT_3D('',#8871,#6490,#6491);
#5232=AXIS2_PLACEMENT_3D('',#8872,#6492,#6493);
#5233=AXIS2_PLACEMENT_3D('',#8878,#6498,#6499);
#5234=AXIS2_PLACEMENT_3D('',#8882,#6501,#6502);
#5235=AXIS2_PLACEMENT_3D('',#8884,#6504,#6505);
#5236=AXIS2_PLACEMENT_3D('',#8892,#6510,#6511);
#5237=AXIS2_PLACEMENT_3D('',#8894,#6512,#6513);
#5238=AXIS2_PLACEMENT_3D('',#8896,#6515,#6516);
#5239=AXIS2_PLACEMENT_3D('',#8898,#6518,#6519);
#5240=AXIS2_PLACEMENT_3D('',#8901,#6521,#6522);
#5241=AXIS2_PLACEMENT_3D('',#8902,#6523,#6524);
#5242=AXIS2_PLACEMENT_3D('',#8910,#6529,#6530);
#5243=AXIS2_PLACEMENT_3D('',#8913,#6531,#6532);
#5244=AXIS2_PLACEMENT_3D('',#8917,#6534,#6535);
#5245=AXIS2_PLACEMENT_3D('',#8919,#6537,#6538);
#5246=AXIS2_PLACEMENT_3D('',#8920,#6539,#6540);
#5247=AXIS2_PLACEMENT_3D('',#8924,#6542,#6543);
#5248=AXIS2_PLACEMENT_3D('',#8940,#6551,#6552);
#5249=AXIS2_PLACEMENT_3D('',#8942,#6553,#6554);
#5250=AXIS2_PLACEMENT_3D('',#8944,#6555,#6556);
#5251=AXIS2_PLACEMENT_3D('',#8948,#6558,#6559);
#5252=AXIS2_PLACEMENT_3D('',#8950,#6560,#6561);
#5253=AXIS2_PLACEMENT_3D('',#8952,#6562,#6563);
#5254=AXIS2_PLACEMENT_3D('',#8956,#6565,#6566);
#5255=AXIS2_PLACEMENT_3D('',#8958,#6567,#6568);
#5256=AXIS2_PLACEMENT_3D('',#8962,#6570,#6571);
#5257=AXIS2_PLACEMENT_3D('',#8964,#6572,#6573);
#5258=AXIS2_PLACEMENT_3D('',#8967,#6575,#6576);
#5259=AXIS2_PLACEMENT_3D('',#8969,#6577,#6578);
#5260=AXIS2_PLACEMENT_3D('',#8970,#6579,#6580);
#5261=AXIS2_PLACEMENT_3D('',#8971,#6581,#6582);
#5262=AXIS2_PLACEMENT_3D('',#8972,#6583,#6584);
#5263=AXIS2_PLACEMENT_3D('',#8975,#6587,#6588);
#5264=AXIS2_PLACEMENT_3D('',#8979,#6591,#6592);
#5265=AXIS2_PLACEMENT_3D('',#8981,#6594,#6595);
#5266=AXIS2_PLACEMENT_3D('',#8988,#6597,#6598);
#5267=AXIS2_PLACEMENT_3D('',#8991,#6599,#6600);
#5268=AXIS2_PLACEMENT_3D('',#8994,#6603,#6604);
#5269=AXIS2_PLACEMENT_3D('',#8995,#6605,#6606);
#5270=AXIS2_PLACEMENT_3D('',#8996,#6607,#6608);
#5271=AXIS2_PLACEMENT_3D('',#8997,#6609,#6610);
#5272=AXIS2_PLACEMENT_3D('',#8999,#6611,#6612);
#5273=AXIS2_PLACEMENT_3D('',#9022,#6614,#6615);
#5274=AXIS2_PLACEMENT_3D('',#9023,#6616,#6617);
#5275=AXIS2_PLACEMENT_3D('',#9024,#6618,#6619);
#5276=AXIS2_PLACEMENT_3D('',#9026,#6621,#6622);
#5277=AXIS2_PLACEMENT_3D('',#9041,#6624,#6625);
#5278=AXIS2_PLACEMENT_3D('',#9043,#6626,#6627);
#5279=AXIS2_PLACEMENT_3D('',#9045,#6628,#6629);
#5280=AXIS2_PLACEMENT_3D('',#9046,#6630,#6631);
#5281=AXIS2_PLACEMENT_3D('',#9047,#6632,#6633);
#5282=AXIS2_PLACEMENT_3D('',#9050,#6636,#6637);
#5283=AXIS2_PLACEMENT_3D('',#9052,#6638,#6639);
#5284=AXIS2_PLACEMENT_3D('',#9054,#6640,#6641);
#5285=AXIS2_PLACEMENT_3D('',#9055,#6642,#6643);
#5286=AXIS2_PLACEMENT_3D('',#9056,#6644,#6645);
#5287=AXIS2_PLACEMENT_3D('',#9059,#6648,#6649);
#5288=AXIS2_PLACEMENT_3D('',#9070,#6650,#6651);
#5289=AXIS2_PLACEMENT_3D('',#9083,#6652,#6653);
#5290=AXIS2_PLACEMENT_3D('',#9085,#6655,#6656);
#5291=AXIS2_PLACEMENT_3D('',#9086,#6657,#6658);
#5292=AXIS2_PLACEMENT_3D('',#9087,#6659,#6660);
#5293=AXIS2_PLACEMENT_3D('',#9088,#6661,#6662);
#5294=AXIS2_PLACEMENT_3D('',#9090,#6663,#6664);
#5295=AXIS2_PLACEMENT_3D('',#9091,#6665,#6666);
#5296=AXIS2_PLACEMENT_3D('',#9092,#6667,#6668);
#5297=AXIS2_PLACEMENT_3D('',#9094,#6670,#6671);
#5298=AXIS2_PLACEMENT_3D('',#9095,#6672,#6673);
#5299=AXIS2_PLACEMENT_3D('',#9096,#6674,#6675);
#5300=AXIS2_PLACEMENT_3D('',#9097,#6676,#6677);
#5301=AXIS2_PLACEMENT_3D('',#9099,#6678,#6679);
#5302=AXIS2_PLACEMENT_3D('',#9101,#6680,#6681);
#5303=AXIS2_PLACEMENT_3D('',#9102,#6682,#6683);
#5304=AXIS2_PLACEMENT_3D('',#9103,#6684,#6685);
#5305=AXIS2_PLACEMENT_3D('',#9106,#6686,#6687);
#5306=AXIS2_PLACEMENT_3D('',#9107,#6688,#6689);
#5307=AXIS2_PLACEMENT_3D('',#9109,#6690,#6691);
#5308=AXIS2_PLACEMENT_3D('',#9110,#6692,#6693);
#5309=AXIS2_PLACEMENT_3D('',#9111,#6694,#6695);
#5310=AXIS2_PLACEMENT_3D('',#9113,#6697,#6698);
#5311=AXIS2_PLACEMENT_3D('',#9115,#6699,#6700);
#5312=AXIS2_PLACEMENT_3D('',#9117,#6701,#6702);
#5313=AXIS2_PLACEMENT_3D('',#9118,#6703,#6704);
#5314=AXIS2_PLACEMENT_3D('',#9119,#6705,#6706);
#5315=AXIS2_PLACEMENT_3D('',#9121,#6707,#6708);
#5316=AXIS2_PLACEMENT_3D('',#9123,#6710,#6711);
#5317=AXIS2_PLACEMENT_3D('',#9124,#6712,#6713);
#5318=AXIS2_PLACEMENT_3D('',#9125,#6714,#6715);
#5319=AXIS2_PLACEMENT_3D('',#9128,#6718,#6719);
#5320=AXIS2_PLACEMENT_3D('',#9130,#6721,#6722);
#5321=AXIS2_PLACEMENT_3D('',#9133,#6725,#6726);
#5322=AXIS2_PLACEMENT_3D('',#9136,#6729,#6730);
#5323=AXIS2_PLACEMENT_3D('',#9138,#6732,#6733);
#5324=AXIS2_PLACEMENT_3D('',#9141,#6736,#6737);
#5325=AXIS2_PLACEMENT_3D('',#9142,#6738,#6739);
#5326=AXIS2_PLACEMENT_3D('',#9144,#6741,#6742);
#5327=AXIS2_PLACEMENT_3D('',#9146,#6744,#6745);
#5328=AXIS2_PLACEMENT_3D('',#9147,#6746,#6747);
#5329=AXIS2_PLACEMENT_3D('',#9148,#6748,#6749);
#5330=AXIS2_PLACEMENT_3D('',#9149,#6750,#6751);
#5331=AXIS2_PLACEMENT_3D('',#9157,#6756,#6757);
#5332=AXIS2_PLACEMENT_3D('',#9161,#6760,#6761);
#5333=AXIS2_PLACEMENT_3D('',#9167,#6765,#6766);
#5334=AXIS2_PLACEMENT_3D('',#9170,#6769,#6770);
#5335=AXIS2_PLACEMENT_3D('',#9172,#6772,#6773);
#5336=AXIS2_PLACEMENT_3D('',#9173,#6774,#6775);
#5337=AXIS2_PLACEMENT_3D('',#9175,#6777,#6778);
#5338=AXIS2_PLACEMENT_3D('',#9177,#6780,#6781);
#5339=AXIS2_PLACEMENT_3D('',#9179,#6783,#6784);
#5340=AXIS2_PLACEMENT_3D('',#9181,#6786,#6787);
#5341=AXIS2_PLACEMENT_3D('',#9182,#6788,#6789);
#5342=AXIS2_PLACEMENT_3D('',#9183,#6790,#6791);
#5343=AXIS2_PLACEMENT_3D('',#9185,#6793,#6794);
#5344=AXIS2_PLACEMENT_3D('',#9186,#6795,#6796);
#5345=AXIS2_PLACEMENT_3D('',#9190,#6799,#6800);
#5346=AXIS2_PLACEMENT_3D('',#9191,#6801,#6802);
#5347=AXIS2_PLACEMENT_3D('',#9192,#6803,#6804);
#5348=AXIS2_PLACEMENT_3D('',#9193,#6805,#6806);
#5349=AXIS2_PLACEMENT_3D('',#9195,#6808,#6809);
#5350=AXIS2_PLACEMENT_3D('',#9197,#6811,#6812);
#5351=AXIS2_PLACEMENT_3D('',#9199,#6814,#6815);
#5352=AXIS2_PLACEMENT_3D('',#9201,#6817,#6818);
#5353=AXIS2_PLACEMENT_3D('',#9231,#6820,#6821);
#5354=AXIS2_PLACEMENT_3D('',#9233,#6822,#6823);
#5355=AXIS2_PLACEMENT_3D('',#9234,#6824,#6825);
#5356=AXIS2_PLACEMENT_3D('',#9235,#6826,#6827);
#5357=AXIS2_PLACEMENT_3D('',#9238,#6829,#6830);
#5358=AXIS2_PLACEMENT_3D('',#9239,#6831,#6832);
#5359=AXIS2_PLACEMENT_3D('',#9240,#6833,#6834);
#5360=AXIS2_PLACEMENT_3D('',#9242,#6835,#6836);
#5361=AXIS2_PLACEMENT_3D('',#9243,#6837,#6838);
#5362=AXIS2_PLACEMENT_3D('',#9245,#6839,#6840);
#5363=AXIS2_PLACEMENT_3D('',#9247,#6842,#6843);
#5364=AXIS2_PLACEMENT_3D('',#9276,#6844,#6845);
#5365=AXIS2_PLACEMENT_3D('',#9278,#6846,#6847);
#5366=AXIS2_PLACEMENT_3D('',#9279,#6848,#6849);
#5367=AXIS2_PLACEMENT_3D('',#9280,#6850,#6851);
#5368=AXIS2_PLACEMENT_3D('',#9283,#6853,#6854);
#5369=AXIS2_PLACEMENT_3D('',#9284,#6855,#6856);
#5370=AXIS2_PLACEMENT_3D('',#9285,#6857,#6858);
#5371=AXIS2_PLACEMENT_3D('',#9287,#6859,#6860);
#5372=AXIS2_PLACEMENT_3D('',#9288,#6861,#6862);
#5373=AXIS2_PLACEMENT_3D('',#9290,#6863,#6864);
#5374=AXIS2_PLACEMENT_3D('',#9292,#6866,#6867);
#5375=AXIS2_PLACEMENT_3D('',#9321,#6868,#6869);
#5376=AXIS2_PLACEMENT_3D('',#9323,#6870,#6871);
#5377=AXIS2_PLACEMENT_3D('',#9324,#6872,#6873);
#5378=AXIS2_PLACEMENT_3D('',#9325,#6874,#6875);
#5379=AXIS2_PLACEMENT_3D('',#9328,#6877,#6878);
#5380=AXIS2_PLACEMENT_3D('',#9329,#6879,#6880);
#5381=AXIS2_PLACEMENT_3D('',#9330,#6881,#6882);
#5382=AXIS2_PLACEMENT_3D('',#9332,#6883,#6884);
#5383=AXIS2_PLACEMENT_3D('',#9333,#6885,#6886);
#5384=AXIS2_PLACEMENT_3D('',#9335,#6887,#6888);
#5385=AXIS2_PLACEMENT_3D('',#9337,#6890,#6891);
#5386=DIRECTION('axis',(0.,0.,1.));
#5387=DIRECTION('refdir',(1.,0.,0.));
#5388=DIRECTION('center_axis',(-1.,-7.61822299233565E-13,0.));
#5389=DIRECTION('ref_axis',(7.61822299233565E-13,-1.,0.));
#5390=DIRECTION('',(7.61822299233565E-13,-1.,0.));
#5391=DIRECTION('',(0.,0.,1.));
#5392=DIRECTION('',(-7.61822299233565E-13,1.,0.));
#5393=DIRECTION('',(0.,0.,1.));
#5394=DIRECTION('',(7.61822299233565E-13,-1.,0.));
#5395=DIRECTION('',(0.,0.,-1.));
#5396=DIRECTION('center_axis',(0.,0.,-1.));
#5397=DIRECTION('ref_axis',(1.,0.,0.));
#5398=DIRECTION('center_axis',(0.,0.,-1.));
#5399=DIRECTION('ref_axis',(1.,0.,0.));
#5400=DIRECTION('',(0.,0.,-1.));
#5401=DIRECTION('center_axis',(0.,0.,1.));
#5402=DIRECTION('ref_axis',(-0.471987660855962,0.881605154249745,0.));
#5403=DIRECTION('center_axis',(0.,0.,-1.));
#5404=DIRECTION('ref_axis',(1.,0.,0.));
#5405=DIRECTION('',(0.,0.,-1.));
#5406=DIRECTION('center_axis',(0.,0.,-1.));
#5407=DIRECTION('ref_axis',(1.,0.,0.));
#5408=DIRECTION('',(0.,0.,-1.));
#5409=DIRECTION('center_axis',(0.,0.,1.));
#5410=DIRECTION('ref_axis',(-0.876013334158579,0.482286883894192,0.));
#5411=DIRECTION('center_axis',(0.,0.,-1.));
#5412=DIRECTION('ref_axis',(-1.,0.,0.));
#5413=DIRECTION('center_axis',(0.,0.,-1.));
#5414=DIRECTION('ref_axis',(-1.,0.,0.));
#5415=DIRECTION('',(0.,0.,1.));
#5416=DIRECTION('center_axis',(0.,0.,1.));
#5417=DIRECTION('ref_axis',(-1.,0.,0.));
#5418=DIRECTION('center_axis',(0.,0.,1.));
#5419=DIRECTION('ref_axis',(-1.,0.,0.));
#5420=DIRECTION('center_axis',(-5.52849457283019E-17,0.707106781186547,
0.707106781186548));
#5421=DIRECTION('ref_axis',(1.,0.,7.8184720044025E-17));
#5422=DIRECTION('',(0.,-0.707106781186548,0.707106781186547));
#5423=DIRECTION('',(-1.,-7.81847200440251E-17,0.));
#5424=DIRECTION('',(0.,-0.707106781186548,0.707106781186547));
#5425=DIRECTION('',(1.,7.81847200440251E-17,0.));
#5426=DIRECTION('center_axis',(0.,0.,-1.));
#5427=DIRECTION('ref_axis',(0.,1.,0.));
#5428=DIRECTION('center_axis',(0.,0.,1.));
#5429=DIRECTION('ref_axis',(0.,1.,0.));
#5430=DIRECTION('',(0.671969343570055,0.220129964571003,0.707106781186546));
#5431=DIRECTION('center_axis',(0.,0.,-1.));
#5432=DIRECTION('ref_axis',(0.,1.,0.));
#5433=DIRECTION('center_axis',(0.,0.,-1.));
#5434=DIRECTION('ref_axis',(-0.707106781186548,-0.707106781186547,0.));
#5435=DIRECTION('center_axis',(0.,0.,1.));
#5436=DIRECTION('ref_axis',(-0.707106781186548,-0.707106781186547,0.));
#5437=DIRECTION('',(0.,0.707106781186546,0.707106781186549));
#5438=DIRECTION('center_axis',(0.,0.,-1.));
#5439=DIRECTION('ref_axis',(-0.707106781186548,-0.707106781186547,0.));
#5440=DIRECTION('center_axis',(0.,-0.707106781186548,0.707106781186547));
#5441=DIRECTION('ref_axis',(1.,0.,0.));
#5442=DIRECTION('',(0.,0.707106781186547,0.707106781186547));
#5443=DIRECTION('',(-1.,0.,0.));
#5444=DIRECTION('',(1.,0.,0.));
#5445=DIRECTION('center_axis',(0.,0.,-1.));
#5446=DIRECTION('ref_axis',(0.707106781186547,-0.707106781186548,0.));
#5447=DIRECTION('center_axis',(0.,0.,1.));
#5448=DIRECTION('ref_axis',(0.707106781186547,-0.707106781186548,0.));
#5449=DIRECTION('',(-0.707106781186552,0.,0.707106781186543));
#5450=DIRECTION('center_axis',(0.,0.,-1.));
#5451=DIRECTION('ref_axis',(0.707106781186547,-0.707106781186548,0.));
#5452=DIRECTION('center_axis',(0.707106781186543,0.,0.707106781186552));
#5453=DIRECTION('ref_axis',(0.707106781186552,0.,-0.707106781186543));
#5454=DIRECTION('',(-0.707106781186552,-6.28036983473505E-15,0.707106781186543));
#5455=DIRECTION('',(0.,-1.,0.));
#5456=DIRECTION('',(0.,1.,0.));
#5457=DIRECTION('center_axis',(0.,0.,-1.));
#5458=DIRECTION('ref_axis',(0.70710678118655,0.707106781186545,0.));
#5459=DIRECTION('center_axis',(0.,0.,1.));
#5460=DIRECTION('ref_axis',(0.70710678118655,0.707106781186545,0.));
#5461=DIRECTION('',(0.,-0.707106781186546,0.707106781186549));
#5462=DIRECTION('center_axis',(0.,0.,-1.));
#5463=DIRECTION('ref_axis',(0.70710678118655,0.707106781186545,0.));
#5464=DIRECTION('center_axis',(0.,0.707106781186549,0.707106781186546));
#5465=DIRECTION('ref_axis',(1.,0.,0.));
#5466=DIRECTION('',(0.,-0.707106781186546,0.707106781186549));
#5467=DIRECTION('',(1.,0.,0.));
#5468=DIRECTION('',(-1.,0.,0.));
#5469=DIRECTION('',(1.,0.,0.));
#5470=DIRECTION('center_axis',(0.,0.,1.));
#5471=DIRECTION('ref_axis',(-0.707106781186548,-0.707106781186548,0.));
#5472=DIRECTION('center_axis',(0.,0.,1.));
#5473=DIRECTION('ref_axis',(0.,-1.,0.));
#5474=DIRECTION('',(-0.70710678118654,0.,0.707106781186555));
#5475=DIRECTION('center_axis',(0.,0.,1.));
#5476=DIRECTION('ref_axis',(-0.707106781186548,-0.707106781186548,0.));
#5477=DIRECTION('center_axis',(0.707106781186549,0.,0.707106781186546));
#5478=DIRECTION('ref_axis',(0.707106781186546,0.,-0.707106781186549));
#5479=DIRECTION('',(-0.707106781186546,0.,0.707106781186549));
#5480=DIRECTION('',(0.,-1.,0.));
#5481=DIRECTION('',(0.,-1.,0.));
#5482=DIRECTION('center_axis',(0.,0.,1.));
#5483=DIRECTION('ref_axis',(-0.707106781186548,0.707106781186548,0.));
#5484=DIRECTION('center_axis',(0.,0.,1.));
#5485=DIRECTION('ref_axis',(-1.,0.,0.));
#5486=DIRECTION('',(0.,0.70710678118654,0.707106781186555));
#5487=DIRECTION('center_axis',(0.,0.,1.));
#5488=DIRECTION('ref_axis',(-0.707106781186548,0.707106781186548,0.));
#5489=DIRECTION('center_axis',(0.,-0.707106781186549,0.707106781186546));
#5490=DIRECTION('ref_axis',(1.,0.,0.));
#5491=DIRECTION('',(0.,0.707106781186546,0.707106781186549));
#5492=DIRECTION('',(-1.,0.,0.));
#5493=DIRECTION('',(-1.,0.,0.));
#5494=DIRECTION('',(1.,0.,0.));
#5495=DIRECTION('center_axis',(0.,0.,-1.));
#5496=DIRECTION('ref_axis',(0.707106781186543,-0.707106781186552,0.));
#5497=DIRECTION('center_axis',(0.,0.,1.));
#5498=DIRECTION('ref_axis',(0.707106781186543,-0.707106781186552,0.));
#5499=DIRECTION('',(-0.707106781186552,0.,0.707106781186543));
#5500=DIRECTION('center_axis',(0.,0.,-1.));
#5501=DIRECTION('ref_axis',(0.707106781186543,-0.707106781186552,0.));
#5502=DIRECTION('center_axis',(0.707106781186543,0.,0.707106781186552));
#5503=DIRECTION('ref_axis',(0.707106781186552,0.,-0.707106781186543));
#5504=DIRECTION('',(-0.707106781186552,0.,0.707106781186543));
#5505=DIRECTION('',(0.,-1.,0.));
#5506=DIRECTION('',(0.,1.,0.));
#5507=DIRECTION('center_axis',(0.,0.,-1.));
#5508=DIRECTION('ref_axis',(0.707106781186548,0.707106781186548,0.));
#5509=DIRECTION('center_axis',(0.,0.,1.));
#5510=DIRECTION('ref_axis',(0.707106781186548,0.707106781186548,0.));
#5511=DIRECTION('',(0.,-0.70710678118654,0.707106781186555));
#5512=DIRECTION('center_axis',(0.,0.,-1.));
#5513=DIRECTION('ref_axis',(0.707106781186548,0.707106781186548,0.));
#5514=DIRECTION('center_axis',(0.,0.707106781186549,0.707106781186546));
#5515=DIRECTION('ref_axis',(1.,0.,0.));
#5516=DIRECTION('',(0.,-0.707106781186546,0.707106781186549));
#5517=DIRECTION('',(1.,0.,0.));
#5518=DIRECTION('',(-1.,0.,0.));
#5519=DIRECTION('center_axis',(0.,0.,-1.));
#5520=DIRECTION('ref_axis',(-0.707106781186548,0.707106781186548,0.));
#5521=DIRECTION('center_axis',(0.,0.,1.));
#5522=DIRECTION('ref_axis',(-0.707106781186548,0.707106781186548,0.));
#5523=DIRECTION('',(0.707106781186547,0.,0.707106781186547));
#5524=DIRECTION('center_axis',(0.,0.,-1.));
#5525=DIRECTION('ref_axis',(-0.707106781186547,0.707106781186547,0.));
#5526=DIRECTION('center_axis',(-0.707106781186548,0.,0.707106781186548));
#5527=DIRECTION('ref_axis',(0.707106781186548,0.,0.707106781186548));
#5528=DIRECTION('',(-0.707106781186548,0.,-0.707106781186548));
#5529=DIRECTION('',(0.,1.,0.));
#5530=DIRECTION('',(0.,-1.,0.));
#5531=DIRECTION('',(0.,1.,0.));
#5532=DIRECTION('center_axis',(-1.,0.,0.));
#5533=DIRECTION('ref_axis',(0.,-1.,0.));
#5534=DIRECTION('',(0.,0.,1.));
#5535=DIRECTION('',(0.,1.,0.));
#5536=DIRECTION('',(0.,0.,-1.));
#5537=DIRECTION('center_axis',(-1.,0.,0.));
#5538=DIRECTION('ref_axis',(0.,0.707106781186549,0.707106781186546));
#5539=DIRECTION('center_axis',(0.,0.,1.));
#5540=DIRECTION('ref_axis',(-0.707106781186548,0.707106781186548,0.));
#5541=DIRECTION('',(0.,0.,-1.));
#5542=DIRECTION('center_axis',(0.,0.,1.));
#5543=DIRECTION('ref_axis',(-0.707106781186548,0.707106781186548,0.));
#5544=DIRECTION('center_axis',(0.,1.,0.));
#5545=DIRECTION('ref_axis',(-1.,0.,0.));
#5546=DIRECTION('',(0.,0.,1.));
#5547=DIRECTION('',(1.,0.,0.));
#5548=DIRECTION('center_axis',(0.,0.,1.));
#5549=DIRECTION('ref_axis',(0.707106781186548,0.707106781186548,0.));
#5550=DIRECTION('',(0.,0.,-1.));
#5551=DIRECTION('center_axis',(0.,0.,1.));
#5552=DIRECTION('ref_axis',(0.707106781186548,0.707106781186548,0.));
#5553=DIRECTION('center_axis',(1.,0.,0.));
#5554=DIRECTION('ref_axis',(0.,1.,0.));
#5555=DIRECTION('',(0.,0.,1.));
#5556=DIRECTION('',(0.,-1.,0.));
#5557=DIRECTION('center_axis',(0.,0.,-1.));
#5558=DIRECTION('ref_axis',(0.707106781186543,-0.707106781186552,0.));
#5559=DIRECTION('',(0.,0.,-1.));
#5560=DIRECTION('center_axis',(0.,0.,1.));
#5561=DIRECTION('ref_axis',(0.707106781186543,-0.707106781186552,0.));
#5562=DIRECTION('center_axis',(0.,1.,0.));
#5563=DIRECTION('ref_axis',(0.,0.,1.));
#5564=DIRECTION('',(0.,0.,1.));
#5565=DIRECTION('',(-1.,0.,0.));
#5566=DIRECTION('',(0.,0.,1.));
#5567=DIRECTION('',(-1.,0.,0.));
#5568=DIRECTION('center_axis',(0.707106781186549,0.,0.707106781186546));
#5569=DIRECTION('ref_axis',(0.707106781186546,0.,-0.707106781186549));
#5570=DIRECTION('',(-0.707106781186546,0.,0.707106781186549));
#5571=DIRECTION('',(0.,-1.,0.));
#5572=DIRECTION('',(0.,1.,0.));
#5573=DIRECTION('',(-0.707106781186546,0.,0.707106781186549));
#5574=DIRECTION('',(0.,-1.,0.));
#5575=DIRECTION('center_axis',(0.,0.,-1.));
#5576=DIRECTION('ref_axis',(0.707106781186547,0.707106781186547,0.));
#5577=DIRECTION('center_axis',(0.,0.,1.));
#5578=DIRECTION('ref_axis',(0.707106781186548,0.707106781186548,0.));
#5579=DIRECTION('',(0.,-0.707106781186552,0.707106781186543));
#5580=DIRECTION('center_axis',(0.,0.,-1.));
#5581=DIRECTION('ref_axis',(0.707106781186548,0.707106781186548,0.));
#5582=DIRECTION('center_axis',(0.,0.707106781186549,0.707106781186546));
#5583=DIRECTION('ref_axis',(1.,0.,0.));
#5584=DIRECTION('',(-6.28036983473511E-15,-0.707106781186546,0.707106781186549));
#5585=DIRECTION('',(1.,0.,0.));
#5586=DIRECTION('',(-1.,0.,0.));
#5587=DIRECTION('center_axis',(0.,0.,-1.));
#5588=DIRECTION('ref_axis',(-0.707106781186548,0.707106781186547,0.));
#5589=DIRECTION('center_axis',(0.,0.,1.));
#5590=DIRECTION('ref_axis',(-0.707106781186548,0.707106781186547,0.));
#5591=DIRECTION('',(0.707106781186549,0.,0.707106781186546));
#5592=DIRECTION('center_axis',(0.,0.,-1.));
#5593=DIRECTION('ref_axis',(-0.707106781186548,0.707106781186547,0.));
#5594=DIRECTION('center_axis',(-0.707106781186549,0.,0.707106781186546));
#5595=DIRECTION('ref_axis',(0.707106781186546,0.,0.707106781186549));
#5596=DIRECTION('',(0.707106781186546,0.,0.707106781186549));
#5597=DIRECTION('',(0.,1.,0.));
#5598=DIRECTION('',(0.,-1.,0.));
#5599=DIRECTION('center_axis',(0.,0.,-1.));
#5600=DIRECTION('ref_axis',(-0.707106781186547,-0.707106781186547,0.));
#5601=DIRECTION('center_axis',(0.,0.,1.));
#5602=DIRECTION('ref_axis',(-0.707106781186548,-0.707106781186548,0.));
#5603=DIRECTION('',(0.,0.707106781186552,0.707106781186543));
#5604=DIRECTION('center_axis',(0.,0.,-1.));
#5605=DIRECTION('ref_axis',(-0.707106781186548,-0.707106781186548,0.));
#5606=DIRECTION('center_axis',(0.,-0.707106781186549,0.707106781186546));
#5607=DIRECTION('ref_axis',(1.,0.,0.));
#5608=DIRECTION('',(0.,-0.707106781186546,-0.707106781186549));
#5609=DIRECTION('',(-1.,0.,0.));
#5610=DIRECTION('',(1.,0.,0.));
#5611=DIRECTION('',(-1.,0.,0.));
#5612=DIRECTION('center_axis',(0.,-1.,0.));
#5613=DIRECTION('ref_axis',(1.,0.,0.));
#5614=DIRECTION('',(0.,0.,1.));
#5615=DIRECTION('',(-1.,0.,0.));
#5616=DIRECTION('',(0.,0.,-1.));
#5617=DIRECTION('center_axis',(0.,-1.,0.));
#5618=DIRECTION('ref_axis',(-0.707106781186548,0.,0.707106781186548));
#5619=DIRECTION('center_axis',(0.,0.,1.));
#5620=DIRECTION('ref_axis',(-0.707106781186548,-0.707106781186548,0.));
#5621=DIRECTION('',(0.,0.,-1.));
#5622=DIRECTION('center_axis',(0.,0.,1.));
#5623=DIRECTION('ref_axis',(-0.707106781186548,-0.707106781186548,0.));
#5624=DIRECTION('center_axis',(-1.,0.,0.));
#5625=DIRECTION('ref_axis',(0.,-1.,0.));
#5626=DIRECTION('',(0.,0.,1.));
#5627=DIRECTION('',(0.,1.,0.));
#5628=DIRECTION('center_axis',(0.,0.,1.));
#5629=DIRECTION('ref_axis',(-0.707106781186548,0.707106781186547,0.));
#5630=DIRECTION('',(0.,0.,-1.));
#5631=DIRECTION('center_axis',(0.,0.,1.));
#5632=DIRECTION('ref_axis',(-0.707106781186548,0.707106781186547,0.));
#5633=DIRECTION('center_axis',(0.,1.,0.));
#5634=DIRECTION('ref_axis',(-1.,0.,0.));
#5635=DIRECTION('',(0.,0.,1.));
#5636=DIRECTION('',(1.,0.,0.));
#5637=DIRECTION('center_axis',(0.,0.,1.));
#5638=DIRECTION('ref_axis',(0.707106781186548,0.707106781186548,0.));
#5639=DIRECTION('',(0.,0.,-1.));
#5640=DIRECTION('center_axis',(0.,0.,1.));
#5641=DIRECTION('ref_axis',(0.707106781186548,0.707106781186548,0.));
#5642=DIRECTION('center_axis',(1.,0.,0.));
#5643=DIRECTION('ref_axis',(0.,1.,0.));
#5644=DIRECTION('center_axis',(1.,0.,0.));
#5645=DIRECTION('ref_axis',(0.,0.707106781186549,0.707106781186547));
#5646=DIRECTION('',(0.,0.,1.));
#5647=DIRECTION('',(0.,-1.,0.));
#5648=DIRECTION('center_axis',(0.,0.,-1.));
#5649=DIRECTION('ref_axis',(0.313768258478213,0.949499594508365,0.));
#5650=DIRECTION('center_axis',(0.,0.,1.));
#5651=DIRECTION('ref_axis',(0.313768258478213,0.949499594508365,0.));
#5652=DIRECTION('',(0.,0.,1.));
#5653=DIRECTION('',(0.,0.,-1.));
#5654=DIRECTION('center_axis',(0.,0.,1.));
#5655=DIRECTION('ref_axis',(1.,0.,0.));
#5656=DIRECTION('',(1.,0.,0.));
#5657=DIRECTION('center_axis',(0.,0.,-1.));
#5658=DIRECTION('ref_axis',(1.,0.,0.));
#5659=DIRECTION('center_axis',(0.,0.,-1.));
#5660=DIRECTION('ref_axis',(-0.578480487827661,-0.815696221152625,0.));
#5661=DIRECTION('',(1.,-4.95523234486468E-18,0.));
#5662=DIRECTION('center_axis',(0.,0.,-1.));
#5663=DIRECTION('ref_axis',(0.57848048782766,-0.815696221152625,0.));
#5664=DIRECTION('',(1.,0.,0.));
#5665=DIRECTION('',(0.,1.,0.));
#5666=DIRECTION('center_axis',(0.,0.,-1.));
#5667=DIRECTION('ref_axis',(1.,0.,0.));
#5668=DIRECTION('center_axis',(0.,0.,-1.));
#5669=DIRECTION('ref_axis',(0.629113911563145,-0.777313119841496,0.));
#5670=DIRECTION('',(-9.83477377589269E-16,1.,0.));
#5671=DIRECTION('center_axis',(0.,0.,-1.));
#5672=DIRECTION('ref_axis',(0.629113911563143,0.777313119841497,0.));
#5673=DIRECTION('center_axis',(0.,0.,-1.));
#5674=DIRECTION('ref_axis',(1.,0.,0.));
#5675=DIRECTION('center_axis',(0.,0.,-1.));
#5676=DIRECTION('ref_axis',(0.815696221154595,-0.578480487824882,0.));
#5677=DIRECTION('',(-1.6840473621984E-16,1.,0.));
#5678=DIRECTION('center_axis',(0.,0.,1.));
#5679=DIRECTION('ref_axis',(-0.70710678118655,0.707106781186545,0.));
#5680=DIRECTION('',(1.,0.,0.));
#5681=DIRECTION('center_axis',(0.,0.,1.));
#5682=DIRECTION('ref_axis',(0.70710678118655,0.707106781186545,0.));
#5683=DIRECTION('',(0.,-1.,0.));
#5684=DIRECTION('center_axis',(0.,0.,1.));
#5685=DIRECTION('ref_axis',(0.707106781186547,-0.707106781186548,0.));
#5686=DIRECTION('',(-1.,0.,0.));
#5687=DIRECTION('center_axis',(0.,0.,1.));
#5688=DIRECTION('ref_axis',(-0.707106781186548,-0.707106781186547,0.));
#5689=DIRECTION('center_axis',(0.,0.,1.));
#5690=DIRECTION('ref_axis',(0.,-1.,0.));
#5691=DIRECTION('',(1.,7.81847200440251E-17,0.));
#5692=DIRECTION('center_axis',(0.,0.,-1.));
#5693=DIRECTION('ref_axis',(-0.795313826062171,-0.606197919886196,0.));
#5694=DIRECTION('',(1.,-4.95523234486468E-18,0.));
#5695=DIRECTION('center_axis',(0.,0.,-1.));
#5696=DIRECTION('ref_axis',(0.578480487827661,-0.815696221152625,0.));
#5697=DIRECTION('center_axis',(0.,0.,1.));
#5698=DIRECTION('ref_axis',(1.,0.,0.));
#5699=DIRECTION('center_axis',(0.,0.,1.));
#5700=DIRECTION('ref_axis',(1.,0.,0.));
#5701=DIRECTION('center_axis',(0.,0.,1.));
#5702=DIRECTION('ref_axis',(1.,0.,0.));
#5703=DIRECTION('center_axis',(0.,0.,1.));
#5704=DIRECTION('ref_axis',(-0.795313826062171,-0.606197919886196,0.));
#5705=DIRECTION('center_axis',(-0.707106781186546,0.,-0.707106781186549));
#5706=DIRECTION('ref_axis',(-0.707106781186549,6.54205191118241E-17,0.707106781186546));
#5707=DIRECTION('',(0.,0.,-1.));
#5708=DIRECTION('center_axis',(-0.869917202338439,0.394279377491297,0.296290117217464));
#5709=DIRECTION('ref_axis',(0.493197791028771,0.695441908390382,0.52260548311196));
#5710=DIRECTION('center_axis',(0.330720650401962,-0.943728695864285,0.));
#5711=DIRECTION('ref_axis',(0.,0.,1.));
#5712=DIRECTION('center_axis',(-1.,0.,0.));
#5713=DIRECTION('ref_axis',(0.,1.,0.));
#5714=DIRECTION('center_axis',(-2.59377991721798E-16,7.40148683083436E-16,
-1.));
#5715=DIRECTION('ref_axis',(0.943728695864285,0.330720650401962,0.));
#5716=DIRECTION('center_axis',(1.,0.,0.));
#5717=DIRECTION('ref_axis',(0.,0.,-1.));
#5718=DIRECTION('center_axis',(1.,0.,0.));
#5719=DIRECTION('ref_axis',(0.,0.,1.));
#5720=DIRECTION('center_axis',(0.,-1.,0.));
#5721=DIRECTION('ref_axis',(-1.,0.,0.));
#5722=DIRECTION('center_axis',(0.,0.,-1.));
#5723=DIRECTION('ref_axis',(0.,-1.,0.));
#5724=DIRECTION('center_axis',(0.,1.,0.));
#5725=DIRECTION('ref_axis',(-0.707106781186549,0.,-0.707106781186546));
#5726=DIRECTION('center_axis',(0.,-1.,0.));
#5727=DIRECTION('ref_axis',(-0.707106781186549,0.,-0.707106781186546));
#5728=DIRECTION('',(0.,-1.,0.));
#5729=DIRECTION('center_axis',(0.,0.,-1.));
#5730=DIRECTION('ref_axis',(-0.707106781186548,-0.707106781186548,0.));
#5731=DIRECTION('center_axis',(0.,0.,1.));
#5732=DIRECTION('ref_axis',(-0.707106781186548,-0.707106781186548,0.));
#5733=DIRECTION('',(0.,0.,1.));
#5734=DIRECTION('center_axis',(1.,0.,0.));
#5735=DIRECTION('ref_axis',(0.,0.707106781186549,0.707106781186546));
#5736=DIRECTION('',(-1.,0.,0.));
#5737=DIRECTION('',(1.,0.,0.));
#5738=DIRECTION('center_axis',(0.,0.,-1.));
#5739=DIRECTION('ref_axis',(0.578480487829122,0.815696221151588,0.));
#5740=DIRECTION('center_axis',(0.,0.,-1.));
#5741=DIRECTION('ref_axis',(0.578480487829122,0.815696221151588,0.));
#5742=DIRECTION('',(0.,0.,1.));
#5743=DIRECTION('',(0.,0.,-1.));
#5744=DIRECTION('center_axis',(0.,0.,1.));
#5745=DIRECTION('ref_axis',(1.,0.,0.));
#5746=DIRECTION('center_axis',(0.379740258245103,-0.925093150049195,2.24851401643102E-15));
#5747=DIRECTION('ref_axis',(0.925093150049195,0.379740258245103,0.));
#5748=DIRECTION('center_axis',(0.,0.,-1.));
#5749=DIRECTION('ref_axis',(-0.952348957659937,-0.30501059464227,0.));
#5750=DIRECTION('center_axis',(0.,0.,1.));
#5751=DIRECTION('ref_axis',(-0.952348957659937,-0.30501059464227,0.));
#5752=DIRECTION('center_axis',(0.,0.,1.));
#5753=DIRECTION('ref_axis',(1.,0.,0.));
#5754=DIRECTION('',(0.,-1.,0.));
#5755=DIRECTION('center_axis',(0.,0.,-1.));
#5756=DIRECTION('ref_axis',(1.,0.,0.));
#5757=DIRECTION('',(-1.,0.,0.));
#5758=DIRECTION('center_axis',(0.,0.,1.));
#5759=DIRECTION('ref_axis',(1.,0.,0.));
#5760=DIRECTION('center_axis',(0.,0.,1.));
#5761=DIRECTION('ref_axis',(1.,0.,0.));
#5762=DIRECTION('',(-1.,0.,0.));
#5763=DIRECTION('',(1.,0.,0.));
#5764=DIRECTION('center_axis',(0.,0.,-1.));
#5765=DIRECTION('ref_axis',(-0.707106781186547,0.707106781186547,0.));
#5766=DIRECTION('',(0.,1.,0.));
#5767=DIRECTION('center_axis',(0.,0.,-1.));
#5768=DIRECTION('ref_axis',(-0.707106781186547,-0.707106781186547,0.));
#5769=DIRECTION('',(-1.,0.,0.));
#5770=DIRECTION('',(-1.6840473621984E-16,1.,0.));
#5771=DIRECTION('center_axis',(0.,0.,-1.));
#5772=DIRECTION('ref_axis',(-0.912242758274834,-0.409650033534874,0.));
#5773=DIRECTION('',(-1.,0.,0.));
#5774=DIRECTION('center_axis',(0.,0.,-1.));
#5775=DIRECTION('ref_axis',(-0.471987660855962,0.881605154249745,0.));
#5776=DIRECTION('',(1.,-4.95523234486468E-18,0.));
#5777=DIRECTION('',(0.,-1.,0.));
#5778=DIRECTION('',(1.,0.,0.));
#5779=DIRECTION('',(8.42023681099201E-17,-1.,0.));
#5780=DIRECTION('center_axis',(0.,0.,-1.));
#5781=DIRECTION('ref_axis',(0.707106781186546,-0.707106781186549,0.));
#5782=DIRECTION('',(-1.,0.,0.));
#5783=DIRECTION('',(0.,1.,0.));
#5784=DIRECTION('center_axis',(0.,0.,-1.));
#5785=DIRECTION('ref_axis',(1.,0.,0.));
#5786=DIRECTION('',(-1.,0.,0.));
#5787=DIRECTION('',(0.,-1.,0.));
#5788=DIRECTION('',(1.,0.,0.));
#5789=DIRECTION('',(0.,1.,0.));
#5790=DIRECTION('center_axis',(0.,0.,-1.));
#5791=DIRECTION('ref_axis',(1.,0.,0.));
#5792=DIRECTION('center_axis',(-1.,0.,0.));
#5793=DIRECTION('ref_axis',(0.,-0.707106781186549,-0.707106781186546));
#5794=DIRECTION('center_axis',(1.,0.,0.));
#5795=DIRECTION('ref_axis',(0.,-1.,0.));
#5796=DIRECTION('center_axis',(-0.490235160204245,0.871590206289354,-7.0601275322353E-15));
#5797=DIRECTION('ref_axis',(-3.87421576301487E-15,5.9211894646675E-15,1.));
#5798=DIRECTION('center_axis',(-0.490235160204247,-0.871590206289353,1.98431902936297E-16));
#5799=DIRECTION('ref_axis',(0.821743127043977,-0.462198141541996,0.333333333333333));
#5800=DIRECTION('center_axis',(-3.45094323487653E-15,-0.87449778805401,
0.485029502905383));
#5801=DIRECTION('ref_axis',(-6.21724893790088E-15,0.485029502905382,0.874497788054011));
#5802=DIRECTION('center_axis',(-0.490235160204244,-0.871590206289354,3.2615739617405E-15));
#5803=DIRECTION('ref_axis',(-3.87421576301487E-15,5.9211894646675E-15,1.));
#5804=DIRECTION('center_axis',(7.20315902696629E-16,0.58494096004038,-0.811075873927365));
#5805=DIRECTION('ref_axis',(-0.821743127043981,0.462198141541991,0.333333333333331));
#5806=DIRECTION('center_axis',(8.32667268468869E-17,-0.874497788054012,
-0.485029502905381));
#5807=DIRECTION('ref_axis',(-1.48029736616687E-16,-0.485029502905381,0.874497788054011));
#5808=DIRECTION('center_axis',(0.,-0.58494096004038,-0.811075873927365));
#5809=DIRECTION('ref_axis',(0.821743127043977,-0.462198141541996,0.333333333333333));
#5810=DIRECTION('center_axis',(-0.490235160204244,0.871590206289354,1.98431902936296E-16));
#5811=DIRECTION('ref_axis',(4.04768811061255E-16,0.,1.));
#5812=DIRECTION('center_axis',(0.,0.,-1.));
#5813=DIRECTION('ref_axis',(-1.,0.,0.));
#5814=DIRECTION('center_axis',(0.,0.,1.));
#5815=DIRECTION('ref_axis',(1.,0.,0.));
#5816=DIRECTION('center_axis',(0.,-1.,0.));
#5817=DIRECTION('ref_axis',(1.,0.,0.));
#5818=DIRECTION('center_axis',(0.,0.,1.));
#5819=DIRECTION('ref_axis',(1.,0.,0.));
#5820=DIRECTION('center_axis',(-0.000777888993027313,0.999999697444311,
-1.15150702754853E-18));
#5821=DIRECTION('ref_axis',(-1.48029736616688E-15,0.,1.));
#5822=DIRECTION('center_axis',(0.,0.,-1.));
#5823=DIRECTION('ref_axis',(-1.,0.,0.));
#5824=DIRECTION('center_axis',(0.,0.,1.));
#5825=DIRECTION('ref_axis',(1.,0.,0.));
#5826=DIRECTION('center_axis',(0.,-1.,0.));
#5827=DIRECTION('ref_axis',(1.,0.,0.));
#5828=DIRECTION('center_axis',(0.,0.,1.));
#5829=DIRECTION('ref_axis',(1.,0.,0.));
#5830=DIRECTION('center_axis',(-0.000811828910621715,0.999999670466856,
0.));
#5831=DIRECTION('ref_axis',(0.,0.,-1.));
#5832=DIRECTION('center_axis',(0.,0.,-1.));
#5833=DIRECTION('ref_axis',(1.,0.,0.));
#5834=DIRECTION('center_axis',(0.,0.,1.));
#5835=DIRECTION('ref_axis',(1.,0.,0.));
#5836=DIRECTION('center_axis',(0.,0.,1.));
#5837=DIRECTION('ref_axis',(1.,0.,0.));
#5838=DIRECTION('center_axis',(0.,-1.,0.));
#5839=DIRECTION('ref_axis',(-1.,0.,0.));
#5840=DIRECTION('center_axis',(0.,0.,1.));
#5841=DIRECTION('ref_axis',(1.,0.,0.));
#5842=DIRECTION('center_axis',(0.,0.,1.));
#5843=DIRECTION('ref_axis',(1.,0.,0.));
#5844=DIRECTION('center_axis',(0.,-1.,0.));
#5845=DIRECTION('ref_axis',(-1.,0.,0.));
#5846=DIRECTION('center_axis',(0.,0.,-1.));
#5847=DIRECTION('ref_axis',(1.,0.,0.));
#5848=DIRECTION('center_axis',(0.,0.,-1.));
#5849=DIRECTION('ref_axis',(1.,0.,0.));
#5850=DIRECTION('',(0.,0.,1.));
#5851=DIRECTION('center_axis',(-0.869917202339049,0.394279377490799,-0.296290117216337));
#5852=DIRECTION('ref_axis',(-0.4931977910277,-0.695441908391504,0.522605483111477));
#5853=DIRECTION('center_axis',(-0.330720650405344,0.943728695863099,0.));
#5854=DIRECTION('ref_axis',(0.,0.,1.));
#5855=DIRECTION('center_axis',(1.,0.,0.));
#5856=DIRECTION('ref_axis',(0.,-1.,0.));
#5857=DIRECTION('center_axis',(2.59377991724776E-16,-7.40148683083438E-16,
-1.));
#5858=DIRECTION('ref_axis',(-0.943728695863099,-0.330720650405343,0.));
#5859=DIRECTION('center_axis',(-0.869917202339053,-0.394279377490794,0.296290117216331));
#5860=DIRECTION('ref_axis',(0.493197791027693,-0.695441908391509,0.522605483111478));
#5861=DIRECTION('center_axis',(-1.,0.,0.));
#5862=DIRECTION('ref_axis',(0.,0.,1.));
#5863=DIRECTION('center_axis',(0.330720650405344,0.943728695863099,6.49850671523041E-15));
#5864=DIRECTION('ref_axis',(0.943728695863099,-0.330720650405344,0.));
#5865=DIRECTION('center_axis',(0.,0.,-1.));
#5866=DIRECTION('ref_axis',(0.,-1.,0.));
#5867=DIRECTION('center_axis',(0.,0.,1.));
#5868=DIRECTION('ref_axis',(1.,0.,0.));
#5869=DIRECTION('center_axis',(0.,0.,-1.));
#5870=DIRECTION('ref_axis',(-0.876013334158579,0.482286883894192,0.));
#5871=DIRECTION('center_axis',(0.,0.,-1.));
#5872=DIRECTION('ref_axis',(0.57848048782766,-0.815696221152625,0.));
#5873=DIRECTION('',(0.,0.,1.));
#5874=DIRECTION('center_axis',(-1.,4.95523234486468E-18,0.));
#5875=DIRECTION('ref_axis',(0.,-0.707106781186547,0.707106781186547));
#5876=DIRECTION('',(1.,-4.95523234486468E-18,0.));
#5877=DIRECTION('',(-1.,4.95523234486468E-18,0.));
#5878=DIRECTION('center_axis',(0.,0.,-1.));
#5879=DIRECTION('ref_axis',(-0.578480487827661,-0.815696221152625,0.));
#5880=DIRECTION('',(0.,0.,1.));
#5881=DIRECTION('',(0.,0.,-1.));
#5882=DIRECTION('center_axis',(0.,0.,1.));
#5883=DIRECTION('ref_axis',(1.,0.,0.));
#5884=DIRECTION('center_axis',(0.,0.,-1.));
#5885=DIRECTION('ref_axis',(0.876013334158579,0.482286883894192,0.));
#5886=DIRECTION('center_axis',(0.,0.,1.));
#5887=DIRECTION('ref_axis',(0.876013334158579,0.482286883894192,0.));
#5888=DIRECTION('center_axis',(0.,0.,-1.));
#5889=DIRECTION('ref_axis',(1.,0.,0.));
#5890=DIRECTION('',(0.,0.,1.));
#5891=DIRECTION('center_axis',(0.,0.,1.));
#5892=DIRECTION('ref_axis',(0.139944493137389,0.990159350226275,0.));
#5893=DIRECTION('',(0.,0.,1.));
#5894=DIRECTION('center_axis',(0.,0.,1.));
#5895=DIRECTION('ref_axis',(1.,0.,0.));
#5896=DIRECTION('',(1.,0.,0.));
#5897=DIRECTION('center_axis',(4.95523234486468E-18,1.,0.));
#5898=DIRECTION('ref_axis',(1.,-4.95523234486468E-18,0.));
#5899=DIRECTION('',(-1.,4.95523234486468E-18,0.));
#5900=DIRECTION('',(0.,0.,1.));
#5901=DIRECTION('center_axis',(-0.869917202339048,-0.394279377490799,0.296290117216337));
#5902=DIRECTION('ref_axis',(0.4931977910277,-0.695441908391503,0.522605483111478));
#5903=DIRECTION('center_axis',(-1.,0.,0.));
#5904=DIRECTION('ref_axis',(0.,0.,1.));
#5905=DIRECTION('center_axis',(0.330720650405343,0.9437286958631,-4.71641002648568E-16));
#5906=DIRECTION('ref_axis',(0.9437286958631,-0.330720650405343,0.));
#5907=DIRECTION('center_axis',(0.,0.,-1.));
#5908=DIRECTION('ref_axis',(0.,-1.,0.));
#5909=DIRECTION('center_axis',(0.,0.,1.));
#5910=DIRECTION('ref_axis',(1.,0.,0.));
#5911=DIRECTION('center_axis',(0.,0.,-1.));
#5912=DIRECTION('ref_axis',(0.578480487827661,-0.815696221152625,0.));
#5913=DIRECTION('center_axis',(-1.,4.95523234486468E-18,0.));
#5914=DIRECTION('ref_axis',(0.,-0.707106781186547,0.707106781186547));
#5915=DIRECTION('',(-1.,4.95523234486468E-18,0.));
#5916=DIRECTION('center_axis',(-1.,0.,0.));
#5917=DIRECTION('ref_axis',(0.,-0.707106781186547,0.707106781186547));
#5918=DIRECTION('center_axis',(0.,0.,-1.));
#5919=DIRECTION('ref_axis',(1.,0.,0.));
#5920=DIRECTION('',(0.,0.,1.));
#5921=DIRECTION('center_axis',(0.,0.,1.));
#5922=DIRECTION('ref_axis',(1.,0.,0.));
#5923=DIRECTION('center_axis',(0.,0.,1.));
#5924=DIRECTION('ref_axis',(0.707106781186548,-0.707106781186548,0.));
#5925=DIRECTION('',(-1.,0.,0.));
#5926=DIRECTION('center_axis',(0.,0.,-1.));
#5927=DIRECTION('ref_axis',(-0.578480487829122,0.815696221151588,0.));
#5928=DIRECTION('center_axis',(0.,0.,-1.));
#5929=DIRECTION('ref_axis',(1.,0.,0.));
#5930=DIRECTION('center_axis',(0.,0.,-1.));
#5931=DIRECTION('ref_axis',(-0.815696221151588,0.578480487829122,0.));
#5932=DIRECTION('',(8.42023681099201E-17,-1.,0.));
#5933=DIRECTION('center_axis',(0.,0.,1.));
#5934=DIRECTION('ref_axis',(0.707106781186548,-0.707106781186548,0.));
#5935=DIRECTION('center_axis',(0.,0.,1.));
#5936=DIRECTION('ref_axis',(1.,0.,0.));
#5937=DIRECTION('center_axis',(-1.,0.,0.));
#5938=DIRECTION('ref_axis',(0.,0.,1.));
#5939=DIRECTION('center_axis',(-1.,0.,0.));
#5940=DIRECTION('ref_axis',(0.,1.,0.));
#5941=DIRECTION('center_axis',(0.,0.,-1.));
#5942=DIRECTION('ref_axis',(1.,0.,0.));
#5943=DIRECTION('center_axis',(0.,-1.,0.));
#5944=DIRECTION('ref_axis',(0.,0.,-1.));
#5945=DIRECTION('center_axis',(0.,0.,-1.));
#5946=DIRECTION('ref_axis',(0.707106781186548,-0.707106781186548,0.));
#5947=DIRECTION('',(0.,0.,-1.));
#5948=DIRECTION('center_axis',(0.,1.,0.));
#5949=DIRECTION('ref_axis',(0.707106781186546,0.,-0.707106781186549));
#5950=DIRECTION('center_axis',(0.,-1.,0.));
#5951=DIRECTION('ref_axis',(0.707106781186546,0.,-0.707106781186549));
#5952=DIRECTION('center_axis',(-0.869917202338437,-0.394279377491301,-0.296290117217465));
#5953=DIRECTION('ref_axis',(-0.493197791028777,0.695441908390378,0.522605483111959));
#5954=DIRECTION('center_axis',(1.,0.,0.));
#5955=DIRECTION('ref_axis',(0.,0.,1.));
#5956=DIRECTION('center_axis',(-0.330720650401961,-0.943728695864285,-9.79129815454037E-16));
#5957=DIRECTION('ref_axis',(-0.943728695864285,0.330720650401961,0.));
#5958=DIRECTION('center_axis',(0.,0.,-1.));
#5959=DIRECTION('ref_axis',(0.,1.,0.));
#5960=DIRECTION('center_axis',(-0.426287317727524,0.302317074812782,-0.852574635455053));
#5961=DIRECTION('ref_axis',(-0.695441908390378,0.493197791028777,0.522605483111959));
#5962=DIRECTION('center_axis',(0.943728695864286,0.330720650401957,0.));
#5963=DIRECTION('ref_axis',(0.,0.,1.));
#5964=DIRECTION('center_axis',(0.,-1.,0.));
#5965=DIRECTION('ref_axis',(-1.,0.,0.));
#5966=DIRECTION('center_axis',(-7.40148683083438E-16,-2.59377991721797E-16,
-1.));
#5967=DIRECTION('ref_axis',(-0.33072065040196,0.943728695864285,0.));
#5968=DIRECTION('center_axis',(0.,1.,0.));
#5969=DIRECTION('ref_axis',(0.,0.,1.));
#5970=DIRECTION('center_axis',(0.,1.,0.));
#5971=DIRECTION('ref_axis',(0.,0.,1.));
#5972=DIRECTION('center_axis',(1.,0.,0.));
#5973=DIRECTION('ref_axis',(0.,-1.,0.));
#5974=DIRECTION('center_axis',(0.,0.,-1.));
#5975=DIRECTION('ref_axis',(1.,0.,0.));
#5976=DIRECTION('center_axis',(-1.,0.,0.));
#5977=DIRECTION('ref_axis',(0.,-0.707106781186549,-0.707106781186546));
#5978=DIRECTION('center_axis',(1.,0.,0.));
#5979=DIRECTION('ref_axis',(0.,-0.707106781186549,-0.707106781186546));
#5980=DIRECTION('center_axis',(0.,0.,-1.));
#5981=DIRECTION('ref_axis',(0.707106781186548,-0.707106781186548,0.));
#5982=DIRECTION('',(0.,0.,1.));
#5983=DIRECTION('center_axis',(-8.42023681099201E-17,1.,0.));
#5984=DIRECTION('ref_axis',(-0.707106781186549,0.,0.707106781186546));
#5985=DIRECTION('',(-8.42023681099201E-17,1.,0.));
#5986=DIRECTION('center_axis',(0.,0.,-1.));
#5987=DIRECTION('ref_axis',(-0.815696221151588,0.578480487829122,0.));
#5988=DIRECTION('',(0.,0.,1.));
#5989=DIRECTION('',(0.,0.,-1.));
#5990=DIRECTION('center_axis',(0.,0.,1.));
#5991=DIRECTION('ref_axis',(1.,0.,0.));
#5992=DIRECTION('center_axis',(0.,0.,1.));
#5993=DIRECTION('ref_axis',(0.707106781186546,-0.707106781186549,0.));
#5994=DIRECTION('center_axis',(0.,0.,-1.));
#5995=DIRECTION('ref_axis',(-0.578480487829122,0.815696221151588,0.));
#5996=DIRECTION('',(0.,0.,1.));
#5997=DIRECTION('',(0.,0.,-1.));
#5998=DIRECTION('center_axis',(1.,0.,0.));
#5999=DIRECTION('ref_axis',(0.,0.707106781186549,0.707106781186546));
#6000=DIRECTION('',(1.,0.,0.));
#6001=DIRECTION('center_axis',(0.,-1.,0.));
#6002=DIRECTION('ref_axis',(-1.,0.,0.));
#6003=DIRECTION('center_axis',(0.,0.,1.));
#6004=DIRECTION('ref_axis',(0.,-1.,0.));
#6005=DIRECTION('',(0.,0.,-1.));
#6006=DIRECTION('',(0.,0.,1.));
#6007=DIRECTION('center_axis',(0.,0.,1.));
#6008=DIRECTION('ref_axis',(-0.707106781186548,-0.707106781186547,0.));
#6009=DIRECTION('',(0.,0.,1.));
#6010=DIRECTION('center_axis',(-0.377687212662832,-0.793531354581271,-0.477137672676758));
#6011=DIRECTION('ref_axis',(0.492509749262434,-0.608529366009902,0.622194629987306));
#6012=DIRECTION('center_axis',(-0.978036994665669,0.208431372555443,0.));
#6013=DIRECTION('ref_axis',(0.,0.,1.));
#6014=DIRECTION('center_axis',(-1.48029736616686E-15,1.,0.));
#6015=DIRECTION('ref_axis',(1.,1.48029736616686E-15,0.));
#6016=DIRECTION('center_axis',(7.40148683083432E-16,-1.57734530239236E-16,
-1.));
#6017=DIRECTION('ref_axis',(-0.208431372555443,-0.978036994665669,0.));
#6018=DIRECTION('center_axis',(0.377687212662834,-0.793531354581265,0.477137672676767));
#6019=DIRECTION('ref_axis',(0.49250974926242,0.608529366009909,0.622194629987311));
#6020=DIRECTION('center_axis',(2.96059473233373E-15,-1.,0.));
#6021=DIRECTION('ref_axis',(0.,0.,1.));
#6022=DIRECTION('center_axis',(-0.978036994665669,-0.208431372555443,-1.15822846977389E-14));
#6023=DIRECTION('ref_axis',(-0.208431372555443,0.978036994665669,0.));
#6024=DIRECTION('center_axis',(0.,0.,-1.));
#6025=DIRECTION('ref_axis',(1.,0.,0.));
#6026=DIRECTION('center_axis',(0.426287317727958,-0.302317074809753,-0.85257463545591));
#6027=DIRECTION('ref_axis',(0.695441908393643,-0.493197791025656,0.52260548311056));
#6028=DIRECTION('center_axis',(-0.943728695860846,-0.330720650411773,0.));
#6029=DIRECTION('ref_axis',(0.,0.,1.));
#6030=DIRECTION('center_axis',(0.,1.,0.));
#6031=DIRECTION('ref_axis',(1.,0.,0.));
#6032=DIRECTION('center_axis',(7.40148683083436E-16,2.59377991730437E-16,
-1.));
#6033=DIRECTION('ref_axis',(0.330720650411773,-0.943728695860847,0.));
#6034=DIRECTION('center_axis',(0.,-1.,0.));
#6035=DIRECTION('ref_axis',(0.,0.,-1.));
#6036=DIRECTION('center_axis',(0.,0.,-1.));
#6037=DIRECTION('ref_axis',(-1.,0.,0.));
#6038=DIRECTION('center_axis',(0.,-1.,0.));
#6039=DIRECTION('ref_axis',(0.,0.,1.));
#6040=DIRECTION('center_axis',(-1.,0.,0.));
#6041=DIRECTION('ref_axis',(0.,1.,0.));
#6042=DIRECTION('center_axis',(0.,1.,0.));
#6043=DIRECTION('ref_axis',(0.707106781186549,0.,0.707106781186546));
#6044=DIRECTION('center_axis',(1.6840473621984E-16,-1.,0.));
#6045=DIRECTION('ref_axis',(0.707106781186549,0.,0.707106781186546));
#6046=DIRECTION('',(1.6840473621984E-16,-1.,0.));
#6047=DIRECTION('center_axis',(0.,0.,-1.));
#6048=DIRECTION('ref_axis',(-1.,0.,0.));
#6049=DIRECTION('center_axis',(0.,1.,0.));
#6050=DIRECTION('ref_axis',(1.,0.,0.));
#6051=DIRECTION('center_axis',(1.,0.,0.));
#6052=DIRECTION('ref_axis',(0.,0.,-1.));
#6053=DIRECTION('center_axis',(0.,0.,1.));
#6054=DIRECTION('ref_axis',(1.,0.,0.));
#6055=DIRECTION('center_axis',(0.,-1.,0.));
#6056=DIRECTION('ref_axis',(0.,0.,-1.));
#6057=DIRECTION('center_axis',(0.,-1.,0.));
#6058=DIRECTION('ref_axis',(0.707106781186549,0.,-0.707106781186546));
#6059=DIRECTION('center_axis',(1.,0.,0.));
#6060=DIRECTION('ref_axis',(0.,0.707106781186547,-0.707106781186548));
#6061=DIRECTION('center_axis',(0.,0.,-1.));
#6062=DIRECTION('ref_axis',(-0.70710678118655,0.707106781186545,0.));
#6063=DIRECTION('',(0.,0.,1.));
#6064=DIRECTION('',(0.,0.,-1.));
#6065=DIRECTION('center_axis',(0.,0.,-1.));
#6066=DIRECTION('ref_axis',(0.815696221154595,-0.578480487824882,0.));
#6067=DIRECTION('',(0.,0.,1.));
#6068=DIRECTION('',(0.,0.,-1.));
#6069=DIRECTION('center_axis',(0.,0.,1.));
#6070=DIRECTION('ref_axis',(-0.962826313096433,-0.270121252050131,0.));
#6071=DIRECTION('center_axis',(0.,0.,1.));
#6072=DIRECTION('ref_axis',(-0.912242758274834,-0.409650033534874,0.));
#6073=DIRECTION('center_axis',(0.,0.,-1.));
#6074=DIRECTION('ref_axis',(-0.912242758274834,-0.409650033534874,0.));
#6075=DIRECTION('center_axis',(0.,0.,-1.));
#6076=DIRECTION('ref_axis',(0.629113911563143,0.777313119841497,0.));
#6077=DIRECTION('',(0.,0.,1.));
#6078=DIRECTION('',(0.,0.,-1.));
#6079=DIRECTION('center_axis',(9.83477377589269E-16,-1.,0.));
#6080=DIRECTION('ref_axis',(0.707106781186553,0.,0.707106781186542));
#6081=DIRECTION('',(-9.83477377589269E-16,1.,0.));
#6082=DIRECTION('',(9.83477377589269E-16,-1.,0.));
#6083=DIRECTION('center_axis',(0.,0.,-1.));
#6084=DIRECTION('ref_axis',(0.629113911563145,-0.777313119841496,0.));
#6085=DIRECTION('',(0.,0.,-1.));
#6086=DIRECTION('center_axis',(0.,0.,1.));
#6087=DIRECTION('ref_axis',(1.,0.,0.));
#6088=DIRECTION('center_axis',(0.,0.,-1.));
#6089=DIRECTION('ref_axis',(0.139944493137389,0.990159350226275,0.));
#6090=DIRECTION('center_axis',(0.,0.,1.));
#6091=DIRECTION('ref_axis',(1.,0.,0.));
#6092=DIRECTION('',(0.,1.,0.));
#6093=DIRECTION('center_axis',(0.,0.,1.));
#6094=DIRECTION('ref_axis',(0.70710678118655,0.707106781186545,0.));
#6095=DIRECTION('',(0.,0.,-1.));
#6096=DIRECTION('',(0.,0.,1.));
#6097=DIRECTION('center_axis',(0.,-1.,0.));
#6098=DIRECTION('ref_axis',(0.,0.,-1.));
#6099=DIRECTION('center_axis',(0.,0.,1.));
#6100=DIRECTION('ref_axis',(0.707106781186547,-0.707106781186548,0.));
#6101=DIRECTION('',(0.,0.,-1.));
#6102=DIRECTION('',(0.,0.,1.));
#6103=DIRECTION('center_axis',(0.,-1.,0.));
#6104=DIRECTION('ref_axis',(1.,0.,0.));
#6105=DIRECTION('center_axis',(-1.,-1.6840473621984E-16,0.));
#6106=DIRECTION('ref_axis',(-1.6840473621984E-16,1.,0.));
#6107=DIRECTION('center_axis',(-1.,0.,0.));
#6108=DIRECTION('ref_axis',(0.,0.,1.));
#6109=DIRECTION('',(0.,1.,0.));
#6110=DIRECTION('',(0.,0.,-1.));
#6111=DIRECTION('center_axis',(0.,0.,-1.));
#6112=DIRECTION('ref_axis',(-1.,0.,0.));
#6113=DIRECTION('center_axis',(0.,0.,1.));
#6114=DIRECTION('ref_axis',(1.,0.,0.));
#6115=DIRECTION('center_axis',(0.,0.,1.));
#6116=DIRECTION('ref_axis',(1.,0.,0.));
#6117=DIRECTION('',(0.,0.,1.));
#6118=DIRECTION('center_axis',(0.,0.,1.));
#6119=DIRECTION('ref_axis',(1.,0.,0.));
#6120=DIRECTION('center_axis',(0.,0.,-1.));
#6121=DIRECTION('ref_axis',(1.,0.,0.));
#6122=DIRECTION('center_axis',(0.,0.,-1.));
#6123=DIRECTION('ref_axis',(1.,0.,0.));
#6124=DIRECTION('center_axis',(0.,0.,1.));
#6125=DIRECTION('ref_axis',(1.,0.,0.));
#6126=DIRECTION('',(0.,0.,1.));
#6127=DIRECTION('center_axis',(0.,0.,1.));
#6128=DIRECTION('ref_axis',(1.,0.,0.));
#6129=DIRECTION('center_axis',(0.,0.,-1.));
#6130=DIRECTION('ref_axis',(1.,0.,0.));
#6131=DIRECTION('center_axis',(0.,0.,-1.));
#6132=DIRECTION('ref_axis',(1.,0.,0.));
#6133=DIRECTION('center_axis',(0.,0.,1.));
#6134=DIRECTION('ref_axis',(1.,0.,0.));
#6135=DIRECTION('',(0.,0.,1.));
#6136=DIRECTION('center_axis',(0.,0.,1.));
#6137=DIRECTION('ref_axis',(1.,0.,0.));
#6138=DIRECTION('center_axis',(0.,0.,-1.));
#6139=DIRECTION('ref_axis',(1.,0.,0.));
#6140=DIRECTION('center_axis',(0.,0.,-1.));
#6141=DIRECTION('ref_axis',(1.,0.,0.));
#6142=DIRECTION('center_axis',(0.,-1.,0.));
#6143=DIRECTION('ref_axis',(-1.,0.,0.));
#6144=DIRECTION('center_axis',(0.,0.,-1.));
#6145=DIRECTION('ref_axis',(1.,0.,0.));
#6146=DIRECTION('center_axis',(0.,0.,1.));
#6147=DIRECTION('ref_axis',(1.,0.,0.));
#6148=DIRECTION('center_axis',(0.,0.,1.));
#6149=DIRECTION('ref_axis',(1.,0.,0.));
#6150=DIRECTION('center_axis',(1.,8.42023681099201E-17,0.));
#6151=DIRECTION('ref_axis',(8.42023681099201E-17,-1.,0.));
#6152=DIRECTION('center_axis',(0.,0.,-1.));
#6153=DIRECTION('ref_axis',(1.,0.,0.));
#6154=DIRECTION('center_axis',(0.,0.,-1.));
#6155=DIRECTION('ref_axis',(-0.962826313096433,-0.27012125205013,0.));
#6156=DIRECTION('center_axis',(-1.,-9.83477377589269E-16,0.));
#6157=DIRECTION('ref_axis',(-9.83477377589269E-16,1.,0.));
#6158=DIRECTION('center_axis',(4.95523234486468E-18,1.,0.));
#6159=DIRECTION('ref_axis',(1.,-4.95523234486468E-18,0.));
#6160=DIRECTION('center_axis',(0.,1.,0.));
#6161=DIRECTION('ref_axis',(-1.,0.,0.));
#6162=DIRECTION('',(0.,0.,1.));
#6163=DIRECTION('',(1.,0.,0.));
#6164=DIRECTION('center_axis',(1.,0.,0.));
#6165=DIRECTION('ref_axis',(0.,1.,0.));
#6166=DIRECTION('',(0.,-1.,0.));
#6167=DIRECTION('',(0.,0.,1.));
#6168=DIRECTION('center_axis',(0.,-1.,0.));
#6169=DIRECTION('ref_axis',(1.,0.,0.));
#6170=DIRECTION('',(-1.,0.,0.));
#6171=DIRECTION('center_axis',(0.,0.,1.));
#6172=DIRECTION('ref_axis',(1.,0.,0.));
#6173=DIRECTION('center_axis',(0.,0.,-1.));
#6174=DIRECTION('ref_axis',(1.,0.,0.));
#6175=DIRECTION('',(0.,0.,-1.));
#6176=DIRECTION('center_axis',(-1.,0.,0.));
#6177=DIRECTION('ref_axis',(0.,-1.,0.));
#6178=DIRECTION('',(0.,0.,1.));
#6179=DIRECTION('',(0.,-1.,0.));
#6180=DIRECTION('',(0.,0.,1.));
#6181=DIRECTION('center_axis',(0.,-1.,0.));
#6182=DIRECTION('ref_axis',(1.,0.,0.));
#6183=DIRECTION('',(1.,0.,0.));
#6184=DIRECTION('',(0.,0.,1.));
#6185=DIRECTION('center_axis',(1.,0.,0.));
#6186=DIRECTION('ref_axis',(0.,1.,0.));
#6187=DIRECTION('',(0.,1.,0.));
#6188=DIRECTION('',(0.,0.,1.));
#6189=DIRECTION('center_axis',(0.,1.,0.));
#6190=DIRECTION('ref_axis',(-1.,0.,0.));
#6191=DIRECTION('',(-1.,0.,0.));
#6192=DIRECTION('center_axis',(0.,0.,1.));
#6193=DIRECTION('ref_axis',(1.,0.,0.));
#6194=DIRECTION('center_axis',(0.,0.,-1.));
#6195=DIRECTION('ref_axis',(1.,0.,0.));
#6196=DIRECTION('',(0.,0.,-1.));
#6197=DIRECTION('center_axis',(0.,0.,1.));
#6198=DIRECTION('ref_axis',(1.,0.,0.));
#6199=DIRECTION('center_axis',(0.,0.,-1.));
#6200=DIRECTION('ref_axis',(1.,0.,0.));
#6201=DIRECTION('',(0.,0.,-1.));
#6202=DIRECTION('center_axis',(0.,0.,1.));
#6203=DIRECTION('ref_axis',(1.,0.,0.));
#6204=DIRECTION('center_axis',(0.,0.,-1.));
#6205=DIRECTION('ref_axis',(1.,0.,0.));
#6206=DIRECTION('',(0.,0.,-1.));
#6207=DIRECTION('center_axis',(0.,0.,1.));
#6208=DIRECTION('ref_axis',(1.,0.,0.));
#6209=DIRECTION('center_axis',(0.,0.,-1.));
#6210=DIRECTION('ref_axis',(1.,0.,0.));
#6211=DIRECTION('',(0.,0.,-1.));
#6212=DIRECTION('center_axis',(0.,0.,1.));
#6213=DIRECTION('ref_axis',(1.,0.,0.));
#6214=DIRECTION('center_axis',(0.,0.,-1.));
#6215=DIRECTION('ref_axis',(1.,0.,0.));
#6216=DIRECTION('',(0.,0.,-1.));
#6217=DIRECTION('center_axis',(0.,0.,1.));
#6218=DIRECTION('ref_axis',(1.,0.,0.));
#6219=DIRECTION('center_axis',(0.,0.,-1.));
#6220=DIRECTION('ref_axis',(1.,0.,0.));
#6221=DIRECTION('',(0.,0.,-1.));
#6222=DIRECTION('center_axis',(0.,0.,1.));
#6223=DIRECTION('ref_axis',(1.,0.,0.));
#6224=DIRECTION('center_axis',(0.,0.,-1.));
#6225=DIRECTION('ref_axis',(1.,0.,0.));
#6226=DIRECTION('',(0.,0.,-1.));
#6227=DIRECTION('center_axis',(0.,0.,1.));
#6228=DIRECTION('ref_axis',(1.,0.,0.));
#6229=DIRECTION('center_axis',(0.,0.,-1.));
#6230=DIRECTION('ref_axis',(1.,0.,0.));
#6231=DIRECTION('',(0.,0.,-1.));
#6232=DIRECTION('center_axis',(1.,0.,0.));
#6233=DIRECTION('ref_axis',(0.,1.,0.));
#6234=DIRECTION('center_axis',(-7.81847200440251E-17,1.,0.));
#6235=DIRECTION('ref_axis',(-1.,-7.81847200440251E-17,0.));
#6236=DIRECTION('',(0.,0.,1.));
#6237=DIRECTION('center_axis',(-1.,0.,0.));
#6238=DIRECTION('ref_axis',(0.,-1.,0.));
#6239=DIRECTION('',(0.,-1.,0.));
#6240=DIRECTION('center_axis',(0.,1.,0.));
#6241=DIRECTION('ref_axis',(-1.,0.,0.));
#6242=DIRECTION('',(-1.,0.,0.));
#6243=DIRECTION('center_axis',(0.,0.,1.));
#6244=DIRECTION('ref_axis',(1.,0.,0.));
#6245=DIRECTION('center_axis',(1.,-1.73982060666038E-16,0.));
#6246=DIRECTION('ref_axis',(-1.73982060666038E-16,-1.,0.));
#6247=DIRECTION('',(-1.73982060666038E-16,-1.,0.));
#6248=DIRECTION('center_axis',(-1.,1.73982060666038E-16,0.));
#6249=DIRECTION('ref_axis',(0.,0.707106781186548,-0.707106781186547));
#6250=DIRECTION('',(0.,0.,1.));
#6251=DIRECTION('',(1.73982060666038E-16,1.,0.));
#6252=DIRECTION('',(0.,0.,-1.));
#6253=DIRECTION('center_axis',(1.,0.,0.));
#6254=DIRECTION('ref_axis',(0.,0.707106781186548,-0.707106781186547));
#6255=DIRECTION('',(1.,0.,0.));
#6256=DIRECTION('center_axis',(-1.,0.,0.));
#6257=DIRECTION('ref_axis',(0.,0.,-1.));
#6258=DIRECTION('',(-1.,0.,0.));
#6259=DIRECTION('center_axis',(0.,0.,1.));
#6260=DIRECTION('ref_axis',(1.,0.,0.));
#6261=DIRECTION('',(-1.,0.,0.));
#6262=DIRECTION('center_axis',(0.,0.,-1.));
#6263=DIRECTION('ref_axis',(0.,-1.,0.));
#6264=DIRECTION('center_axis',(0.,0.,1.));
#6265=DIRECTION('ref_axis',(-0.578480487827661,-0.815696221152625,0.));
#6266=DIRECTION('',(-1.,4.95523234486468E-18,0.));
#6267=DIRECTION('center_axis',(0.,0.,1.));
#6268=DIRECTION('ref_axis',(-0.707106781189772,0.707106781183323,0.));
#6269=DIRECTION('',(1.6840473621984E-16,-1.,0.));
#6270=DIRECTION('center_axis',(0.,0.,1.));
#6271=DIRECTION('ref_axis',(-0.980079397869013,-0.198606077129359,0.));
#6272=DIRECTION('',(1.6840473621984E-16,-1.,0.));
#6273=DIRECTION('center_axis',(0.,0.,1.));
#6274=DIRECTION('ref_axis',(-0.707106781186549,0.707106781186546,0.));
#6275=DIRECTION('',(-1.,0.,0.));
#6276=DIRECTION('',(0.,-1.,0.));
#6277=DIRECTION('',(1.,0.,0.));
#6278=DIRECTION('center_axis',(0.,0.,1.));
#6279=DIRECTION('ref_axis',(-0.841519806630213,-0.540226262827946,0.));
#6280=DIRECTION('center_axis',(0.,0.,-1.));
#6281=DIRECTION('ref_axis',(-1.,0.,0.));
#6282=DIRECTION('center_axis',(0.,0.,-1.));
#6283=DIRECTION('ref_axis',(-1.,0.,0.));
#6284=DIRECTION('',(0.,0.,-1.));
#6285=DIRECTION('center_axis',(0.,0.,-1.));
#6286=DIRECTION('ref_axis',(-1.,0.,0.));
#6287=DIRECTION('center_axis',(0.,0.,1.));
#6288=DIRECTION('ref_axis',(-1.,0.,0.));
#6289=DIRECTION('center_axis',(0.,-0.707106781186548,-0.707106781186547));
#6290=DIRECTION('ref_axis',(-1.,0.,0.));
#6291=DIRECTION('',(-1.25607396694702E-14,0.707106781186547,-0.707106781186548));
#6292=DIRECTION('',(1.,0.,0.));
#6293=DIRECTION('',(0.,-0.707106781186547,0.707106781186547));
#6294=DIRECTION('',(-1.,0.,0.));
#6295=DIRECTION('center_axis',(0.,0.,1.));
#6296=DIRECTION('ref_axis',(-0.707106781186547,-0.707106781186548,0.));
#6297=DIRECTION('center_axis',(0.,0.,-1.));
#6298=DIRECTION('ref_axis',(-0.707106781186547,-0.707106781186548,0.));
#6299=DIRECTION('',(0.707106781186543,0.,-0.707106781186552));
#6300=DIRECTION('center_axis',(0.,0.,1.));
#6301=DIRECTION('ref_axis',(-0.707106781186547,-0.707106781186548,0.));
#6302=DIRECTION('center_axis',(-0.707106781186549,0.,-0.707106781186546));
#6303=DIRECTION('ref_axis',(-0.707106781186546,0.,0.707106781186549));
#6304=DIRECTION('',(0.707106781186546,0.,-0.707106781186549));
#6305=DIRECTION('',(0.,-1.,0.));
#6306=DIRECTION('',(0.,1.,0.));
#6307=DIRECTION('center_axis',(0.,0.,1.));
#6308=DIRECTION('ref_axis',(-0.707106781186548,0.707106781186547,0.));
#6309=DIRECTION('center_axis',(0.,0.,-1.));
#6310=DIRECTION('ref_axis',(-0.707106781186548,0.707106781186547,0.));
#6311=DIRECTION('',(0.,-0.707106781186546,-0.707106781186549));
#6312=DIRECTION('center_axis',(0.,0.,1.));
#6313=DIRECTION('ref_axis',(-0.707106781186548,0.707106781186547,0.));
#6314=DIRECTION('center_axis',(0.,0.707106781186549,-0.707106781186546));
#6315=DIRECTION('ref_axis',(-1.,0.,0.));
#6316=DIRECTION('',(0.,-0.707106781186546,-0.707106781186549));
#6317=DIRECTION('',(-1.,0.,0.));
#6318=DIRECTION('',(1.,0.,0.));
#6319=DIRECTION('center_axis',(0.,0.,1.));
#6320=DIRECTION('ref_axis',(0.707106781186548,0.707106781186548,0.));
#6321=DIRECTION('center_axis',(0.,0.,-1.));
#6322=DIRECTION('ref_axis',(0.707106781186548,0.707106781186548,0.));
#6323=DIRECTION('',(-0.70710678118654,0.,-0.707106781186555));
#6324=DIRECTION('center_axis',(0.,0.,1.));
#6325=DIRECTION('ref_axis',(0.707106781186548,0.707106781186548,0.));
#6326=DIRECTION('center_axis',(0.707106781186543,0.,-0.707106781186552));
#6327=DIRECTION('ref_axis',(-0.707106781186552,0.,-0.707106781186543));
#6328=DIRECTION('',(-0.707106781186552,0.,-0.707106781186543));
#6329=DIRECTION('',(0.,1.,0.));
#6330=DIRECTION('',(0.,-1.,0.));
#6331=DIRECTION('center_axis',(0.,0.,1.));
#6332=DIRECTION('ref_axis',(0.707106781186547,-0.707106781186548,0.));
#6333=DIRECTION('center_axis',(0.,0.,-1.));
#6334=DIRECTION('ref_axis',(0.707106781186547,-0.707106781186548,0.));
#6335=DIRECTION('center_axis',(0.,0.,1.));
#6336=DIRECTION('ref_axis',(0.707106781186547,-0.707106781186548,0.));
#6337=DIRECTION('center_axis',(0.,0.,1.));
#6338=DIRECTION('ref_axis',(-0.707106781186548,0.707106781186547,0.));
#6339=DIRECTION('',(0.,0.,1.));
#6340=DIRECTION('center_axis',(0.,0.,-1.));
#6341=DIRECTION('ref_axis',(-0.707106781186548,0.707106781186547,0.));
#6342=DIRECTION('',(0.,0.,-1.));
#6343=DIRECTION('center_axis',(-1.,0.,0.));
#6344=DIRECTION('ref_axis',(0.,1.,0.));
#6345=DIRECTION('',(0.,0.,-1.));
#6346=DIRECTION('',(0.,-1.,0.));
#6347=DIRECTION('',(0.,0.,-1.));
#6348=DIRECTION('',(0.,-1.,0.));
#6349=DIRECTION('center_axis',(0.,0.,-1.));
#6350=DIRECTION('ref_axis',(-0.707106781186547,-0.707106781186548,0.));
#6351=DIRECTION('',(0.,0.,1.));
#6352=DIRECTION('center_axis',(0.,0.,-1.));
#6353=DIRECTION('ref_axis',(-0.707106781186547,-0.707106781186548,0.));
#6354=DIRECTION('',(0.,0.,1.));
#6355=DIRECTION('center_axis',(0.,0.,1.));
#6356=DIRECTION('ref_axis',(-0.707106781186547,-0.707106781186548,0.));
#6357=DIRECTION('center_axis',(0.,-1.,0.));
#6358=DIRECTION('ref_axis',(-1.,0.,0.));
#6359=DIRECTION('',(0.,0.,-1.));
#6360=DIRECTION('',(1.,0.,0.));
#6361=DIRECTION('center_axis',(0.,0.,1.));
#6362=DIRECTION('ref_axis',(1.,0.,0.));
#6363=DIRECTION('center_axis',(0.,0.,1.));
#6364=DIRECTION('ref_axis',(1.,0.,0.));
#6365=DIRECTION('center_axis',(0.,0.,1.));
#6366=DIRECTION('ref_axis',(1.,0.,0.));
#6367=DIRECTION('center_axis',(0.,0.,1.));
#6368=DIRECTION('ref_axis',(1.,0.,0.));
#6369=DIRECTION('center_axis',(0.,0.,1.));
#6370=DIRECTION('ref_axis',(1.,0.,0.));
#6371=DIRECTION('center_axis',(0.,0.,1.));
#6372=DIRECTION('ref_axis',(1.,0.,0.));
#6373=DIRECTION('center_axis',(0.,0.,-1.));
#6374=DIRECTION('ref_axis',(0.313768258478213,0.949499594508365,0.));
#6375=DIRECTION('center_axis',(0.,0.,-1.));
#6376=DIRECTION('ref_axis',(0.313768258478213,0.949499594508365,0.));
#6377=DIRECTION('',(0.,0.,-1.));
#6378=DIRECTION('center_axis',(0.,0.,-1.));
#6379=DIRECTION('ref_axis',(0.313768258478213,0.949499594508365,0.));
#6380=DIRECTION('',(0.,0.,1.));
#6381=DIRECTION('center_axis',(0.,0.,1.));
#6382=DIRECTION('ref_axis',(1.,0.,0.));
#6383=DIRECTION('',(-1.,-7.81847200440251E-17,0.));
#6384=DIRECTION('center_axis',(0.,0.,-1.));
#6385=DIRECTION('ref_axis',(0.,-1.,0.));
#6386=DIRECTION('center_axis',(0.,0.,-1.));
#6387=DIRECTION('ref_axis',(0.707106781186547,-0.707106781186548,0.));
#6388=DIRECTION('',(0.,1.,0.));
#6389=DIRECTION('center_axis',(0.,0.,-1.));
#6390=DIRECTION('ref_axis',(0.70710678118655,0.707106781186545,0.));
#6391=DIRECTION('',(-1.,0.,0.));
#6392=DIRECTION('center_axis',(0.,0.,-1.));
#6393=DIRECTION('ref_axis',(-0.70710678118655,0.707106781186545,0.));
#6394=DIRECTION('',(1.6840473621984E-16,-1.,0.));
#6395=DIRECTION('center_axis',(0.,0.,-1.));
#6396=DIRECTION('ref_axis',(-0.70710678118655,-0.707106781186545,0.));
#6397=DIRECTION('',(1.,-1.10849100742605E-16,0.));
#6398=DIRECTION('',(9.83477377589269E-16,-1.,0.));
#6399=DIRECTION('',(-1.,-2.16502149887901E-19,0.));
#6400=DIRECTION('center_axis',(0.,0.,-1.));
#6401=DIRECTION('ref_axis',(1.,0.,0.));
#6402=DIRECTION('',(1.21013817945555E-16,1.,0.));
#6403=DIRECTION('',(-1.,4.95523234486468E-18,0.));
#6404=DIRECTION('center_axis',(0.,0.,1.));
#6405=DIRECTION('ref_axis',(-0.795313826062171,-0.606197919886196,0.));
#6406=DIRECTION('center_axis',(0.,-1.,0.));
#6407=DIRECTION('ref_axis',(-1.,0.,0.));
#6408=DIRECTION('',(-1.,0.,0.));
#6409=DIRECTION('',(0.,0.,-1.));
#6410=DIRECTION('center_axis',(0.,0.,1.));
#6411=DIRECTION('ref_axis',(0.,-1.,0.));
#6412=DIRECTION('center_axis',(0.,0.,-1.));
#6413=DIRECTION('ref_axis',(0.,-1.,0.));
#6414=DIRECTION('center_axis',(0.,0.,-1.));
#6415=DIRECTION('ref_axis',(-0.707106781186548,-0.707106781186548,0.));
#6416=DIRECTION('center_axis',(0.,0.,-1.));
#6417=DIRECTION('ref_axis',(-0.707106781186548,-0.707106781186548,0.));
#6418=DIRECTION('',(0.,0.,-1.));
#6419=DIRECTION('center_axis',(0.,0.,-1.));
#6420=DIRECTION('ref_axis',(-0.707106781186548,-0.707106781186548,0.));
#6421=DIRECTION('',(0.,0.,1.));
#6422=DIRECTION('center_axis',(1.,0.,0.));
#6423=DIRECTION('ref_axis',(0.,-1.,0.));
#6424=DIRECTION('',(0.,-1.,0.));
#6425=DIRECTION('',(0.,0.,1.));
#6426=DIRECTION('',(0.,-1.,0.));
#6427=DIRECTION('center_axis',(0.,0.,1.));
#6428=DIRECTION('ref_axis',(1.,0.,0.));
#6429=DIRECTION('',(1.,0.,0.));
#6430=DIRECTION('center_axis',(0.,0.,1.));
#6431=DIRECTION('ref_axis',(0.578480487829122,0.815696221151588,0.));
#6432=DIRECTION('center_axis',(0.,0.,1.));
#6433=DIRECTION('ref_axis',(1.,0.,0.));
#6434=DIRECTION('center_axis',(0.,0.,-1.));
#6435=DIRECTION('ref_axis',(-0.299685310282261,-0.954038109721527,0.));
#6436=DIRECTION('center_axis',(0.,0.,1.));
#6437=DIRECTION('ref_axis',(-0.105518334398347,0.994417357604843,0.));
#6438=DIRECTION('',(1.,0.,0.));
#6439=DIRECTION('center_axis',(0.,0.,-1.));
#6440=DIRECTION('ref_axis',(0.707106781186543,-0.707106781186552,0.));
#6441=DIRECTION('',(0.,1.,0.));
#6442=DIRECTION('center_axis',(0.,0.,-1.));
#6443=DIRECTION('ref_axis',(0.707106781186548,0.707106781186548,0.));
#6444=DIRECTION('',(-1.,0.,0.));
#6445=DIRECTION('center_axis',(0.,0.,-1.));
#6446=DIRECTION('ref_axis',(-0.707106781186548,0.707106781186548,0.));
#6447=DIRECTION('center_axis',(0.,0.,-1.));
#6448=DIRECTION('ref_axis',(1.,0.,0.));
#6449=DIRECTION('center_axis',(0.,0.,1.));
#6450=DIRECTION('ref_axis',(-0.707106781186548,0.707106781186548,0.));
#6451=DIRECTION('',(0.,0.,-1.));
#6452=DIRECTION('center_axis',(0.,0.,-1.));
#6453=DIRECTION('ref_axis',(-0.707106781186548,0.707106781186548,0.));
#6454=DIRECTION('center_axis',(0.,1.,0.));
#6455=DIRECTION('ref_axis',(1.,0.,0.));
#6456=DIRECTION('',(-1.,0.,0.));
#6457=DIRECTION('',(0.,0.,1.));
#6458=DIRECTION('',(1.,0.,0.));
#6459=DIRECTION('',(0.,0.,1.));
#6460=DIRECTION('center_axis',(0.,0.,1.));
#6461=DIRECTION('ref_axis',(0.707106781186545,0.70710678118655,0.));
#6462=DIRECTION('center_axis',(0.,0.,-1.));
#6463=DIRECTION('ref_axis',(0.707106781186545,0.70710678118655,0.));
#6464=DIRECTION('',(0.,0.,-1.));
#6465=DIRECTION('center_axis',(0.,0.,-1.));
#6466=DIRECTION('ref_axis',(0.707106781186545,0.70710678118655,0.));
#6467=DIRECTION('center_axis',(-1.,0.,0.));
#6468=DIRECTION('ref_axis',(0.,1.,0.));
#6469=DIRECTION('',(0.,1.,0.));
#6470=DIRECTION('',(0.,0.,1.));
#6471=DIRECTION('',(0.,1.,0.));
#6472=DIRECTION('center_axis',(0.,0.,1.));
#6473=DIRECTION('ref_axis',(1.,0.,0.));
#6474=DIRECTION('center_axis',(0.,0.,-1.));
#6475=DIRECTION('ref_axis',(-0.707106781186548,-0.707106781186548,0.));
#6476=DIRECTION('',(1.,0.,0.));
#6477=DIRECTION('center_axis',(0.,0.,-1.));
#6478=DIRECTION('ref_axis',(0.707106781186548,-0.707106781186548,0.));
#6479=DIRECTION('',(-8.42023681099201E-17,1.,0.));
#6480=DIRECTION('center_axis',(0.,0.,-1.));
#6481=DIRECTION('ref_axis',(1.,0.,0.));
#6482=DIRECTION('center_axis',(0.,0.,-1.));
#6483=DIRECTION('ref_axis',(1.,0.,0.));
#6484=DIRECTION('',(1.,0.,0.));
#6485=DIRECTION('center_axis',(0.,0.,-1.));
#6486=DIRECTION('ref_axis',(0.707106781186545,-0.70710678118655,0.));
#6487=DIRECTION('center_axis',(0.,0.,1.));
#6488=DIRECTION('ref_axis',(0.707106781186545,-0.70710678118655,0.));
#6489=DIRECTION('',(0.,0.,-1.));
#6490=DIRECTION('center_axis',(0.,0.,-1.));
#6491=DIRECTION('ref_axis',(0.707106781186545,-0.70710678118655,0.));
#6492=DIRECTION('center_axis',(0.,1.,0.));
#6493=DIRECTION('ref_axis',(1.,0.,0.));
#6494=DIRECTION('',(-1.,0.,0.));
#6495=DIRECTION('',(0.,0.,1.));
#6496=DIRECTION('',(1.,0.,0.));
#6497=DIRECTION('',(0.,0.,-1.));
#6498=DIRECTION('center_axis',(0.,0.,-1.));
#6499=DIRECTION('ref_axis',(0.707106781186548,-0.707106781186548,0.));
#6500=DIRECTION('',(0.,0.,-1.));
#6501=DIRECTION('center_axis',(0.,0.,-1.));
#6502=DIRECTION('ref_axis',(0.707106781186548,-0.707106781186548,0.));
#6503=DIRECTION('',(0.,0.,1.));
#6504=DIRECTION('center_axis',(-1.,-8.42023681099201E-17,0.));
#6505=DIRECTION('ref_axis',(-8.42023681099201E-17,1.,0.));
#6506=DIRECTION('',(8.42023681099201E-17,-1.,0.));
#6507=DIRECTION('',(0.,0.,-1.));
#6508=DIRECTION('',(-8.42023681099201E-17,1.,0.));
#6509=DIRECTION('',(0.,0.,-1.));
#6510=DIRECTION('center_axis',(0.,0.,1.));
#6511=DIRECTION('ref_axis',(-0.707106781186548,-0.707106781186548,0.));
#6512=DIRECTION('center_axis',(0.,0.,-1.));
#6513=DIRECTION('ref_axis',(-0.707106781186548,-0.707106781186548,0.));
#6514=DIRECTION('',(0.,0.,1.));
#6515=DIRECTION('center_axis',(0.,1.,0.));
#6516=DIRECTION('ref_axis',(1.,0.,0.));
#6517=DIRECTION('',(1.,0.,0.));
#6518=DIRECTION('center_axis',(0.,0.,1.));
#6519=DIRECTION('ref_axis',(-0.795313826062171,-0.606197919886196,0.));
#6520=DIRECTION('',(0.,0.,-1.));
#6521=DIRECTION('center_axis',(0.,0.,1.));
#6522=DIRECTION('ref_axis',(-0.795313826062171,-0.606197919886196,0.));
#6523=DIRECTION('center_axis',(-4.95523234486468E-18,-1.,0.));
#6524=DIRECTION('ref_axis',(-1.,4.95523234486468E-18,0.));
#6525=DIRECTION('',(0.,0.,1.));
#6526=DIRECTION('',(1.,-4.95523234486468E-18,0.));
#6527=DIRECTION('',(0.,0.,1.));
#6528=DIRECTION('',(-1.,4.95523234486468E-18,0.));
#6529=DIRECTION('center_axis',(0.,0.,1.));
#6530=DIRECTION('ref_axis',(0.,-1.,0.));
#6531=DIRECTION('center_axis',(0.,0.,-1.));
#6532=DIRECTION('ref_axis',(0.,-1.,0.));
#6533=DIRECTION('',(0.,0.,1.));
#6534=DIRECTION('center_axis',(0.,0.,-1.));
#6535=DIRECTION('ref_axis',(0.,-1.,0.));
#6536=DIRECTION('',(0.,0.,-1.));
#6537=DIRECTION('center_axis',(0.,0.,1.));
#6538=DIRECTION('ref_axis',(1.,0.,0.));
#6539=DIRECTION('center_axis',(0.,0.,1.));
#6540=DIRECTION('ref_axis',(0.57848048782766,-0.815696221152625,0.));
#6541=DIRECTION('',(-1.21013817945555E-16,-1.,0.));
#6542=DIRECTION('center_axis',(0.,0.,1.));
#6543=DIRECTION('ref_axis',(1.,0.,0.));
#6544=DIRECTION('',(1.,2.16502149887901E-19,0.));
#6545=DIRECTION('',(-9.83477377589269E-16,1.,0.));
#6546=DIRECTION('',(-1.,0.,0.));
#6547=DIRECTION('',(0.,1.,0.));
#6548=DIRECTION('',(1.,0.,0.));
#6549=DIRECTION('',(-9.83477377589269E-16,1.,0.));
#6550=DIRECTION('',(-1.,1.10849100742605E-16,0.));
#6551=DIRECTION('center_axis',(0.,0.,-1.));
#6552=DIRECTION('ref_axis',(-0.70710678118655,-0.707106781186545,0.));
#6553=DIRECTION('center_axis',(0.,0.,1.));
#6554=DIRECTION('ref_axis',(1.,0.,0.));
#6555=DIRECTION('center_axis',(0.,0.,1.));
#6556=DIRECTION('ref_axis',(0.815696221154595,0.578480487824882,0.));
#6557=DIRECTION('',(1.6840473621984E-16,-1.,0.));
#6558=DIRECTION('center_axis',(0.,0.,1.));
#6559=DIRECTION('ref_axis',(0.815696221154595,-0.578480487824882,0.));
#6560=DIRECTION('center_axis',(0.,0.,1.));
#6561=DIRECTION('ref_axis',(1.,0.,0.));
#6562=DIRECTION('center_axis',(0.,0.,1.));
#6563=DIRECTION('ref_axis',(0.57848048782766,-0.815696221152625,0.));
#6564=DIRECTION('',(-1.,4.95523234486468E-18,0.));
#6565=DIRECTION('center_axis',(0.,0.,1.));
#6566=DIRECTION('ref_axis',(-0.578480487827661,-0.815696221152625,0.));
#6567=DIRECTION('center_axis',(0.,0.,-1.));
#6568=DIRECTION('ref_axis',(0.,-1.,0.));
#6569=DIRECTION('',(-1.,0.,0.));
#6570=DIRECTION('center_axis',(0.,0.,-1.));
#6571=DIRECTION('ref_axis',(1.,0.,0.));
#6572=DIRECTION('center_axis',(0.,0.,-1.));
#6573=DIRECTION('ref_axis',(1.,0.,0.));
#6574=DIRECTION('',(-1.,0.,0.));
#6575=DIRECTION('center_axis',(0.,0.,-1.));
#6576=DIRECTION('ref_axis',(1.,0.,0.));
#6577=DIRECTION('center_axis',(0.,0.,-1.));
#6578=DIRECTION('ref_axis',(1.,0.,0.));
#6579=DIRECTION('center_axis',(0.,0.,-1.));
#6580=DIRECTION('ref_axis',(0.57848048782766,-0.815696221152625,0.));
#6581=DIRECTION('center_axis',(0.,0.,1.));
#6582=DIRECTION('ref_axis',(0.57848048782766,-0.815696221152625,0.));
#6583=DIRECTION('center_axis',(0.,0.,-1.));
#6584=DIRECTION('ref_axis',(0.,-1.,0.));
#6585=DIRECTION('',(0.,0.,-1.));
#6586=DIRECTION('',(0.,0.,1.));
#6587=DIRECTION('center_axis',(0.,-1.,0.));
#6588=DIRECTION('ref_axis',(-1.,0.,0.));
#6589=DIRECTION('',(-1.,0.,0.));
#6590=DIRECTION('',(0.,0.,-1.));
#6591=DIRECTION('center_axis',(0.,0.,-1.));
#6592=DIRECTION('ref_axis',(-0.578480487827661,-0.815696221152625,0.));
#6593=DIRECTION('',(0.,0.,-1.));
#6594=DIRECTION('center_axis',(-4.95523234486468E-18,-1.,0.));
#6595=DIRECTION('ref_axis',(-1.,4.95523234486468E-18,0.));
#6596=DIRECTION('',(0.,0.,1.));
#6597=DIRECTION('center_axis',(0.,0.,1.));
#6598=DIRECTION('ref_axis',(-0.105518334398347,0.994417357604843,0.));
#6599=DIRECTION('center_axis',(0.,0.,-1.));
#6600=DIRECTION('ref_axis',(-0.209858526542532,0.977731762211598,0.));
#6601=DIRECTION('',(0.,0.,1.));
#6602=DIRECTION('',(0.,0.,-1.));
#6603=DIRECTION('center_axis',(-0.995546441972974,-0.084129478970889,0.0425383667180482));
#6604=DIRECTION('ref_axis',(-0.0942723812945871,0.88843415541595,-0.449218732484962));
#6605=DIRECTION('center_axis',(-0.977731762211598,-0.209858526542534,0.));
#6606=DIRECTION('ref_axis',(-0.209858526542532,0.977731762211598,-5.18104078158406E-15));
#6607=DIRECTION('center_axis',(1.,0.,0.));
#6608=DIRECTION('ref_axis',(0.,0.707106781186547,-0.707106781186548));
#6609=DIRECTION('center_axis',(-1.,0.,0.));
#6610=DIRECTION('ref_axis',(0.,0.707106781186548,-0.707106781186547));
#6611=DIRECTION('center_axis',(-1.,0.,0.));
#6612=DIRECTION('ref_axis',(0.,0.,-1.));
#6613=DIRECTION('',(-1.,0.,0.));
#6614=DIRECTION('center_axis',(-1.85780746374487E-18,-7.75222622598487E-16,
-1.));
#6615=DIRECTION('ref_axis',(0.295109222995159,-0.955463524423195,7.40148683083443E-16));
#6616=DIRECTION('center_axis',(0.954038109721527,-0.299685310282261,0.));
#6617=DIRECTION('ref_axis',(0.,0.,-1.));
#6618=DIRECTION('center_axis',(0.,0.,1.));
#6619=DIRECTION('ref_axis',(-0.299685310282261,-0.954038109721527,0.));
#6620=DIRECTION('',(0.,0.,-1.));
#6621=DIRECTION('center_axis',(0.,0.,-1.));
#6622=DIRECTION('ref_axis',(0.57848048782766,-0.815696221152625,0.));
#6623=DIRECTION('',(0.,0.,-1.));
#6624=DIRECTION('center_axis',(-0.426287317727952,0.302317074809759,-0.852574635455911));
#6625=DIRECTION('ref_axis',(0.695441908393638,-0.493197791025661,-0.522605483110562));
#6626=DIRECTION('center_axis',(-0.943728695860847,-0.330720650411772,6.56712622691873E-15));
#6627=DIRECTION('ref_axis',(0.330720650411772,-0.943728695860847,0.));
#6628=DIRECTION('center_axis',(0.,0.,1.));
#6629=DIRECTION('ref_axis',(1.,0.,0.));
#6630=DIRECTION('center_axis',(-2.96059473233374E-15,1.,0.));
#6631=DIRECTION('ref_axis',(0.,0.,-1.));
#6632=DIRECTION('center_axis',(0.,0.,-1.));
#6633=DIRECTION('ref_axis',(0.815696221154595,-0.578480487824882,0.));
#6634=DIRECTION('',(0.,0.,-1.));
#6635=DIRECTION('',(0.,0.,1.));
#6636=DIRECTION('center_axis',(-0.426287317727959,-0.302317074809754,-0.852574635455909));
#6637=DIRECTION('ref_axis',(0.695441908393643,0.493197791025656,-0.522605483110559));
#6638=DIRECTION('center_axis',(0.,-1.,0.));
#6639=DIRECTION('ref_axis',(1.,0.,0.));
#6640=DIRECTION('center_axis',(0.,0.,1.));
#6641=DIRECTION('ref_axis',(0.330720650411773,0.943728695860847,0.));
#6642=DIRECTION('center_axis',(-0.943728695860846,0.330720650411773,0.));
#6643=DIRECTION('ref_axis',(0.,0.,-1.));
#6644=DIRECTION('center_axis',(0.,0.,-1.));
#6645=DIRECTION('ref_axis',(0.815696221154595,0.578480487824882,0.));
#6646=DIRECTION('',(0.,0.,-1.));
#6647=DIRECTION('',(0.,0.,1.));
#6648=DIRECTION('center_axis',(0.,0.,1.));
#6649=DIRECTION('ref_axis',(-0.988346971452537,0.152217817684392,0.));
#6650=DIRECTION('center_axis',(0.,0.,-1.));
#6651=DIRECTION('ref_axis',(-0.980079397869013,-0.198606077129359,0.));
#6652=DIRECTION('center_axis',(1.6840473621984E-16,-1.,0.));
#6653=DIRECTION('ref_axis',(0.707106781186548,0.,-0.707106781186547));
#6654=DIRECTION('',(-1.6840473621984E-16,1.,0.));
#6655=DIRECTION('center_axis',(0.,0.,1.));
#6656=DIRECTION('ref_axis',(1.,0.,0.));
#6657=DIRECTION('center_axis',(0.,0.,-1.));
#6658=DIRECTION('ref_axis',(-0.707106781189772,0.707106781183323,0.));
#6659=DIRECTION('center_axis',(0.,0.,-1.));
#6660=DIRECTION('ref_axis',(1.,0.,0.));
#6661=DIRECTION('center_axis',(-0.869917202338441,0.394279377491294,-0.296290117217461));
#6662=DIRECTION('ref_axis',(0.493197791028771,0.695441908390382,-0.52260548311196));
#6663=DIRECTION('center_axis',(0.330720650401955,-0.943728695864287,7.54625604236405E-15));
#6664=DIRECTION('ref_axis',(0.943728695864287,0.330720650401955,0.));
#6665=DIRECTION('center_axis',(0.,0.,1.));
#6666=DIRECTION('ref_axis',(0.,1.,0.));
#6667=DIRECTION('center_axis',(0.,0.,-1.));
#6668=DIRECTION('ref_axis',(0.578480487829122,0.815696221151588,0.));
#6669=DIRECTION('',(0.,0.,1.));
#6670=DIRECTION('center_axis',(0.,0.,1.));
#6671=DIRECTION('ref_axis',(1.,0.,0.));
#6672=DIRECTION('center_axis',(0.,0.,-1.));
#6673=DIRECTION('ref_axis',(-0.841519806630213,-0.540226262827946,0.));
#6674=DIRECTION('center_axis',(0.,0.,-1.));
#6675=DIRECTION('ref_axis',(1.,0.,0.));
#6676=DIRECTION('center_axis',(-1.,0.,0.));
#6677=DIRECTION('ref_axis',(0.,0.,1.));
#6678=DIRECTION('center_axis',(0.,-1.,0.));
#6679=DIRECTION('ref_axis',(1.,0.,0.));
#6680=DIRECTION('center_axis',(1.,0.,0.));
#6681=DIRECTION('ref_axis',(0.,0.707106781186548,-0.707106781186547));
#6682=DIRECTION('center_axis',(0.,0.,1.));
#6683=DIRECTION('ref_axis',(0.,-1.,0.));
#6684=DIRECTION('center_axis',(1.,0.,0.));
#6685=DIRECTION('ref_axis',(0.,0.,-1.));
#6686=DIRECTION('center_axis',(1.,0.,0.));
#6687=DIRECTION('ref_axis',(0.,-0.707106781186548,-0.707106781186547));
#6688=DIRECTION('center_axis',(0.,1.,0.));
#6689=DIRECTION('ref_axis',(0.,0.,1.));
#6690=DIRECTION('center_axis',(-1.,0.,-5.9211894646675E-15));
#6691=DIRECTION('ref_axis',(0.,-1.,0.));
#6692=DIRECTION('center_axis',(0.,0.,1.));
#6693=DIRECTION('ref_axis',(1.,0.,0.));
#6694=DIRECTION('center_axis',(0.,-1.,0.));
#6695=DIRECTION('ref_axis',(0.707106781186544,0.,0.707106781186551));
#6696=DIRECTION('',(0.,1.,0.));
#6697=DIRECTION('center_axis',(0.,0.,1.));
#6698=DIRECTION('ref_axis',(1.,0.,0.));
#6699=DIRECTION('center_axis',(0.,1.,0.));
#6700=DIRECTION('ref_axis',(1.,0.,0.));
#6701=DIRECTION('center_axis',(1.48029736616687E-15,0.,-1.));
#6702=DIRECTION('ref_axis',(0.,1.,0.));
#6703=DIRECTION('center_axis',(-1.,0.,0.));
#6704=DIRECTION('ref_axis',(0.,0.,-1.));
#6705=DIRECTION('center_axis',(1.6840473621984E-16,-1.,0.));
#6706=DIRECTION('ref_axis',(0.707106781186548,0.,-0.707106781186547));
#6707=DIRECTION('center_axis',(0.,-1.,0.));
#6708=DIRECTION('ref_axis',(0.,0.,-1.));
#6709=DIRECTION('',(-1.6840473621984E-16,1.,0.));
#6710=DIRECTION('center_axis',(0.,0.,1.));
#6711=DIRECTION('ref_axis',(1.,0.,0.));
#6712=DIRECTION('center_axis',(0.,0.,-1.));
#6713=DIRECTION('ref_axis',(-0.987674410023288,-0.15652239387752,0.));
#6714=DIRECTION('center_axis',(0.,0.,-1.));
#6715=DIRECTION('ref_axis',(-0.70710678118655,0.707106781186545,0.));
#6716=DIRECTION('',(0.,0.,-1.));
#6717=DIRECTION('',(0.,0.,1.));
#6718=DIRECTION('center_axis',(1.,0.,0.));
#6719=DIRECTION('ref_axis',(0.,-0.707106781186548,-0.707106781186547));
#6720=DIRECTION('',(1.,0.,0.));
#6721=DIRECTION('center_axis',(0.,0.,1.));
#6722=DIRECTION('ref_axis',(0.70710678118655,0.707106781186545,0.));
#6723=DIRECTION('',(0.,0.,-1.));
#6724=DIRECTION('',(0.,0.,1.));
#6725=DIRECTION('center_axis',(0.,0.,-1.));
#6726=DIRECTION('ref_axis',(0.707106781186543,-0.707106781186552,0.));
#6727=DIRECTION('',(0.,0.,-1.));
#6728=DIRECTION('',(0.,0.,1.));
#6729=DIRECTION('center_axis',(1.,1.6840473621984E-16,0.));
#6730=DIRECTION('ref_axis',(1.6840473621984E-16,-1.,0.));
#6731=DIRECTION('',(0.,0.,-1.));
#6732=DIRECTION('center_axis',(0.,0.,1.));
#6733=DIRECTION('ref_axis',(-0.70710678118655,-0.707106781186545,0.));
#6734=DIRECTION('',(0.,0.,-1.));
#6735=DIRECTION('',(0.,0.,1.));
#6736=DIRECTION('center_axis',(0.,0.,-1.));
#6737=DIRECTION('ref_axis',(-0.988346971452537,0.152217817684391,0.));
#6738=DIRECTION('center_axis',(0.,0.,1.));
#6739=DIRECTION('ref_axis',(0.707106781186548,0.707106781186548,0.));
#6740=DIRECTION('',(0.,0.,-1.));
#6741=DIRECTION('center_axis',(1.,0.,0.));
#6742=DIRECTION('ref_axis',(0.,-1.,0.));
#6743=DIRECTION('',(0.,0.,1.));
#6744=DIRECTION('center_axis',(0.,0.,1.));
#6745=DIRECTION('ref_axis',(0.707106781186547,-0.707106781186548,0.));
#6746=DIRECTION('center_axis',(0.,-1.,0.));
#6747=DIRECTION('ref_axis',(0.,0.,-1.));
#6748=DIRECTION('center_axis',(0.,1.,0.));
#6749=DIRECTION('ref_axis',(0.,0.,1.));
#6750=DIRECTION('center_axis',(0.,1.,0.));
#6751=DIRECTION('ref_axis',(1.,0.,0.));
#6752=DIRECTION('',(-1.,0.,0.));
#6753=DIRECTION('',(0.,0.,-1.));
#6754=DIRECTION('',(1.,0.,0.));
#6755=DIRECTION('',(0.,0.,-1.));
#6756=DIRECTION('center_axis',(-1.,0.,0.));
#6757=DIRECTION('ref_axis',(0.,1.,0.));
#6758=DIRECTION('',(0.,0.,-1.));
#6759=DIRECTION('',(0.,1.,0.));
#6760=DIRECTION('center_axis',(0.,-1.,0.));
#6761=DIRECTION('ref_axis',(-1.,0.,0.));
#6762=DIRECTION('',(1.,0.,0.));
#6763=DIRECTION('',(0.,0.,-1.));
#6764=DIRECTION('',(-1.,0.,0.));
#6765=DIRECTION('center_axis',(1.,0.,0.));
#6766=DIRECTION('ref_axis',(0.,-1.,0.));
#6767=DIRECTION('',(0.,1.,0.));
#6768=DIRECTION('',(0.,-1.,0.));
#6769=DIRECTION('center_axis',(0.,0.,1.));
#6770=DIRECTION('ref_axis',(-1.,0.,0.));
#6771=DIRECTION('',(-9.83477377589269E-16,1.,0.));
#6772=DIRECTION('center_axis',(0.,0.,-1.));
#6773=DIRECTION('ref_axis',(-1.,0.,0.));
#6774=DIRECTION('center_axis',(1.,-1.21013817945555E-16,0.));
#6775=DIRECTION('ref_axis',(1.21013817945555E-16,1.,0.));
#6776=DIRECTION('',(0.,0.,1.));
#6777=DIRECTION('center_axis',(0.,0.,1.));
#6778=DIRECTION('ref_axis',(1.,0.,0.));
#6779=DIRECTION('',(0.,0.,1.));
#6780=DIRECTION('center_axis',(-2.16502149887901E-19,1.,0.));
#6781=DIRECTION('ref_axis',(-1.,-2.16502149887901E-19,0.));
#6782=DIRECTION('',(0.,0.,1.));
#6783=DIRECTION('center_axis',(-1.,-9.83477377589269E-16,0.));
#6784=DIRECTION('ref_axis',(9.83477377589269E-16,-1.,0.));
#6785=DIRECTION('',(0.,0.,1.));
#6786=DIRECTION('center_axis',(-1.10849100742605E-16,-1.,0.));
#6787=DIRECTION('ref_axis',(1.,-1.10849100742605E-16,0.));
#6788=DIRECTION('center_axis',(0.,0.,-1.));
#6789=DIRECTION('ref_axis',(-1.,0.,0.));
#6790=DIRECTION('center_axis',(0.,0.,1.));
#6791=DIRECTION('ref_axis',(1.,0.,0.));
#6792=DIRECTION('',(-1.,0.,0.));
#6793=DIRECTION('center_axis',(1.,1.6840473621984E-16,0.));
#6794=DIRECTION('ref_axis',(1.6840473621984E-16,-1.,0.));
#6795=DIRECTION('center_axis',(0.,-1.,0.));
#6796=DIRECTION('ref_axis',(-1.,0.,0.));
#6797=DIRECTION('',(0.,0.,1.));
#6798=DIRECTION('',(-1.,0.,0.));
#6799=DIRECTION('center_axis',(0.,0.,-1.));
#6800=DIRECTION('ref_axis',(-1.,0.,0.));
#6801=DIRECTION('center_axis',(0.,0.,1.));
#6802=DIRECTION('ref_axis',(1.,0.,0.));
#6803=DIRECTION('center_axis',(0.,0.,1.));
#6804=DIRECTION('ref_axis',(1.,0.,0.));
#6805=DIRECTION('center_axis',(0.,0.,-1.));
#6806=DIRECTION('ref_axis',(1.,0.,0.));
#6807=DIRECTION('',(0.,0.,1.));
#6808=DIRECTION('center_axis',(0.,0.,-1.));
#6809=DIRECTION('ref_axis',(1.,0.,0.));
#6810=DIRECTION('',(0.,0.,1.));
#6811=DIRECTION('center_axis',(0.,0.,-1.));
#6812=DIRECTION('ref_axis',(1.,0.,0.));
#6813=DIRECTION('',(0.,0.,1.));
#6814=DIRECTION('center_axis',(0.,0.,-1.));
#6815=DIRECTION('ref_axis',(1.,0.,0.));
#6816=DIRECTION('',(0.,0.,1.));
#6817=DIRECTION('center_axis',(0.,0.,-1.));
#6818=DIRECTION('ref_axis',(1.,0.,0.));
#6819=DIRECTION('',(0.,0.,1.));
#6820=DIRECTION('center_axis',(0.,0.,-1.));
#6821=DIRECTION('ref_axis',(1.,0.,0.));
#6822=DIRECTION('center_axis',(0.,-1.,0.));
#6823=DIRECTION('ref_axis',(-1.,0.,0.));
#6824=DIRECTION('center_axis',(0.,0.,1.));
#6825=DIRECTION('ref_axis',(1.,0.,0.));
#6826=DIRECTION('center_axis',(0.,0.,1.));
#6827=DIRECTION('ref_axis',(1.,0.,0.));
#6828=DIRECTION('',(0.,0.,-1.));
#6829=DIRECTION('center_axis',(0.,0.,-1.));
#6830=DIRECTION('ref_axis',(1.,0.,0.));
#6831=DIRECTION('center_axis',(0.,0.,-1.));
#6832=DIRECTION('ref_axis',(1.,0.,0.));
#6833=DIRECTION('center_axis',(0.,0.,-1.));
#6834=DIRECTION('ref_axis',(1.,0.,0.));
#6835=DIRECTION('center_axis',(0.,0.,1.));
#6836=DIRECTION('ref_axis',(1.,0.,0.));
#6837=DIRECTION('center_axis',(0.,0.,1.));
#6838=DIRECTION('ref_axis',(1.,0.,0.));
#6839=DIRECTION('center_axis',(0.,0.,1.));
#6840=DIRECTION('ref_axis',(1.,0.,0.));
#6841=DIRECTION('',(0.,0.,-1.));
#6842=DIRECTION('center_axis',(0.,0.,-1.));
#6843=DIRECTION('ref_axis',(1.,0.,0.));
#6844=DIRECTION('center_axis',(0.,0.,-1.));
#6845=DIRECTION('ref_axis',(1.,0.,0.));
#6846=DIRECTION('center_axis',(0.,-1.,0.));
#6847=DIRECTION('ref_axis',(-1.,0.,0.));
#6848=DIRECTION('center_axis',(0.,0.,1.));
#6849=DIRECTION('ref_axis',(1.,0.,0.));
#6850=DIRECTION('center_axis',(0.,0.,1.));
#6851=DIRECTION('ref_axis',(1.,0.,0.));
#6852=DIRECTION('',(0.,0.,-1.));
#6853=DIRECTION('center_axis',(0.,0.,-1.));
#6854=DIRECTION('ref_axis',(1.,0.,0.));
#6855=DIRECTION('center_axis',(0.,0.,-1.));
#6856=DIRECTION('ref_axis',(1.,0.,0.));
#6857=DIRECTION('center_axis',(0.,0.,-1.));
#6858=DIRECTION('ref_axis',(1.,0.,0.));
#6859=DIRECTION('center_axis',(0.,0.,-1.));
#6860=DIRECTION('ref_axis',(1.,0.,0.));
#6861=DIRECTION('center_axis',(0.,0.,1.));
#6862=DIRECTION('ref_axis',(1.,0.,0.));
#6863=DIRECTION('center_axis',(0.,0.,1.));
#6864=DIRECTION('ref_axis',(1.,0.,0.));
#6865=DIRECTION('',(0.,0.,-1.));
#6866=DIRECTION('center_axis',(0.,0.,-1.));
#6867=DIRECTION('ref_axis',(1.,0.,0.));
#6868=DIRECTION('center_axis',(0.,0.,-1.));
#6869=DIRECTION('ref_axis',(1.,0.,0.));
#6870=DIRECTION('center_axis',(0.,-1.,0.));
#6871=DIRECTION('ref_axis',(-1.,0.,0.));
#6872=DIRECTION('center_axis',(0.,0.,1.));
#6873=DIRECTION('ref_axis',(1.,0.,0.));
#6874=DIRECTION('center_axis',(0.,0.,1.));
#6875=DIRECTION('ref_axis',(1.,0.,0.));
#6876=DIRECTION('',(0.,0.,-1.));
#6877=DIRECTION('center_axis',(0.,0.,-1.));
#6878=DIRECTION('ref_axis',(1.,0.,0.));
#6879=DIRECTION('center_axis',(0.,0.,-1.));
#6880=DIRECTION('ref_axis',(1.,0.,0.));
#6881=DIRECTION('center_axis',(0.,0.,-1.));
#6882=DIRECTION('ref_axis',(1.,0.,0.));
#6883=DIRECTION('center_axis',(0.,0.,-1.));
#6884=DIRECTION('ref_axis',(1.,0.,0.));
#6885=DIRECTION('center_axis',(0.,0.,1.));
#6886=DIRECTION('ref_axis',(1.,0.,0.));
#6887=DIRECTION('center_axis',(0.,0.,1.));
#6888=DIRECTION('ref_axis',(1.,0.,0.));
#6889=DIRECTION('',(0.,0.,-1.));
#6890=DIRECTION('center_axis',(0.,0.,-1.));
#6891=DIRECTION('ref_axis',(1.,0.,0.));
#6892=CARTESIAN_POINT('',(0.,0.,0.));
#6893=CARTESIAN_POINT('Origin',(4.09102110017004,29.8013246829328,7.));
#6894=CARTESIAN_POINT('',(4.09102110018851,5.55876584694183,5.5));
#6895=CARTESIAN_POINT('',(4.09102110018724,7.22060920247187,7.));
#6896=CARTESIAN_POINT('Ctrl Pts',(4.09102110018724,7.22060920247187,7.));
#6897=CARTESIAN_POINT('Ctrl Pts',(4.0910211001874,7.01540071105013,7.));
#6898=CARTESIAN_POINT('Ctrl Pts',(4.09102110018758,6.77350133363018,6.95391478399614));
#6899=CARTESIAN_POINT('Ctrl Pts',(4.09102110018788,6.3930471827963,6.80542242491159));
#6900=CARTESIAN_POINT('Ctrl Pts',(4.09102110018803,6.18566646897275,6.67716626836899));
#6901=CARTESIAN_POINT('Ctrl Pts',(4.09102110018825,5.89557561728064,6.40861717309244));
#6902=CARTESIAN_POINT('Ctrl Pts',(4.09102110018836,5.75817483968658,6.22349987456212));
#6903=CARTESIAN_POINT('Ctrl Pts',(4.09102110018847,5.60560675642635,5.88632944270352));
#6904=CARTESIAN_POINT('Ctrl Pts',(4.09102110018851,5.55876584694183,5.67796800496332));
#6905=CARTESIAN_POINT('Ctrl Pts',(4.09102110018851,5.55876584694183,5.5));
#6906=CARTESIAN_POINT('',(4.09102110017004,29.8013246829328,7.));
#6907=CARTESIAN_POINT('',(4.09102110017034,29.4108381214983,7.));
#6908=CARTESIAN_POINT('',(4.09102110017004,29.8013246829328,9.));
#6909=CARTESIAN_POINT('',(4.09102110017004,29.8013246829328,7.));
#6910=CARTESIAN_POINT('',(4.09102110018863,5.40132468293275,9.));
#6911=CARTESIAN_POINT('',(4.09102110017034,29.4108381214983,9.));
#6912=CARTESIAN_POINT('',(4.09102110018863,5.40132468293275,1.5));
#6913=CARTESIAN_POINT('',(4.09102110018863,5.40132468293275,0.));
#6914=CARTESIAN_POINT('',(4.09102110018851,5.55876584694183,1.5));
#6915=CARTESIAN_POINT('',(4.09102110018282,13.0303898742403,1.5));
#6916=CARTESIAN_POINT('',(4.09102110018851,5.55876584694183,7.));
#6917=CARTESIAN_POINT('Origin',(2.2530211001455,2.46332468293275,7.));
#6918=CARTESIAN_POINT('',(-1.14440220496165,3.65391902439199,1.5));
#6919=CARTESIAN_POINT('Origin',(2.2530211001455,2.46332468293275,1.5));
#6920=CARTESIAN_POINT('',(-1.14440220496165,3.65391902439199,5.5));
#6921=CARTESIAN_POINT('',(-1.14440220496165,3.65391902439199,7.));
#6922=CARTESIAN_POINT('Origin',(2.2530211001455,2.46332468293275,5.5));
#6923=CARTESIAN_POINT('Origin',(77.2530211001455,2.46332468293275,7.));
#6924=CARTESIAN_POINT('',(75.1725990275843,5.40132468293275,5.5));
#6925=CARTESIAN_POINT('',(75.1725990275843,5.40132468293275,1.5));
#6926=CARTESIAN_POINT('',(75.1725990275843,5.40132468293275,7.));
#6927=CARTESIAN_POINT('',(73.8555977950383,3.65391902439199,1.5));
#6928=CARTESIAN_POINT('Origin',(77.2530211001455,2.46332468293275,1.5));
#6929=CARTESIAN_POINT('',(73.8555977950383,3.65391902439199,5.5));
#6930=CARTESIAN_POINT('',(73.8555977950383,3.65391902439199,7.));
#6931=CARTESIAN_POINT('Origin',(77.2530211001455,2.46332468293275,5.5));
#6932=CARTESIAN_POINT('Origin',(-36.3499078505735,1.35399527929755,1.5));
#6933=CARTESIAN_POINT('',(-35.4499078505735,1.35399527929755,-1.));
#6934=CARTESIAN_POINT('Origin',(-36.3499078505735,1.35399527929755,-1.));
#6935=CARTESIAN_POINT('',(-35.4499078505735,1.35399527929755,1.5));
#6936=CARTESIAN_POINT('',(-35.4499078505735,1.35399527929755,1.5));
#6937=CARTESIAN_POINT('Origin',(-36.3499078505735,1.35399527929755,1.5));
#6938=CARTESIAN_POINT('Origin',(-36.3499078505735,1.35399527929755,-1.));
#6939=CARTESIAN_POINT('Origin',(-4.72764772911515,2.99070312017071,8.75));
#6940=CARTESIAN_POINT('',(-30.5089788998353,2.74070312017071,9.));
#6941=CARTESIAN_POINT('',(-30.5089788998353,3.24070312017071,8.5));
#6942=CARTESIAN_POINT('',(-30.5089788998353,14.3407031201707,-2.6));
#6943=CARTESIAN_POINT('',(-37.1462705352868,3.24070312017071,8.5));
#6944=CARTESIAN_POINT('',(-4.72764772911515,3.24070312017071,8.5));
#6945=CARTESIAN_POINT('',(-37.1462705352868,2.74070312017071,9.));
#6946=CARTESIAN_POINT('',(-37.1462705352868,3.24070312017071,8.5));
#6947=CARTESIAN_POINT('',(-4.72764772911515,2.74070312017071,9.));
#6948=CARTESIAN_POINT('Origin',(-37.1462705352868,1.74070312017071,8.75));
#6949=CARTESIAN_POINT('',(-38.5717327740503,1.27373694809917,8.5));
#6950=CARTESIAN_POINT('Origin',(-37.1462705352868,1.74070312017071,8.5));
#6951=CARTESIAN_POINT('',(-38.0965786944625,1.42939233878969,9.));
#6952=CARTESIAN_POINT('',(-38.5717327740503,1.27373694809917,8.5));
#6953=CARTESIAN_POINT('Origin',(-37.1462705352868,1.74070312017071,9.));
#6954=CARTESIAN_POINT('Origin',(-35.2456542169353,2.36332468293275,8.75));
#6955=CARTESIAN_POINT('',(-35.2456542169353,-1.13667531706725,8.5));
#6956=CARTESIAN_POINT('Origin',(-35.2456542169353,2.36332468293275,8.5));
#6957=CARTESIAN_POINT('',(-35.2456542169353,-0.636675317067252,9.));
#6958=CARTESIAN_POINT('',(-35.2456542169353,-1.13667531706725,8.5));
#6959=CARTESIAN_POINT('Origin',(-35.2456542169353,2.36332468293275,9.));
#6960=CARTESIAN_POINT('Origin',(-8.84598538766514,-0.88667531706725,8.75));
#6961=CARTESIAN_POINT('',(77.3530211001455,-1.13667531706725,8.5));
#6962=CARTESIAN_POINT('',(77.3530211001455,-0.63667531706725,9.));
#6963=CARTESIAN_POINT('',(77.3530211001455,-1.13667531706725,8.5));
#6964=CARTESIAN_POINT('',(-8.84598538766514,-0.63667531706725,9.));
#6965=CARTESIAN_POINT('',(-8.84598538766514,-1.13667531706725,8.5));
#6966=CARTESIAN_POINT('Origin',(77.3530211001455,2.36332468293275,8.75));
#6967=CARTESIAN_POINT('',(80.8530211001455,2.36332468293275,8.5));
#6968=CARTESIAN_POINT('Origin',(77.3530211001455,2.36332468293275,8.5));
#6969=CARTESIAN_POINT('',(80.3530211001455,2.36332468293275,9.));
#6970=CARTESIAN_POINT('',(80.8530211001455,2.36332468293275,8.5));
#6971=CARTESIAN_POINT('Origin',(77.3530211001455,2.36332468293275,9.));
#6972=CARTESIAN_POINT('Origin',(80.6030211001455,13.9418381215047,8.75));
#6973=CARTESIAN_POINT('',(80.8530211001455,38.6407031201707,8.5));
#6974=CARTESIAN_POINT('',(80.3530211001455,38.6407031201707,9.));
#6975=CARTESIAN_POINT('',(80.8530211001455,38.6407031201707,8.5));
#6976=CARTESIAN_POINT('',(80.3530211001455,13.9418381215047,9.));
#6977=CARTESIAN_POINT('',(80.8530211001455,13.9418381215047,8.5));
#6978=CARTESIAN_POINT('Origin',(79.3530211001455,38.6407031201707,8.75));
#6979=CARTESIAN_POINT('',(79.3530211001455,40.1407031201707,8.5));
#6980=CARTESIAN_POINT('Origin',(79.3530211001455,38.6407031201707,8.5));
#6981=CARTESIAN_POINT('',(79.3530211001455,39.6407031201707,9.));
#6982=CARTESIAN_POINT('',(79.3530211001455,40.1407031201707,8.5));
#6983=CARTESIAN_POINT('Origin',(79.3530211001455,38.6407031201707,9.));
#6984=CARTESIAN_POINT('Origin',(50.9533522708753,39.8907031201707,8.75));
#6985=CARTESIAN_POINT('',(50.3410211001647,40.1407031201707,8.5));
#6986=CARTESIAN_POINT('',(50.3410211001647,39.6407031201707,9.));
#6987=CARTESIAN_POINT('',(50.3410211001647,40.1407031201707,8.5));
#6988=CARTESIAN_POINT('',(50.9533522708753,39.6407031201707,9.));
#6989=CARTESIAN_POINT('',(75.5663457830455,40.1407031201707,8.5));
#6990=CARTESIAN_POINT('',(50.9533522708753,40.1407031201707,8.5));
#6991=CARTESIAN_POINT('',(50.9533522708753,40.1407031201707,8.5));
#6992=CARTESIAN_POINT('Origin',(50.3410211001647,41.6407031201707,8.75));
#6993=CARTESIAN_POINT('',(48.8410211001647,41.6407031201707,8.5));
#6994=CARTESIAN_POINT('Origin',(50.3410211001647,41.6407031201707,8.5));
#6995=CARTESIAN_POINT('',(48.3410211001647,41.6407031201707,9.));
#6996=CARTESIAN_POINT('',(48.8410211001647,41.6407031201707,8.5));
#6997=CARTESIAN_POINT('Origin',(50.3410211001647,41.6407031201707,9.));
#6998=CARTESIAN_POINT('Origin',(48.5910211001647,35.5805273401237,8.75));
#6999=CARTESIAN_POINT('',(48.8410211001647,50.6407031201707,8.5));
#7000=CARTESIAN_POINT('',(48.3410211001647,50.6407031201707,9.));
#7001=CARTESIAN_POINT('',(48.8410211001647,50.6407031201707,8.5));
#7002=CARTESIAN_POINT('',(48.3410211001647,35.5805273401237,9.));
#7003=CARTESIAN_POINT('',(48.8410211001647,35.5805273401237,8.5));
#7004=CARTESIAN_POINT('Origin',(50.3410211001647,50.6407031201707,8.75));
#7005=CARTESIAN_POINT('',(50.3410211001647,52.1407031201707,8.5));
#7006=CARTESIAN_POINT('Origin',(50.3410211001647,50.6407031201707,8.5));
#7007=CARTESIAN_POINT('',(50.3410211001647,52.6407031201707,9.));
#7008=CARTESIAN_POINT('',(50.3410211001647,52.1407031201707,8.5));
#7009=CARTESIAN_POINT('Origin',(50.3410211001647,50.6407031201707,9.));
#7010=CARTESIAN_POINT('Origin',(34.9473522708848,52.3907031201707,8.75));
#7011=CARTESIAN_POINT('',(79.3530211001455,52.1407031201707,8.5));
#7012=CARTESIAN_POINT('',(79.3530211001455,52.6407031201707,9.));
#7013=CARTESIAN_POINT('',(79.3530211001455,52.1407031201707,8.5));
#7014=CARTESIAN_POINT('',(34.9473522708848,52.6407031201707,9.));
#7015=CARTESIAN_POINT('',(75.9726942613932,52.1407031201707,8.5));
#7016=CARTESIAN_POINT('',(34.9473522708848,52.1407031201707,8.5));
#7017=CARTESIAN_POINT('',(34.9473522708848,52.1407031201707,8.5));
#7018=CARTESIAN_POINT('Origin',(79.3530211001455,53.6407031201707,8.75));
#7019=CARTESIAN_POINT('',(80.8530211001455,53.6407031201707,8.5));
#7020=CARTESIAN_POINT('Origin',(79.3530211001455,53.6407031201707,8.5));
#7021=CARTESIAN_POINT('',(80.3530211001455,53.6407031201707,9.));
#7022=CARTESIAN_POINT('',(80.8530211001455,53.6407031201707,8.5));
#7023=CARTESIAN_POINT('Origin',(79.3530211001455,53.6407031201707,9.));
#7024=CARTESIAN_POINT('Origin',(80.6030211001455,39.5805273401237,8.75));
#7025=CARTESIAN_POINT('',(80.8530211001455,55.6773784372207,8.5));
#7026=CARTESIAN_POINT('',(80.3530211001455,55.6773784372207,9.));
#7027=CARTESIAN_POINT('',(80.8530211001455,55.6773784372207,8.5));
#7028=CARTESIAN_POINT('',(80.3530211001455,39.5805273401237,9.));
#7029=CARTESIAN_POINT('',(80.8530211001455,39.5805273401237,8.5));
#7030=CARTESIAN_POINT('Origin',(77.3530211001455,55.6773784372207,8.75));
#7031=CARTESIAN_POINT('',(77.3530211001455,59.1773784372207,8.5));
#7032=CARTESIAN_POINT('Origin',(77.3530211001455,55.6773784372207,8.5));
#7033=CARTESIAN_POINT('',(77.3530211001455,58.6773784372207,9.));
#7034=CARTESIAN_POINT('',(77.3530211001455,59.1773784372207,8.5));
#7035=CARTESIAN_POINT('Origin',(77.3530211001455,55.6773784372207,9.));
#7036=CARTESIAN_POINT('Origin',(50.9533522708752,58.9273784372207,8.75));
#7037=CARTESIAN_POINT('',(-14.0689788998353,59.1773784372207,8.5));
#7038=CARTESIAN_POINT('',(-14.0689788998353,58.6773784372207,9.));
#7039=CARTESIAN_POINT('',(-14.0689788998353,59.1773784372207,8.5));
#7040=CARTESIAN_POINT('',(50.9533522708752,58.6773784372207,9.));
#7041=CARTESIAN_POINT('',(50.9533522708752,59.1773784372207,8.5));
#7042=CARTESIAN_POINT('Origin',(-14.0689788998353,57.6773784372207,8.75));
#7043=CARTESIAN_POINT('',(-15.5689788998353,57.6773784372207,8.5));
#7044=CARTESIAN_POINT('Origin',(-14.0689788998353,57.6773784372207,8.5));
#7045=CARTESIAN_POINT('',(-15.0689788998353,57.6773784372207,9.));
#7046=CARTESIAN_POINT('',(-15.5689788998353,57.6773784372207,8.5));
#7047=CARTESIAN_POINT('Origin',(-14.0689788998353,57.6773784372207,9.));
#7048=CARTESIAN_POINT('Origin',(-15.3189788998353,44.0988649986487,8.75));
#7049=CARTESIAN_POINT('',(-15.5689788998353,50.9407031201707,8.5));
#7050=CARTESIAN_POINT('',(-15.0689788998353,50.9407031201707,9.));
#7051=CARTESIAN_POINT('',(-15.8189788998353,50.9407031201707,8.25));
#7052=CARTESIAN_POINT('',(-15.0689788998353,44.0988649986487,9.));
#7053=CARTESIAN_POINT('',(-15.5689788998353,53.8907031201707,8.5));
#7054=CARTESIAN_POINT('',(-15.5689788998353,44.0988649986487,8.5));
#7055=CARTESIAN_POINT('',(-15.5689788998353,44.0988649986487,8.5));
#7056=CARTESIAN_POINT('Origin',(-15.5689788998353,59.1773784372207,7.));
#7057=CARTESIAN_POINT('',(-15.5689788998353,57.6773784372207,1.5));
#7058=CARTESIAN_POINT('',(-15.5689788998353,57.6773784372207,7.));
#7059=CARTESIAN_POINT('',(-15.5689788998353,56.8907031201707,1.5));
#7060=CARTESIAN_POINT('',(-15.5689788998353,57.9407031201707,1.5));
#7061=CARTESIAN_POINT('',(-15.5689788998353,56.8907031201707,5.5));
#7062=CARTESIAN_POINT('',(-15.5689788998353,56.8907031201707,7.));
#7063=CARTESIAN_POINT('Origin',(-15.5689788998353,53.8907031201707,5.5));
#7064=CARTESIAN_POINT('Origin',(-14.0689788998353,57.6773784372207,7.));
#7065=CARTESIAN_POINT('',(-14.0689788998353,59.1773784372207,1.5));
#7066=CARTESIAN_POINT('',(-14.0689788998353,59.1773784372207,7.));
#7067=CARTESIAN_POINT('Origin',(-14.0689788998353,57.6773784372207,1.5));
#7068=CARTESIAN_POINT('Origin',(80.8530211001455,59.1773784372207,7.));
#7069=CARTESIAN_POINT('',(77.3530211001455,59.1773784372207,1.5));
#7070=CARTESIAN_POINT('',(77.3530211001455,59.1773784372207,7.));
#7071=CARTESIAN_POINT('',(-38.7456542169353,59.1773784372207,1.5));
#7072=CARTESIAN_POINT('Origin',(77.3530211001455,55.6773784372207,7.));
#7073=CARTESIAN_POINT('',(80.8530211001455,55.6773784372207,1.5));
#7074=CARTESIAN_POINT('',(80.8530211001455,55.6773784372207,7.));
#7075=CARTESIAN_POINT('Origin',(77.3530211001455,55.6773784372207,1.5));
#7076=CARTESIAN_POINT('Origin',(80.8530211001455,50.1407031201707,7.));
#7077=CARTESIAN_POINT('',(80.8530211001455,53.6407031201707,1.5));
#7078=CARTESIAN_POINT('',(80.8530211001455,53.6407031201707,7.));
#7079=CARTESIAN_POINT('',(80.8530211001455,59.1773784372207,1.5));
#7080=CARTESIAN_POINT('Origin',(79.3530211001455,53.6407031201707,7.));
#7081=CARTESIAN_POINT('',(79.3530211001455,52.1407031201707,1.5));
#7082=CARTESIAN_POINT('',(79.3530211001455,52.1407031201707,7.));
#7083=CARTESIAN_POINT('Origin',(79.3530211001455,53.6407031201707,1.5));
#7084=CARTESIAN_POINT('Origin',(48.8410211001647,52.1407031201707,7.));
#7085=CARTESIAN_POINT('',(76.1809843632845,52.1407031201707,7.86464133018484));
#7086=CARTESIAN_POINT('Ctrl Pts',(76.1809843632846,52.1407031201707,7.86464133018516));
#7087=CARTESIAN_POINT('Ctrl Pts',(76.1809843632846,52.1407031201707,7.88901164845897));
#7088=CARTESIAN_POINT('Ctrl Pts',(76.1804416955706,52.1407031201714,7.91340578559202));
#7089=CARTESIAN_POINT('Ctrl Pts',(76.1725687252728,52.1407031201714,8.08032598680259));
#7090=CARTESIAN_POINT('Ctrl Pts',(76.1462868806423,52.140703120171,8.19716489853986));
#7091=CARTESIAN_POINT('Ctrl Pts',(76.0665794456823,52.140703120171,8.39187280366296));
#7092=CARTESIAN_POINT('Ctrl Pts',(76.0158570253906,52.1407031201707,8.45645250645414));
#7093=CARTESIAN_POINT('Ctrl Pts',(75.9738674091485,52.1407031201707,8.49882419287754));
#7094=CARTESIAN_POINT('Ctrl Pts',(75.9732815033485,52.1407031201707,8.49941275804471));
#7095=CARTESIAN_POINT('Ctrl Pts',(75.9726942613932,52.1407031201707,8.49999999999999));
#7096=CARTESIAN_POINT('',(76.1809843632846,52.1407031201707,7.));
#7097=CARTESIAN_POINT('',(76.1809843632846,52.1407031201707,7.));
#7098=CARTESIAN_POINT('',(77.0663457830455,52.1407031201707,7.));
#7099=CARTESIAN_POINT('',(48.8410211001647,52.1407031201707,7.));
#7100=CARTESIAN_POINT('',(77.0663457830455,52.1407031201707,1.5));
#7101=CARTESIAN_POINT('',(77.0663457830455,52.1407031201707,0.));
#7102=CARTESIAN_POINT('',(40.7415211001599,52.1407031201707,1.5));
#7103=CARTESIAN_POINT('Origin',(-28.5189788998353,39.9805273401237,8.75));
#7104=CARTESIAN_POINT('',(-28.7689788998353,50.9407031201707,9.));
#7105=CARTESIAN_POINT('',(-28.2689788998353,50.9407031201707,8.5));
#7106=CARTESIAN_POINT('',(-24.8439788998354,50.9407031201707,5.075));
#7107=CARTESIAN_POINT('',(-28.2689788998353,53.8907031201707,8.5));
#7108=CARTESIAN_POINT('',(-28.2689788998353,39.9805273401237,8.5));
#7109=CARTESIAN_POINT('',(-28.2689788998353,57.6773784372207,8.5));
#7110=CARTESIAN_POINT('',(-28.2689788998353,39.9805273401237,8.5));
#7111=CARTESIAN_POINT('',(-28.7689788998353,57.6773784372207,9.));
#7112=CARTESIAN_POINT('',(-28.2689788998353,57.6773784372207,8.5));
#7113=CARTESIAN_POINT('',(-28.7689788998353,39.9805273401237,9.));
#7114=CARTESIAN_POINT('Origin',(-29.7689788998353,57.6773784372207,8.75));
#7115=CARTESIAN_POINT('',(-29.7689788998353,59.1773784372207,8.5));
#7116=CARTESIAN_POINT('Origin',(-29.7689788998353,57.6773784372207,8.5));
#7117=CARTESIAN_POINT('',(-29.7689788998353,58.6773784372207,9.));
#7118=CARTESIAN_POINT('',(-29.7689788998353,59.1773784372207,8.5));
#7119=CARTESIAN_POINT('Origin',(-29.7689788998353,57.6773784372207,9.));
#7120=CARTESIAN_POINT('Origin',(-3.60764772911515,58.9273784372207,8.75));
#7121=CARTESIAN_POINT('',(-35.2456542169353,59.1773784372207,8.5));
#7122=CARTESIAN_POINT('',(-35.2456542169353,58.6773784372207,9.));
#7123=CARTESIAN_POINT('',(-35.2456542169353,59.1773784372207,8.5));
#7124=CARTESIAN_POINT('',(-3.60764772911515,58.6773784372207,9.));
#7125=CARTESIAN_POINT('',(-3.60764772911515,59.1773784372207,8.5));
#7126=CARTESIAN_POINT('Origin',(-35.2456542169353,55.6773784372207,8.75));
#7127=CARTESIAN_POINT('',(-38.7456542169353,55.6773784372207,8.5));
#7128=CARTESIAN_POINT('Origin',(-35.2456542169353,55.6773784372207,8.5));
#7129=CARTESIAN_POINT('',(-38.2456542169353,55.6773784372207,9.));
#7130=CARTESIAN_POINT('',(-38.7456542169353,55.6773784372207,8.5));
#7131=CARTESIAN_POINT('Origin',(-35.2456542169353,55.6773784372207,9.));
#7132=CARTESIAN_POINT('Origin',(-38.4956542169353,44.0988649986487,8.75));
#7133=CARTESIAN_POINT('',(-38.7456542169353,48.1407031201707,8.5));
#7134=CARTESIAN_POINT('',(-38.2456542169353,48.1407031201707,9.));
#7135=CARTESIAN_POINT('',(-38.7456542169353,48.1407031201707,8.5));
#7136=CARTESIAN_POINT('',(-38.2456542169353,44.0988649986487,9.));
#7137=CARTESIAN_POINT('',(-38.7456542169353,44.0988649986487,8.5));
#7138=CARTESIAN_POINT('Origin',(-37.2456542169353,48.1407031201707,8.75));
#7139=CARTESIAN_POINT('',(-37.2456542169353,46.6407031201707,8.5));
#7140=CARTESIAN_POINT('Origin',(-37.2456542169353,48.1407031201707,8.5));
#7141=CARTESIAN_POINT('',(-37.2456542169353,47.1407031201707,9.));
#7142=CARTESIAN_POINT('',(-37.2456542169353,46.6407031201707,8.5));
#7143=CARTESIAN_POINT('Origin',(-37.2456542169353,48.1407031201707,9.));
#7144=CARTESIAN_POINT('Origin',(-8.84598538766515,46.8907031201707,8.75));
#7145=CARTESIAN_POINT('',(-30.5089788998353,46.6407031201707,8.5));
#7146=CARTESIAN_POINT('',(-30.5089788998353,47.1407031201707,9.));
#7147=CARTESIAN_POINT('',(-30.5089788998353,46.3907031201707,8.25));
#7148=CARTESIAN_POINT('',(-8.84598538766515,47.1407031201707,9.));
#7149=CARTESIAN_POINT('',(-33.4589788998353,46.6407031201707,8.5));
#7150=CARTESIAN_POINT('',(-8.84598538766515,46.6407031201707,8.5));
#7151=CARTESIAN_POINT('',(-8.84598538766515,46.6407031201707,8.5));
#7152=CARTESIAN_POINT('Origin',(-38.7456542169353,46.6407031201707,7.));
#7153=CARTESIAN_POINT('',(-37.2456542169353,46.6407031201707,1.5));
#7154=CARTESIAN_POINT('',(-37.2456542169353,46.6407031201707,7.));
#7155=CARTESIAN_POINT('',(-36.4589788998353,46.6407031201707,1.5));
#7156=CARTESIAN_POINT('',(-37.6089788998353,46.6407031201707,1.5));
#7157=CARTESIAN_POINT('',(-36.4589788998353,46.6407031201707,5.5));
#7158=CARTESIAN_POINT('',(-36.4589788998353,46.6407031201707,7.));
#7159=CARTESIAN_POINT('Origin',(-33.4589788998353,46.6407031201707,5.5));
#7160=CARTESIAN_POINT('Origin',(-37.2456542169353,48.1407031201707,7.));
#7161=CARTESIAN_POINT('',(-38.7456542169353,48.1407031201707,1.5));
#7162=CARTESIAN_POINT('',(-38.7456542169353,48.1407031201707,7.));
#7163=CARTESIAN_POINT('Origin',(-37.2456542169353,48.1407031201707,1.5));
#7164=CARTESIAN_POINT('Origin',(-38.7456542169353,59.1773784372207,7.));
#7165=CARTESIAN_POINT('',(-38.7456542169353,55.6773784372207,1.5));
#7166=CARTESIAN_POINT('',(-38.7456542169353,55.6773784372207,7.));
#7167=CARTESIAN_POINT('',(-38.7456542169353,-1.13667531706725,1.5));
#7168=CARTESIAN_POINT('Origin',(-35.2456542169353,55.6773784372207,7.));
#7169=CARTESIAN_POINT('',(-35.2456542169353,59.1773784372207,1.5));
#7170=CARTESIAN_POINT('',(-35.2456542169353,59.1773784372207,7.));
#7171=CARTESIAN_POINT('Origin',(-35.2456542169353,55.6773784372207,1.5));
#7172=CARTESIAN_POINT('Origin',(-28.2689788998353,59.1773784372207,7.));
#7173=CARTESIAN_POINT('',(-29.7689788998353,59.1773784372207,1.5));
#7174=CARTESIAN_POINT('',(-29.7689788998353,59.1773784372207,7.));
#7175=CARTESIAN_POINT('',(-38.7456542169353,59.1773784372207,1.5));
#7176=CARTESIAN_POINT('Origin',(-29.7689788998353,57.6773784372207,7.));
#7177=CARTESIAN_POINT('',(-28.2689788998353,57.6773784372207,1.5));
#7178=CARTESIAN_POINT('',(-28.2689788998353,57.6773784372207,7.));
#7179=CARTESIAN_POINT('Origin',(-29.7689788998353,57.6773784372207,1.5));
#7180=CARTESIAN_POINT('Origin',(-28.2689788998353,50.9407031201707,7.));
#7181=CARTESIAN_POINT('',(-28.2689788998353,56.8907031201707,5.5));
#7182=CARTESIAN_POINT('Origin',(-28.2689788998353,53.8907031201707,5.5));
#7183=CARTESIAN_POINT('',(-28.2689788998353,56.8907031201707,1.5));
#7184=CARTESIAN_POINT('',(-28.2689788998353,56.8907031201707,7.));
#7185=CARTESIAN_POINT('',(-28.2689788998353,50.9407031201707,1.5));
#7186=CARTESIAN_POINT('Origin',(-35.55354516591,1.74070312017071,7.));
#7187=CARTESIAN_POINT('',(-34.6597766633261,2.94535156008535,1.5));
#7188=CARTESIAN_POINT('',(-35.55354516591,3.24070312017071,1.5));
#7189=CARTESIAN_POINT('Origin',(-35.55354516591,1.74070312017071,1.5));
#7190=CARTESIAN_POINT('',(-35.55354516591,3.24070312017071,6.69297073909326));
#7191=CARTESIAN_POINT('',(-35.55354516591,3.24070312017071,7.));
#7192=CARTESIAN_POINT('',(-34.6597766633261,2.94535156008536,6.39376850258398));
#7193=CARTESIAN_POINT('Ctrl Pts',(-34.6597766633261,2.94535156008535,6.39376850258398));
#7194=CARTESIAN_POINT('Ctrl Pts',(-34.7251962399135,2.99388850669059,6.45918807917141));
#7195=CARTESIAN_POINT('Ctrl Pts',(-34.8077736826757,3.04524427657942,6.51621489117917));
#7196=CARTESIAN_POINT('Ctrl Pts',(-34.9797491059259,3.13039843483129,6.60207996250458));
#7197=CARTESIAN_POINT('Ctrl Pts',(-35.0891106740061,3.1719196762424,6.63781933424006));
#7198=CARTESIAN_POINT('Ctrl Pts',(-35.319918208258,3.22714148074796,6.68304936414775));
#7199=CARTESIAN_POINT('Ctrl Pts',(-35.4413127827747,3.24070312017071,6.69297073909326));
#7200=CARTESIAN_POINT('Ctrl Pts',(-35.55354516591,3.24070312017071,6.69297073909326));
#7201=CARTESIAN_POINT('',(-34.6597766633261,2.94535156008535,7.));
#7202=CARTESIAN_POINT('Origin',(21.0536834416051,20.5020139015517,1.5));
#7203=CARTESIAN_POINT('',(4.33344317270675,5.40132468293275,1.5));
#7204=CARTESIAN_POINT('',(12.5723522708968,5.40132468293275,1.5));
#7205=CARTESIAN_POINT('',(5.65044440525266,3.65391902439199,1.5));
#7206=CARTESIAN_POINT('Origin',(2.2530211001455,2.46332468293275,1.5));
#7207=CARTESIAN_POINT('',(7.06603744904731,2.65,1.5));
#7208=CARTESIAN_POINT('Origin',(7.06603744904731,4.15,1.5));
#7209=CARTESIAN_POINT('',(72.4400047512437,2.65,1.5));
#7210=CARTESIAN_POINT('',(77.0663457830455,2.65,1.5));
#7211=CARTESIAN_POINT('Origin',(72.4400047512437,4.15,1.5));
#7212=CARTESIAN_POINT('',(75.49102110017,5.40132468293275,1.5));
#7213=CARTESIAN_POINT('',(48.1131412345947,5.40132468293275,1.5));
#7214=CARTESIAN_POINT('',(75.49102110017,5.60264881402952,1.5));
#7215=CARTESIAN_POINT('',(75.49102110017,12.9516692922422,1.5));
#7216=CARTESIAN_POINT('',(78.0033740413451,5.98425786372916,1.5));
#7217=CARTESIAN_POINT('Origin',(77.2530211001455,2.46332468293275,1.5));
#7218=CARTESIAN_POINT('',(79.8160211001783,7.45131335572767,1.5));
#7219=CARTESIAN_POINT('Origin',(78.3160211001782,7.45131335572767,1.5));
#7220=CARTESIAN_POINT('',(79.8160211001782,28.4753360101378,1.5));
#7221=CARTESIAN_POINT('',(79.8160211001783,-0.0986753170672502,1.5));
#7222=CARTESIAN_POINT('',(78.0033740413451,29.9423915021364,1.5));
#7223=CARTESIAN_POINT('Origin',(78.3160211001782,28.4753360101378,1.5));
#7224=CARTESIAN_POINT('',(76.0624267586631,36.8607479880318,1.5));
#7225=CARTESIAN_POINT('Origin',(77.2530211001455,33.4633246829328,1.5));
#7226=CARTESIAN_POINT('',(77.0663457830455,38.2763410318231,1.5));
#7227=CARTESIAN_POINT('Origin',(75.5663457830455,38.2763410318231,1.5));
#7228=CARTESIAN_POINT('',(77.0663457830455,38.6407031201707,1.5));
#7229=CARTESIAN_POINT('',(77.0663457830455,55.3907031201707,1.5));
#7230=CARTESIAN_POINT('',(78.5663457830455,40.1407031201707,1.5));
#7231=CARTESIAN_POINT('Origin',(78.5663457830455,38.6407031201707,1.5));
#7232=CARTESIAN_POINT('',(79.3530211001455,40.1407031201707,1.5));
#7233=CARTESIAN_POINT('',(50.9533522708753,40.1407031201707,1.5));
#7234=CARTESIAN_POINT('',(80.8530211001455,38.6407031201707,1.5));
#7235=CARTESIAN_POINT('Origin',(79.3530211001455,38.6407031201707,1.5));
#7236=CARTESIAN_POINT('',(80.8530211001455,2.36332468293275,1.5));
#7237=CARTESIAN_POINT('',(80.8530211001455,59.1773784372207,1.5));
#7238=CARTESIAN_POINT('',(77.3530211001455,-1.13667531706725,1.5));
#7239=CARTESIAN_POINT('Origin',(77.3530211001455,2.36332468293275,1.5));
#7240=CARTESIAN_POINT('',(-35.2456542169353,-1.13667531706725,1.5));
#7241=CARTESIAN_POINT('',(80.8530211001455,-1.13667531706725,1.5));
#7242=CARTESIAN_POINT('',(-38.5717327740503,1.27373694809917,1.5));
#7243=CARTESIAN_POINT('Origin',(-35.2456542169353,2.36332468293275,1.5));
#7244=CARTESIAN_POINT('',(-37.1462705352868,3.24070312017071,1.5));
#7245=CARTESIAN_POINT('Origin',(-37.1462705352868,1.74070312017071,1.5));
#7246=CARTESIAN_POINT('',(-37.6089788998353,3.24070312017071,1.5));
#7247=CARTESIAN_POINT('',(-33.7660081607421,2.65,1.5));
#7248=CARTESIAN_POINT('Origin',(-33.7660081607421,4.15,1.5));
#7249=CARTESIAN_POINT('',(-2.5599952487563,2.65,1.5));
#7250=CARTESIAN_POINT('',(77.0663457830455,2.65,1.5));
#7251=CARTESIAN_POINT('Origin',(-2.5599952487563,4.15,1.5));
#7252=CARTESIAN_POINT('',(75.7530211001455,33.4633246829328,1.5));
#7253=CARTESIAN_POINT('Origin',(77.2530211001455,33.4633246829328,1.5));
#7254=CARTESIAN_POINT('',(75.7530211001455,2.46332468293275,1.5));
#7255=CARTESIAN_POINT('Origin',(77.2530211001455,2.46332468293275,1.5));
#7256=CARTESIAN_POINT('',(0.753021100145503,2.46332468293275,1.5));
#7257=CARTESIAN_POINT('Origin',(2.2530211001455,2.46332468293275,1.5));
#7258=CARTESIAN_POINT('Origin',(-33.7660081607421,4.15,7.));
#7259=CARTESIAN_POINT('',(-33.7660081607421,2.65,5.5));
#7260=CARTESIAN_POINT('Origin',(-33.7660081607421,4.15,5.5));
#7261=CARTESIAN_POINT('',(-33.7660081607421,2.65,7.));
#7262=CARTESIAN_POINT('Origin',(72.4400047512376,53.8907031201707,5.5));
#7263=CARTESIAN_POINT('',(72.4400047512376,53.8907031201707,7.));
#7264=CARTESIAN_POINT('',(73.8555977950341,54.3867840957737,5.5));
#7265=CARTESIAN_POINT('Origin',(72.4400047512376,53.8907031201707,5.5));
#7266=CARTESIAN_POINT('',(72.4400047512376,55.3907031201707,5.5));
#7267=CARTESIAN_POINT('Origin',(72.4400047512376,53.8907031201707,5.5));
#7268=CARTESIAN_POINT('Origin',(72.4400047512376,53.8907031201707,5.5));
#7269=CARTESIAN_POINT('Origin',(-14.0689788998353,53.8907031201707,5.5));
#7270=CARTESIAN_POINT('',(-14.0689788998353,53.8907031201707,7.));
#7271=CARTESIAN_POINT('',(-14.0689788998353,55.3907031201707,5.5));
#7272=CARTESIAN_POINT('Origin',(-14.0689788998353,53.8907031201707,5.5));
#7273=CARTESIAN_POINT('Origin',(-14.0689788998353,53.8907031201707,8.5));
#7274=CARTESIAN_POINT('Origin',(-14.0689788998353,56.8907031201707,5.5));
#7275=CARTESIAN_POINT('Origin',(-14.0689788998353,44.0988649986487,8.5));
#7276=CARTESIAN_POINT('',(-14.0689788998353,50.9407031201707,7.));
#7277=CARTESIAN_POINT('Origin',(-14.0689788998353,50.9407031201707,8.5));
#7278=CARTESIAN_POINT('',(-14.0689788998353,44.0988649986487,7.));
#7279=CARTESIAN_POINT('Origin',(-14.0689788998353,56.8907031201707,7.));
#7280=CARTESIAN_POINT('',(-14.0689788998353,55.3907031201707,1.5));
#7281=CARTESIAN_POINT('Origin',(-14.0689788998353,56.8907031201707,1.5));
#7282=CARTESIAN_POINT('',(-14.0689788998353,55.3907031201707,7.));
#7283=CARTESIAN_POINT('Origin',(47.3557738771741,53.8907031201707,5.5));
#7284=CARTESIAN_POINT('',(47.3557738771741,53.8907031201707,7.));
#7285=CARTESIAN_POINT('',(47.3557738771741,55.3907031201707,5.5));
#7286=CARTESIAN_POINT('Origin',(72.4400047512376,53.8907031201707,7.));
#7287=CARTESIAN_POINT('',(72.4400047512376,55.3907031201707,1.5));
#7288=CARTESIAN_POINT('',(73.8555977950341,54.3867840957737,1.5));
#7289=CARTESIAN_POINT('Origin',(72.4400047512376,53.8907031201707,1.5));
#7290=CARTESIAN_POINT('',(73.8555977950341,54.3867840957737,7.));
#7291=CARTESIAN_POINT('',(72.4400047512376,55.3907031201707,7.));
#7292=CARTESIAN_POINT('Origin',(77.2530211001455,55.5773784372207,5.5));
#7293=CARTESIAN_POINT('',(73.9226857599684,54.2103135075384,5.5));
#7294=CARTESIAN_POINT('',(72.5350460348946,53.6407031201707,7.));
#7295=CARTESIAN_POINT('Origin',(72.5350460348946,53.6407031201707,5.5));
#7296=CARTESIAN_POINT('Origin',(77.2530211001455,55.5773784372207,7.));
#7297=CARTESIAN_POINT('Origin',(77.2530211001455,55.5773784372207,5.5));
#7298=CARTESIAN_POINT('Ctrl Pts',(76.3492609786733,52.0926664487148,8.5));
#7299=CARTESIAN_POINT('Ctrl Pts',(76.3492609786733,52.0926664487148,8.35943323660222));
#7300=CARTESIAN_POINT('Ctrl Pts',(76.2907287607412,52.1074675473051,8.08478464415609));
#7301=CARTESIAN_POINT('Ctrl Pts',(76.0665205165704,52.1741196518142,7.62689896806644));
#7302=CARTESIAN_POINT('Ctrl Pts',(75.5911068759235,52.3586128443186,6.95318590404457));
#7303=CARTESIAN_POINT('Ctrl Pts',(74.9588720849149,52.7522915332282,6.23470038594887));
#7304=CARTESIAN_POINT('Ctrl Pts',(74.3309662830891,53.4171680056769,5.65331916830592));
#7305=CARTESIAN_POINT('Ctrl Pts',(74.0357047326916,53.9349856348102,5.5));
#7306=CARTESIAN_POINT('Ctrl Pts',(73.9226857599684,54.2103135075384,5.5));
#7307=CARTESIAN_POINT('Ctrl Pts',(76.2790802238661,52.1108678288285,8.5));
#7308=CARTESIAN_POINT('Ctrl Pts',(76.2790802238661,52.1108678288285,8.37296535176543));
#7309=CARTESIAN_POINT('Ctrl Pts',(76.2163586324272,52.1278051546362,8.12473065147037));
#7310=CARTESIAN_POINT('Ctrl Pts',(75.9775378400572,52.2042681349976,7.7121517705086));
#7311=CARTESIAN_POINT('Ctrl Pts',(75.4764542799178,52.4136258863363,7.10983197633649));
#7312=CARTESIAN_POINT('Ctrl Pts',(74.8340651673835,52.8502413675462,6.48562452929455));
#7313=CARTESIAN_POINT('Ctrl Pts',(74.255363053193,53.5265060777941,6.02495887121883));
#7314=CARTESIAN_POINT('Ctrl Pts',(74.014415644329,53.9852941057571,5.93437827574963));
#7315=CARTESIAN_POINT('Ctrl Pts',(73.9226857599684,54.2103135075384,5.94879895051283));
#7316=CARTESIAN_POINT('Ctrl Pts',(76.1539510610756,52.1337987070418,8.5));
#7317=CARTESIAN_POINT('Ctrl Pts',(76.1539510610756,52.1337987070418,8.39664625022136));
#7318=CARTESIAN_POINT('Ctrl Pts',(76.0834529202728,52.1516772682252,8.19483550384992));
#7319=CARTESIAN_POINT('Ctrl Pts',(75.8146400037398,52.2321768582812,7.86184626591087));
#7320=CARTESIAN_POINT('Ctrl Pts',(75.2517292282594,52.4507837674609,7.38509441951851));
#7321=CARTESIAN_POINT('Ctrl Pts',(74.5354519081303,52.8994113643022,6.92711957560302));
#7322=CARTESIAN_POINT('Ctrl Pts',(73.908953712381,53.5410115306542,6.673637031536));
#7323=CARTESIAN_POINT('Ctrl Pts',(73.6665976417447,53.9089823723449,6.68844259712157));
#7324=CARTESIAN_POINT('Ctrl Pts',(73.5743189722254,54.0673128876176,6.72581131271009));
#7325=CARTESIAN_POINT('Ctrl Pts',(76.0270712195477,52.1407031201707,8.5));
#7326=CARTESIAN_POINT('Ctrl Pts',(76.0270712195477,52.1407031201707,8.41989261646496));
#7327=CARTESIAN_POINT('Ctrl Pts',(75.9478907850312,52.1540981207246,8.26338595368933));
#7328=CARTESIAN_POINT('Ctrl Pts',(75.6449266690882,52.2143404355912,8.00437004635768));
#7329=CARTESIAN_POINT('Ctrl Pts',(75.0046432786414,52.3789688123966,7.63018044495257));
#7330=CARTESIAN_POINT('Ctrl Pts',(74.1628685403207,52.7206701104031,7.25742293168202));
#7331=CARTESIAN_POINT('Ctrl Pts',(73.352012998396,53.2432427748535,7.01200252528941));
#7332=CARTESIAN_POINT('Ctrl Pts',(72.9863182875383,53.5953537156114,6.98323506760306));
#7333=CARTESIAN_POINT('Ctrl Pts',(72.8464316610461,53.7685233921966,6.99999999999999));
#7334=CARTESIAN_POINT('Ctrl Pts',(75.9726942613932,52.1407031201707,8.5));
#7335=CARTESIAN_POINT('Ctrl Pts',(75.9726942613932,52.1407031201707,8.42971661830111));
#7336=CARTESIAN_POINT('Ctrl Pts',(75.8897736193227,52.1511872316722,8.29239232207795));
#7337=CARTESIAN_POINT('Ctrl Pts',(75.5721452734141,52.1983991390327,8.06344948403314));
#7338=CARTESIAN_POINT('Ctrl Pts',(74.898642615831,52.3290818170567,7.72659295202221));
#7339=CARTESIAN_POINT('Ctrl Pts',(74.0029766619022,52.6079375550343,7.36735019297435));
#7340=CARTESIAN_POINT('Ctrl Pts',(73.113443442649,53.0788917230188,7.07665958415295));
#7341=CARTESIAN_POINT('Ctrl Pts',(72.6951562462527,53.4456792103212,6.99999999999999));
#7342=CARTESIAN_POINT('Ctrl Pts',(72.5350460348946,53.6407031201707,6.99999999999999));
#7343=CARTESIAN_POINT('Ctrl Pts',(75.9726942613932,52.1407031201707,8.5));
#7344=CARTESIAN_POINT('Ctrl Pts',(75.9726942613932,52.1407031201707,8.42971661830111));
#7345=CARTESIAN_POINT('Ctrl Pts',(75.8897736193227,52.1511872316722,8.29239232207795));
#7346=CARTESIAN_POINT('Ctrl Pts',(75.5721452734141,52.1983991390327,8.06344948403314));
#7347=CARTESIAN_POINT('Ctrl Pts',(74.898642615831,52.3290818170567,7.72659295202221));
#7348=CARTESIAN_POINT('Ctrl Pts',(74.0029766619022,52.6079375550343,7.36735019297435));
#7349=CARTESIAN_POINT('Ctrl Pts',(73.113443442649,53.0788917230188,7.07665958415295));
#7350=CARTESIAN_POINT('Ctrl Pts',(72.6951562462527,53.4456792103212,6.99999999999999));
#7351=CARTESIAN_POINT('Ctrl Pts',(72.5350460348946,53.6407031201707,6.99999999999999));
#7352=CARTESIAN_POINT('Ctrl Pts',(73.9226857599684,54.2103135075384,5.5));
#7353=CARTESIAN_POINT('Ctrl Pts',(74.0357047326916,53.9349856348102,5.5));
#7354=CARTESIAN_POINT('Ctrl Pts',(74.3309662830891,53.4171680056769,5.65331916830592));
#7355=CARTESIAN_POINT('Ctrl Pts',(74.9588720849149,52.7522915332282,6.23470038594887));
#7356=CARTESIAN_POINT('Ctrl Pts',(75.5911068759235,52.3586128443186,6.95318590404457));
#7357=CARTESIAN_POINT('Ctrl Pts',(76.0226225870238,52.1911550678686,7.56469080639308));
#7358=CARTESIAN_POINT('Ctrl Pts',(76.1605655732856,52.1470208467382,7.8248733167673));
#7359=CARTESIAN_POINT('Ctrl Pts',(76.1803800903812,52.1408555010646,7.86496342767776));
#7360=CARTESIAN_POINT('Origin',(32.6420211001551,54.6590407786957,1.5));
#7361=CARTESIAN_POINT('',(77.0663457830455,51.9822216498211,1.5));
#7362=CARTESIAN_POINT('',(77.0663457830455,52.3998719494332,1.5));
#7363=CARTESIAN_POINT('Origin',(77.2530211001455,55.5773784372207,1.5));
#7364=CARTESIAN_POINT('',(-34.9589788998353,55.3907031201707,1.5));
#7365=CARTESIAN_POINT('',(75.7530211001455,55.5773784372207,1.5));
#7366=CARTESIAN_POINT('Origin',(77.2530211001455,55.5773784372207,1.5));
#7367=CARTESIAN_POINT('Origin',(21.0536834416051,29.0203515600767,7.));
#7368=CARTESIAN_POINT('',(-29.7689788998353,50.9407031201707,7.));
#7369=CARTESIAN_POINT('',(-15.5689788998353,50.9407031201707,7.));
#7370=CARTESIAN_POINT('',(50.3410211001647,53.6407031201707,7.));
#7371=CARTESIAN_POINT('',(34.9473522708848,53.6407031201707,7.));
#7372=CARTESIAN_POINT('',(47.3410211001647,50.6407031201707,7.));
#7373=CARTESIAN_POINT('Origin',(50.3410211001647,50.6407031201707,7.));
#7374=CARTESIAN_POINT('',(47.3410211001647,41.6407031201707,7.));
#7375=CARTESIAN_POINT('',(47.3410211001647,35.5805273401237,7.));
#7376=CARTESIAN_POINT('',(50.3410211001647,38.6407031201707,7.));
#7377=CARTESIAN_POINT('Origin',(50.3410211001647,41.6407031201707,7.));
#7378=CARTESIAN_POINT('',(75.5663457830455,38.6407031201707,7.));
#7379=CARTESIAN_POINT('',(50.9533522708753,38.6407031201707,7.));
#7380=CARTESIAN_POINT('',(75.5663457830455,38.2763410318231,7.));
#7381=CARTESIAN_POINT('',(75.5663457830455,33.0394165152046,7.));
#7382=CARTESIAN_POINT('',(73.7034076000585,29.8013246829328,7.));
#7383=CARTESIAN_POINT('Origin',(77.2530211001455,33.4633246829328,7.));
#7384=CARTESIAN_POINT('',(48.2723522708876,29.8013246829328,7.));
#7385=CARTESIAN_POINT('',(-2.5599952487563,4.15,7.));
#7386=CARTESIAN_POINT('Origin',(2.2530211001455,2.46332468293275,7.));
#7387=CARTESIAN_POINT('',(-30.5089788998353,4.15,7.));
#7388=CARTESIAN_POINT('',(-6.95264772911514,4.15,7.));
#7389=CARTESIAN_POINT('',(-30.5089788998353,48.1407031201707,7.));
#7390=CARTESIAN_POINT('',(-30.5089788998353,46.6407031201707,7.));
#7391=CARTESIAN_POINT('',(-33.4589788998353,48.1407031201707,7.));
#7392=CARTESIAN_POINT('',(-8.84598538766515,48.1407031201707,7.));
#7393=CARTESIAN_POINT('',(-33.4589788998353,50.7643620883129,7.));
#7394=CARTESIAN_POINT('',(-33.4589788998353,40.5012866049476,7.));
#7395=CARTESIAN_POINT('',(-30.3326378679775,53.8907031201707,7.));
#7396=CARTESIAN_POINT('Origin',(-35.1456542168853,55.5773784372207,7.));
#7397=CARTESIAN_POINT('',(-29.7689788998353,53.8907031201707,7.));
#7398=CARTESIAN_POINT('',(-3.60764772911515,53.8907031201707,7.));
#7399=CARTESIAN_POINT('',(-29.7689788998353,39.9805273401237,7.));
#7400=CARTESIAN_POINT('',(26.8410211001647,46.3257031201707,7.));
#7401=CARTESIAN_POINT('Origin',(32.8410211001647,46.3257031201707,7.));
#7402=CARTESIAN_POINT('',(0.0860211001646549,49.1830030254094,7.));
#7403=CARTESIAN_POINT('',(0.0860211001646594,43.468403214932,7.));
#7404=CARTESIAN_POINT('Ctrl Pts',(0.0860211001646499,49.1830030254094,7.));
#7405=CARTESIAN_POINT('Ctrl Pts',(0.802240765837168,50.4563715979368,7.));
#7406=CARTESIAN_POINT('Ctrl Pts',(3.23236572282299,52.4267118327587,7.));
#7407=CARTESIAN_POINT('Ctrl Pts',(7.92614523696901,52.1151821613794,7.));
#7408=CARTESIAN_POINT('Ctrl Pts',(11.1205598649108,48.6696824146523,7.));
#7409=CARTESIAN_POINT('Ctrl Pts',(11.1314463266208,43.9769819642173,7.00000000000001));
#7410=CARTESIAN_POINT('Ctrl Pts',(7.92177618643878,40.5441296741565,7.));
#7411=CARTESIAN_POINT('Ctrl Pts',(3.23024704715651,40.2133019987839,7.));
#7412=CARTESIAN_POINT('Ctrl Pts',(0.803646041079625,42.192536200355,7.));
#7413=CARTESIAN_POINT('Ctrl Pts',(0.0860211001646574,43.468403214932,7.));
#7414=CARTESIAN_POINT('',(-9.12450513525309,50.4377969623639,7.));
#7415=CARTESIAN_POINT('Ctrl Pts',(-9.12439863185782,50.437101396502,7.));
#7416=CARTESIAN_POINT('Ctrl Pts',(-8.6543730883447,50.9105132940666,7.));
#7417=CARTESIAN_POINT('Ctrl Pts',(-6.90354432368991,52.1681114862828,7.));
#7418=CARTESIAN_POINT('Ctrl Pts',(-3.06043286174104,52.4319902894824,7.));
#7419=CARTESIAN_POINT('Ctrl Pts',(-0.631154865052014,50.4580718050713,7.));
#7420=CARTESIAN_POINT('Ctrl Pts',(0.0860211001646608,49.1830030254094,7.));
#7421=CARTESIAN_POINT('',(-10.8224042611578,46.3211692508637,7.));
#7422=CARTESIAN_POINT('Ctrl Pts',(-10.8224042611578,46.3211692508637,7.));
#7423=CARTESIAN_POINT('Ctrl Pts',(-10.8224529323033,46.3837374723298,7.));
#7424=CARTESIAN_POINT('Ctrl Pts',(-10.8214938128169,46.4462249087067,7.00000000016887));
#7425=CARTESIAN_POINT('Ctrl Pts',(-10.8195360731038,46.5085866061866,6.99999999958485));
#7426=CARTESIAN_POINT('Ctrl Pts',(-10.8149971839573,46.6531680487354,6.99999999823082));
#7427=CARTESIAN_POINT('Ctrl Pts',(-10.8049690801118,46.7981525041327,6.99999999899534));
#7428=CARTESIAN_POINT('Ctrl Pts',(-10.789482603829,46.9428876810687,6.9999998713663));
#7429=CARTESIAN_POINT('Ctrl Pts',(-10.7740217770075,47.0873831405084,6.99999974394865));
#7430=CARTESIAN_POINT('Ctrl Pts',(-10.7531209208187,47.2316294315473,6.99999947116385));
#7431=CARTESIAN_POINT('Ctrl Pts',(-10.7268593516039,47.3749946629827,6.99999899886073));
#7432=CARTESIAN_POINT('Ctrl Pts',(-10.7007832850831,47.5173472117244,6.9999985298938));
#7433=CARTESIAN_POINT('Ctrl Pts',(-10.6694222987367,47.658830490794,6.99999786185613));
#7434=CARTESIAN_POINT('Ctrl Pts',(-10.6328974342467,47.7988527192617,6.99999716217292));
#7435=CARTESIAN_POINT('Ctrl Pts',(-10.5969160130484,47.9367915959684,6.9999964729001));
#7436=CARTESIAN_POINT('Ctrl Pts',(-10.5559235982576,48.0733121165633,6.99999576415047));
#7437=CARTESIAN_POINT('Ctrl Pts',(-10.5100729636385,48.2078824926004,6.99999534173607));
#7438=CARTESIAN_POINT('Ctrl Pts',(-10.4812563492625,48.2924584786232,6.99999507625331));
#7439=CARTESIAN_POINT('Ctrl Pts',(-10.4505214647977,48.3762648657537,6.99999492715488));
#7440=CARTESIAN_POINT('Ctrl Pts',(-10.4179129493028,48.4591778203483,6.99999495614829));
#7441=CARTESIAN_POINT('Ctrl Pts',(-10.3851149940277,48.5425724593022,6.99999498531014));
#7442=CARTESIAN_POINT('Ctrl Pts',(-10.3504217051294,48.625063271321,6.99999519786376));
#7443=CARTESIAN_POINT('Ctrl Pts',(-10.3139450841356,48.7065690703264,6.99999559838196));
#7444=CARTESIAN_POINT('Ctrl Pts',(-10.2579487392368,48.8316910445665,6.99999621322936));
#7445=CARTESIAN_POINT('Ctrl Pts',(-10.1972559928684,48.9551929479239,6.99999685701817));
#7446=CARTESIAN_POINT('Ctrl Pts',(-10.1320813512944,49.0766310934691,6.99999742840012));
#7447=CARTESIAN_POINT('Ctrl Pts',(-10.0652560575608,49.2011448545044,6.99999801425323));
#7448=CARTESIAN_POINT('Ctrl Pts',(-9.99371903859759,49.3234884599963,6.99999852265025));
#7449=CARTESIAN_POINT('Ctrl Pts',(-9.91775630321592,49.4431940104207,6.99999890836821));
#7450=CARTESIAN_POINT('Ctrl Pts',(-9.84196367751339,49.5626314942375,6.9999992932224));
#7451=CARTESIAN_POINT('Ctrl Pts',(-9.76176549235202,49.6794422078076,6.99999955684551));
#7452=CARTESIAN_POINT('Ctrl Pts',(-9.67749611271285,49.7931794975937,6.99999972030768));
#7453=CARTESIAN_POINT('Ctrl Pts',(-9.59294303059607,49.9072996969377,6.99999988432017));
#7454=CARTESIAN_POINT('Ctrl Pts',(-9.50429164470073,50.0183251964053,6.99999995037096));
#7455=CARTESIAN_POINT('Ctrl Pts',(-9.41192513585136,50.1258310994291,6.99999997805674));
#7456=CARTESIAN_POINT('Ctrl Pts',(-9.319558627002,50.2333370024529,7.00000000574251));
#7457=CARTESIAN_POINT('Ctrl Pts',(-9.22347739942154,50.3373227804626,7.));
#7458=CARTESIAN_POINT('Ctrl Pts',(-9.12410428313614,50.4373978451631,7.));
#7459=CARTESIAN_POINT('Ctrl Pts',(0.0860211001646563,43.468403214932,7.));
#7460=CARTESIAN_POINT('Ctrl Pts',(-0.630882198714051,42.1938192093725,7.));
#7461=CARTESIAN_POINT('Ctrl Pts',(-3.0474796029493,40.2289672825314,7.));
#7462=CARTESIAN_POINT('Ctrl Pts',(-7.7432254110787,40.5387274982189,7.));
#7463=CARTESIAN_POINT('Ctrl Pts',(-10.4116771580414,43.3957661188283,7.00000000000001));
#7464=CARTESIAN_POINT('Ctrl Pts',(-10.8218384415262,45.5937910961309,7.));
#7465=CARTESIAN_POINT('Ctrl Pts',(-10.8224042611578,46.3211692508637,7.));
#7466=CARTESIAN_POINT('',(-14.1089788998353,7.04070312017071,7.));
#7467=CARTESIAN_POINT('',(-29.3089788998353,7.04070312017071,7.));
#7468=CARTESIAN_POINT('',(-14.1089788998353,7.04070312017071,7.));
#7469=CARTESIAN_POINT('',(-14.1089788998353,50.3907031201707,7.));
#7470=CARTESIAN_POINT('',(-14.1089788998353,50.3907031201707,7.));
#7471=CARTESIAN_POINT('',(-29.3089788998353,50.3907031201707,7.));
#7472=CARTESIAN_POINT('',(-29.3089788998353,50.3907031201707,7.));
#7473=CARTESIAN_POINT('',(-29.3089788998353,7.04070312017071,7.));
#7474=CARTESIAN_POINT('',(-1.80897889982425,33.4633246829328,7.));
#7475=CARTESIAN_POINT('Origin',(2.2530211001455,33.4633246829328,7.));
#7476=CARTESIAN_POINT('Origin',(34.9473522708848,53.6407031201707,8.5));
#7477=CARTESIAN_POINT('Origin',(50.3410211001647,53.6407031201707,8.5));
#7478=CARTESIAN_POINT('Ctrl Pts',(1.31863579073062,48.4897058130964,6.));
#7479=CARTESIAN_POINT('Ctrl Pts',(1.86107142459602,49.4541033602297,6.));
#7480=CARTESIAN_POINT('Ctrl Pts',(3.70154919223308,50.9463588866156,6.));
#7481=CARTESIAN_POINT('Ctrl Pts',(7.25642681988028,50.7104189887578,6.));
#7482=CARTESIAN_POINT('Ctrl Pts',(9.67574648755435,48.1009376680459,6.));
#7483=CARTESIAN_POINT('Ctrl Pts',(9.68399145071479,44.5468772793494,6.));
#7484=CARTESIAN_POINT('Ctrl Pts',(7.25311787877276,41.946974627728,6.));
#7485=CARTESIAN_POINT('Ctrl Pts',(3.69994459348609,41.6964192068259,6.));
#7486=CARTESIAN_POINT('Ctrl Pts',(1.86213572288804,43.1954106617578,6.));
#7487=CARTESIAN_POINT('Ctrl Pts',(1.31863579073063,44.161700427245,6.));
#7488=CARTESIAN_POINT('Ctrl Pts',(1.22922810968946,48.5399941120269,6.29013991712237));
#7489=CARTESIAN_POINT('Ctrl Pts',(1.78414131452646,49.5265755609687,6.29013991712237));
#7490=CARTESIAN_POINT('Ctrl Pts',(3.6677075349083,51.0534883857798,6.29013991712237));
#7491=CARTESIAN_POINT('Ctrl Pts',(7.30468328680365,50.8118085128941,6.29013991712237));
#7492=CARTESIAN_POINT('Ctrl Pts',(9.78028372816797,48.1420142852701,6.29013991712237));
#7493=CARTESIAN_POINT('Ctrl Pts',(9.78848842249238,44.5057098256504,6.29013991712237));
#7494=CARTESIAN_POINT('Ctrl Pts',(7.301486053404,41.8455450351143,6.29013991712236));
#7495=CARTESIAN_POINT('Ctrl Pts',(3.66613333764336,41.5892445746388,6.29013991712237));
#7496=CARTESIAN_POINT('Ctrl Pts',(1.78523009472315,43.1228949345848,6.29013991712237));
#7497=CARTESIAN_POINT('Ctrl Pts',(1.22922810968947,44.1114121283146,6.29013991712237));
#7498=CARTESIAN_POINT('Ctrl Pts',(0.889858312690161,48.7308762554928,6.80427978617782));
#7499=CARTESIAN_POINT('Ctrl Pts',(1.49279743297952,49.8028430887448,6.80427978617782));
#7500=CARTESIAN_POINT('Ctrl Pts',(3.53826303456538,51.4614134094737,6.80427978617782));
#7501=CARTESIAN_POINT('Ctrl Pts',(7.48952329127312,51.1992813008154,6.80427978617782));
#7502=CARTESIAN_POINT('Ctrl Pts',(10.178443949989,48.2988519276331,6.80427978617781));
#7503=CARTESIAN_POINT('Ctrl Pts',(10.1877001965907,44.3485657241666,6.80427978617782));
#7504=CARTESIAN_POINT('Ctrl Pts',(7.48577041299026,41.4588510100813,6.80427978617781));
#7505=CARTESIAN_POINT('Ctrl Pts',(3.53645263117835,41.1803411839345,6.80427978617782));
#7506=CARTESIAN_POINT('Ctrl Pts',(1.4939804435265,42.8464598744546,6.80427978617782));
#7507=CARTESIAN_POINT('Ctrl Pts',(0.889858312690167,43.9205299848486,6.80427978617782));
#7508=CARTESIAN_POINT('Ctrl Pts',(0.354244143288118,49.0321381286182,7.));
#7509=CARTESIAN_POINT('Ctrl Pts',(1.03262295830439,50.2382293667008,7.));
#7510=CARTESIAN_POINT('Ctrl Pts',(3.33449900884839,52.1045320531575,7.));
#7511=CARTESIAN_POINT('Ctrl Pts',(7.78034936532813,51.8094016514556,7.));
#7512=CARTESIAN_POINT('Ctrl Pts',(10.8061109023043,48.5458866579122,7.));
#7513=CARTESIAN_POINT('Ctrl Pts',(10.8163779693558,44.1010266710799,7.00000000000001));
#7514=CARTESIAN_POINT('Ctrl Pts',(7.77624727054865,40.8494583064591,7.));
#7515=CARTESIAN_POINT('Ctrl Pts',(3.33250521651497,40.5361131755646,7.));
#7516=CARTESIAN_POINT('Ctrl Pts',(1.03395398703684,42.41081043463,7.));
#7517=CARTESIAN_POINT('Ctrl Pts',(0.354244143288125,43.6192681117233,7.));
#7518=CARTESIAN_POINT('Ctrl Pts',(0.0860211001646499,49.1830030254094,7.));
#7519=CARTESIAN_POINT('Ctrl Pts',(0.802240765837168,50.4563715979368,7.));
#7520=CARTESIAN_POINT('Ctrl Pts',(3.23236572282299,52.4267118327587,7.));
#7521=CARTESIAN_POINT('Ctrl Pts',(7.92614523696901,52.1151821613794,7.));
#7522=CARTESIAN_POINT('Ctrl Pts',(11.1205598649108,48.6696824146523,7.));
#7523=CARTESIAN_POINT('Ctrl Pts',(11.1314463266208,43.9769819642173,7.00000000000001));
#7524=CARTESIAN_POINT('Ctrl Pts',(7.92177618643878,40.5441296741565,7.));
#7525=CARTESIAN_POINT('Ctrl Pts',(3.23024704715651,40.2133019987839,7.));
#7526=CARTESIAN_POINT('Ctrl Pts',(0.803646041079625,42.192536200355,7.));
#7527=CARTESIAN_POINT('Ctrl Pts',(0.0860211001646574,43.468403214932,7.));
#7528=CARTESIAN_POINT('',(1.31863579073063,44.161700427245,6.));
#7529=CARTESIAN_POINT('Origin',(0.0860211001646652,43.468403214932,5.5));
#7530=CARTESIAN_POINT('',(9.57897693982965,46.3257008793077,6.00044337859346));
#7531=CARTESIAN_POINT('Ctrl Pts',(1.31863579073063,44.161700427245,6.));
#7532=CARTESIAN_POINT('Ctrl Pts',(1.37319685189299,44.0646961925139,6.));
#7533=CARTESIAN_POINT('Ctrl Pts',(1.43158978714439,43.9697669060167,6.00004505431406));
#7534=CARTESIAN_POINT('Ctrl Pts',(1.49349483777668,43.8772666155936,6.0001112112131));
#7535=CARTESIAN_POINT('Ctrl Pts',(1.55592635148558,43.7839796690418,6.00017793073449));
#7536=CARTESIAN_POINT('Ctrl Pts',(1.62192954028219,43.6931636853499,6.00026611274807));
#7537=CARTESIAN_POINT('Ctrl Pts',(1.69113189536523,43.6051528426067,6.00035119159266));
#7538=CARTESIAN_POINT('Ctrl Pts',(1.76071933721423,43.5166522504792,6.0004367438711));
#7539=CARTESIAN_POINT('Ctrl Pts',(1.83354115456536,43.4309885724497,6.00051915842503));
#7540=CARTESIAN_POINT('Ctrl Pts',(1.90918079099118,43.3484652896298,6.00057346321434));
#7541=CARTESIAN_POINT('Ctrl Pts',(1.921126657456,43.3354322799091,6.00058203964056));
#7542=CARTESIAN_POINT('Ctrl Pts',(1.93314273955609,43.3224775173648,6.00058991495296));
#7543=CARTESIAN_POINT('Ctrl Pts',(1.94522732368575,43.3096021034721,6.00059699078874));
#7544=CARTESIAN_POINT('Ctrl Pts',(2.0242424545217,43.2254161271583,6.00064325618636));
#7545=CARTESIAN_POINT('Ctrl Pts',(2.10682101164042,43.1439571367598,6.00064618625041));
#7546=CARTESIAN_POINT('Ctrl Pts',(2.19262445292028,43.0656269371801,6.00062145935352));
#7547=CARTESIAN_POINT('Ctrl Pts',(2.27930459840502,42.9864963918996,6.00059647980738));
#7548=CARTESIAN_POINT('Ctrl Pts',(2.36927541214112,42.9105594127017,6.00054327477219));
#7549=CARTESIAN_POINT('Ctrl Pts',(2.46214579052921,42.8381978650549,6.00047800540795));
#7550=CARTESIAN_POINT('Ctrl Pts',(2.55491301613179,42.7659166906695,6.00041280853955));
#7551=CARTESIAN_POINT('Ctrl Pts',(2.65057280903347,42.6972034511797,6.0003355739241));
#7552=CARTESIAN_POINT('Ctrl Pts',(2.74870135349385,42.6323995063054,6.00026241127926));
#7553=CARTESIAN_POINT('Ctrl Pts',(2.84571706821315,42.5683304725376,6.00019007833762));
#7554=CARTESIAN_POINT('Ctrl Pts',(2.9451452689113,42.5080828955595,6.00012172560515));
#7555=CARTESIAN_POINT('Ctrl Pts',(3.04655176323157,42.4519426785183,6.00007292414408));
#7556=CARTESIAN_POINT('Ctrl Pts',(3.13931659298772,42.4005866217765,6.00002828144877));
#7557=CARTESIAN_POINT('Ctrl Pts',(3.23373632875641,42.3526674249018,6.));
#7558=CARTESIAN_POINT('Ctrl Pts',(3.32946637986421,42.3083677032165,6.));
#7559=CARTESIAN_POINT('Ctrl Pts',(3.42797539747066,42.2627819961897,6.));
#7560=CARTESIAN_POINT('Ctrl Pts',(3.52855282008006,42.2207265326811,6.00000000000044));
#7561=CARTESIAN_POINT('Ctrl Pts',(3.63083075453594,42.182535454488,6.00000182481858));
#7562=CARTESIAN_POINT('Ctrl Pts',(3.69743162537172,42.1576663653794,6.0000030130952));
#7563=CARTESIAN_POINT('Ctrl Pts',(3.76475291200132,42.134435077982,6.00000497514834));
#7564=CARTESIAN_POINT('Ctrl Pts',(3.83268704882496,42.1129235453128,6.0000082148366));
#7565=CARTESIAN_POINT('Ctrl Pts',(3.93576653704231,42.0802831397378,6.00001313055974));
#7566=CARTESIAN_POINT('Ctrl Pts',(4.0402576469859,42.0516047660859,6.00002098783305));
#7567=CARTESIAN_POINT('Ctrl Pts',(4.14569607004294,42.0269221746601,6.00003354678802));
#7568=CARTESIAN_POINT('Ctrl Pts',(4.2521132264883,42.0020104667923,6.00004622232163));
#7569=CARTESIAN_POINT('Ctrl Pts',(4.35949471981598,41.9811690885332,6.0000636872381));
#7570=CARTESIAN_POINT('Ctrl Pts',(4.46735163642966,41.9643804340707,6.00008775095742));
#7571=CARTESIAN_POINT('Ctrl Pts',(4.57597477308138,41.947472512306,6.0001119856264));
#7572=CARTESIAN_POINT('Ctrl Pts',(4.68507942880424,41.9346750729038,6.00014291320088));
#7573=CARTESIAN_POINT('Ctrl Pts',(4.79416460599886,41.9259173976698,6.00018238158317));
#7574=CARTESIAN_POINT('Ctrl Pts',(4.86024204568928,41.9206125086649,6.0002062892278));
#7575=CARTESIAN_POINT('Ctrl Pts',(4.92631235397286,41.9167888819284,6.00023333068369));
#7576=CARTESIAN_POINT('Ctrl Pts',(4.99226550805276,41.9144215956958,6.00026391656902));
#7577=CARTESIAN_POINT('Ctrl Pts',(5.10954655577022,41.9102119742839,6.00031830585074));
#7578=CARTESIAN_POINT('Ctrl Pts',(5.22744684395389,41.9105905124217,6.00033906676276));
#7579=CARTESIAN_POINT('Ctrl Pts',(5.34541889350357,41.9155985935583,6.00033775146714));
#7580=CARTESIAN_POINT('Ctrl Pts',(5.46446722689652,41.9206523644733,6.0003364241718));
#7581=CARTESIAN_POINT('Ctrl Pts',(5.58358792274015,41.9304205767001,6.00031261574779));
#7582=CARTESIAN_POINT('Ctrl Pts',(5.70221176696416,41.9448932727728,6.00027819497056));
#7583=CARTESIAN_POINT('Ctrl Pts',(5.82055499458876,41.9593317322315,6.00024385561913));
#7584=CARTESIAN_POINT('Ctrl Pts',(5.93840298634182,41.9784523602215,6.00019895393344));
#7585=CARTESIAN_POINT('Ctrl Pts',(6.05519491024235,42.0021937493756,6.00015527525777));
#7586=CARTESIAN_POINT('Ctrl Pts',(6.17040446904688,42.0256134763438,6.00011218836627));
#7587=CARTESIAN_POINT('Ctrl Pts',(6.28458572618,42.0535294114713,6.00007029158621));
#7588=CARTESIAN_POINT('Ctrl Pts',(6.39721486094507,42.085834611472,6.00004089909866));
#7589=CARTESIAN_POINT('Ctrl Pts',(6.4928485343452,42.1132650356907,6.0000159418657));
#7590=CARTESIAN_POINT('Ctrl Pts',(6.58736319467571,42.1438591761363,6.));
#7591=CARTESIAN_POINT('Ctrl Pts',(6.68045176425958,42.1775253098301,6.));
#7592=CARTESIAN_POINT('Ctrl Pts',(6.78487501438034,42.2152907101905,6.));
#7593=CARTESIAN_POINT('Ctrl Pts',(6.88822706813778,42.2571923034311,6.00000000000016));
#7594=CARTESIAN_POINT('Ctrl Pts',(6.98998595027125,42.3032126009342,6.00000113299047));
#7595=CARTESIAN_POINT('Ctrl Pts',(7.01544912061478,42.3147282804505,6.00000141649913));
#7596=CARTESIAN_POINT('Ctrl Pts',(7.04081257979993,42.3265016034283,6.00000177095028));
#7597=CARTESIAN_POINT('Ctrl Pts',(7.06606826252078,42.338531794828,6.00000221409579));
#7598=CARTESIAN_POINT('Ctrl Pts',(7.16548632874438,42.3858882008486,6.00000395852182));
#7599=CARTESIAN_POINT('Ctrl Pts',(7.26323268074573,42.4372288863744,6.00000707733517));
#7600=CARTESIAN_POINT('Ctrl Pts',(7.35892656564734,42.4922694903957,6.00001265336069));
#7601=CARTESIAN_POINT('Ctrl Pts',(7.45550414716139,42.5478183734503,6.00001828087868));
#7602=CARTESIAN_POINT('Ctrl Pts',(7.54999067757206,42.6071354140185,6.00002641120419));
#7603=CARTESIAN_POINT('Ctrl Pts',(7.64202023243474,42.6698809257096,6.00003815738798));
#7604=CARTESIAN_POINT('Ctrl Pts',(7.73468011672118,42.7330561943661,6.00004998402381));
#7605=CARTESIAN_POINT('Ctrl Pts',(7.82484875286336,42.7997065829843,6.00006547622349));
#7606=CARTESIAN_POINT('Ctrl Pts',(7.91218593595904,42.8694443283326,6.00008576995864));
#7607=CARTESIAN_POINT('Ctrl Pts',(7.99065800361731,42.9321033800371,6.00010400378874));
#7608=CARTESIAN_POINT('Ctrl Pts',(8.06684447003784,42.9972540314728,6.00012611387214));
#7609=CARTESIAN_POINT('Ctrl Pts',(8.14052611292296,43.0645919963791,6.00015292406227));
#7610=CARTESIAN_POINT('Ctrl Pts',(8.22616526917906,43.1428579833028,6.0001840851761));
#7611=CARTESIAN_POINT('Ctrl Pts',(8.30913177998188,43.2247417203003,6.00019619669854));
#7612=CARTESIAN_POINT('Ctrl Pts',(8.38899362341335,43.3099163443427,6.00019572868423));
#7613=CARTESIAN_POINT('Ctrl Pts',(8.46942722926585,43.395700767097,6.00019525731922));
#7614=CARTESIAN_POINT('Ctrl Pts',(8.54671100364554,43.4848229225584,6.00018202556254));
#7615=CARTESIAN_POINT('Ctrl Pts',(8.62043397801899,43.5769058550519,6.00016264263325));
#7616=CARTESIAN_POINT('Ctrl Pts',(8.69391617622855,43.668688048523,6.0001433230078));
#7617=CARTESIAN_POINT('Ctrl Pts',(8.76386031209928,43.7634111712106,6.00011789228099));
#7618=CARTESIAN_POINT('Ctrl Pts',(8.8298972059045,43.8606668700676,6.00009289530294));
#7619=CARTESIAN_POINT('Ctrl Pts',(8.8949630802038,43.9564925019544,6.00006826588537));
#7620=CARTESIAN_POINT('Ctrl Pts',(8.95623542171542,44.0547762083333,6.00004405755822));
#7621=CARTESIAN_POINT('Ctrl Pts',(9.01340389750339,44.1551016025595,6.00002653113137));
#7622=CARTESIAN_POINT('Ctrl Pts',(9.06584352462157,44.2471283041846,6.00001045445141));
#7623=CARTESIAN_POINT('Ctrl Pts',(9.11483036189936,44.3408723223362,6.));
#7624=CARTESIAN_POINT('Ctrl Pts',(9.16016106524438,44.4359987615511,6.));
#7625=CARTESIAN_POINT('Ctrl Pts',(9.20230698042427,44.524441925735,6.));
#7626=CARTESIAN_POINT('Ctrl Pts',(9.24149051538761,44.614504149304,6.));
#7627=CARTESIAN_POINT('Ctrl Pts',(9.27747169486438,44.7059035688619,6.));
#7628=CARTESIAN_POINT('Ctrl Pts',(9.3160320883333,44.8038547097705,6.));
#7629=CARTESIAN_POINT('Ctrl Pts',(9.35091371257111,44.9033414347151,6.));
#7630=CARTESIAN_POINT('Ctrl Pts',(9.38206223759273,45.0039232358113,6.));
#7631=CARTESIAN_POINT('Ctrl Pts',(9.41362602786743,45.1058459712555,6.));
#7632=CARTESIAN_POINT('Ctrl Pts',(9.44135642833278,45.2088925635178,6.));
#7633=CARTESIAN_POINT('Ctrl Pts',(9.465248336807,45.3125911503727,6.));
#7634=CARTESIAN_POINT('Ctrl Pts',(9.46871207045817,45.3276248713187,6.));
#7635=CARTESIAN_POINT('Ctrl Pts',(9.47209521576121,45.3426722823355,6.));
#7636=CARTESIAN_POINT('Ctrl Pts',(9.47539784683748,45.357731934598,6.));
#7637=CARTESIAN_POINT('Ctrl Pts',(9.50044292928081,45.4719348908997,6.));
#7638=CARTESIAN_POINT('Ctrl Pts',(9.52097789740028,45.5873533473592,6.0000339967168));
#7639=CARTESIAN_POINT('Ctrl Pts',(9.53695430772764,45.7034552361864,6.0000859700884));
#7640=CARTESIAN_POINT('Ctrl Pts',(9.55304589174207,45.8203941016771,6.0001383181352));
#7641=CARTESIAN_POINT('Ctrl Pts',(9.56451288119411,45.9380255832809,6.00020890264812));
#7642=CARTESIAN_POINT('Ctrl Pts',(9.57135768988503,46.0557963011127,6.00028135544878));
#7643=CARTESIAN_POINT('Ctrl Pts',(9.57658669263276,46.1457657122316,6.00033670482535));
#7644=CARTESIAN_POINT('Ctrl Pts',(9.57911925102073,46.2358160974095,6.00039314458225));
#7645=CARTESIAN_POINT('Ctrl Pts',(9.57897693982965,46.3257008793077,6.00044337859346));
#7646=CARTESIAN_POINT('',(1.31863579073062,48.4897058130964,6.));
#7647=CARTESIAN_POINT('Ctrl Pts',(9.57897693982965,46.3257008793077,6.00044337859346));
#7648=CARTESIAN_POINT('Ctrl Pts',(9.57879655115488,46.4396356764741,6.00050705346431));
#7649=CARTESIAN_POINT('Ctrl Pts',(9.57430347327822,46.5540247176427,6.00052747461661));
#7650=CARTESIAN_POINT('Ctrl Pts',(9.56543323542407,46.6683427151502,6.00051940793267));
#7651=CARTESIAN_POINT('Ctrl Pts',(9.55654634980756,46.7828752659636,6.00051132610908));
#7652=CARTESIAN_POINT('Ctrl Pts',(9.54326583281853,46.897335807269,6.00047464897364));
#7653=CARTESIAN_POINT('Ctrl Pts',(9.52557867899115,47.0111916093569,6.00042422199846));
#7654=CARTESIAN_POINT('Ctrl Pts',(9.50799063349421,47.1244094309894,6.00037407758616));
#7655=CARTESIAN_POINT('Ctrl Pts',(9.48604526084463,47.2370285831807,6.00031033678516));
#7656=CARTESIAN_POINT('Ctrl Pts',(9.4597805905981,47.3485312057518,6.0002475981122));
#7657=CARTESIAN_POINT('Ctrl Pts',(9.43394587615132,47.4582085170279,6.00018588647883));
#7658=CARTESIAN_POINT('Ctrl Pts',(9.4039322905875,47.5668049555443,6.00012514445256));
#7659=CARTESIAN_POINT('Ctrl Pts',(9.3698234653381,47.6738429593332,6.00007926779169));
#7660=CARTESIAN_POINT('Ctrl Pts',(9.34078991302617,47.7649540855489,6.00004021741621));
#7661=CARTESIAN_POINT('Ctrl Pts',(9.30878996914852,47.8549361028196,6.00001193783726));
#7662=CARTESIAN_POINT('Ctrl Pts',(9.27390168718686,47.9435082102655,6.00000299961837));
#7663=CARTESIAN_POINT('Ctrl Pts',(9.26621537467032,47.9630217219605,6.00000103042012));
#7664=CARTESIAN_POINT('Ctrl Pts',(9.25838896322264,47.9824668589197,6.));
#7665=CARTESIAN_POINT('Ctrl Pts',(9.25042486394841,48.0018412569456,6.));
#7666=CARTESIAN_POINT('Ctrl Pts',(9.20750138755607,48.1062619186732,6.));
#7667=CARTESIAN_POINT('Ctrl Pts',(9.1602859967588,48.2093296638559,6.00003177099638));
#7668=CARTESIAN_POINT('Ctrl Pts',(9.10900448403589,48.3106186809451,6.00007956525323));
#7669=CARTESIAN_POINT('Ctrl Pts',(9.05667772154205,48.4139722299931,6.00012833368056));
#7670=CARTESIAN_POINT('Ctrl Pts',(9.00011761253883,48.5154732298439,6.00019378493101));
#7671=CARTESIAN_POINT('Ctrl Pts',(8.93961643539575,48.6146844235122,6.00025918954974));
#7672=CARTESIAN_POINT('Ctrl Pts',(8.87875592649422,48.7144848574954,6.000324982623));
#7673=CARTESIAN_POINT('Ctrl Pts',(8.81390779632476,48.8119676323108,6.00039072850705));
#7674=CARTESIAN_POINT('Ctrl Pts',(8.74541714437638,48.9067114638749,6.00043940110294));
#7675=CARTESIAN_POINT('Ctrl Pts',(8.67697266748758,49.0013914209985,6.0004880408847));
#7676=CARTESIAN_POINT('Ctrl Pts',(8.60489105570658,49.0933355876611,6.00051963069562));
#7677=CARTESIAN_POINT('Ctrl Pts',(8.52955741096877,49.1821555665642,6.00051717977677));
#7678=CARTESIAN_POINT('Ctrl Pts',(8.45820342170165,49.2662834465229,6.00051485833278));
#7679=CARTESIAN_POINT('Ctrl Pts',(8.38393257577752,49.347608378596,6.00048199815895));
#7680=CARTESIAN_POINT('Ctrl Pts',(8.30709991148702,49.4258333222749,6.00040415671802));
#7681=CARTESIAN_POINT('Ctrl Pts',(8.22909529163243,49.5052514584434,6.00032512793431));
#7682=CARTESIAN_POINT('Ctrl Pts',(8.14783262673387,49.5821335015009,6.00026155093088));
#7683=CARTESIAN_POINT('Ctrl Pts',(8.06359568416187,49.6560468643563,6.00021040570105));
#7684=CARTESIAN_POINT('Ctrl Pts',(7.97947313176545,49.7298598560171,6.00015932992425));
#7685=CARTESIAN_POINT('Ctrl Pts',(7.8923848008808,49.8007116847283,6.00012065214078));
#7686=CARTESIAN_POINT('Ctrl Pts',(7.80265484110403,49.8682022211437,6.00009136341056));
#7687=CARTESIAN_POINT('Ctrl Pts',(7.71354807098191,49.9352240244383,6.00006227809549));
#7688=CARTESIAN_POINT('Ctrl Pts',(7.6218367121377,49.9989305819429,6.0000424518397));
#7689=CARTESIAN_POINT('Ctrl Pts',(7.52787240894,50.0589679108275,6.00002893727506));
#7690=CARTESIAN_POINT('Ctrl Pts',(7.43549168067617,50.1179934341022,6.0000156504706));
#7691=CARTESIAN_POINT('Ctrl Pts',(7.34093380211707,50.1734720110728,6.00000846438952));
#7692=CARTESIAN_POINT('Ctrl Pts',(7.24455885503069,50.225110015517,6.00000457787713));
#7693=CARTESIAN_POINT('Ctrl Pts',(7.18606908000879,50.2564490237741,6.00000221916003));
#7694=CARTESIAN_POINT('Ctrl Pts',(7.1269105036753,50.286374306336,6.00000107575351));
#7695=CARTESIAN_POINT('Ctrl Pts',(7.06716723888419,50.3148289174991,6.00000052147921));
#7696=CARTESIAN_POINT('Ctrl Pts',(7.01095884439103,50.3415999353702,6.00000000000003));
#7697=CARTESIAN_POINT('Ctrl Pts',(6.95423298601888,50.3670692723683,6.));
#7698=CARTESIAN_POINT('Ctrl Pts',(6.89708083672682,50.3912347118061,6.));
#7699=CARTESIAN_POINT('Ctrl Pts',(6.79287852995781,50.4352942015137,6.));
#7700=CARTESIAN_POINT('Ctrl Pts',(6.6865710336698,50.4753161496849,6.00002405466696));
#7701=CARTESIAN_POINT('Ctrl Pts',(6.57862812099411,50.511168689984,6.00006331123648));
#7702=CARTESIAN_POINT('Ctrl Pts',(6.46844460146802,50.5477654333569,6.00010338266763));
#7703=CARTESIAN_POINT('Ctrl Pts',(6.35655764869279,50.5800176435244,6.00015929350258));
#7704=CARTESIAN_POINT('Ctrl Pts',(6.24349194035609,50.6078335518058,6.00022162810169));
#7705=CARTESIAN_POINT('Ctrl Pts',(6.12976615271039,50.635811849779,6.00028432661114));
#7706=CARTESIAN_POINT('Ctrl Pts',(6.01484851046588,50.659301792781,6.00035352404164));
#7707=CARTESIAN_POINT('Ctrl Pts',(5.89928813200514,50.6782609616515,6.00041964047327));
#7708=CARTESIAN_POINT('Ctrl Pts',(5.78386242104485,50.6971980365837,6.00048567985657));
#7709=CARTESIAN_POINT('Ctrl Pts',(5.66779619803902,50.7116148707916,6.00054864544869));
#7710=CARTESIAN_POINT('Ctrl Pts',(5.55164098856341,50.7215207347558,6.0005989926267));
#7711=CARTESIAN_POINT('Ctrl Pts',(5.4423280593712,50.730843080357,6.00064637403584));
#7712=CARTESIAN_POINT('Ctrl Pts',(5.33293684425069,50.7361706851431,6.00068257996182));
#7713=CARTESIAN_POINT('Ctrl Pts',(5.22392193417875,50.7375531590467,6.00069965566123));
#7714=CARTESIAN_POINT('Ctrl Pts',(5.10721785341248,50.7390331432616,6.00071793576441));
#7715=CARTESIAN_POINT('Ctrl Pts',(4.98995355867375,50.7359979934983,6.00069929704262));
#7716=CARTESIAN_POINT('Ctrl Pts',(4.8727099265733,50.7283432174357,6.00066120841506));
#7717=CARTESIAN_POINT('Ctrl Pts',(4.75983494701505,50.7209736684367,6.00062453902007));
#7718=CARTESIAN_POINT('Ctrl Pts',(4.64697989444777,50.7093226211279,6.00056984185719));
#7719=CARTESIAN_POINT('Ctrl Pts',(4.53466844199673,50.6933492777576,6.0005127049065));
#7720=CARTESIAN_POINT('Ctrl Pts',(4.42309981232764,50.6774815813458,6.00045594585698));
#7721=CARTESIAN_POINT('Ctrl Pts',(4.31206830059376,50.6573485987671,6.00039677914956));
#7722=CARTESIAN_POINT('Ctrl Pts',(4.20208195621684,50.6329612916891,6.00035048797318));
#7723=CARTESIAN_POINT('Ctrl Pts',(4.09372121583845,50.6089344303021,6.00030488098283));
#7724=CARTESIAN_POINT('Ctrl Pts',(3.98637558131433,50.5807781876585,6.00027177193174));
#7725=CARTESIAN_POINT('Ctrl Pts',(3.8805162174454,50.5485515357623,6.00026577746947));
#7726=CARTESIAN_POINT('Ctrl Pts',(3.86493854288761,50.5438092411085,6.00026489535778));
#7727=CARTESIAN_POINT('Ctrl Pts',(3.84939301709561,50.5389788890734,6.00026460039524));
#7728=CARTESIAN_POINT('Ctrl Pts',(3.8338811020246,50.5340607555288,6.00026493915518));
#7729=CARTESIAN_POINT('Ctrl Pts',(3.73584568650546,50.5029781159313,6.00026708012046));
#7730=CARTESIAN_POINT('Ctrl Pts',(3.63915433723897,50.4683868364936,6.00029453396724));
#7731=CARTESIAN_POINT('Ctrl Pts',(3.54410367455361,50.4305450330521,6.0003590549665));
#7732=CARTESIAN_POINT('Ctrl Pts',(3.43885722132841,50.3886440564218,6.00043049693375));
#7733=CARTESIAN_POINT('Ctrl Pts',(3.33490038542163,50.342459346152,6.00052103005627));
#7734=CARTESIAN_POINT('Ctrl Pts',(3.2326719795104,50.2921993491373,6.0006170754733));
#7735=CARTESIAN_POINT('Ctrl Pts',(3.12867815504269,50.2410713944294,6.00071477953266));
#7736=CARTESIAN_POINT('Ctrl Pts',(3.02647355771189,50.1857264000171,6.00081818782415));
#7737=CARTESIAN_POINT('Ctrl Pts',(2.92650542474007,50.1264358692969,6.00091300977464));
#7738=CARTESIAN_POINT('Ctrl Pts',(2.82614033951589,50.0669099084549,6.00100820824297));
#7739=CARTESIAN_POINT('Ctrl Pts',(2.72803009505607,50.0034073937865,6.00109475217393));
#7740=CARTESIAN_POINT('Ctrl Pts',(2.63260379692671,49.936250420883,6.00115818383762));
#7741=CARTESIAN_POINT('Ctrl Pts',(2.53750863315809,49.869326486269,6.00122139539005));
#7742=CARTESIAN_POINT('Ctrl Pts',(2.4450793533588,49.7987738648567,6.00126165514515));
#7743=CARTESIAN_POINT('Ctrl Pts',(2.35570903952284,49.7249519074893,6.00126465551092));
#7744=CARTESIAN_POINT('Ctrl Pts',(2.27059901722246,49.6546490499953,6.00126751284897));
#7745=CARTESIAN_POINT('Ctrl Pts',(2.18826343608128,49.5813817387019,6.00123657886919));
#7746=CARTESIAN_POINT('Ctrl Pts',(2.10900851777126,49.5054890847654,6.0011594906332));
#7747=CARTESIAN_POINT('Ctrl Pts',(2.0288055549905,49.4286886056431,6.0010814802705));
#7748=CARTESIAN_POINT('Ctrl Pts',(1.95112818676237,49.348601200401,6.00096573005683));
#7749=CARTESIAN_POINT('Ctrl Pts',(1.87640509563913,49.2655036186715,6.00083711396685));
#7750=CARTESIAN_POINT('Ctrl Pts',(1.80198210564848,49.182739771508,6.00070901442181));
#7751=CARTESIAN_POINT('Ctrl Pts',(1.73049022072703,49.0969903137574,6.00056815181077));
#7752=CARTESIAN_POINT('Ctrl Pts',(1.66231941534083,49.008567641204,6.00043911013967));
#7753=CARTESIAN_POINT('Ctrl Pts',(1.59510423816778,48.9213844904678,6.00031187739338));
#7754=CARTESIAN_POINT('Ctrl Pts',(1.53111807802549,48.8316030266987,6.0001961368025));
#7755=CARTESIAN_POINT('Ctrl Pts',(1.47069542359964,48.7395537622721,6.00011546122245));
#7756=CARTESIAN_POINT('Ctrl Pts',(1.41714234769462,48.6579697721002,6.00004395781858));
#7757=CARTESIAN_POINT('Ctrl Pts',(1.36638821083162,48.5746049493993,6.));
#7758=CARTESIAN_POINT('Ctrl Pts',(1.31863579073062,48.4897058130964,6.));
#7759=CARTESIAN_POINT('Origin',(0.0860211001646543,49.1830030254094,5.5));
#7760=CARTESIAN_POINT('Origin',(0.0860211001646652,43.468403214932,5.5));
#7761=CARTESIAN_POINT('',(-1.14659359040131,44.161700427245,6.));
#7762=CARTESIAN_POINT('Origin',(0.0860211001646652,43.468403214932,5.5));
#7763=CARTESIAN_POINT('Origin',(0.0860211001646652,43.468403214932,5.5));
#7764=CARTESIAN_POINT('Origin',(0.0860211001646543,49.1830030254094,5.5));
#7765=CARTESIAN_POINT('',(-1.14659359040131,48.4897058130964,6.));
#7766=CARTESIAN_POINT('Origin',(0.0860211001646543,49.1830030254094,5.5));
#7767=CARTESIAN_POINT('Origin',(0.0860211001646543,49.1830030254094,5.5));
#7768=CARTESIAN_POINT('Ctrl Pts',(1.31863579073062,44.161700427245,6.));
#7769=CARTESIAN_POINT('Ctrl Pts',(1.29912007132099,44.2851330678169,5.87695971364868));
#7770=CARTESIAN_POINT('Ctrl Pts',(1.24780752697851,44.6173292171764,5.67331123255587));
#7771=CARTESIAN_POINT('Ctrl Pts',(1.1719636998842,45.2527919637808,5.49557875259396));
#7772=CARTESIAN_POINT('Ctrl Pts',(1.10704840055372,46.1954461667712,5.39101104871466));
#7773=CARTESIAN_POINT('Ctrl Pts',(1.14457112292948,47.1864499895104,5.43844425501073));
#7774=CARTESIAN_POINT('Ctrl Pts',(1.24887258114225,48.0337728049741,5.67203121621885));
#7775=CARTESIAN_POINT('Ctrl Pts',(1.29911974376303,48.3662711007924,5.87695764850193));
#7776=CARTESIAN_POINT('Ctrl Pts',(1.31863579073062,48.4897058130964,6.));
#7777=CARTESIAN_POINT('Ctrl Pts',(1.16160517902906,44.3453606785764,6.13245419718235));
#7778=CARTESIAN_POINT('Ctrl Pts',(1.140605453475,44.4411226613919,6.03244828908407));
#7779=CARTESIAN_POINT('Ctrl Pts',(1.08695032683905,44.7154265987534,5.84562034278933));
#7780=CARTESIAN_POINT('Ctrl Pts',(1.01189205275456,45.296729381509,5.65774821079547));
#7781=CARTESIAN_POINT('Ctrl Pts',(0.950256373437888,46.1970897673306,5.53767399714669));
#7782=CARTESIAN_POINT('Ctrl Pts',(0.985164946827325,47.1604981475111,5.59591686551688));
#7783=CARTESIAN_POINT('Ctrl Pts',(1.08779463997237,47.9357508152504,5.8450228172889));
#7784=CARTESIAN_POINT('Ctrl Pts',(1.14060510100902,48.2102819716504,6.0324466105536));
#7785=CARTESIAN_POINT('Ctrl Pts',(1.16160517902906,48.3060455617651,6.13245419718235));
#7786=CARTESIAN_POINT('Ctrl Pts',(0.720471639014188,44.6396862695658,6.34471928765312));
#7787=CARTESIAN_POINT('Ctrl Pts',(0.704793615925553,44.6894903453361,6.28038524024251));
#7788=CARTESIAN_POINT('Ctrl Pts',(0.665826620445919,44.8689944831539,6.11646190927477));
#7789=CARTESIAN_POINT('Ctrl Pts',(0.614534675487007,45.3646061863073,5.90846437416197));
#7790=CARTESIAN_POINT('Ctrl Pts',(0.574340992350359,46.1994365734074,5.76202541265031));
#7791=CARTESIAN_POINT('Ctrl Pts',(0.596561341657117,47.1210419186331,5.83797032089414));
#7792=CARTESIAN_POINT('Ctrl Pts',(0.66625779082602,47.7823111915319,6.11687047118027));
#7793=CARTESIAN_POINT('Ctrl Pts',(0.704793352780697,47.9619150590783,6.28038416043982));
#7794=CARTESIAN_POINT('Ctrl Pts',(0.720471639014188,48.0117199707756,6.34471928765312));
#7795=CARTESIAN_POINT('Ctrl Pts',(-0.273268735105012,44.7527554717832,6.42626382599056));
#7796=CARTESIAN_POINT('Ctrl Pts',(-0.264061647286531,44.7845145080147,6.3752404826675));
#7797=CARTESIAN_POINT('Ctrl Pts',(-0.241266623257124,44.9270179339193,6.21895421713728));
#7798=CARTESIAN_POINT('Ctrl Pts',(-0.211549940977494,45.3900705706921,6.00218644690618));
#7799=CARTESIAN_POINT('Ctrl Pts',(-0.188431971157161,46.2003145114866,5.84524112149805));
#7800=CARTESIAN_POINT('Ctrl Pts',(-0.201163302727268,47.1063657643518,5.92806558940339));
#7801=CARTESIAN_POINT('Ctrl Pts',(-0.241504620149104,47.7243295250753,6.21972509187731));
#7802=CARTESIAN_POINT('Ctrl Pts',(-0.264061492751883,47.8668911992733,6.37523962627596));
#7803=CARTESIAN_POINT('Ctrl Pts',(-0.273268735105012,47.8986507685582,6.42626382599056));
#7804=CARTESIAN_POINT('Ctrl Pts',(-0.911047672848966,44.437190804242,6.19868129577353));
#7805=CARTESIAN_POINT('Ctrl Pts',(-0.889063642239765,44.5187058779841,6.11037852480766));
#7806=CARTESIAN_POINT('Ctrl Pts',(-0.833892775412928,44.7640728903987,5.93192643378418));
#7807=CARTESIAN_POINT('Ctrl Pts',(-0.758801143811425,45.3180846196291,5.73864167219118));
#7808=CARTESIAN_POINT('Ctrl Pts',(-0.698632040581228,46.1975991135539,5.61055922209368));
#7809=CARTESIAN_POINT('Ctrl Pts',(-0.732260143165357,47.1482051304003,5.67433877360922));
#7810=CARTESIAN_POINT('Ctrl Pts',(-0.834596178075591,47.8871930016173,5.93166625370961));
#7811=CARTESIAN_POINT('Ctrl Pts',(-0.889063273252902,48.132698994183,6.11037704270652));
#7812=CARTESIAN_POINT('Ctrl Pts',(-0.911047672848966,48.2142154360994,6.19868129577352));
#7813=CARTESIAN_POINT('Ctrl Pts',(-1.14659359040131,44.161700427245,6.));
#7814=CARTESIAN_POINT('Ctrl Pts',(-1.12707787099168,44.285133067817,5.8769597136485));
#7815=CARTESIAN_POINT('Ctrl Pts',(-1.0757653266492,44.6173292171766,5.67331123255577));
#7816=CARTESIAN_POINT('Ctrl Pts',(-0.999921499554889,45.2527919637808,5.49557875259386));
#7817=CARTESIAN_POINT('Ctrl Pts',(-0.935006200224413,46.1954461667712,5.39101104871461));
#7818=CARTESIAN_POINT('Ctrl Pts',(-0.972528922600176,47.1864499895104,5.4384442550107));
#7819=CARTESIAN_POINT('Ctrl Pts',(-1.07683038081294,48.0337728049741,5.67203121621885));
#7820=CARTESIAN_POINT('Ctrl Pts',(-1.12707754343372,48.3662711007924,5.87695764850198));
#7821=CARTESIAN_POINT('Ctrl Pts',(-1.14659359040131,48.4897058130964,5.99999999999999));
#7822=CARTESIAN_POINT('Ctrl Pts',(1.31863579073062,48.4897058130964,6.));
#7823=CARTESIAN_POINT('Ctrl Pts',(1.29911974376303,48.3662711007924,5.87695764850193));
#7824=CARTESIAN_POINT('Ctrl Pts',(1.24887258114225,48.0337728049741,5.67203121621885));
#7825=CARTESIAN_POINT('Ctrl Pts',(1.14457112292948,47.1864499895104,5.43844425501073));
#7826=CARTESIAN_POINT('Ctrl Pts',(1.10704840055372,46.1954461667712,5.39101104871466));
#7827=CARTESIAN_POINT('Ctrl Pts',(1.1719636998842,45.2527919637808,5.49557875259396));
#7828=CARTESIAN_POINT('Ctrl Pts',(1.24780752697851,44.6173292171764,5.67331123255587));
#7829=CARTESIAN_POINT('Ctrl Pts',(1.29912007132099,44.2851330678169,5.87695971364868));
#7830=CARTESIAN_POINT('Ctrl Pts',(1.31863579073062,44.161700427245,6.));
#7831=CARTESIAN_POINT('',(-0.954450344770912,46.3257031352332,5.41928426739854));
#7832=CARTESIAN_POINT('Ctrl Pts',(-1.14659359040131,44.161700427245,6.));
#7833=CARTESIAN_POINT('Ctrl Pts',(-1.12707787099168,44.285133067817,5.8769597136485));
#7834=CARTESIAN_POINT('Ctrl Pts',(-1.0757653266492,44.6173292171766,5.67331123255577));
#7835=CARTESIAN_POINT('Ctrl Pts',(-0.999921499554889,45.2527919637808,5.49557875259386));
#7836=CARTESIAN_POINT('Ctrl Pts',(-0.95934203737784,45.8420582996186,5.43021201735158));
#7837=CARTESIAN_POINT('Ctrl Pts',(-0.954210208420399,46.204732150921,5.41950470889228));
#7838=CARTESIAN_POINT('Ctrl Pts',(-0.954450344770912,46.3257031352331,5.41928426739854));
#7839=CARTESIAN_POINT('Ctrl Pts',(-0.954450344770912,46.3257031352331,5.41928426739854));
#7840=CARTESIAN_POINT('Ctrl Pts',(-0.95516987863262,46.6881752029188,5.41862374632818));
#7841=CARTESIAN_POINT('Ctrl Pts',(-0.985578494843539,47.2924619329991,5.46766925318067));
#7842=CARTESIAN_POINT('Ctrl Pts',(-1.07683038081294,48.0337728049741,5.67203121621885));
#7843=CARTESIAN_POINT('Ctrl Pts',(-1.12707754343372,48.3662711007924,5.87695764850198));
#7844=CARTESIAN_POINT('Ctrl Pts',(-1.14659359040131,48.4897058130964,5.99999999999999));
#7845=CARTESIAN_POINT('Origin',(-4.99397889983535,46.3257031201707,6.5));
#7846=CARTESIAN_POINT('',(-7.99397889983535,46.3257031201707,5.));
#7847=CARTESIAN_POINT('',(-1.99397889983534,46.3257031201707,5.));
#7848=CARTESIAN_POINT('Origin',(-4.99397889983535,46.3257031201707,5.));
#7849=CARTESIAN_POINT('Origin',(-1.99397889983534,46.3257031201707,6.5));
#7850=CARTESIAN_POINT('',(-9.40819112666302,46.3222693520277,6.));
#7851=CARTESIAN_POINT('Ctrl Pts',(-9.40819112666302,46.3222693520276,6.));
#7852=CARTESIAN_POINT('Ctrl Pts',(-9.40809556111981,46.1994169718769,6.));
#7853=CARTESIAN_POINT('Ctrl Pts',(-9.4028671582431,46.0761311989252,6.));
#7854=CARTESIAN_POINT('Ctrl Pts',(-9.39250571652823,45.9530645200647,6.));
#7855=CARTESIAN_POINT('Ctrl Pts',(-9.38211953648548,45.8297040149263,6.));
#7856=CARTESIAN_POINT('Ctrl Pts',(-9.366575800455,45.7065644900308,6.));
#7857=CARTESIAN_POINT('Ctrl Pts',(-9.34592615510902,45.5843039832757,6.));
#7858=CARTESIAN_POINT('Ctrl Pts',(-9.32544869731726,45.4630629486365,6.));
#7859=CARTESIAN_POINT('Ctrl Pts',(-9.29995025935427,45.3426871335782,6.));
#7860=CARTESIAN_POINT('Ctrl Pts',(-9.26953083077919,45.2238068689107,6.));
#7861=CARTESIAN_POINT('Ctrl Pts',(-9.2397328035929,45.1073550641134,6.));
#7862=CARTESIAN_POINT('Ctrl Pts',(-9.2052130146165,44.99233899169,6.));
#7863=CARTESIAN_POINT('Ctrl Pts',(-9.16611042187122,44.879329489057,6.));
#7864=CARTESIAN_POINT('Ctrl Pts',(-9.15439025353922,44.8454573005144,6.));
#7865=CARTESIAN_POINT('Ctrl Pts',(-9.14225867750654,44.8117651905574,6.));
#7866=CARTESIAN_POINT('Ctrl Pts',(-9.12972019763405,44.7782680079769,6.));
#7867=CARTESIAN_POINT('Ctrl Pts',(-9.12021435847196,44.7528726783012,6.));
#7868=CARTESIAN_POINT('Ctrl Pts',(-9.11045934208761,44.7275466941819,6.00000177819395));
#7869=CARTESIAN_POINT('Ctrl Pts',(-9.10045502451567,44.7022980303827,6.00000515717118));
#7870=CARTESIAN_POINT('Ctrl Pts',(-9.05983065739743,44.5997711983374,6.00001887812822));
#7871=CARTESIAN_POINT('Ctrl Pts',(-9.01509144268346,44.4985201978459,6.00005899471026));
#7872=CARTESIAN_POINT('Ctrl Pts',(-8.96644834415945,44.3989478580191,6.00011362688379));
#7873=CARTESIAN_POINT('Ctrl Pts',(-8.91683788472684,44.2973953320601,6.00016934552243));
#7874=CARTESIAN_POINT('Ctrl Pts',(-8.86316694331665,44.1975894387897,6.00024016263811));
#7875=CARTESIAN_POINT('Ctrl Pts',(-8.80571137415476,44.0999415698306,6.00031347621292));
#7876=CARTESIAN_POINT('Ctrl Pts',(-8.74787663651153,44.0016492899863,6.00038727360849));
#7877=CARTESIAN_POINT('Ctrl Pts',(-8.68620754165111,43.9055441518399,6.00046360048526));
#7878=CARTESIAN_POINT('Ctrl Pts',(-8.62103289064711,43.8120215580677,6.00052960645221));
#7879=CARTESIAN_POINT('Ctrl Pts',(-8.55573835161994,43.7183269305567,6.00059573383637));
#7880=CARTESIAN_POINT('Ctrl Pts',(-8.48692580455312,43.6272248767145,6.00065150244477));
#7881=CARTESIAN_POINT('Ctrl Pts',(-8.41496691295312,43.5390808223929,6.00068399284648));
#7882=CARTESIAN_POINT('Ctrl Pts',(-8.35538616496422,43.4660990327839,6.00071089435084));
#7883=CARTESIAN_POINT('Ctrl Pts',(-8.29364929079879,43.395144667339,6.00072183747904));
#7884=CARTESIAN_POINT('Ctrl Pts',(-8.22998504691889,43.3264047569731,6.00070948819686));
#7885=CARTESIAN_POINT('Ctrl Pts',(-8.15382493978929,43.2441727438603,6.00069471502756));
#7886=CARTESIAN_POINT('Ctrl Pts',(-8.07428943108359,43.1644393144865,6.00065824598458));
#7887=CARTESIAN_POINT('Ctrl Pts',(-7.99166589756627,43.087631061324,6.00060919827976));
#7888=CARTESIAN_POINT('Ctrl Pts',(-7.90900886862305,43.0107916702394,6.00056013069108));
#7889=CARTESIAN_POINT('Ctrl Pts',(-7.82326174214972,42.9368803523427,6.00049847411926));
#7890=CARTESIAN_POINT('Ctrl Pts',(-7.73475383733927,42.8662932214977,6.00043335744388));
#7891=CARTESIAN_POINT('Ctrl Pts',(-7.64677577280292,42.7961286507036,6.00036863058043));
#7892=CARTESIAN_POINT('Ctrl Pts',(-7.55607037036758,42.7292490497221,6.00030048488547));
#7893=CARTESIAN_POINT('Ctrl Pts',(-7.46299523490679,42.6660055059613,6.00023788796201));
#7894=CARTESIAN_POINT('Ctrl Pts',(-7.37121101592886,42.6036391259314,6.00017615923391));
#7895=CARTESIAN_POINT('Ctrl Pts',(-7.27712284373779,42.5448089939308,6.00011982647885));
#7896=CARTESIAN_POINT('Ctrl Pts',(-7.18109959906855,42.489808811277,6.0000774907854));
#7897=CARTESIAN_POINT('Ctrl Pts',(-7.08507635439931,42.4348086286231,6.00003515509195));
#7898=CARTESIAN_POINT('Ctrl Pts',(-6.98711847358476,42.3836388113,6.00000681658621));
#7899=CARTESIAN_POINT('Ctrl Pts',(-6.88761406442365,42.336543894416,6.00000107649939));
#7900=CARTESIAN_POINT('Ctrl Pts',(-6.87526823838786,42.3307006794678,6.0000003643087));
#7901=CARTESIAN_POINT('Ctrl Pts',(-6.86289862434031,42.3249201272737,6.));
#7902=CARTESIAN_POINT('Ctrl Pts',(-6.85050619000528,42.3192022431475,6.));
#7903=CARTESIAN_POINT('Ctrl Pts',(-6.74825995110506,42.2720257053849,6.));
#7904=CARTESIAN_POINT('Ctrl Pts',(-6.64379314960792,42.2287993747487,6.00005771967544));
#7905=CARTESIAN_POINT('Ctrl Pts',(-6.53756423934562,42.1896634278054,6.00015030576945));
#7906=CARTESIAN_POINT('Ctrl Pts',(-6.42895118425721,42.1496491346079,6.00024496981621));
#7907=CARTESIAN_POINT('Ctrl Pts',(-6.3184965857729,42.1139111535219,6.00037608199119));
#7908=CARTESIAN_POINT('Ctrl Pts',(-6.20671862404859,42.0825522797305,6.00051921599728));
#7909=CARTESIAN_POINT('Ctrl Pts',(-6.09414016807441,42.0509688303807,6.00066337505291));
#7910=CARTESIAN_POINT('Ctrl Pts',(-5.98022001763645,42.0238275706837,6.000819728417));
#7911=CARTESIAN_POINT('Ctrl Pts',(-5.86550626402231,42.0011834660662,6.00096333117415));
#7912=CARTESIAN_POINT('Ctrl Pts',(-5.75068511192275,41.9785181613532,6.00110706837655));
#7913=CARTESIAN_POINT('Ctrl Pts',(-5.63506960198138,41.9603585000794,6.00123803141818));
#7914=CARTESIAN_POINT('Ctrl Pts',(-5.51921727626697,41.9467082033684,6.0013312151502));
#7915=CARTESIAN_POINT('Ctrl Pts',(-5.40959532817512,41.933792000709,6.00141938759018));
#7916=CARTESIAN_POINT('Ctrl Pts',(-5.29976193090403,41.9249128091098,6.00147373570658));
#7917=CARTESIAN_POINT('Ctrl Pts',(-5.19018702912622,41.9200308532689,6.00147307569426));
#7918=CARTESIAN_POINT('Ctrl Pts',(-5.07594543448135,41.914940979482,6.00147238757263));
#7919=CARTESIAN_POINT('Ctrl Pts',(-4.96103000198607,41.9141538268845,6.00141245939013));
#7920=CARTESIAN_POINT('Ctrl Pts',(-4.84597560550099,41.9177740037519,6.00131713146097));
#7921=CARTESIAN_POINT('Ctrl Pts',(-4.73064193947783,41.9214029678117,6.00122157214398));
#7922=CARTESIAN_POINT('Ctrl Pts',(-4.61516935228564,41.9294607552886,6.00109044012706));
#7923=CARTESIAN_POINT('Ctrl Pts',(-4.5001041160408,41.9420012432403,6.00094775041114));
#7924=CARTESIAN_POINT('Ctrl Pts',(-4.3856932257899,41.9544704167071,6.00080587213443));
#7925=CARTESIAN_POINT('Ctrl Pts',(-4.27168577986447,41.9713714295149,6.00065256695949));
#7926=CARTESIAN_POINT('Ctrl Pts',(-4.15861545636428,41.9927061291035,6.00051145188109));
#7927=CARTESIAN_POINT('Ctrl Pts',(-4.04735078245451,42.0137001292904,6.00037259030631));
#7928=CARTESIAN_POINT('Ctrl Pts',(-3.93699416899123,42.0389872135199,6.00024553291019));
#7929=CARTESIAN_POINT('Ctrl Pts',(-3.82804099356434,42.0685207557607,6.00015279194102));
#7930=CARTESIAN_POINT('Ctrl Pts',(-3.76991905851963,42.0842756579655,6.0001033185359));
#7931=CARTESIAN_POINT('Ctrl Pts',(-3.71219622896329,42.1012381909688,6.00006361094123));
#7932=CARTESIAN_POINT('Ctrl Pts',(-3.65494522071206,42.1193956982084,6.00003708701041));
#7933=CARTESIAN_POINT('Ctrl Pts',(-3.60337491335238,42.1357515364344,6.00001319490253));
#7934=CARTESIAN_POINT('Ctrl Pts',(-3.5521874166047,42.1530768897836,6.));
#7935=CARTESIAN_POINT('Ctrl Pts',(-3.50142414033983,42.1713354661995,6.));
#7936=CARTESIAN_POINT('Ctrl Pts',(-3.39899441135144,42.208177474273,6.));
#7937=CARTESIAN_POINT('Ctrl Pts',(-3.29778092741025,42.2490089973707,6.00004747118003));
#7938=CARTESIAN_POINT('Ctrl Pts',(-3.1981831254285,42.2936209498791,6.0001199424005));
#7939=CARTESIAN_POINT('Ctrl Pts',(-3.09731613168747,42.338801400099,6.00019333713409));
#7940=CARTESIAN_POINT('Ctrl Pts',(-2.99810680768161,42.3878589873052,6.00029237251083));
#7941=CARTESIAN_POINT('Ctrl Pts',(-2.90095221125032,42.4405257940267,6.00039370907907));
#7942=CARTESIAN_POINT('Ctrl Pts',(-2.80809162677468,42.4908648478056,6.00049056680171));
#7943=CARTESIAN_POINT('Ctrl Pts',(-2.71710842481605,42.5445004966642,6.00058952678552));
#7944=CARTESIAN_POINT('Ctrl Pts',(-2.62832746530045,42.6011600166464,6.00067021532168));
#7945=CARTESIAN_POINT('Ctrl Pts',(-2.53096804106115,42.6632942656255,6.00075870039175));
#7946=CARTESIAN_POINT('Ctrl Pts',(-2.43582234954747,42.7293433348871,6.00082347818109));
#7947=CARTESIAN_POINT('Ctrl Pts',(-2.34331832529589,42.7990152214092,6.00086226437925));
#7948=CARTESIAN_POINT('Ctrl Pts',(-2.25077966294725,42.8687131965431,6.00090106510089));
#7949=CARTESIAN_POINT('Ctrl Pts',(-2.16088518387532,42.9420362875774,6.00091385482549));
#7950=CARTESIAN_POINT('Ctrl Pts',(-2.07403358237971,43.0186495467084,6.00089834375638));
#7951=CARTESIAN_POINT('Ctrl Pts',(-2.00391664794571,43.0805008744302,6.00088582137801));
#7952=CARTESIAN_POINT('Ctrl Pts',(-1.93578249701244,43.14449571288,6.00085485352911));
#7953=CARTESIAN_POINT('Ctrl Pts',(-1.86982323047906,43.2104404196224,6.00080423353607));
#7954=CARTESIAN_POINT('Ctrl Pts',(-1.79217422718716,43.288072282741,6.00074464233361));
#7955=CARTESIAN_POINT('Ctrl Pts',(-1.71707973048338,43.3688688091742,6.00065641496833));
#7956=CARTESIAN_POINT('Ctrl Pts',(-1.64494392889861,43.4525528035389,6.00055996964734));
#7957=CARTESIAN_POINT('Ctrl Pts',(-1.57314052152425,43.5358511908316,6.00046396873628));
#7958=CARTESIAN_POINT('Ctrl Pts',(-1.50426908630783,43.6220100723929,6.00035982526071));
#7959=CARTESIAN_POINT('Ctrl Pts',(-1.43869316229141,43.7107185400656,6.00026768182512));
#7960=CARTESIAN_POINT('Ctrl Pts',(-1.37397682616072,43.798264191883,6.00017674623192));
#7961=CARTESIAN_POINT('Ctrl Pts',(-1.31247054511277,43.8882925666124,6.00009749839129));
#7962=CARTESIAN_POINT('Ctrl Pts',(-1.25448323459535,43.9804748306373,6.00004930367609));
#7963=CARTESIAN_POINT('Ctrl Pts',(-1.21702839148972,44.0400166891122,6.00001817401202));
#7964=CARTESIAN_POINT('Ctrl Pts',(-1.18104084601752,44.1004565731401,6.));
#7965=CARTESIAN_POINT('Ctrl Pts',(-1.14659359040132,44.161700427245,6.));
#7966=CARTESIAN_POINT('',(-8.12200097652212,49.4397671489975,6.00013427067052));
#7967=CARTESIAN_POINT('Ctrl Pts',(-8.12200097652211,49.4397671489975,6.00013427067052));
#7968=CARTESIAN_POINT('Ctrl Pts',(-8.20298205252788,49.3582371832947,6.00018050386649));
#7969=CARTESIAN_POINT('Ctrl Pts',(-8.2811294333796,49.2733289658324,6.00020042745868));
#7970=CARTESIAN_POINT('Ctrl Pts',(-8.35603877093972,49.1853857885293,6.00020326656102));
#7971=CARTESIAN_POINT('Ctrl Pts',(-8.431067395615,49.0973025687661,6.0002061101844));
#7972=CARTESIAN_POINT('Ctrl Pts',(-8.50284715747082,49.0061752068338,6.00019181469764));
#7973=CARTESIAN_POINT('Ctrl Pts',(-8.57100660763238,48.9123872110137,6.00016964780006));
#7974=CARTESIAN_POINT('Ctrl Pts',(-8.63878155223476,48.8191282981848,6.00014760595183));
#7975=CARTESIAN_POINT('Ctrl Pts',(-8.70297649000578,48.7232392264887,6.00011778117685));
#7976=CARTESIAN_POINT('Ctrl Pts',(-8.76326749137263,48.6251273657674,6.00008928547008));
#7977=CARTESIAN_POINT('Ctrl Pts',(-8.82262101867026,48.5285410614845,6.00006123284744));
#7978=CARTESIAN_POINT('Ctrl Pts',(-8.87819077723473,48.4298011013035,6.00003446829599));
#7979=CARTESIAN_POINT('Ctrl Pts',(-8.92971303699448,48.3293174989567,6.00001768601868));
#7980=CARTESIAN_POINT('Ctrl Pts',(-8.96341964913902,48.2635796639513,6.00000670680863));
#7981=CARTESIAN_POINT('Ctrl Pts',(-8.99539487919105,48.1970959718882,6.));
#7982=CARTESIAN_POINT('Ctrl Pts',(-9.02557652220467,48.1299846368902,6.));
#7983=CARTESIAN_POINT('Ctrl Pts',(-9.05333261339393,48.0682667134094,6.));
#7984=CARTESIAN_POINT('Ctrl Pts',(-9.07968086122064,48.0057712677396,6.));
#7985=CARTESIAN_POINT('Ctrl Pts',(-9.10454521795262,47.9425721097108,6.));
#7986=CARTESIAN_POINT('Ctrl Pts',(-9.14734785623906,47.833778195182,6.));
#7987=CARTESIAN_POINT('Ctrl Pts',(-9.1857503883766,47.7228974599148,6.));
#7988=CARTESIAN_POINT('Ctrl Pts',(-9.21963950535268,47.6104752785074,6.));
#7989=CARTESIAN_POINT('Ctrl Pts',(-9.2542984951373,47.4954991568306,6.));
#7990=CARTESIAN_POINT('Ctrl Pts',(-9.28423644598813,47.3789114453285,6.));
#7991=CARTESIAN_POINT('Ctrl Pts',(-9.30938192503853,47.2613177918303,6.));
#7992=CARTESIAN_POINT('Ctrl Pts',(-9.33465568304952,47.143124237586,6.));
#7993=CARTESIAN_POINT('Ctrl Pts',(-9.35508787963593,47.0239152646001,6.));
#7994=CARTESIAN_POINT('Ctrl Pts',(-9.37065774538933,46.9043165528061,6.));
#7995=CARTESIAN_POINT('Ctrl Pts',(-9.38326767429519,46.8074543654988,6.));
#7996=CARTESIAN_POINT('Ctrl Pts',(-9.39268924739202,46.7103369215868,6.));
#7997=CARTESIAN_POINT('Ctrl Pts',(-9.39893646861096,46.6132961446008,6.));
#7998=CARTESIAN_POINT('Ctrl Pts',(-9.40109086751607,46.5798309388136,6.));
#7999=CARTESIAN_POINT('Ctrl Pts',(-9.40286794763728,46.5463748246816,6.));
#8000=CARTESIAN_POINT('Ctrl Pts',(-9.40426890059005,46.5129413004689,6.));
#8001=CARTESIAN_POINT('Ctrl Pts',(-9.40490116297181,46.4978524571156,6.));
#8002=CARTESIAN_POINT('Ctrl Pts',(-9.4054568201865,46.4827682137862,6.));
#8003=CARTESIAN_POINT('Ctrl Pts',(-9.4059360028426,46.4676898054064,6.));
#8004=CARTESIAN_POINT('Ctrl Pts',(-9.40635831600113,46.4544009056781,6.));
#8005=CARTESIAN_POINT('Ctrl Pts',(-9.40672150538695,46.4411084124445,6.));
#8006=CARTESIAN_POINT('Ctrl Pts',(-9.4070255332624,46.4278072947665,6.));
#8007=CARTESIAN_POINT('Ctrl Pts',(-9.40782865771815,46.3926708689365,6.));
#8008=CARTESIAN_POINT('Ctrl Pts',(-9.40821852210038,46.357487010737,6.));
#8009=CARTESIAN_POINT('Ctrl Pts',(-9.40819112666302,46.3222693520277,6.));
#8010=CARTESIAN_POINT('Ctrl Pts',(-1.14659359040131,48.4897058130964,6.));
#8011=CARTESIAN_POINT('Ctrl Pts',(-1.20069726473242,48.58589685874,6.));
#8012=CARTESIAN_POINT('Ctrl Pts',(-1.25860812034674,48.680073410227,6.00005122030012));
#8013=CARTESIAN_POINT('Ctrl Pts',(-1.32001945981666,48.7718844516698,6.00012989789084));
#8014=CARTESIAN_POINT('Ctrl Pts',(-1.38198579542965,48.8645252221877,6.00020928651896));
#8015=CARTESIAN_POINT('Ctrl Pts',(-1.44751575473948,48.9547570659525,6.00031663025654));
#8016=CARTESIAN_POINT('Ctrl Pts',(-1.51624867680703,49.0422472287138,6.00042751779456));
#8017=CARTESIAN_POINT('Ctrl Pts',(-1.58545849682229,49.130344435055,6.000539174717));
#8018=CARTESIAN_POINT('Ctrl Pts',(-1.65791540099838,49.2156613146294,6.00065442468581));
#8019=CARTESIAN_POINT('Ctrl Pts',(-1.73321198238517,49.2978933430134,6.00074835274918));
#8020=CARTESIAN_POINT('Ctrl Pts',(-1.76759554467988,49.3354439199252,6.00079124422391));
#8021=CARTESIAN_POINT('Ctrl Pts',(-1.80257074912742,49.3723517639991,6.00082968973825));
#8022=CARTESIAN_POINT('Ctrl Pts',(-1.83809654089829,49.4085906960167,6.00086131732064));
#8023=CARTESIAN_POINT('Ctrl Pts',(-1.91865921952345,49.4907705796539,6.00093303993762));
#8024=CARTESIAN_POINT('Ctrl Pts',(-2.00270356791379,49.5701624112231,6.00095714952092));
#8025=CARTESIAN_POINT('Ctrl Pts',(-2.08988542097472,49.6463724303857,6.00094829212921));
#8026=CARTESIAN_POINT('Ctrl Pts',(-2.17786317427005,49.7232781857593,6.00093935387663));
#8027=CARTESIAN_POINT('Ctrl Pts',(-2.26903551389721,49.7969432696564,6.00089684346281));
#8028=CARTESIAN_POINT('Ctrl Pts',(-2.3630076858028,49.8669964725206,6.00083580664892));
#8029=CARTESIAN_POINT('Ctrl Pts',(-2.45682451683627,49.9369338738086,6.00077487073205));
#8030=CARTESIAN_POINT('Ctrl Pts',(-2.55343136811924,50.0032708982982,6.00069546932397));
#8031=CARTESIAN_POINT('Ctrl Pts',(-2.65240254291676,50.0656782302046,6.00061257472176));
#8032=CARTESIAN_POINT('Ctrl Pts',(-2.75019433427406,50.1273418892795,6.00053066792758));
#8033=CARTESIAN_POINT('Ctrl Pts',(-2.85029384844931,50.1851686447451,6.00044535064978));
#8034=CARTESIAN_POINT('Ctrl Pts',(-2.95226692119622,50.2388853121462,6.00037106975458));
#8035=CARTESIAN_POINT('Ctrl Pts',(-3.0478270099672,50.2892237923651,6.00030146031016));
#8036=CARTESIAN_POINT('Ctrl Pts',(-3.14503185279449,50.3359530411832,6.00024154291691));
#8037=CARTESIAN_POINT('Ctrl Pts',(-3.24351179068383,50.3788879503851,6.00020320871898));
#8038=CARTESIAN_POINT('Ctrl Pts',(-3.34465695216455,50.4229848336434,6.0001638370589));
#8039=CARTESIAN_POINT('Ctrl Pts',(-3.44784234178281,50.4633789865397,6.00014015215825));
#8040=CARTESIAN_POINT('Ctrl Pts',(-3.55268661477627,50.4997352597665,6.00012982632341));
#8041=CARTESIAN_POINT('Ctrl Pts',(-3.58893217797965,50.5123039348258,6.00012625659387));
#8042=CARTESIAN_POINT('Ctrl Pts',(-3.62537575237193,50.5243904055067,6.00012428345506));
#8043=CARTESIAN_POINT('Ctrl Pts',(-3.66200084930956,50.5359820839018,6.00012381070503));
#8044=CARTESIAN_POINT('Ctrl Pts',(-3.76658159842597,50.5690814204618,6.0001224607959));
#8045=CARTESIAN_POINT('Ctrl Pts',(-3.8726437358119,50.5981426925963,6.00013334439686));
#8046=CARTESIAN_POINT('Ctrl Pts',(-3.9797145775442,50.6231198207099,6.0001542213119));
#8047=CARTESIAN_POINT('Ctrl Pts',(-4.08777437048889,50.6483276480572,6.00017529105489));
#8048=CARTESIAN_POINT('Ctrl Pts',(-4.19686093681155,50.6693754980202,6.00020653954571));
#8049=CARTESIAN_POINT('Ctrl Pts',(-4.30647503797076,50.686268052565,6.00024566359998));
#8050=CARTESIAN_POINT('Ctrl Pts',(-4.41682965990407,50.7032747282625,6.0002850519649));
#8051=CARTESIAN_POINT('Ctrl Pts',(-4.52771827487933,50.7160697852656,6.00033242264329));
#8052=CARTESIAN_POINT('Ctrl Pts',(-4.6386282018074,50.724710705025,6.00038542544081));
#8053=CARTESIAN_POINT('Ctrl Pts',(-4.73030129535182,50.7318528956959,6.00042923513891));
#8054=CARTESIAN_POINT('Ctrl Pts',(-4.82198870935388,50.7361579943226,6.00047689265387));
#8055=CARTESIAN_POINT('Ctrl Pts',(-4.9134043626442,50.7376851288059,6.00052707095776));
#8056=CARTESIAN_POINT('Ctrl Pts',(-5.03027599229261,50.7396375153976,6.00059122211719));
#8057=CARTESIAN_POINT('Ctrl Pts',(-5.1476923095612,50.737046094426,6.00060679828017));
#8058=CARTESIAN_POINT('Ctrl Pts',(-5.2651049494946,50.7298631110296,6.00059104618339));
#8059=CARTESIAN_POINT('Ctrl Pts',(-5.38343790340621,50.7226238253473,6.00057517061716));
#8060=CARTESIAN_POINT('Ctrl Pts',(-5.50176640396577,50.710720682151,6.00052747317047));
#8061=CARTESIAN_POINT('Ctrl Pts',(-5.61952316477835,50.694157199608,6.0004656051371));
#8062=CARTESIAN_POINT('Ctrl Pts',(-5.73691108771478,50.6776455972261,6.00040393088687));
#8063=CARTESIAN_POINT('Ctrl Pts',(-5.85373011792191,50.6565028902243,6.00032817442259));
#8064=CARTESIAN_POINT('Ctrl Pts',(-5.96942331145134,50.630783892076,6.00025582383118));
#8065=CARTESIAN_POINT('Ctrl Pts',(-6.08342773473593,50.6054403134097,6.00018452933928));
#8066=CARTESIAN_POINT('Ctrl Pts',(-6.19633830243667,50.5756532634322,6.00011654208159));
#8067=CARTESIAN_POINT('Ctrl Pts',(-6.30763716711521,50.5415228707037,6.00006859888078));
#8068=CARTESIAN_POINT('Ctrl Pts',(-6.40510556890828,50.5116336634649,6.00002661330282));
#8069=CARTESIAN_POINT('Ctrl Pts',(-6.50133788847486,50.478414235313,6.));
#8070=CARTESIAN_POINT('Ctrl Pts',(-6.59600178395404,50.4419608736493,6.));
#8071=CARTESIAN_POINT('Ctrl Pts',(-6.69710754207707,50.4030268666713,6.));
#8072=CARTESIAN_POINT('Ctrl Pts',(-6.79709073285233,50.3601346101711,6.00000000000005));
#8073=CARTESIAN_POINT('Ctrl Pts',(-6.89546015189055,50.313301089784,6.00000063027379));
#8074=CARTESIAN_POINT('Ctrl Pts',(-6.99308652905131,50.266821330426,6.0000012557867));
#8075=CARTESIAN_POINT('Ctrl Pts',(-7.08912268632983,50.2164594424203,6.000002502088));
#8076=CARTESIAN_POINT('Ctrl Pts',(-7.18320309888457,50.1624776516258,6.00000498527303));
#8077=CARTESIAN_POINT('Ctrl Pts',(-7.27897730354579,50.107523990825,6.00000751316449));
#8078=CARTESIAN_POINT('Ctrl Pts',(-7.37272419366081,50.0488192301313,6.00001132287836));
#8079=CARTESIAN_POINT('Ctrl Pts',(-7.46408241382514,49.9866881067293,6.00001706437529));
#8080=CARTESIAN_POINT('Ctrl Pts',(-7.55599798705254,49.9241779372832,6.00002284089962));
#8081=CARTESIAN_POINT('Ctrl Pts',(-7.64549517404711,49.858199935527,6.00003057285091));
#8082=CARTESIAN_POINT('Ctrl Pts',(-7.73223782501782,49.789126966827,6.0000409221278));
#8083=CARTESIAN_POINT('Ctrl Pts',(-7.81912884432253,49.7199358527721,6.00005128910654));
#8084=CARTESIAN_POINT('Ctrl Pts',(-7.90325545460429,49.6476396933289,6.00006428237397));
#8085=CARTESIAN_POINT('Ctrl Pts',(-7.98431858481962,49.5726479778819,6.00008056717631));
#8086=CARTESIAN_POINT('Ctrl Pts',(-8.00193410036853,49.5563518180126,6.00008410596378));
#8087=CARTESIAN_POINT('Ctrl Pts',(-8.01940511179333,49.5399284817859,6.00008780018369));
#8088=CARTESIAN_POINT('Ctrl Pts',(-8.03672882288348,49.5233823501429,6.00009165666208));
#8089=CARTESIAN_POINT('Ctrl Pts',(-8.06548297955235,49.4959188315557,6.00009805770301));
#8090=CARTESIAN_POINT('Ctrl Pts',(-8.09391405640072,49.468044442251,6.00011823546642));
#8091=CARTESIAN_POINT('Ctrl Pts',(-8.12200097652213,49.4397671489975,6.00013427067052));
#8092=CARTESIAN_POINT('Origin',(-4.99397889983535,46.3257031201707,5.));
#8093=CARTESIAN_POINT('Ctrl Pts',(-9.40819112666302,46.3222693520277,6.));
#8094=CARTESIAN_POINT('Ctrl Pts',(-9.40861965374836,46.8731538092269,6.));
#8095=CARTESIAN_POINT('Ctrl Pts',(-9.10365783719642,48.5378974371802,6.));
#8096=CARTESIAN_POINT('Ctrl Pts',(-7.08388977152645,50.7063083781613,6.));
#8097=CARTESIAN_POINT('Ctrl Pts',(-3.52958980100102,50.950356574973,6.));
#8098=CARTESIAN_POINT('Ctrl Pts',(-1.68975348663237,49.4553910279368,6.));
#8099=CARTESIAN_POINT('Ctrl Pts',(-1.14659359040131,48.4897058130964,6.));
#8100=CARTESIAN_POINT('Ctrl Pts',(-9.51077104707193,46.3221895562125,6.29013991712237));
#8101=CARTESIAN_POINT('Ctrl Pts',(-9.51120943150585,46.8857459314841,6.29013991712237));
#8102=CARTESIAN_POINT('Ctrl Pts',(-9.19895216580234,48.5890792934715,6.29013991712237));
#8103=CARTESIAN_POINT('Ctrl Pts',(-7.13223585173964,50.8075958634776,6.29013991712236));
#8104=CARTESIAN_POINT('Ctrl Pts',(-3.49571293711892,51.0574203369631,6.29013991712237));
#8105=CARTESIAN_POINT('Ctrl Pts',(-1.61284003666865,49.5278928487159,6.29013991712237));
#8106=CARTESIAN_POINT('Ctrl Pts',(-1.05718590936015,48.5399941120269,6.29013991712237));
#8107=CARTESIAN_POINT('Ctrl Pts',(-9.90013923634662,46.3218866708922,6.80428010080763));
#8108=CARTESIAN_POINT('Ctrl Pts',(-9.90061556151356,46.9342169996316,6.80428010080763));
#8109=CARTESIAN_POINT('Ctrl Pts',(-9.56175001766061,48.7845288125569,6.80428010080763));
#8110=CARTESIAN_POINT('Ctrl Pts',(-7.31689073725478,51.1947150620107,6.80428010080762));
#8111=CARTESIAN_POINT('Ctrl Pts',(-3.36632771159788,51.4659197047598,6.80428010080762));
#8112=CARTESIAN_POINT('Ctrl Pts',(-1.32156047343697,49.8042742743543,6.80428010080762));
#8113=CARTESIAN_POINT('Ctrl Pts',(-0.717816306269511,48.7308761464268,6.80428010080762));
#8114=CARTESIAN_POINT('Ctrl Pts',(-10.514664499931,46.3214086383091,7.));
#8115=CARTESIAN_POINT('Ctrl Pts',(-10.5152004228649,47.010353689029,7.));
#8116=CARTESIAN_POINT('Ctrl Pts',(-10.1337562861965,49.0923660116237,7.));
#8117=CARTESIAN_POINT('Ctrl Pts',(-7.60770772287847,51.804259415991,7.));
#8118=CARTESIAN_POINT('Ctrl Pts',(-3.16255323392571,52.1095013003139,7.));
#8119=CARTESIAN_POINT('Ctrl Pts',(-0.861486532254482,50.2398397448522,7.));
#8120=CARTESIAN_POINT('Ctrl Pts',(-0.182201942958807,49.0321381286182,7.));
#8121=CARTESIAN_POINT('Ctrl Pts',(-10.8224042611578,46.3211692508637,7.));
#8122=CARTESIAN_POINT('Ctrl Pts',(-10.8229700785684,47.0485445505795,7.));
#8123=CARTESIAN_POINT('Ctrl Pts',(-10.420305436614,49.2466341490573,7.));
#8124=CARTESIAN_POINT('Ctrl Pts',(-7.75344965057032,52.1097546047011,7.));
#8125=CARTESIAN_POINT('Ctrl Pts',(-3.06043286174104,52.4319902894824,7.));
#8126=CARTESIAN_POINT('Ctrl Pts',(-0.631154865052014,50.4580718050713,7.));
#8127=CARTESIAN_POINT('Ctrl Pts',(0.0860211001646608,49.1830030254094,7.));
#8128=CARTESIAN_POINT('Origin',(-10.8224042611578,46.3211692508637,5.5));
#8129=CARTESIAN_POINT('Ctrl Pts',(-1.14659359040131,44.161700427245,6.));
#8130=CARTESIAN_POINT('Ctrl Pts',(-1.68954698024201,43.1963823605857,6.));
#8131=CARTESIAN_POINT('Ctrl Pts',(-3.51977952982294,41.708283455361,6.));
#8132=CARTESIAN_POINT('Ctrl Pts',(-7.07614634853033,41.9428832394718,6.));
#8133=CARTESIAN_POINT('Ctrl Pts',(-9.09712313006535,44.1066880460503,6.));
#8134=CARTESIAN_POINT('Ctrl Pts',(-9.40776259789567,45.7713827325548,6.));
#8135=CARTESIAN_POINT('Ctrl Pts',(-9.40819112666302,46.3222693520277,6.));
#8136=CARTESIAN_POINT('Ctrl Pts',(-1.05718590936016,44.1114121283146,6.29013991712237));
#8137=CARTESIAN_POINT('Ctrl Pts',(-1.61262878004069,43.1238889852648,6.29013991712237));
#8138=CARTESIAN_POINT('Ctrl Pts',(-3.48567677167133,41.6013789681322,6.29013991712236));
#8139=CARTESIAN_POINT('Ctrl Pts',(-7.12431532856576,41.8415381741049,6.29013991712237));
#8140=CARTESIAN_POINT('Ctrl Pts',(-9.19226827757999,44.0553439194807,6.29013991712237));
#8141=CARTESIAN_POINT('Ctrl Pts',(-9.51033266091732,45.7586309689289,6.29013991712237));
#8142=CARTESIAN_POINT('Ctrl Pts',(-9.51077104707193,46.3221895562125,6.29013991712237));
#8143=CARTESIAN_POINT('Ctrl Pts',(-0.717819114537316,43.9205316734547,6.80428465741047));
#8144=CARTESIAN_POINT('Ctrl Pts',(-1.32133374150946,42.8475416455624,6.80428465741047));
#8145=CARTESIAN_POINT('Ctrl Pts',(-3.35542388503403,41.1935321645853,6.80428465741047));
#8146=CARTESIAN_POINT('Ctrl Pts',(-7.30828235678377,41.4542338165921,6.80428465741047));
#8147=CARTESIAN_POINT('Ctrl Pts',(-9.55448361676193,43.8592989538021,6.80428465741047));
#8148=CARTESIAN_POINT('Ctrl Pts',(-9.89965968730627,45.7095539412047,6.80428465741047));
#8149=CARTESIAN_POINT('Ctrl Pts',(-9.90013601434283,46.3218866733986,6.80428465741047));
#8150=CARTESIAN_POINT('Ctrl Pts',(-0.182201942958811,43.6192681117233,7.));
#8151=CARTESIAN_POINT('Ctrl Pts',(-0.861228272008209,42.4120256569685,7.));
#8152=CARTESIAN_POINT('Ctrl Pts',(-3.15028430520569,40.5509502654352,7.));
#8153=CARTESIAN_POINT('Ctrl Pts',(-7.59802386858884,40.8443759047617,7.));
#8154=CARTESIAN_POINT('Ctrl Pts',(-10.1255840937496,43.5505090457137,7.00000000000001));
#8155=CARTESIAN_POINT('Ctrl Pts',(-10.5141285748936,45.6324608834146,7.));
#8156=CARTESIAN_POINT('Ctrl Pts',(-10.514664499931,46.3214086383091,7.));
#8157=CARTESIAN_POINT('Ctrl Pts',(0.0860211001646563,43.468403214932,7.));
#8158=CARTESIAN_POINT('Ctrl Pts',(-0.630882198714051,42.1938192093725,7.));
#8159=CARTESIAN_POINT('Ctrl Pts',(-3.0474796029493,40.2289672825314,7.));
#8160=CARTESIAN_POINT('Ctrl Pts',(-7.7432254110787,40.5387274982189,7.));
#8161=CARTESIAN_POINT('Ctrl Pts',(-10.4116771580414,43.3957661188283,7.00000000000001));
#8162=CARTESIAN_POINT('Ctrl Pts',(-10.8218384415262,45.5937910961309,7.));
#8163=CARTESIAN_POINT('Ctrl Pts',(-10.8224042611578,46.3211692508637,7.));
#8164=CARTESIAN_POINT('Origin',(5.16602110016465,46.3257031201707,6.5));
#8165=CARTESIAN_POINT('',(2.16602110016465,46.3257031201707,5.));
#8166=CARTESIAN_POINT('',(8.16602110016466,46.3257031201707,5.));
#8167=CARTESIAN_POINT('Origin',(5.16602110016465,46.3257031201707,5.));
#8168=CARTESIAN_POINT('Origin',(8.16602110016466,46.3257031201707,6.5));
#8169=CARTESIAN_POINT('Origin',(5.16602110016465,46.3257031201707,5.));
#8170=CARTESIAN_POINT('Ctrl Pts',(28.2552361737064,46.3219802461627,6.));
#8171=CARTESIAN_POINT('Ctrl Pts',(28.2546812569296,47.0055190887268,6.));
#8172=CARTESIAN_POINT('Ctrl Pts',(28.5652603384195,48.3791160379994,6.));
#8173=CARTESIAN_POINT('Ctrl Pts',(29.8840352633256,50.0328093249218,6.));
#8174=CARTESIAN_POINT('Ctrl Pts',(31.7823697818859,50.9420771427383,6.));
#8175=CARTESIAN_POINT('Ctrl Pts',(34.6028455583973,50.9627759374378,6.));
#8176=CARTESIAN_POINT('Ctrl Pts',(37.5713232911594,48.6080597994116,6.));
#8177=CARTESIAN_POINT('Ctrl Pts',(37.5691446007175,44.0588671551947,6.));
#8178=CARTESIAN_POINT('Ctrl Pts',(34.0191046158016,41.2039772544091,6.));
#8179=CARTESIAN_POINT('Ctrl Pts',(29.5724880397651,42.2207057362939,6.));
#8180=CARTESIAN_POINT('Ctrl Pts',(28.2563460072599,44.9549025610345,6.));
#8181=CARTESIAN_POINT('Ctrl Pts',(28.2552361737064,46.3219802461627,6.));
#8182=CARTESIAN_POINT('Ctrl Pts',(28.3578160913479,46.3220635235329,5.70986008287763));
#8183=CARTESIAN_POINT('Ctrl Pts',(28.3572734616659,46.9904672920143,5.70986008287763));
#8184=CARTESIAN_POINT('Ctrl Pts',(28.6607533584112,48.3334610111208,5.70986008287763));
#8185=CARTESIAN_POINT('Ctrl Pts',(29.9500483733892,49.9503753880644,5.70986008287763));
#8186=CARTESIAN_POINT('Ctrl Pts',(31.8061875255017,50.8394477939251,5.70986008287763));
#8187=CARTESIAN_POINT('Ctrl Pts',(34.5639007196212,50.8596433218364,5.70986008287763));
#8188=CARTESIAN_POINT('Ctrl Pts',(37.4664084606461,48.5573368416377,5.70986008287763));
#8189=CARTESIAN_POINT('Ctrl Pts',(37.4640118500969,44.109238426419,5.70986008287763));
#8190=CARTESIAN_POINT('Ctrl Pts',(33.9931570479644,41.317678983779,5.70986008287763));
#8191=CARTESIAN_POINT('Ctrl Pts',(29.6452999399807,42.3120764996604,5.70986008287763));
#8192=CARTESIAN_POINT('Ctrl Pts',(28.358901350712,44.9852559865702,5.70986008287763));
#8193=CARTESIAN_POINT('Ctrl Pts',(28.3578160913479,46.3220635235329,5.70986008287763));
#8194=CARTESIAN_POINT('Ctrl Pts',(28.7472092590927,46.3223796442683,5.19575523895024));
#8195=CARTESIAN_POINT('Ctrl Pts',(28.746713922187,46.9325288221794,5.19575523895024));
#8196=CARTESIAN_POINT('Ctrl Pts',(29.0240302863462,48.158717212752,5.19575523895024));
#8197=CARTESIAN_POINT('Ctrl Pts',(30.2013166783117,49.6349189287298,5.19575523895025));
#8198=CARTESIAN_POINT('Ctrl Pts',(31.8958930101238,50.4465844968014,5.19575523895025));
#8199=CARTESIAN_POINT('Ctrl Pts',(34.4136586764941,50.4650777639818,5.19575523895025));
#8200=CARTESIAN_POINT('Ctrl Pts',(37.063509626978,48.3630793966095,5.19575523895024));
#8201=CARTESIAN_POINT('Ctrl Pts',(37.0616645988767,44.3021841487656,5.19575523895025));
#8202=CARTESIAN_POINT('Ctrl Pts',(33.8925654146208,41.7537720559547,5.19575523895024));
#8203=CARTESIAN_POINT('Ctrl Pts',(29.9232567233225,42.6612691485189,5.19575523895024));
#8204=CARTESIAN_POINT('Ctrl Pts',(28.748199932904,45.1020812884461,5.19575523895024));
#8205=CARTESIAN_POINT('Ctrl Pts',(28.7472092590927,46.3223796442683,5.19575523895024));
#8206=CARTESIAN_POINT('Ctrl Pts',(29.3617095171245,46.3228785135077,5.));
#8207=CARTESIAN_POINT('Ctrl Pts',(29.3612884682898,46.8415206688526,5.));
#8208=CARTESIAN_POINT('Ctrl Pts',(29.5969008079427,47.8837152431663,5.));
#8209=CARTESIAN_POINT('Ctrl Pts',(30.5974811889969,49.138440859606,5.));
#8210=CARTESIAN_POINT('Ctrl Pts',(32.0378309519735,49.8283452450096,5.));
#8211=CARTESIAN_POINT('Ctrl Pts',(34.1778362714557,49.8440420249066,5.));
#8212=CARTESIAN_POINT('Ctrl Pts',(36.4301530046971,48.0574289544941,5.));
#8213=CARTESIAN_POINT('Ctrl Pts',(36.428448714643,44.6057522450818,5.));
#8214=CARTESIAN_POINT('Ctrl Pts',(33.7349306391902,42.4395975198176,5.));
#8215=CARTESIAN_POINT('Ctrl Pts',(30.3610723692701,43.211085692054,5.));
#8216=CARTESIAN_POINT('Ctrl Pts',(29.362551614794,45.285594202818,5.));
#8217=CARTESIAN_POINT('Ctrl Pts',(29.3617095171245,46.3228785135077,5.));
#8218=CARTESIAN_POINT('Ctrl Pts',(29.6694492700492,46.3231283456184,5.));
#8219=CARTESIAN_POINT('Ctrl Pts',(29.6690654844061,46.7958702148147,5.));
#8220=CARTESIAN_POINT('Ctrl Pts',(29.8838648877085,47.7458627373838,5.));
#8221=CARTESIAN_POINT('Ctrl Pts',(30.7959419844696,48.8895725119512,5.));
#8222=CARTESIAN_POINT('Ctrl Pts',(32.1088479274554,49.5184306558163,5.));
#8223=CARTESIAN_POINT('Ctrl Pts',(34.0595154061448,49.5327461362061,5.));
#8224=CARTESIAN_POINT('Ctrl Pts',(36.1125424247547,47.9042023882877,5.));
#8225=CARTESIAN_POINT('Ctrl Pts',(36.1110356220279,44.7579381234894,5.));
#8226=CARTESIAN_POINT('Ctrl Pts',(33.6557946998073,42.7834695139451,5.));
#8227=CARTESIAN_POINT('Ctrl Pts',(30.5804730050384,43.486648460131,5.));
#8228=CARTESIAN_POINT('Ctrl Pts',(29.6702168413355,45.3776446072259,5.));
#8229=CARTESIAN_POINT('Ctrl Pts',(29.6694492700492,46.3231283456184,5.));
#8230=CARTESIAN_POINT('',(28.2552346625378,46.3257031201707,6.));
#8231=CARTESIAN_POINT('Ctrl Pts',(28.2552346922807,46.325703274144,6.));
#8232=CARTESIAN_POINT('Ctrl Pts',(28.2552455972417,47.0080126987934,6.));
#8233=CARTESIAN_POINT('Ctrl Pts',(28.5660584388821,48.3801168254366,6.));
#8234=CARTESIAN_POINT('Ctrl Pts',(29.8840352633256,50.0328093249218,6.));
#8235=CARTESIAN_POINT('Ctrl Pts',(31.7823697818859,50.9420771427383,6.));
#8236=CARTESIAN_POINT('Ctrl Pts',(34.6028455583973,50.9627759374378,6.));
#8237=CARTESIAN_POINT('Ctrl Pts',(37.5713232911594,48.6080597994116,6.));
#8238=CARTESIAN_POINT('Ctrl Pts',(37.5691446007175,44.0588671551947,6.));
#8239=CARTESIAN_POINT('Ctrl Pts',(34.0191046158016,41.2039772544091,6.));
#8240=CARTESIAN_POINT('Ctrl Pts',(29.5724880397651,42.2207057362939,6.));
#8241=CARTESIAN_POINT('Ctrl Pts',(28.2563460072599,44.9549025610345,6.));
#8242=CARTESIAN_POINT('Ctrl Pts',(28.2552361737064,46.3219802461627,6.));
#8243=CARTESIAN_POINT('',(29.6694492700492,46.3231283456184,5.));
#8244=CARTESIAN_POINT('Origin',(29.6694492700492,46.3231283456184,6.5));
#8245=CARTESIAN_POINT('Ctrl Pts',(29.6694492700492,46.3231283456184,5.));
#8246=CARTESIAN_POINT('Ctrl Pts',(29.6702168413355,45.3776446072259,5.));
#8247=CARTESIAN_POINT('Ctrl Pts',(30.5804730050384,43.486648460131,5.));
#8248=CARTESIAN_POINT('Ctrl Pts',(33.6557946998073,42.7834695139451,5.));
#8249=CARTESIAN_POINT('Ctrl Pts',(36.1110356220279,44.7579381234894,5.));
#8250=CARTESIAN_POINT('Ctrl Pts',(36.1125424247547,47.9042023882877,5.));
#8251=CARTESIAN_POINT('Ctrl Pts',(34.0595154061448,49.5327461362061,5.));
#8252=CARTESIAN_POINT('Ctrl Pts',(32.1088479274554,49.5184306558163,5.));
#8253=CARTESIAN_POINT('Ctrl Pts',(30.7959419844696,48.8895725119512,5.));
#8254=CARTESIAN_POINT('Ctrl Pts',(29.8838648877085,47.7458627373838,5.));
#8255=CARTESIAN_POINT('Ctrl Pts',(29.6690654844061,46.7958702148147,5.));
#8256=CARTESIAN_POINT('Ctrl Pts',(29.6694492700492,46.3231283456184,5.));
#8257=CARTESIAN_POINT('Origin',(32.8410211001647,46.3257031201707,5.));
#8258=CARTESIAN_POINT('',(29.8410211001647,46.3257031201707,5.));
#8259=CARTESIAN_POINT('Origin',(32.8410211001647,46.3257031201707,5.));
#8260=CARTESIAN_POINT('Origin',(32.8410211001647,46.3257031201707,5.5));
#8261=CARTESIAN_POINT('Origin',(26.8410211001647,46.3257031201707,5.5));
#8262=CARTESIAN_POINT('Origin',(2.2530211001455,33.4633246829328,5.5));
#8263=CARTESIAN_POINT('',(-0.308978899824247,33.4633246829328,5.5));
#8264=CARTESIAN_POINT('Origin',(2.2530211001455,33.4633246829328,5.5));
#8265=CARTESIAN_POINT('Origin',(-1.80897889982425,33.4633246829328,5.5));
#8266=CARTESIAN_POINT('Origin',(2.2530211001455,33.4633246829328,7.));
#8267=CARTESIAN_POINT('',(-0.308978899824247,33.4633246829328,1.5));
#8268=CARTESIAN_POINT('Origin',(2.2530211001455,33.4633246829328,1.5));
#8269=CARTESIAN_POINT('',(-0.308978899824247,33.4633246829328,7.));
#8270=CARTESIAN_POINT('Origin',(7.06603744904731,4.15,5.5));
#8271=CARTESIAN_POINT('',(7.06603744904731,4.15,7.));
#8272=CARTESIAN_POINT('',(5.65044440525266,3.65391902439199,5.5));
#8273=CARTESIAN_POINT('Origin',(7.06603744904731,4.15,5.5));
#8274=CARTESIAN_POINT('',(7.06603744904731,2.65,5.5));
#8275=CARTESIAN_POINT('Origin',(7.06603744904731,4.15,5.5));
#8276=CARTESIAN_POINT('Origin',(7.06603744904731,4.15,5.5));
#8277=CARTESIAN_POINT('Origin',(72.4400047512437,4.15000000000001,5.5));
#8278=CARTESIAN_POINT('',(72.4400047512437,4.15,7.));
#8279=CARTESIAN_POINT('',(72.4400047512437,2.65,5.5));
#8280=CARTESIAN_POINT('Origin',(72.4400047512437,4.15,5.5));
#8281=CARTESIAN_POINT('Origin',(72.4400047512437,4.15000000000001,5.5));
#8282=CARTESIAN_POINT('Origin',(72.4400047512437,4.15,5.5));
#8283=CARTESIAN_POINT('Origin',(77.2530211001455,2.46332468293275,5.5));
#8284=CARTESIAN_POINT('',(73.0843095485987,5.40132468293275,7.));
#8285=CARTESIAN_POINT('Ctrl Pts',(73.0843095485987,5.40132468293275,7.));
#8286=CARTESIAN_POINT('Ctrl Pts',(73.3343050405202,5.40132468293275,7.));
#8287=CARTESIAN_POINT('Ctrl Pts',(73.6297614507914,5.40132468293275,6.94801669650377));
#8288=CARTESIAN_POINT('Ctrl Pts',(74.1066575509441,5.40132468293275,6.78558369963275));
#8289=CARTESIAN_POINT('Ctrl Pts',(74.3766077224192,5.40132468293275,6.64456263006903));
#8290=CARTESIAN_POINT('Ctrl Pts',(74.7489659281066,5.40132468293275,6.359330316238));
#8291=CARTESIAN_POINT('Ctrl Pts',(74.9286284596714,5.40132468293275,6.17375648043665));
#8292=CARTESIAN_POINT('Ctrl Pts',(75.1150014017499,5.40132468293275,5.84640762135335));
#8293=CARTESIAN_POINT('Ctrl Pts',(75.1725990275843,5.40132468293275,5.66143996342823));
#8294=CARTESIAN_POINT('Ctrl Pts',(75.1725990275843,5.40132468293275,5.5));
#8295=CARTESIAN_POINT('Origin',(77.2530211001455,2.46332468293275,7.));
#8296=CARTESIAN_POINT('Origin',(72.4400047512437,4.15,7.));
#8297=CARTESIAN_POINT('',(72.4400047512437,2.65,7.));
#8298=CARTESIAN_POINT('Origin',(13.4509306645759,4.15,5.5));
#8299=CARTESIAN_POINT('',(13.4509306645759,4.15,7.));
#8300=CARTESIAN_POINT('',(13.4509306645759,2.65,5.5));
#8301=CARTESIAN_POINT('Origin',(7.06603744904731,4.15,7.));
#8302=CARTESIAN_POINT('',(5.65044440525266,3.65391902439199,7.));
#8303=CARTESIAN_POINT('',(7.06603744904731,2.65,7.));
#8304=CARTESIAN_POINT('Origin',(2.2530211001455,2.46332468293275,5.5));
#8305=CARTESIAN_POINT('',(4.33344317270674,5.40132468293275,5.5));
#8306=CARTESIAN_POINT('',(6.42173265169234,5.40132468293275,7.));
#8307=CARTESIAN_POINT('Ctrl Pts',(4.33344317270674,5.40132468293275,5.5));
#8308=CARTESIAN_POINT('Ctrl Pts',(4.33344317270674,5.40132468293275,5.66143996342824));
#8309=CARTESIAN_POINT('Ctrl Pts',(4.39104079854113,5.40132468293275,5.84640762135336));
#8310=CARTESIAN_POINT('Ctrl Pts',(4.57741374061966,5.40132468293275,6.17375648043665));
#8311=CARTESIAN_POINT('Ctrl Pts',(4.75707627218435,5.40132468293275,6.359330316238));
#8312=CARTESIAN_POINT('Ctrl Pts',(5.12943447787178,5.40132468293275,6.64456263006903));
#8313=CARTESIAN_POINT('Ctrl Pts',(5.39938464934689,5.40132468293275,6.78558369963275));
#8314=CARTESIAN_POINT('Ctrl Pts',(5.87628074949963,5.40132468293275,6.94801669650377));
#8315=CARTESIAN_POINT('Ctrl Pts',(6.17173715977085,5.40132468293275,7.));
#8316=CARTESIAN_POINT('Ctrl Pts',(6.42173265169234,5.40132468293275,7.));
#8317=CARTESIAN_POINT('Origin',(2.2530211001455,2.46332468293275,7.));
#8318=CARTESIAN_POINT('Origin',(2.2530211001455,2.46332468293275,5.5));
#8319=CARTESIAN_POINT('Origin',(77.2530211001455,2.46332468293275,7.));
#8320=CARTESIAN_POINT('',(75.49102110017,5.60264881402952,5.5));
#8321=CARTESIAN_POINT('',(75.49102110017,5.60264881402952,7.));
#8322=CARTESIAN_POINT('',(78.0033740413451,5.98425786372917,5.5));
#8323=CARTESIAN_POINT('Origin',(77.2530211001455,2.46332468293275,5.5));
#8324=CARTESIAN_POINT('',(78.0033740413451,5.98425786372916,7.));
#8325=CARTESIAN_POINT('Origin',(21.0536834416051,29.0203515600767,7.));
#8326=CARTESIAN_POINT('',(12.5723522708968,5.40132468293275,7.));
#8327=CARTESIAN_POINT('Origin',(-34.9589788998353,2.65,7.));
#8328=CARTESIAN_POINT('',(-2.5599952487563,2.65,5.5));
#8329=CARTESIAN_POINT('',(-6.95264772911514,2.65,5.5));
#8330=CARTESIAN_POINT('',(-2.5599952487563,2.65,7.));
#8331=CARTESIAN_POINT('Origin',(-2.55999524875631,4.15,5.5));
#8332=CARTESIAN_POINT('Origin',(-2.5599952487563,4.15,5.5));
#8333=CARTESIAN_POINT('Origin',(-2.55999524875631,4.15,5.5));
#8334=CARTESIAN_POINT('Origin',(-2.5599952487563,4.15,5.5));
#8335=CARTESIAN_POINT('Origin',(2.2530211001455,2.46332468293275,5.5));
#8336=CARTESIAN_POINT('Origin',(-2.5599952487563,4.15,7.));
#8337=CARTESIAN_POINT('Origin',(-6.95264772911514,4.15,5.5));
#8338=CARTESIAN_POINT('',(-30.5089788998353,3.24070312017071,6.69297073909326));
#8339=CARTESIAN_POINT('',(-6.95264772911514,3.24070312017071,6.69297073909326));
#8340=CARTESIAN_POINT('Origin',(-30.5089788998353,4.15,5.5));
#8341=CARTESIAN_POINT('Origin',(2.2530211001455,2.46332468293275,7.));
#8342=CARTESIAN_POINT('',(4.33344317270674,5.40132468293275,7.));
#8343=CARTESIAN_POINT('Origin',(-33.5073165583853,52.9090407786957,1.5));
#8344=CARTESIAN_POINT('',(-29.7689788998353,55.3907031201707,1.5));
#8345=CARTESIAN_POINT('Origin',(-29.7689788998353,56.8907031201707,1.5));
#8346=CARTESIAN_POINT('',(-30.3326378679775,55.3907031201707,1.5));
#8347=CARTESIAN_POINT('',(-34.9589788998353,55.3907031201707,1.5));
#8348=CARTESIAN_POINT('',(-31.7482309117739,54.3867840957737,1.5));
#8349=CARTESIAN_POINT('Origin',(-30.3326378679775,53.8907031201707,1.5));
#8350=CARTESIAN_POINT('',(-33.9550598754383,52.1799551321093,1.5));
#8351=CARTESIAN_POINT('Origin',(-35.1456542168853,55.5773784372207,1.5));
#8352=CARTESIAN_POINT('',(-34.9589788998353,50.7643620883129,1.5));
#8353=CARTESIAN_POINT('Origin',(-33.4589788998353,50.7643620883129,1.5));
#8354=CARTESIAN_POINT('',(-34.9589788998353,48.1407031201707,1.5));
#8355=CARTESIAN_POINT('',(-34.9589788998353,2.65,1.5));
#8356=CARTESIAN_POINT('Origin',(-36.4589788998353,48.1407031201707,1.5));
#8357=CARTESIAN_POINT('',(-36.6456542168853,55.5773784372207,1.5));
#8358=CARTESIAN_POINT('Origin',(-35.1456542168853,55.5773784372207,1.5));
#8359=CARTESIAN_POINT('Origin',(-29.7689788998353,53.8907031201707,5.5));
#8360=CARTESIAN_POINT('',(-29.7689788998353,55.3907031201707,5.5));
#8361=CARTESIAN_POINT('Origin',(-29.7689788998353,53.8907031201707,5.5));
#8362=CARTESIAN_POINT('Origin',(-29.7689788998353,56.8907031201707,5.5));
#8363=CARTESIAN_POINT('Origin',(-29.7689788998353,53.8907031201707,8.5));
#8364=CARTESIAN_POINT('Origin',(-29.7689788998353,56.8907031201707,7.));
#8365=CARTESIAN_POINT('',(-29.7689788998353,55.3907031201707,7.));
#8366=CARTESIAN_POINT('Origin',(-29.7689788998353,39.9805273401237,8.5));
#8367=CARTESIAN_POINT('Origin',(-29.7689788998353,50.9407031201707,8.5));
#8368=CARTESIAN_POINT('Origin',(-30.3326378679775,53.8907031201707,5.5));
#8369=CARTESIAN_POINT('',(-30.3326378679775,55.3907031201707,5.5));
#8370=CARTESIAN_POINT('Origin',(-30.3326378679775,53.8907031201707,5.5));
#8371=CARTESIAN_POINT('',(-31.7482309117739,54.3867840957737,5.5));
#8372=CARTESIAN_POINT('Origin',(-30.3326378679775,53.8907031201707,5.5));
#8373=CARTESIAN_POINT('Origin',(-30.3326378679775,53.8907031201707,5.5));
#8374=CARTESIAN_POINT('Origin',(-33.4589788998353,50.7643620883129,5.5));
#8375=CARTESIAN_POINT('',(-33.9550598754383,52.1799551321093,5.5));
#8376=CARTESIAN_POINT('Origin',(-33.4589788998353,50.7643620883129,5.5));
#8377=CARTESIAN_POINT('',(-34.9589788998353,50.7643620883129,5.5));
#8378=CARTESIAN_POINT('Origin',(-33.4589788998353,50.7643620883129,5.5));
#8379=CARTESIAN_POINT('Origin',(-33.4589788998353,50.7643620883129,5.5));
#8380=CARTESIAN_POINT('Origin',(-33.4589788998353,48.1407031201707,5.5));
#8381=CARTESIAN_POINT('',(-34.9589788998353,48.1407031201707,5.5));
#8382=CARTESIAN_POINT('Origin',(-33.4589788998353,48.1407031201707,5.5));
#8383=CARTESIAN_POINT('Origin',(-33.4589788998353,48.1407031201707,8.5));
#8384=CARTESIAN_POINT('Origin',(-36.4589788998353,48.1407031201707,5.5));
#8385=CARTESIAN_POINT('Origin',(-8.84598538766515,48.1407031201707,8.5));
#8386=CARTESIAN_POINT('Origin',(-30.5089788998353,48.1407031201707,8.5));
#8387=CARTESIAN_POINT('Origin',(-36.4589788998353,48.1407031201707,7.));
#8388=CARTESIAN_POINT('',(-34.9589788998353,48.1407031201707,7.));
#8389=CARTESIAN_POINT('Origin',(-33.4589788998353,40.5012866049476,5.5));
#8390=CARTESIAN_POINT('',(-34.9589788998353,40.5012866049476,5.5));
#8391=CARTESIAN_POINT('Origin',(-33.4589788998353,50.7643620883129,7.));
#8392=CARTESIAN_POINT('',(-33.9550598754383,52.1799551321093,7.));
#8393=CARTESIAN_POINT('',(-34.9589788998353,50.7643620883129,7.));
#8394=CARTESIAN_POINT('Origin',(-35.1456542168853,55.5773784372207,5.5));
#8395=CARTESIAN_POINT('Origin',(-35.1456542168853,55.5773784372207,5.5));
#8396=CARTESIAN_POINT('Origin',(-30.3326378679775,53.8907031201707,7.));
#8397=CARTESIAN_POINT('',(-30.3326378679775,55.3907031201707,7.));
#8398=CARTESIAN_POINT('',(-31.7482309117739,54.3867840957737,7.));
#8399=CARTESIAN_POINT('Origin',(-3.60764772911515,53.8907031201707,5.5));
#8400=CARTESIAN_POINT('',(-3.60764772911515,55.3907031201707,5.5));
#8401=CARTESIAN_POINT('Origin',(-28.2689788998353,55.3907031201707,7.));
#8402=CARTESIAN_POINT('Origin',(-37.1462705352868,1.74070312017071,7.));
#8403=CARTESIAN_POINT('',(-37.1462705352868,3.24070312017071,7.));
#8404=CARTESIAN_POINT('',(-38.5717327740503,1.27373694809917,7.));
#8405=CARTESIAN_POINT('Origin',(-35.2456542169353,2.36332468293275,7.));
#8406=CARTESIAN_POINT('',(-35.2456542169353,-1.13667531706725,7.));
#8407=CARTESIAN_POINT('Origin',(78.3160211001782,7.45131335572767,5.5));
#8408=CARTESIAN_POINT('',(78.3160211001782,7.45131335572767,7.));
#8409=CARTESIAN_POINT('Origin',(78.3160211001782,7.45131335572767,5.5));
#8410=CARTESIAN_POINT('',(79.8160211001783,7.45131335572767,5.5));
#8411=CARTESIAN_POINT('Origin',(78.3160211001782,7.45131335572767,5.5));
#8412=CARTESIAN_POINT('Origin',(78.3160211001782,7.45131335572767,5.5));
#8413=CARTESIAN_POINT('Origin',(78.3160211001782,28.4753360101378,5.5));
#8414=CARTESIAN_POINT('',(78.3160211001782,28.4753360101378,7.));
#8415=CARTESIAN_POINT('',(79.8160211001782,28.4753360101378,5.5));
#8416=CARTESIAN_POINT('Origin',(78.3160211001782,28.4753360101378,5.5));
#8417=CARTESIAN_POINT('',(78.0033740413451,29.9423915021364,5.5));
#8418=CARTESIAN_POINT('Origin',(78.3160211001782,28.4753360101378,5.5));
#8419=CARTESIAN_POINT('Origin',(78.3160211001782,28.4753360101378,5.5));
#8420=CARTESIAN_POINT('Origin',(75.5663457830455,38.2763410318231,5.5));
#8421=CARTESIAN_POINT('',(76.0624267586631,36.8607479880318,5.5));
#8422=CARTESIAN_POINT('Origin',(75.5663457830455,38.2763410318231,5.5));
#8423=CARTESIAN_POINT('',(77.0663457830455,38.2763410318231,5.5));
#8424=CARTESIAN_POINT('Origin',(75.5663457830455,38.2763410318231,5.5));
#8425=CARTESIAN_POINT('Origin',(75.5663457830455,38.2763410318231,5.5));
#8426=CARTESIAN_POINT('Origin',(75.5663457830455,38.6407031201707,5.5));
#8427=CARTESIAN_POINT('',(77.0663457830455,38.6407031201707,5.5));
#8428=CARTESIAN_POINT('',(78.5663457830455,40.1407031201707,5.5));
#8429=CARTESIAN_POINT('Origin',(78.5663457830455,38.6407031201707,5.5));
#8430=CARTESIAN_POINT('Origin',(75.5663457830455,38.6407031201707,5.5));
#8431=CARTESIAN_POINT('Origin',(75.5663457830455,38.6407031201707,8.5));
#8432=CARTESIAN_POINT('Origin',(75.5663457830455,40.1407031201707,5.5));
#8433=CARTESIAN_POINT('Origin',(75.5663457830455,33.0394165152046,5.5));
#8434=CARTESIAN_POINT('',(77.0663457830455,33.0394165152046,5.5));
#8435=CARTESIAN_POINT('Origin',(50.3410211001647,41.6407031201707,8.5));
#8436=CARTESIAN_POINT('Origin',(47.3410211001647,41.6407031201707,8.5));
#8437=CARTESIAN_POINT('Origin',(50.3410211001647,38.6407031201707,8.5));
#8438=CARTESIAN_POINT('Origin',(50.3410211001647,50.6407031201707,8.5));
#8439=CARTESIAN_POINT('Origin',(47.3410211001647,50.6407031201707,8.5));
#8440=CARTESIAN_POINT('Origin',(47.3410211001647,35.5805273401237,8.5));
#8441=CARTESIAN_POINT('Origin',(50.9533522708753,38.6407031201707,8.5));
#8442=CARTESIAN_POINT('Origin',(78.5663457830455,38.6407031201707,7.));
#8443=CARTESIAN_POINT('',(77.0663457830455,38.6407031201707,7.));
#8444=CARTESIAN_POINT('',(78.5663457830455,40.1407031201707,7.));
#8445=CARTESIAN_POINT('Origin',(75.5663457830455,38.2763410318231,7.));
#8446=CARTESIAN_POINT('',(76.0624267586631,36.8607479880318,7.));
#8447=CARTESIAN_POINT('',(77.0663457830455,38.2763410318231,7.));
#8448=CARTESIAN_POINT('Origin',(77.2530211001455,33.4633246829328,5.5));
#8449=CARTESIAN_POINT('',(75.49102110017,29.8013246744733,6.58461793225522));
#8450=CARTESIAN_POINT('Ctrl Pts',(75.4910210950042,29.8013246829328,6.58461791983043));
#8451=CARTESIAN_POINT('Ctrl Pts',(75.3881569184487,29.8013246829328,6.62722458282497));
#8452=CARTESIAN_POINT('Ctrl Pts',(75.2862832747205,29.8013246829327,6.66707883540026));
#8453=CARTESIAN_POINT('Ctrl Pts',(74.7410318776729,29.8013246829328,6.86676825113032));
#8454=CARTESIAN_POINT('Ctrl Pts',(74.1821739854669,29.8013246829328,7.));
#8455=CARTESIAN_POINT('Ctrl Pts',(73.7034076000585,29.8013246829328,7.));
#8456=CARTESIAN_POINT('Origin',(77.2530211001455,33.4633246829328,5.5));
#8457=CARTESIAN_POINT('',(75.49102110017,28.6773706505494,7.));
#8458=CARTESIAN_POINT('Origin',(77.2530211001455,33.4633246829328,7.));
#8459=CARTESIAN_POINT('Ctrl Pts',(75.49102110017,28.6773706505494,7.));
#8460=CARTESIAN_POINT('Ctrl Pts',(75.49102110017,28.8807525944178,7.));
#8461=CARTESIAN_POINT('Ctrl Pts',(75.49102110017,29.1204678293227,6.95416250566938));
#8462=CARTESIAN_POINT('Ctrl Pts',(75.49102110017,29.4774458102879,6.81407949872989));
#8463=CARTESIAN_POINT('Ctrl Pts',(75.49102110017,29.6601921049815,6.70611142510678));
#8464=CARTESIAN_POINT('Ctrl Pts',(75.49102110017,29.8013246709041,6.58461792804551));
#8465=CARTESIAN_POINT('Origin',(78.3160211001782,28.4753360101378,7.));
#8466=CARTESIAN_POINT('',(79.8160211001782,28.4753360101378,7.));
#8467=CARTESIAN_POINT('',(78.0033740413451,29.9423915021364,7.));
#8468=CARTESIAN_POINT('Origin',(78.3160211001782,17.0058625476762,5.5));
#8469=CARTESIAN_POINT('',(78.3160211001782,17.0058625476762,7.));
#8470=CARTESIAN_POINT('',(79.8160211001783,17.0058625476762,5.5));
#8471=CARTESIAN_POINT('Origin',(78.3160211001782,7.45131335572767,7.));
#8472=CARTESIAN_POINT('',(79.8160211001783,7.45131335572767,7.));
#8473=CARTESIAN_POINT('Origin',(77.2530211001455,2.46332468293275,5.5));
#8474=CARTESIAN_POINT('',(75.49102110017,7.24927871531611,7.));
#8475=CARTESIAN_POINT('Ctrl Pts',(75.49102110017,5.60264881402952,5.5));
#8476=CARTESIAN_POINT('Ctrl Pts',(75.49102110017,5.60264881402952,5.67861631897179));
#8477=CARTESIAN_POINT('Ctrl Pts',(75.49102110017,5.64915151623688,5.88785053086789));
#8478=CARTESIAN_POINT('Ctrl Pts',(75.49102110017,5.80066360195741,6.22545015972364));
#8479=CARTESIAN_POINT('Ctrl Pts',(75.49102110017,5.93671076407264,6.41053660570375));
#8480=CARTESIAN_POINT('Ctrl Pts',(75.49102110017,6.22408143675819,6.6784647948291));
#8481=CARTESIAN_POINT('Ctrl Pts',(75.49102110017,6.42930555620806,6.80627125359324));
#8482=CARTESIAN_POINT('Ctrl Pts',(75.49102110017,6.80618153654279,6.95416250566938));
#8483=CARTESIAN_POINT('Ctrl Pts',(75.49102110017,7.04589677144771,7.));
#8484=CARTESIAN_POINT('Ctrl Pts',(75.49102110017,7.24927871531611,7.));
#8485=CARTESIAN_POINT('Origin',(77.2530211001455,2.46332468293275,7.));
#8486=CARTESIAN_POINT('Origin',(21.0536834416051,29.0203515600767,7.));
#8487=CARTESIAN_POINT('',(75.49102110017,17.2108381215047,7.));
#8488=CARTESIAN_POINT('Origin',(79.3530211001455,38.6407031201707,7.));
#8489=CARTESIAN_POINT('',(80.8530211001455,38.6407031201707,7.));
#8490=CARTESIAN_POINT('',(79.3530211001455,40.1407031201707,7.));
#8491=CARTESIAN_POINT('Origin',(80.8530211001455,40.1407031201707,7.));
#8492=CARTESIAN_POINT('Origin',(77.3530211001455,2.36332468293275,7.));
#8493=CARTESIAN_POINT('',(77.3530211001455,-1.13667531706725,7.));
#8494=CARTESIAN_POINT('',(80.8530211001455,2.36332468293275,7.));
#8495=CARTESIAN_POINT('Origin',(-38.7456542169353,-1.13667531706725,7.));
#8496=CARTESIAN_POINT('Origin',(77.0663457830455,37.0584814703324,7.));
#8497=CARTESIAN_POINT('Origin',(77.0663457830455,50.1407031201707,1.5));
#8498=CARTESIAN_POINT('',(77.0663457830455,51.9822216498211,7.));
#8499=CARTESIAN_POINT('',(77.0663457830455,50.1407031201707,7.));
#8500=CARTESIAN_POINT('',(77.0663457830455,51.9822216498211,7.));
#8501=CARTESIAN_POINT('Origin',(77.0663457830455,50.1407031201707,7.));
#8502=CARTESIAN_POINT('Origin',(77.2530211001455,55.5773784372207,7.));
#8503=CARTESIAN_POINT('Origin',(32.8410211001647,46.3257031201707,7.));
#8504=CARTESIAN_POINT('',(29.8410211001647,46.3257031201707,7.5));
#8505=CARTESIAN_POINT('',(29.8410211001647,46.3257031201707,7.));
#8506=CARTESIAN_POINT('Origin',(32.8410211001647,46.3257031201707,7.5));
#8507=CARTESIAN_POINT('Origin',(32.8410211001647,46.3257031201707,7.5));
#8508=CARTESIAN_POINT('',(30.8410211001647,46.3257031201707,7.5));
#8509=CARTESIAN_POINT('Origin',(32.8410211001647,46.3257031201707,7.5));
#8510=CARTESIAN_POINT('Origin',(5.16602110016465,46.3257031201707,7.));
#8511=CARTESIAN_POINT('',(2.16602110016465,46.3257031201707,7.5));
#8512=CARTESIAN_POINT('',(2.16602110016465,46.3257031201707,7.));
#8513=CARTESIAN_POINT('Origin',(5.16602110016465,46.3257031201707,7.5));
#8514=CARTESIAN_POINT('Origin',(5.16602110016465,46.3257031201707,7.5));
#8515=CARTESIAN_POINT('',(3.16602110016466,46.3257031201707,7.5));
#8516=CARTESIAN_POINT('Origin',(5.16602110016465,46.3257031201707,7.5));
#8517=CARTESIAN_POINT('Origin',(-4.99397889983535,46.3257031201707,7.));
#8518=CARTESIAN_POINT('',(-7.99397889983535,46.3257031201707,7.5));
#8519=CARTESIAN_POINT('',(-7.99397889983535,46.3257031201707,7.));
#8520=CARTESIAN_POINT('Origin',(-4.99397889983535,46.3257031201707,7.5));
#8521=CARTESIAN_POINT('Origin',(-4.99397889983535,46.3257031201707,7.5));
#8522=CARTESIAN_POINT('',(-6.99397889983534,46.3257031201707,7.5));
#8523=CARTESIAN_POINT('Origin',(-4.99397889983535,46.3257031201707,7.5));
#8524=CARTESIAN_POINT('Origin',(73.6578643127432,55.3907031201707,7.));
#8525=CARTESIAN_POINT('Origin',(77.2530211001455,55.5773784372207,7.));
#8526=CARTESIAN_POINT('Origin',(2.2530211001455,33.4633246829328,1.5));
#8527=CARTESIAN_POINT('',(0.753021100145503,33.4633246829328,1.5));
#8528=CARTESIAN_POINT('Origin',(2.2530211001455,33.4633246829328,1.5));
#8529=CARTESIAN_POINT('Origin',(-34.9589788998353,51.9822216498185,7.));
#8530=CARTESIAN_POINT('Origin',(-35.1456542168853,55.5773784372207,7.));
#8531=CARTESIAN_POINT('Origin',(77.2530211001455,33.4633246829328,7.));
#8532=CARTESIAN_POINT('Origin',(79.8160211001783,4.99137353527562,7.));
#8533=CARTESIAN_POINT('Origin',(5.84817788754683,2.65,7.));
#8534=CARTESIAN_POINT('Origin',(75.49102110017,29.8013246829328,7.));
#8535=CARTESIAN_POINT('',(75.49102110017,29.8013246829328,9.));
#8536=CARTESIAN_POINT('',(75.49102110017,29.8013246829328,7.));
#8537=CARTESIAN_POINT('',(48.2723522708876,29.8013246829328,9.));
#8538=CARTESIAN_POINT('Origin',(75.49102110017,5.40132468293275,7.));
#8539=CARTESIAN_POINT('',(75.49102110017,5.40132468293275,9.));
#8540=CARTESIAN_POINT('',(75.49102110017,17.2108381215047,9.));
#8541=CARTESIAN_POINT('',(75.49102110017,5.40132468293275,7.));
#8542=CARTESIAN_POINT('Origin',(4.09102110018863,5.40132468293275,7.));
#8543=CARTESIAN_POINT('',(12.5723522708968,5.40132468293275,9.));
#8544=CARTESIAN_POINT('Origin',(77.2530211001455,33.4633246829328,7.));
#8545=CARTESIAN_POINT('',(75.7530211001455,33.4633246829328,9.));
#8546=CARTESIAN_POINT('Origin',(77.2530211001455,33.4633246829328,9.));
#8547=CARTESIAN_POINT('',(75.7530211001455,33.4633246829328,7.));
#8548=CARTESIAN_POINT('Origin',(-14.1089788998353,50.3907031201707,7.));
#8549=CARTESIAN_POINT('',(-14.1089788998353,7.04070312017071,9.));
#8550=CARTESIAN_POINT('',(-14.1089788998353,7.04070312017071,7.));
#8551=CARTESIAN_POINT('',(-14.1089788998353,50.3907031201707,9.));
#8552=CARTESIAN_POINT('',(-14.1089788998353,50.3907031201707,9.));
#8553=CARTESIAN_POINT('',(-14.1089788998353,50.3907031201707,7.));
#8554=CARTESIAN_POINT('Origin',(-29.3089788998353,50.3907031201707,7.));
#8555=CARTESIAN_POINT('',(-29.3089788998353,50.3907031201707,9.));
#8556=CARTESIAN_POINT('',(-29.3089788998353,50.3907031201707,9.));
#8557=CARTESIAN_POINT('',(-29.3089788998353,50.3907031201707,7.));
#8558=CARTESIAN_POINT('Origin',(-29.3089788998353,7.04070312017071,7.));
#8559=CARTESIAN_POINT('',(-29.3089788998353,7.04070312017071,9.));
#8560=CARTESIAN_POINT('',(-29.3089788998353,7.04070312017071,9.));
#8561=CARTESIAN_POINT('',(-29.3089788998353,7.04070312017071,7.));
#8562=CARTESIAN_POINT('Origin',(-14.1089788998353,7.04070312017071,7.));
#8563=CARTESIAN_POINT('',(-14.1089788998353,7.04070312017071,9.));
#8564=CARTESIAN_POINT('Origin',(77.2530211001455,2.46332468293275,7.));
#8565=CARTESIAN_POINT('',(75.7530211001455,2.46332468293275,9.));
#8566=CARTESIAN_POINT('Origin',(77.2530211001455,2.46332468293275,9.));
#8567=CARTESIAN_POINT('',(75.7530211001455,2.46332468293275,7.));
#8568=CARTESIAN_POINT('Origin',(-4.99397889983535,46.3257031201707,7.));
#8569=CARTESIAN_POINT('',(-6.99397889983534,46.3257031201707,9.));
#8570=CARTESIAN_POINT('Origin',(-4.99397889983535,46.3257031201707,9.));
#8571=CARTESIAN_POINT('',(-6.99397889983534,46.3257031201707,7.));
#8572=CARTESIAN_POINT('Origin',(2.2530211001455,33.4633246829328,7.));
#8573=CARTESIAN_POINT('',(0.753021100145503,33.4633246829328,9.));
#8574=CARTESIAN_POINT('Origin',(2.2530211001455,33.4633246829328,9.));
#8575=CARTESIAN_POINT('',(0.753021100145503,33.4633246829328,7.));
#8576=CARTESIAN_POINT('Origin',(77.2530211001455,55.5773784372207,7.));
#8577=CARTESIAN_POINT('',(75.7530211001455,55.5773784372207,9.));
#8578=CARTESIAN_POINT('Origin',(77.2530211001455,55.5773784372207,9.));
#8579=CARTESIAN_POINT('',(75.7530211001455,55.5773784372207,7.));
#8580=CARTESIAN_POINT('Origin',(-35.1456542168853,55.5773784372207,7.));
#8581=CARTESIAN_POINT('',(-36.6456542168853,55.5773784372207,9.));
#8582=CARTESIAN_POINT('Origin',(-35.1456542168853,55.5773784372207,9.));
#8583=CARTESIAN_POINT('',(-36.6456542168853,55.5773784372207,7.));
#8584=CARTESIAN_POINT('Origin',(32.8410211001647,46.3257031201707,7.));
#8585=CARTESIAN_POINT('',(30.8410211001647,46.3257031201707,9.));
#8586=CARTESIAN_POINT('Origin',(32.8410211001647,46.3257031201707,9.));
#8587=CARTESIAN_POINT('',(30.8410211001647,46.3257031201707,7.));
#8588=CARTESIAN_POINT('Origin',(2.2530211001455,2.46332468293275,7.));
#8589=CARTESIAN_POINT('',(0.753021100145503,2.46332468293275,9.));
#8590=CARTESIAN_POINT('Origin',(2.2530211001455,2.46332468293275,9.));
#8591=CARTESIAN_POINT('',(0.753021100145503,2.46332468293275,7.));
#8592=CARTESIAN_POINT('Origin',(5.16602110016465,46.3257031201707,7.));
#8593=CARTESIAN_POINT('',(3.16602110016466,46.3257031201707,9.));
#8594=CARTESIAN_POINT('Origin',(5.16602110016465,46.3257031201707,9.));
#8595=CARTESIAN_POINT('',(3.16602110016466,46.3257031201707,7.));
#8596=CARTESIAN_POINT('Origin',(80.8530211001455,-1.13667531706725,7.));
#8597=CARTESIAN_POINT('Origin',(-30.5089788998353,3.24070312017071,7.));
#8598=CARTESIAN_POINT('',(-30.5089788998353,3.24070312017071,7.));
#8599=CARTESIAN_POINT('Origin',(-30.5089788998353,46.6407031201707,7.));
#8600=CARTESIAN_POINT('',(-30.5089788998353,46.6407031201707,9.));
#8601=CARTESIAN_POINT('Origin',(-15.5689788998353,50.9407031201707,7.));
#8602=CARTESIAN_POINT('',(-15.5689788998353,50.9407031201707,9.));
#8603=CARTESIAN_POINT('Origin',(21.0536834416051,29.0203515600767,9.));
#8604=CARTESIAN_POINT('Origin',(54.1910211001647,55.3907031201707,0.));
#8605=CARTESIAN_POINT('',(54.1910211001647,53.8907031201707,-10.7));
#8606=CARTESIAN_POINT('',(54.1910211001646,4.34070312017071,-10.7));
#8607=CARTESIAN_POINT('',(54.1910211001647,42.205527340128,-10.7));
#8608=CARTESIAN_POINT('',(54.1910211001647,55.3907031201707,-9.2));
#8609=CARTESIAN_POINT('Origin',(54.1910211001647,53.8907031201707,-9.2));
#8610=CARTESIAN_POINT('',(54.1910211001647,55.3907031201707,-14.2));
#8611=CARTESIAN_POINT('',(54.1910211001647,55.3907031201707,0.));
#8612=CARTESIAN_POINT('',(54.1910211001646,4.34070312017071,-14.2));
#8613=CARTESIAN_POINT('',(54.1910211001647,55.3907031201707,-14.2));
#8614=CARTESIAN_POINT('',(54.1910211001646,4.34070312017071,0.));
#8615=CARTESIAN_POINT('Origin',(4.06495054854999,53.8907031201707,-9.2));
#8616=CARTESIAN_POINT('',(72.4400047512376,53.8907031201707,-10.7));
#8617=CARTESIAN_POINT('',(4.06495054854999,53.8907031201707,-10.7));
#8618=CARTESIAN_POINT('',(72.4400047512376,55.3907031201707,-9.2));
#8619=CARTESIAN_POINT('Origin',(72.4400047512376,53.8907031201707,-9.2));
#8620=CARTESIAN_POINT('',(4.06495054854999,55.3907031201707,-9.2));
#8621=CARTESIAN_POINT('Origin',(43.0888799969353,29.0203515600854,-10.7));
#8622=CARTESIAN_POINT('',(4.36682614193012,4.34070312017071,-10.7));
#8623=CARTESIAN_POINT('',(48.58995054855,4.34070312017071,-10.7));
#8624=CARTESIAN_POINT('',(5.71643179548872,3.49535156008535,-10.7));
#8625=CARTESIAN_POINT('Origin',(4.36682614193012,2.84070312017071,-10.7));
#8626=CARTESIAN_POINT('',(7.06603744904731,2.65,-10.7));
#8627=CARTESIAN_POINT('Origin',(7.06603744904731,4.15,-10.7));
#8628=CARTESIAN_POINT('',(72.1564386838593,2.65,-10.7));
#8629=CARTESIAN_POINT('',(77.0663457830455,2.65,-10.7));
#8630=CARTESIAN_POINT('',(75.5663457830455,7.27634103182307,-10.7));
#8631=CARTESIAN_POINT('Origin',(77.2530211001455,2.46332468293275,-10.7));
#8632=CARTESIAN_POINT('',(75.5663457830455,28.6503083340424,-10.7));
#8633=CARTESIAN_POINT('',(75.5663457830455,29.4442597278093,-10.7));
#8634=CARTESIAN_POINT('',(75.5663457830455,38.2763410318231,-10.7));
#8635=CARTESIAN_POINT('Origin',(77.2530211001455,33.4633246829328,-10.7));
#8636=CARTESIAN_POINT('',(75.5663457830455,38.6407031201707,-10.7));
#8637=CARTESIAN_POINT('',(75.5663457830455,35.5805273401281,-10.7));
#8638=CARTESIAN_POINT('',(78.5663457830455,41.6407031201707,-10.7));
#8639=CARTESIAN_POINT('Origin',(78.5663457830455,38.6407031201707,-10.7));
#8640=CARTESIAN_POINT('',(79.3530211001455,41.6407031201707,-10.7));
#8641=CARTESIAN_POINT('',(61.9709505485404,41.6407031201707,-10.7));
#8642=CARTESIAN_POINT('',(79.3530211001455,50.6407031201707,-10.7));
#8643=CARTESIAN_POINT('',(79.3530211001455,44.098864998653,-10.7));
#8644=CARTESIAN_POINT('',(77.2532575281804,50.6407031201707,-10.7));
#8645=CARTESIAN_POINT('',(45.96495054855,50.6407031201707,-10.7));
#8646=CARTESIAN_POINT('',(75.7246260177059,50.7117840776409,-10.7));
#8647=CARTESIAN_POINT('Ctrl Pts',(75.7246260177059,50.7117840776409,-10.7));
#8648=CARTESIAN_POINT('Ctrl Pts',(76.2147496063246,50.5578249870814,-10.7));
#8649=CARTESIAN_POINT('Ctrl Pts',(76.7485848835122,50.5323811225741,-10.7));
#8650=CARTESIAN_POINT('Ctrl Pts',(77.2532575281804,50.6407031201707,-10.7));
#8651=CARTESIAN_POINT('Origin',(77.2530211001455,55.5773784372207,-10.7));
#8652=CARTESIAN_POINT('Origin',(-36.3499078505735,1.35399527929755,1.5));
#8653=CARTESIAN_POINT('',(-35.2999078505735,1.35399527929755,1.5));
#8654=CARTESIAN_POINT('Origin',(-36.3499078505735,1.35399527929755,1.5));
#8655=CARTESIAN_POINT('',(-35.2999078505735,1.35399527929755,-1.5));
#8656=CARTESIAN_POINT('',(-35.2999078505735,1.35399527929755,1.5));
#8657=CARTESIAN_POINT('Origin',(-36.3499078505735,1.35399527929755,-1.5));
#8658=CARTESIAN_POINT('Origin',(-36.3499078505735,1.35399527929755,-1.5));
#8659=CARTESIAN_POINT('Origin',(50.9533522708753,-0.88667531706725,-16.45));
#8660=CARTESIAN_POINT('',(-35.2456542169353,-1.13667531706725,-16.2));
#8661=CARTESIAN_POINT('',(-35.2456542169354,-0.63667531706725,-16.7));
#8662=CARTESIAN_POINT('',(-35.2456542169353,-1.13667531706725,-16.2));
#8663=CARTESIAN_POINT('',(77.3530211001455,-0.63667531706725,-16.7));
#8664=CARTESIAN_POINT('',(50.9533522708753,-0.63667531706725,-16.7));
#8665=CARTESIAN_POINT('',(77.3530211001455,-1.13667531706725,-16.2));
#8666=CARTESIAN_POINT('',(77.3530211001455,-0.63667531706725,-16.7));
#8667=CARTESIAN_POINT('',(50.9533522708753,-1.13667531706725,-16.2));
#8668=CARTESIAN_POINT('Origin',(-35.2456542169353,2.36332468293275,-16.45));
#8669=CARTESIAN_POINT('',(-38.7456542169353,2.36332468293275,-16.2));
#8670=CARTESIAN_POINT('Origin',(-35.2456542169353,2.36332468293275,-16.2));
#8671=CARTESIAN_POINT('',(-38.2456542169354,2.36332468293275,-16.7));
#8672=CARTESIAN_POINT('',(-38.7456542169353,2.36332468293275,-16.2));
#8673=CARTESIAN_POINT('Origin',(-35.2456542169353,2.36332468293275,-16.7));
#8674=CARTESIAN_POINT('Origin',(-38.4956542169353,13.9418381215047,-16.45));
#8675=CARTESIAN_POINT('',(-38.7456542169353,55.6773784372207,-16.2));
#8676=CARTESIAN_POINT('',(-38.2456542169353,55.6773784372207,-16.7));
#8677=CARTESIAN_POINT('',(-38.7456542169353,55.6773784372207,-16.2));
#8678=CARTESIAN_POINT('',(-38.2456542169353,13.9418381215047,-16.7));
#8679=CARTESIAN_POINT('',(-38.7456542169353,13.9418381215047,-16.2));
#8680=CARTESIAN_POINT('Origin',(-35.2456542169353,55.6773784372207,-16.45));
#8681=CARTESIAN_POINT('',(-35.2456542169353,59.1773784372207,-16.2));
#8682=CARTESIAN_POINT('Origin',(-35.2456542169353,55.6773784372207,-16.2));
#8683=CARTESIAN_POINT('',(-35.2456542169353,58.6773784372207,-16.7));
#8684=CARTESIAN_POINT('',(-35.2456542169353,59.1773784372207,-16.2));
#8685=CARTESIAN_POINT('Origin',(-35.2456542169353,55.6773784372207,-16.7));
#8686=CARTESIAN_POINT('Origin',(-8.84598538766515,58.9273784372207,-16.45));
#8687=CARTESIAN_POINT('',(77.3530211001455,59.1773784372207,-16.2));
#8688=CARTESIAN_POINT('',(77.3530211001455,58.6773784372207,-16.7));
#8689=CARTESIAN_POINT('',(77.3530211001455,59.1773784372207,-16.2));
#8690=CARTESIAN_POINT('',(-8.84598538766515,58.6773784372207,-16.7));
#8691=CARTESIAN_POINT('',(-8.84598538766515,59.1773784372207,-16.2));
#8692=CARTESIAN_POINT('Origin',(77.3530211001455,55.6773784372207,-16.45));
#8693=CARTESIAN_POINT('',(80.8530211001455,55.6773784372207,-16.2));
#8694=CARTESIAN_POINT('Origin',(77.3530211001455,55.6773784372207,-16.2));
#8695=CARTESIAN_POINT('',(80.3530211001455,55.6773784372207,-16.7));
#8696=CARTESIAN_POINT('',(80.8530211001455,55.6773784372207,-16.2));
#8697=CARTESIAN_POINT('Origin',(77.3530211001455,55.6773784372207,-16.7));
#8698=CARTESIAN_POINT('Origin',(80.6030211001455,44.0988649986487,-16.45));
#8699=CARTESIAN_POINT('',(80.8530211001455,2.36332468293275,-16.2));
#8700=CARTESIAN_POINT('',(80.3530211001455,2.36332468293275,-16.7));
#8701=CARTESIAN_POINT('',(80.8530211001455,2.36332468293275,-16.2));
#8702=CARTESIAN_POINT('',(80.3530211001455,44.0988649986487,-16.7));
#8703=CARTESIAN_POINT('',(80.8530211001455,44.0988649986487,-16.2));
#8704=CARTESIAN_POINT('Origin',(77.3530211001455,2.36332468293275,-16.45));
#8705=CARTESIAN_POINT('Origin',(77.3530211001455,2.36332468293275,-16.2));
#8706=CARTESIAN_POINT('Origin',(77.3530211001455,2.36332468293275,-16.7));
#8707=CARTESIAN_POINT('Origin',(-35.2456542169353,55.6773784372207,0.));
#8708=CARTESIAN_POINT('',(-38.7456542169353,55.6773784372207,1.5));
#8709=CARTESIAN_POINT('',(-38.7456542169353,55.6773784372207,0.));
#8710=CARTESIAN_POINT('',(-35.2456542169353,59.1773784372207,1.5));
#8711=CARTESIAN_POINT('Origin',(-35.2456542169353,55.6773784372207,1.5));
#8712=CARTESIAN_POINT('',(-35.2456542169353,59.1773784372207,0.));
#8713=CARTESIAN_POINT('Origin',(-38.7456542169353,-1.13667531706725,0.));
#8714=CARTESIAN_POINT('',(-38.7456542169353,2.36332468293275,-10.7));
#8715=CARTESIAN_POINT('',(-38.7456542169353,2.36332468293275,0.));
#8716=CARTESIAN_POINT('',(-38.7456542169353,48.1407031201707,-10.7));
#8717=CARTESIAN_POINT('',(-38.7456542169353,11.7543381215091,-10.7));
#8718=CARTESIAN_POINT('',(-38.7456542169353,48.1407031201707,1.5));
#8719=CARTESIAN_POINT('',(-38.7456542169353,48.1407031201707,0.));
#8720=CARTESIAN_POINT('',(-38.7456542169353,-1.13667531706725,1.5));
#8721=CARTESIAN_POINT('Origin',(-35.2456542169353,2.36332468293275,0.));
#8722=CARTESIAN_POINT('',(-35.2456542169354,-1.13667531706725,1.5));
#8723=CARTESIAN_POINT('',(-35.2456542169353,-1.13667531706725,0.));
#8724=CARTESIAN_POINT('',(-38.5717327740504,1.27373694809917,1.5));
#8725=CARTESIAN_POINT('Origin',(-35.2456542169353,2.36332468293275,1.5));
#8726=CARTESIAN_POINT('',(-38.5717327740504,1.27373694809917,-10.7));
#8727=CARTESIAN_POINT('',(-38.5717327740504,1.27373694809917,0.));
#8728=CARTESIAN_POINT('Origin',(-35.2456542169353,2.36332468293275,-10.7));
#8729=CARTESIAN_POINT('Origin',(80.8530211001455,-1.13667531706725,0.));
#8730=CARTESIAN_POINT('',(77.3530211001455,-1.13667531706725,1.5));
#8731=CARTESIAN_POINT('',(77.3530211001455,-1.13667531706725,0.));
#8732=CARTESIAN_POINT('',(80.8530211001455,-1.13667531706725,1.5));
#8733=CARTESIAN_POINT('Origin',(21.0536834416051,29.0203515600767,-16.7));
#8734=CARTESIAN_POINT('',(75.2530211001455,2.46332468293275,-16.7));
#8735=CARTESIAN_POINT('Origin',(77.2530211001455,2.46332468293275,-16.7));
#8736=CARTESIAN_POINT('',(75.2530211001455,55.5773784372207,-16.7));
#8737=CARTESIAN_POINT('Origin',(77.2530211001455,55.5773784372207,-16.7));
#8738=CARTESIAN_POINT('',(0.253021100145503,2.46332468293275,-16.7));
#8739=CARTESIAN_POINT('Origin',(2.2530211001455,2.46332468293275,-16.7));
#8740=CARTESIAN_POINT('',(-37.1456542168853,55.5773784372207,-16.7));
#8741=CARTESIAN_POINT('Origin',(-35.1456542168853,55.5773784372207,-16.7));
#8742=CARTESIAN_POINT('',(75.2530211001455,33.4633246829328,-16.7));
#8743=CARTESIAN_POINT('Origin',(77.2530211001455,33.4633246829328,-16.7));
#8744=CARTESIAN_POINT('Origin',(-35.55354516591,1.74070312017071,0.));
#8745=CARTESIAN_POINT('',(-35.55354516591,3.24070312017071,1.5));
#8746=CARTESIAN_POINT('',(-34.6597766633261,2.94535156008535,1.5));
#8747=CARTESIAN_POINT('Origin',(-35.55354516591,1.74070312017071,1.5));
#8748=CARTESIAN_POINT('',(-34.6597766633261,2.94535156008535,-10.7));
#8749=CARTESIAN_POINT('',(-34.6597766633261,2.94535156008535,0.));
#8750=CARTESIAN_POINT('',(-35.55354516591,3.24070312017071,-10.7));
#8751=CARTESIAN_POINT('Origin',(-35.55354516591,1.74070312017071,-10.7));
#8752=CARTESIAN_POINT('',(-35.55354516591,3.24070312017071,0.));
#8753=CARTESIAN_POINT('Origin',(21.0536834416051,20.5020139015517,1.5));
#8754=CARTESIAN_POINT('',(-37.1462705352868,3.24070312017071,1.5));
#8755=CARTESIAN_POINT('',(-37.6089788998353,3.24070312017071,1.5));
#8756=CARTESIAN_POINT('Origin',(-37.1462705352868,1.74070312017071,1.5));
#8757=CARTESIAN_POINT('',(80.8530211001455,2.36332468293275,1.5));
#8758=CARTESIAN_POINT('Origin',(77.3530211001455,2.36332468293275,1.5));
#8759=CARTESIAN_POINT('',(80.8530211001455,38.6407031201707,1.5));
#8760=CARTESIAN_POINT('',(80.8530211001455,59.1773784372207,1.5));
#8761=CARTESIAN_POINT('',(79.3530211001455,40.1407031201707,1.5));
#8762=CARTESIAN_POINT('Origin',(79.3530211001455,38.6407031201707,1.5));
#8763=CARTESIAN_POINT('',(78.5663457830455,40.1407031201707,1.5));
#8764=CARTESIAN_POINT('',(50.9533522708753,40.1407031201707,1.5));
#8765=CARTESIAN_POINT('',(77.0663457830455,38.6407031201707,1.5));
#8766=CARTESIAN_POINT('Origin',(78.5663457830455,38.6407031201707,1.5));
#8767=CARTESIAN_POINT('',(77.0663457830455,37.5253246829025,1.5));
#8768=CARTESIAN_POINT('',(77.0663457830455,55.3907031201707,1.5));
#8769=CARTESIAN_POINT('',(78.5663457830455,36.0253246829025,1.5));
#8770=CARTESIAN_POINT('Origin',(78.5663457830455,37.5253246829025,1.5));
#8771=CARTESIAN_POINT('',(79.8160211001782,36.0253246829025,1.5));
#8772=CARTESIAN_POINT('',(79.8160211001782,36.0253246829025,1.5));
#8773=CARTESIAN_POINT('',(79.8160211001783,-0.0986753170672505,1.5));
#8774=CARTESIAN_POINT('',(79.8160211001783,-0.0986753170672502,1.5));
#8775=CARTESIAN_POINT('',(-0.276041176667781,-0.0986753170672505,1.5));
#8776=CARTESIAN_POINT('',(-0.308978899821775,-0.0986753170672503,1.5));
#8777=CARTESIAN_POINT('',(-0.308978899821775,-0.0657375939136839,1.5));
#8778=CARTESIAN_POINT('Origin',(2.2530211001455,2.46332468293275,1.5));
#8779=CARTESIAN_POINT('',(-0.308978899821774,2.65,1.5));
#8780=CARTESIAN_POINT('',(-0.30897889982177,36.0253246829025,1.5));
#8781=CARTESIAN_POINT('',(-33.7660081607421,2.65,1.5));
#8782=CARTESIAN_POINT('',(77.0663457830455,2.65,1.5));
#8783=CARTESIAN_POINT('Origin',(-33.7660081607421,4.15,1.5));
#8784=CARTESIAN_POINT('Origin',(-34.9589788998353,3.24070312017071,0.));
#8785=CARTESIAN_POINT('',(-37.1462705352868,3.24070312017071,-10.7));
#8786=CARTESIAN_POINT('',(-37.6089788998353,3.24070312017071,-10.7));
#8787=CARTESIAN_POINT('',(-37.1462705352868,3.24070312017071,0.));
#8788=CARTESIAN_POINT('Origin',(-37.1462705352868,1.74070312017071,0.));
#8789=CARTESIAN_POINT('Origin',(-37.1462705352868,1.74070312017071,-10.7));
#8790=CARTESIAN_POINT('Origin',(-14.0689788998353,56.8907031201707,0.));
#8791=CARTESIAN_POINT('',(-14.0689788998353,55.3907031201707,1.5));
#8792=CARTESIAN_POINT('',(-15.5689788998353,56.8907031201707,1.5));
#8793=CARTESIAN_POINT('Origin',(-14.0689788998353,56.8907031201707,1.5));
#8794=CARTESIAN_POINT('',(-15.5689788998353,56.8907031201707,-10.7));
#8795=CARTESIAN_POINT('',(-15.5689788998353,56.8907031201707,0.));
#8796=CARTESIAN_POINT('',(-14.0689788998353,55.3907031201707,-10.7));
#8797=CARTESIAN_POINT('Origin',(-14.0689788998353,56.8907031201707,-10.7));
#8798=CARTESIAN_POINT('',(-14.0689788998353,55.3907031201707,0.));
#8799=CARTESIAN_POINT('Origin',(-15.5689788998353,59.1773784372207,0.));
#8800=CARTESIAN_POINT('',(-15.5689788998353,57.6773784372207,1.5));
#8801=CARTESIAN_POINT('',(-15.5689788998353,57.9407031201707,1.5));
#8802=CARTESIAN_POINT('',(-15.5689788998353,57.6773784372207,-10.7));
#8803=CARTESIAN_POINT('',(-15.5689788998353,57.6773784372207,0.));
#8804=CARTESIAN_POINT('',(-15.5689788998353,57.9407031201707,-10.7));
#8805=CARTESIAN_POINT('Origin',(32.6420211001551,54.6590407786957,1.5));
#8806=CARTESIAN_POINT('',(72.4400047512376,55.3907031201707,1.5));
#8807=CARTESIAN_POINT('',(-34.9589788998353,55.3907031201707,1.5));
#8808=CARTESIAN_POINT('',(73.8555977950341,54.3867840957737,1.5));
#8809=CARTESIAN_POINT('Origin',(72.4400047512376,53.8907031201707,1.5));
#8810=CARTESIAN_POINT('',(76.1741539831293,52.1428412422232,1.5));
#8811=CARTESIAN_POINT('Origin',(77.2530211001455,55.5773784372207,1.5));
#8812=CARTESIAN_POINT('',(76.9384697383665,52.1073007634881,1.5));
#8813=CARTESIAN_POINT('Origin',(76.6236819485527,53.5738984068055,1.5));
#8814=CARTESIAN_POINT('',(77.2532575281803,52.1407031201707,1.5));
#8815=CARTESIAN_POINT('Origin',(77.2532575281803,50.6407031201707,1.5));
#8816=CARTESIAN_POINT('',(79.3530211001455,52.1407031201707,1.5));
#8817=CARTESIAN_POINT('',(40.7415211001599,52.1407031201707,1.5));
#8818=CARTESIAN_POINT('',(80.8530211001455,53.6407031201707,1.5));
#8819=CARTESIAN_POINT('Origin',(79.3530211001455,53.6407031201707,1.5));
#8820=CARTESIAN_POINT('',(80.8530211001455,55.6773784372207,1.5));
#8821=CARTESIAN_POINT('',(80.8530211001455,59.1773784372207,1.5));
#8822=CARTESIAN_POINT('',(77.3530211001455,59.1773784372207,1.5));
#8823=CARTESIAN_POINT('Origin',(77.3530211001455,55.6773784372207,1.5));
#8824=CARTESIAN_POINT('',(-14.0689788998353,59.1773784372207,1.5));
#8825=CARTESIAN_POINT('',(-38.7456542169353,59.1773784372207,1.5));
#8826=CARTESIAN_POINT('Origin',(-14.0689788998353,57.6773784372207,1.5));
#8827=CARTESIAN_POINT('',(75.2530211001455,55.5773784372207,1.5));
#8828=CARTESIAN_POINT('Origin',(77.2530211001455,55.5773784372207,1.5));
#8829=CARTESIAN_POINT('Origin',(-14.0689788998353,57.6773784372207,0.));
#8830=CARTESIAN_POINT('',(-14.0689788998353,59.1773784372207,-10.7));
#8831=CARTESIAN_POINT('',(-14.0689788998353,59.1773784372207,0.));
#8832=CARTESIAN_POINT('Origin',(-14.0689788998353,57.6773784372207,-10.7));
#8833=CARTESIAN_POINT('Origin',(-38.7456542169353,59.1773784372207,0.));
#8834=CARTESIAN_POINT('',(-29.7689788998353,59.1773784372207,1.5));
#8835=CARTESIAN_POINT('',(-38.7456542169353,59.1773784372207,1.5));
#8836=CARTESIAN_POINT('',(-29.7689788998353,59.1773784372207,-10.7));
#8837=CARTESIAN_POINT('',(-29.7689788998353,59.1773784372207,0.));
#8838=CARTESIAN_POINT('',(-30.3323165583853,59.1773784372207,-10.7));
#8839=CARTESIAN_POINT('',(77.3530211001455,59.1773784372207,0.));
#8840=CARTESIAN_POINT('Origin',(-29.7689788998353,57.6773784372207,0.));
#8841=CARTESIAN_POINT('',(-28.2689788998353,57.6773784372207,1.5));
#8842=CARTESIAN_POINT('Origin',(-29.7689788998353,57.6773784372207,1.5));
#8843=CARTESIAN_POINT('',(-28.2689788998353,57.6773784372207,-10.7));
#8844=CARTESIAN_POINT('',(-28.2689788998353,57.6773784372207,0.));
#8845=CARTESIAN_POINT('Origin',(-29.7689788998353,57.6773784372207,-10.7));
#8846=CARTESIAN_POINT('Origin',(-28.2689788998353,55.3907031201707,0.));
#8847=CARTESIAN_POINT('',(-28.2689788998353,56.8907031201707,1.5));
#8848=CARTESIAN_POINT('',(-28.2689788998353,50.9407031201707,1.5));
#8849=CARTESIAN_POINT('',(-28.2689788998353,56.8907031201707,-10.7));
#8850=CARTESIAN_POINT('',(-28.2689788998353,56.8907031201707,0.));
#8851=CARTESIAN_POINT('',(-28.2689788998353,57.9407031201707,-10.7));
#8852=CARTESIAN_POINT('Origin',(-33.5073165583853,52.9090407786957,1.5));
#8853=CARTESIAN_POINT('',(-37.2456542169353,46.6407031201707,1.5));
#8854=CARTESIAN_POINT('Origin',(-37.2456542169353,48.1407031201707,1.5));
#8855=CARTESIAN_POINT('',(-36.4589788998353,46.6407031201707,1.5));
#8856=CARTESIAN_POINT('',(-37.6089788998353,46.6407031201707,1.5));
#8857=CARTESIAN_POINT('',(-34.9589788998353,48.1407031201707,1.5));
#8858=CARTESIAN_POINT('Origin',(-36.4589788998353,48.1407031201707,1.5));
#8859=CARTESIAN_POINT('',(-34.9589788998354,53.5861094132051,1.5));
#8860=CARTESIAN_POINT('',(-34.9589788998353,2.65,1.5));
#8861=CARTESIAN_POINT('',(-37.1456542168853,55.5773784372207,1.5));
#8862=CARTESIAN_POINT('Origin',(-35.1456542168853,55.5773784372207,1.5));
#8863=CARTESIAN_POINT('',(-33.1543851928697,55.3907031201707,1.5));
#8864=CARTESIAN_POINT('Origin',(-35.1456542168853,55.5773784372207,1.5));
#8865=CARTESIAN_POINT('',(-29.7689788998353,55.3907031201707,1.5));
#8866=CARTESIAN_POINT('',(-34.9589788998353,55.3907031201707,1.5));
#8867=CARTESIAN_POINT('Origin',(-29.7689788998353,56.8907031201707,1.5));
#8868=CARTESIAN_POINT('Origin',(-29.7689788998353,56.8907031201707,0.));
#8869=CARTESIAN_POINT('',(-29.7689788998353,55.3907031201707,-10.7));
#8870=CARTESIAN_POINT('',(-29.7689788998353,55.3907031201707,0.));
#8871=CARTESIAN_POINT('Origin',(-29.7689788998353,56.8907031201707,-10.7));
#8872=CARTESIAN_POINT('Origin',(-34.9589788998353,55.3907031201707,0.));
#8873=CARTESIAN_POINT('',(-28.4389788998353,55.3907031201707,-10.7));
#8874=CARTESIAN_POINT('',(-33.1543851928697,55.3907031201707,-14.2));
#8875=CARTESIAN_POINT('',(-33.1543851928697,55.3907031201707,0.));
#8876=CARTESIAN_POINT('',(54.0910211001647,55.3907031201707,-14.2));
#8877=CARTESIAN_POINT('',(72.4400047512376,55.3907031201707,0.));
#8878=CARTESIAN_POINT('Origin',(-36.4589788998353,48.1407031201707,0.));
#8879=CARTESIAN_POINT('',(-36.4589788998353,46.6407031201707,-10.7));
#8880=CARTESIAN_POINT('',(-36.4589788998353,46.6407031201707,0.));
#8881=CARTESIAN_POINT('',(-34.9589788998353,48.1407031201707,-10.7));
#8882=CARTESIAN_POINT('Origin',(-36.4589788998353,48.1407031201707,-10.7));
#8883=CARTESIAN_POINT('',(-34.9589788998353,48.1407031201707,0.));
#8884=CARTESIAN_POINT('Origin',(-34.9589788998353,4.34070312017071,0.));
#8885=CARTESIAN_POINT('',(-34.9589788998353,4.34070312017071,-10.7));
#8886=CARTESIAN_POINT('',(-34.9589788998353,14.493027340128,-10.7));
#8887=CARTESIAN_POINT('',(-34.9589788998353,4.34070312017071,-14.2));
#8888=CARTESIAN_POINT('',(-34.9589788998353,4.34070312017071,0.));
#8889=CARTESIAN_POINT('',(-34.9589788998353,53.5861094132051,-14.2));
#8890=CARTESIAN_POINT('',(-34.9589788998353,2.65,-14.2));
#8891=CARTESIAN_POINT('',(-34.9589788998353,53.5861094132051,0.));
#8892=CARTESIAN_POINT('Origin',(-37.2456542169353,48.1407031201707,0.));
#8893=CARTESIAN_POINT('',(-37.2456542169353,46.6407031201707,-10.7));
#8894=CARTESIAN_POINT('Origin',(-37.2456542169353,48.1407031201707,-10.7));
#8895=CARTESIAN_POINT('',(-37.2456542169353,46.6407031201707,0.));
#8896=CARTESIAN_POINT('Origin',(-38.7456542169353,46.6407031201707,0.));
#8897=CARTESIAN_POINT('',(-37.6089788998353,46.6407031201707,-10.7));
#8898=CARTESIAN_POINT('Origin',(-33.7660081607421,4.15,0.));
#8899=CARTESIAN_POINT('',(-33.7660081607421,2.65,-10.7));
#8900=CARTESIAN_POINT('',(-33.7660081607421,2.65,0.));
#8901=CARTESIAN_POINT('Origin',(-33.7660081607421,4.15,-10.7));
#8902=CARTESIAN_POINT('Origin',(-1.34213568725582,2.65,0.));
#8903=CARTESIAN_POINT('',(-0.308978899821774,2.65,0.));
#8904=CARTESIAN_POINT('',(-0.308978899821774,2.65,0.));
#8905=CARTESIAN_POINT('',(-2.5599952487563,2.65,0.));
#8906=CARTESIAN_POINT('',(10.3723522708916,2.65,0.));
#8907=CARTESIAN_POINT('',(-2.5599952487563,2.65,-10.7));
#8908=CARTESIAN_POINT('',(-2.5599952487563,2.65,0.));
#8909=CARTESIAN_POINT('',(77.0663457830455,2.65,-10.7));
#8910=CARTESIAN_POINT('Origin',(0.139216058360885,2.84070312017071,0.));
#8911=CARTESIAN_POINT('',(0.139216058360885,4.34070312017071,-10.7));
#8912=CARTESIAN_POINT('',(-1.21038959519771,3.49535156008536,-10.7));
#8913=CARTESIAN_POINT('Origin',(0.139216058360885,2.84070312017071,-10.7));
#8914=CARTESIAN_POINT('',(-1.21038959519771,3.49535156008536,0.));
#8915=CARTESIAN_POINT('',(-1.21038959519771,3.49535156008536,0.));
#8916=CARTESIAN_POINT('',(0.139216058360883,4.34070312017071,0.));
#8917=CARTESIAN_POINT('Origin',(0.139216058360885,2.84070312017071,0.));
#8918=CARTESIAN_POINT('',(0.139216058360885,4.34070312017071,0.));
#8919=CARTESIAN_POINT('Origin',(21.0536834416051,29.0203515600767,0.));
#8920=CARTESIAN_POINT('Origin',(-2.5599952487563,4.15,0.));
#8921=CARTESIAN_POINT('',(-0.308978899821775,-0.0657375939136839,0.));
#8922=CARTESIAN_POINT('',(-0.308978899821775,14.4773069830815,0.));
#8923=CARTESIAN_POINT('',(-0.276041176667781,-0.0986753170672503,0.));
#8924=CARTESIAN_POINT('Origin',(2.2530211001455,2.46332468293275,0.));
#8925=CARTESIAN_POINT('',(79.8160211001783,-0.0986753170672502,0.));
#8926=CARTESIAN_POINT('',(50.4348522708917,-0.0986753170672516,0.));
#8927=CARTESIAN_POINT('',(79.8160211001783,15.4633246829327,0.));
#8928=CARTESIAN_POINT('',(79.8160211001782,32.5228381214896,0.));
#8929=CARTESIAN_POINT('',(77.1618283360097,15.4633246829327,0.));
#8930=CARTESIAN_POINT('',(50.4901664037353,15.4633246829327,0.));
#8931=CARTESIAN_POINT('',(77.1618283360097,20.4633246829328,0.));
#8932=CARTESIAN_POINT('',(77.1618283360097,22.2418381215047,0.));
#8933=CARTESIAN_POINT('',(79.8160211001783,20.4633246829328,0.));
#8934=CARTESIAN_POINT('',(49.1077558888074,20.4633246829328,0.));
#8935=CARTESIAN_POINT('',(79.8160211001782,36.0253246829025,0.));
#8936=CARTESIAN_POINT('',(79.8160211001782,32.5228381214896,0.));
#8937=CARTESIAN_POINT('',(78.5663457830455,36.0253246829025,0.));
#8938=CARTESIAN_POINT('',(49.0600146123253,36.0253246829025,0.));
#8939=CARTESIAN_POINT('',(77.1398435624009,37.0615451938173,0.));
#8940=CARTESIAN_POINT('Origin',(78.5663457830455,37.5253246829025,0.));
#8941=CARTESIAN_POINT('',(76.0624267586631,30.0659013778337,0.));
#8942=CARTESIAN_POINT('Origin',(77.2530211001455,33.4633246829328,0.));
#8943=CARTESIAN_POINT('',(77.0663457830455,28.6503083340424,0.));
#8944=CARTESIAN_POINT('Origin',(75.5663457830455,28.6503083340424,0.));
#8945=CARTESIAN_POINT('',(77.0663457830455,7.27634103182307,0.));
#8946=CARTESIAN_POINT('',(77.0663457830455,29.4442597278049,0.));
#8947=CARTESIAN_POINT('',(76.0624267586631,5.8607479880318,0.));
#8948=CARTESIAN_POINT('Origin',(75.5663457830455,7.27634103182307,0.));
#8949=CARTESIAN_POINT('',(73.8555977950383,3.65391902439199,0.));
#8950=CARTESIAN_POINT('Origin',(77.2530211001455,2.46332468293275,0.));
#8951=CARTESIAN_POINT('',(72.4400047512437,2.65,0.));
#8952=CARTESIAN_POINT('Origin',(72.4400047512437,4.15,0.));
#8953=CARTESIAN_POINT('',(7.06603744904731,2.65,0.));
#8954=CARTESIAN_POINT('',(47.3557738771746,2.65,0.));
#8955=CARTESIAN_POINT('',(5.71643179548872,3.49535156008535,0.));
#8956=CARTESIAN_POINT('Origin',(7.06603744904731,4.15,0.));
#8957=CARTESIAN_POINT('',(4.36682614193012,4.34070312017071,0.));
#8958=CARTESIAN_POINT('Origin',(4.36682614193012,2.84070312017071,0.));
#8959=CARTESIAN_POINT('',(2.9425500722663,4.34070312017071,0.));
#8960=CARTESIAN_POINT('',(37.5723522708849,4.34070312017071,0.));
#8961=CARTESIAN_POINT('',(0.253021100145504,2.46332468293275,0.));
#8962=CARTESIAN_POINT('Origin',(2.2530211001455,2.46332468293275,0.));
#8963=CARTESIAN_POINT('',(1.56349212802471,4.34070312017071,0.));
#8964=CARTESIAN_POINT('Origin',(2.2530211001455,2.46332468293275,0.));
#8965=CARTESIAN_POINT('',(37.5723522708849,4.34070312017071,0.));
#8966=CARTESIAN_POINT('',(75.2530211001455,2.46332468293275,0.));
#8967=CARTESIAN_POINT('Origin',(77.2530211001455,2.46332468293275,0.));
#8968=CARTESIAN_POINT('',(75.2530211001455,33.4633246829328,0.));
#8969=CARTESIAN_POINT('Origin',(77.2530211001455,33.4633246829328,0.));
#8970=CARTESIAN_POINT('Origin',(-2.5599952487563,4.15,0.));
#8971=CARTESIAN_POINT('Origin',(-2.5599952487563,4.15,-10.7));
#8972=CARTESIAN_POINT('Origin',(4.36682614193012,2.84070312017071,0.));
#8973=CARTESIAN_POINT('',(5.71643179548872,3.49535156008535,0.));
#8974=CARTESIAN_POINT('',(4.36682614193012,4.34070312017071,0.));
#8975=CARTESIAN_POINT('Origin',(54.0910211001647,4.34070312017071,0.));
#8976=CARTESIAN_POINT('',(2.9425500722663,4.34070312017071,-14.2));
#8977=CARTESIAN_POINT('',(54.0910211001647,4.34070312017071,-14.2));
#8978=CARTESIAN_POINT('',(2.9425500722663,4.34070312017071,0.));
#8979=CARTESIAN_POINT('Origin',(7.06603744904731,4.15,0.));
#8980=CARTESIAN_POINT('',(7.06603744904731,2.65,0.));
#8981=CARTESIAN_POINT('Origin',(73.6578643127442,2.65,0.));
#8982=CARTESIAN_POINT('',(72.4400047512437,2.65,-10.672991634314));
#8983=CARTESIAN_POINT('',(72.4400047512437,2.65,0.));
#8984=CARTESIAN_POINT('Ctrl Pts',(72.4400047512437,2.65,-10.672991634314));
#8985=CARTESIAN_POINT('Ctrl Pts',(72.3439210369242,2.65,-10.6914617274972));
#8986=CARTESIAN_POINT('Ctrl Pts',(72.246177178605,2.65,-10.7));
#8987=CARTESIAN_POINT('Ctrl Pts',(72.1564386838593,2.65,-10.7));
#8988=CARTESIAN_POINT('Origin',(77.2532575281803,50.6407031201707,0.));
#8989=CARTESIAN_POINT('',(76.9384697383665,52.1073007634881,-9.2));
#8990=CARTESIAN_POINT('',(77.2532575281803,52.1407031201707,-9.2));
#8991=CARTESIAN_POINT('Origin',(77.2532575281803,50.6407031201707,-9.2));
#8992=CARTESIAN_POINT('',(77.2532575281803,52.1407031201707,0.));
#8993=CARTESIAN_POINT('',(76.9384697383665,52.1073007634881,0.));
#8994=CARTESIAN_POINT('Origin',(77.2532575281803,50.6407031201707,-9.2));
#8995=CARTESIAN_POINT('Origin',(77.2532575281803,50.6407031201707,-9.2));
#8996=CARTESIAN_POINT('Origin',(77.2532575281803,50.6407031201707,-9.2));
#8997=CARTESIAN_POINT('Origin',(45.96495054855,50.6407031201707,-9.2));
#8998=CARTESIAN_POINT('',(79.3530211001455,52.1407031201707,-9.2));
#8999=CARTESIAN_POINT('Origin',(79.3530211001455,50.6407031201707,-9.2));
#9000=CARTESIAN_POINT('',(45.96495054855,52.1407031201707,-9.2));
#9001=CARTESIAN_POINT('Ctrl Pts',(76.1741539831293,52.1428412422232,-9.2));
#9002=CARTESIAN_POINT('Ctrl Pts',(76.4192157774387,52.0658616969435,-9.2));
#9003=CARTESIAN_POINT('Ctrl Pts',(76.6861334160324,52.0531397646898,-9.19999999999999));
#9004=CARTESIAN_POINT('Ctrl Pts',(76.9384697383665,52.1073007634881,-9.20000000000001));
#9005=CARTESIAN_POINT('Ctrl Pts',(76.1741539831293,52.1428412422232,-9.64879895051283));
#9006=CARTESIAN_POINT('Ctrl Pts',(76.4184188546723,52.0661120287112,-9.64879895051283));
#9007=CARTESIAN_POINT('Ctrl Pts',(76.6869539950241,52.0533158922381,-9.64879895051282));
#9008=CARTESIAN_POINT('Ctrl Pts',(76.9384697383665,52.1073007634881,-9.64879895051283));
#9009=CARTESIAN_POINT('Ctrl Pts',(76.0612994000562,51.7835724712345,-10.4258095313265));
#9010=CARTESIAN_POINT('Ctrl Pts',(76.3680953274837,51.6872008150422,-10.4258095313265));
#9011=CARTESIAN_POINT('Ctrl Pts',(76.7015946241935,51.6713046766148,-10.4258095313265));
#9012=CARTESIAN_POINT('Ctrl Pts',(77.0174976243013,51.7391095088757,-10.4258095313265));
#9013=CARTESIAN_POINT('Ctrl Pts',(75.82549985726,51.0329125544351,-10.7));
#9014=CARTESIAN_POINT('Ctrl Pts',(76.2607685253407,50.8961846559155,-10.7));
#9015=CARTESIAN_POINT('Ctrl Pts',(76.7344299281158,50.8736083258791,-10.7));
#9016=CARTESIAN_POINT('Ctrl Pts',(77.182619313329,50.9698068617434,-10.7));
#9017=CARTESIAN_POINT('Ctrl Pts',(75.7246260177059,50.7117840776409,-10.7));
#9018=CARTESIAN_POINT('Ctrl Pts',(76.2147496063246,50.5578249870814,-10.7));
#9019=CARTESIAN_POINT('Ctrl Pts',(76.7485848835122,50.5323811225741,-10.7));
#9020=CARTESIAN_POINT('Ctrl Pts',(77.2532575281804,50.6407031201707,-10.7));
#9021=CARTESIAN_POINT('',(76.1741539831293,52.1428412422232,-9.2));
#9022=CARTESIAN_POINT('Origin',(76.6236819485527,53.5738984068055,-9.2));
#9023=CARTESIAN_POINT('Origin',(75.7246260177059,50.7117840776409,-9.2));
#9024=CARTESIAN_POINT('Origin',(76.6236819485527,53.5738984068055,0.));
#9025=CARTESIAN_POINT('',(76.1741539831293,52.1428412422232,0.));
#9026=CARTESIAN_POINT('Origin',(72.4400047512437,4.15,0.));
#9027=CARTESIAN_POINT('',(73.8555977950382,3.65391902439172,-9.2));
#9028=CARTESIAN_POINT('',(73.8555977950383,3.65391902439199,0.));
#9029=CARTESIAN_POINT('Ctrl Pts',(73.8555977950382,3.65391902439172,-9.2));
#9030=CARTESIAN_POINT('Ctrl Pts',(73.8551189845165,3.65255271349236,-9.20172320207804));
#9031=CARTESIAN_POINT('Ctrl Pts',(73.8546381950977,3.65118709357837,-9.20344640696516));
#9032=CARTESIAN_POINT('Ctrl Pts',(73.7720871077166,3.41779075159647,-9.49810577997284));
#9033=CARTESIAN_POINT('Ctrl Pts',(73.6283476272873,3.19304790399195,-9.80623064763062));
#9034=CARTESIAN_POINT('Ctrl Pts',(73.2784679238874,2.89301080661929,-10.2357968803742));
#9035=CARTESIAN_POINT('Ctrl Pts',(73.120851423778,2.80097347251565,-10.3736019359989));
#9036=CARTESIAN_POINT('Ctrl Pts',(72.8154068124944,2.69082150545565,-10.557136353025));
#9037=CARTESIAN_POINT('Ctrl Pts',(72.6683644260939,2.65908901598862,-10.6194803962126));
#9038=CARTESIAN_POINT('Ctrl Pts',(72.4870833342682,2.65055508656308,-10.6633606415349));
#9039=CARTESIAN_POINT('Ctrl Pts',(72.4635645917161,2.65,-10.668462745605));
#9040=CARTESIAN_POINT('Ctrl Pts',(72.4400047512437,2.65,-10.672991634314));
#9041=CARTESIAN_POINT('Origin',(75.5663457830455,7.27634103182307,-9.2));
#9042=CARTESIAN_POINT('',(76.0624267586631,5.8607479880318,-9.2));
#9043=CARTESIAN_POINT('Origin',(75.5663457830455,7.27634103182307,-9.2));
#9044=CARTESIAN_POINT('',(77.0663457830455,7.27634103182308,-9.2));
#9045=CARTESIAN_POINT('Origin',(75.5663457830455,7.27634103182307,-9.2));
#9046=CARTESIAN_POINT('Origin',(75.5663457830455,7.27634103182307,-9.2));
#9047=CARTESIAN_POINT('Origin',(75.5663457830455,7.27634103182307,0.));
#9048=CARTESIAN_POINT('',(77.0663457830455,7.27634103182307,0.));
#9049=CARTESIAN_POINT('',(76.0624267586631,5.8607479880318,0.));
#9050=CARTESIAN_POINT('Origin',(75.5663457830455,28.6503083340424,-9.2));
#9051=CARTESIAN_POINT('',(77.0663457830455,28.6503083340424,-9.2));
#9052=CARTESIAN_POINT('Origin',(75.5663457830455,28.6503083340424,-9.2));
#9053=CARTESIAN_POINT('',(76.0624267586631,30.0659013778337,-9.2));
#9054=CARTESIAN_POINT('Origin',(75.5663457830455,28.6503083340424,-9.2));
#9055=CARTESIAN_POINT('Origin',(75.5663457830455,28.6503083340424,-9.2));
#9056=CARTESIAN_POINT('Origin',(75.5663457830455,28.6503083340424,0.));
#9057=CARTESIAN_POINT('',(76.0624267586631,30.0659013778337,0.));
#9058=CARTESIAN_POINT('',(77.0663457830455,28.6503083340424,0.));
#9059=CARTESIAN_POINT('Origin',(77.2530211001455,33.4633246829328,-9.2));
#9060=CARTESIAN_POINT('',(76.542707980337,37.5253246829025,-10.3387347626643));
#9061=CARTESIAN_POINT('Ctrl Pts',(75.5663457830454,38.2763410318231,-10.7));
#9062=CARTESIAN_POINT('Ctrl Pts',(75.5686217926635,38.2747269172544,-10.7));
#9063=CARTESIAN_POINT('Ctrl Pts',(75.570897419545,38.2731122621389,-10.6999948197806));
#9064=CARTESIAN_POINT('Ctrl Pts',(75.7542283274434,38.1429655324137,-10.6991604277939));
#9065=CARTESIAN_POINT('Ctrl Pts',(75.9331023469076,38.0106627903195,-10.6655621622771));
#9066=CARTESIAN_POINT('Ctrl Pts',(76.2594352547635,37.7585071228843,-10.5410085122154));
#9067=CARTESIAN_POINT('Ctrl Pts',(76.4093424299218,37.6373926112836,-10.4530836752607));
#9068=CARTESIAN_POINT('Ctrl Pts',(76.5427079803369,37.5253246829025,-10.3387347626643));
#9069=CARTESIAN_POINT('',(77.1398435624009,37.0615451938173,-9.2));
#9070=CARTESIAN_POINT('Origin',(77.2530211001455,33.4633246829328,-9.2));
#9071=CARTESIAN_POINT('Ctrl Pts',(76.542707980337,37.5253246829025,-10.3387347626643));
#9072=CARTESIAN_POINT('Ctrl Pts',(76.6551978390291,37.4307987323233,-10.2422848700232));
#9073=CARTESIAN_POINT('Ctrl Pts',(76.7622809208168,37.3444624072196,-10.1273468970821));
#9074=CARTESIAN_POINT('Ctrl Pts',(76.9304707763202,37.2139356060737,-9.89281944439154));
#9075=CARTESIAN_POINT('Ctrl Pts',(76.9986429753097,37.1631643328718,-9.77508334875539));
#9076=CARTESIAN_POINT('Ctrl Pts',(77.0813542142042,37.102985650044,-9.56852317459307));
#9077=CARTESIAN_POINT('Ctrl Pts',(77.106516425327,37.0850854343274,-9.48487243335835));
#9078=CARTESIAN_POINT('Ctrl Pts',(77.1290815767738,37.0691167077482,-9.3588630059302));
#9079=CARTESIAN_POINT('Ctrl Pts',(77.1340939643504,37.065588710099,-9.31938450941106));
#9080=CARTESIAN_POINT('Ctrl Pts',(77.1388820788996,37.0622204022883,-9.25306218607655));
#9081=CARTESIAN_POINT('Ctrl Pts',(77.1398435624009,37.0615451938173,-9.22655840720012));
#9082=CARTESIAN_POINT('Ctrl Pts',(77.1398435624009,37.0615451938173,-9.2));
#9083=CARTESIAN_POINT('Origin',(75.5663457830455,29.4442597278093,-9.2));
#9084=CARTESIAN_POINT('',(77.0663457830455,29.4442597278093,-9.2));
#9085=CARTESIAN_POINT('Origin',(77.2530211001455,2.46332468293275,-9.2));
#9086=CARTESIAN_POINT('Origin',(77.2530211001455,2.46332468293275,-9.2));
#9087=CARTESIAN_POINT('Origin',(77.2530211001455,2.46332468293275,0.));
#9088=CARTESIAN_POINT('Origin',(72.4400047512376,53.8907031201707,-9.2));
#9089=CARTESIAN_POINT('',(73.8555977950341,54.3867840957737,-9.2));
#9090=CARTESIAN_POINT('Origin',(72.4400047512376,53.8907031201707,-9.2));
#9091=CARTESIAN_POINT('Origin',(72.4400047512376,53.8907031201707,-9.2));
#9092=CARTESIAN_POINT('Origin',(72.4400047512376,53.8907031201707,0.));
#9093=CARTESIAN_POINT('',(73.8555977950341,54.3867840957737,0.));
#9094=CARTESIAN_POINT('Origin',(77.2530211001455,55.5773784372207,-9.2));
#9095=CARTESIAN_POINT('Origin',(77.2530211001455,55.5773784372207,-9.2));
#9096=CARTESIAN_POINT('Origin',(77.2530211001455,55.5773784372207,0.));
#9097=CARTESIAN_POINT('Origin',(79.3530211001455,50.6407031201707,-9.2));
#9098=CARTESIAN_POINT('',(80.8530211001455,50.6407031201707,-12.2));
#9099=CARTESIAN_POINT('Origin',(79.3530211001455,50.6407031201707,-12.2));
#9100=CARTESIAN_POINT('',(80.8530211001455,53.6407031201707,-9.2));
#9101=CARTESIAN_POINT('Origin',(80.8530211001455,50.6407031201707,-9.2));
#9102=CARTESIAN_POINT('Origin',(79.3530211001455,53.6407031201707,-9.2));
#9103=CARTESIAN_POINT('Origin',(79.3530211001455,41.6407031201707,-9.2));
#9104=CARTESIAN_POINT('',(80.8530211001455,38.6407031201707,-9.2));
#9105=CARTESIAN_POINT('',(80.8530211001455,41.6407031201707,-12.2));
#9106=CARTESIAN_POINT('Origin',(80.8530211001455,41.6407031201707,-9.2));
#9107=CARTESIAN_POINT('Origin',(79.3530211001455,41.6407031201707,-12.2));
#9108=CARTESIAN_POINT('',(79.3530211001455,40.1407031201707,-9.2));
#9109=CARTESIAN_POINT('Origin',(79.3530211001455,41.6407031201707,-9.2));
#9110=CARTESIAN_POINT('Origin',(79.3530211001455,38.6407031201707,-9.2));
#9111=CARTESIAN_POINT('Origin',(79.3530211001455,44.098864998653,-12.2));
#9112=CARTESIAN_POINT('',(80.8530211001455,44.098864998653,-12.2));
#9113=CARTESIAN_POINT('Origin',(78.5663457830455,38.6407031201707,-9.2));
#9114=CARTESIAN_POINT('',(77.0663457830455,38.6407031201707,-9.2));
#9115=CARTESIAN_POINT('Origin',(75.5663457830455,38.6407031201707,-9.2));
#9116=CARTESIAN_POINT('',(78.5663457830455,40.1407031201707,-9.2));
#9117=CARTESIAN_POINT('Origin',(78.5663457830455,38.6407031201707,-9.2));
#9118=CARTESIAN_POINT('Origin',(78.5663457830455,41.6407031201707,-9.2));
#9119=CARTESIAN_POINT('Origin',(75.5663457830455,35.5805273401281,-9.2));
#9120=CARTESIAN_POINT('',(77.0663457830455,37.5253246829025,-9.2));
#9121=CARTESIAN_POINT('Origin',(75.5663457830455,37.5253246829025,-9.2));
#9122=CARTESIAN_POINT('',(77.0663457830455,35.5805273401281,-9.2));
#9123=CARTESIAN_POINT('Origin',(78.5663457830455,37.5253246829025,-9.2));
#9124=CARTESIAN_POINT('Origin',(78.5663457830455,37.5253246829025,-9.2));
#9125=CARTESIAN_POINT('Origin',(78.5663457830455,38.6407031201707,3.5));
#9126=CARTESIAN_POINT('',(78.5663457830455,40.1407031201707,3.5));
#9127=CARTESIAN_POINT('',(77.0663457830455,38.6407031201707,3.5));
#9128=CARTESIAN_POINT('Origin',(61.9709505485404,41.6407031201707,-9.2));
#9129=CARTESIAN_POINT('',(61.9709505485404,40.1407031201707,-9.2));
#9130=CARTESIAN_POINT('Origin',(79.3530211001455,38.6407031201707,3.5));
#9131=CARTESIAN_POINT('',(80.8530211001455,38.6407031201707,3.5));
#9132=CARTESIAN_POINT('',(79.3530211001455,40.1407031201707,3.5));
#9133=CARTESIAN_POINT('Origin',(79.3530211001455,53.6407031201707,3.5));
#9134=CARTESIAN_POINT('',(79.3530211001455,52.1407031201707,3.5));
#9135=CARTESIAN_POINT('',(80.8530211001455,53.6407031201707,3.5));
#9136=CARTESIAN_POINT('Origin',(77.0663457830455,42.1407031201707,0.));
#9137=CARTESIAN_POINT('',(77.0663457830455,37.5253246829025,0.));
#9138=CARTESIAN_POINT('Origin',(78.5663457830455,37.5253246829025,0.));
#9139=CARTESIAN_POINT('',(77.1398435624009,37.0615451938173,0.));
#9140=CARTESIAN_POINT('',(78.5663457830455,36.0253246829025,0.));
#9141=CARTESIAN_POINT('Origin',(77.2530211001455,33.4633246829328,0.));
#9142=CARTESIAN_POINT('Origin',(77.3530211001455,55.6773784372207,0.));
#9143=CARTESIAN_POINT('',(80.8530211001455,55.6773784372207,0.));
#9144=CARTESIAN_POINT('Origin',(80.8530211001455,59.1773784372207,0.));
#9145=CARTESIAN_POINT('',(80.8530211001455,2.36332468293275,0.));
#9146=CARTESIAN_POINT('Origin',(77.3530211001455,2.36332468293275,0.));
#9147=CARTESIAN_POINT('Origin',(80.8530211001455,40.1407031201707,7.));
#9148=CARTESIAN_POINT('Origin',(48.8410211001647,52.1407031201707,7.));
#9149=CARTESIAN_POINT('Origin',(77.1618283360097,20.4633246829328,0.));
#9150=CARTESIAN_POINT('',(79.9266493658655,20.4633246829328,0.));
#9151=CARTESIAN_POINT('',(79.9266493658655,20.4633246829328,0.));
#9152=CARTESIAN_POINT('',(77.1618283360097,20.4633246829328,-1.5));
#9153=CARTESIAN_POINT('',(77.1618283360097,20.4633246829328,0.));
#9154=CARTESIAN_POINT('',(79.9266493658655,20.4633246829328,-1.5));
#9155=CARTESIAN_POINT('',(79.9266493658655,20.4633246829328,-1.5));
#9156=CARTESIAN_POINT('',(79.9266493658655,20.4633246829328,0.));
#9157=CARTESIAN_POINT('Origin',(77.1618283360097,15.4633246829327,0.));
#9158=CARTESIAN_POINT('',(77.1618283360097,15.4633246829327,-1.5));
#9159=CARTESIAN_POINT('',(77.1618283360097,15.4633246829327,0.));
#9160=CARTESIAN_POINT('',(77.1618283360097,20.4633246829328,-1.5));
#9161=CARTESIAN_POINT('Origin',(79.9266493658655,15.4633246829327,0.));
#9162=CARTESIAN_POINT('',(79.9266493658655,15.4633246829327,0.));
#9163=CARTESIAN_POINT('',(77.1618283360097,15.4633246829327,0.));
#9164=CARTESIAN_POINT('',(79.9266493658655,15.4633246829327,-1.5));
#9165=CARTESIAN_POINT('',(79.9266493658655,15.4633246829327,0.));
#9166=CARTESIAN_POINT('',(77.1618283360097,15.4633246829327,-1.5));
#9167=CARTESIAN_POINT('Origin',(79.9266493658655,20.4633246829328,0.));
#9168=CARTESIAN_POINT('',(79.9266493658655,15.4633246829327,0.));
#9169=CARTESIAN_POINT('',(79.9266493658655,15.4633246829327,-1.5));
#9170=CARTESIAN_POINT('Origin',(78.5442388509376,17.9633246829328,0.));
#9171=CARTESIAN_POINT('',(79.8160211001782,32.5228381214896,0.));
#9172=CARTESIAN_POINT('Origin',(78.5442388509376,17.9633246829328,-1.5));
#9173=CARTESIAN_POINT('Origin',(-0.308978899821775,-0.0657375939136839,
0.));
#9174=CARTESIAN_POINT('',(-0.308978899821775,-0.0657375939136839,0.));
#9175=CARTESIAN_POINT('Origin',(2.2530211001455,2.46332468293275,0.));
#9176=CARTESIAN_POINT('',(-0.276041176667781,-0.0986753170672503,0.));
#9177=CARTESIAN_POINT('Origin',(79.8160211001783,-0.0986753170672502,0.));
#9178=CARTESIAN_POINT('',(79.8160211001783,-0.0986753170672502,0.));
#9179=CARTESIAN_POINT('Origin',(79.8160211001782,36.0253246829025,0.));
#9180=CARTESIAN_POINT('',(79.8160211001782,36.0253246829025,0.));
#9181=CARTESIAN_POINT('Origin',(77.0663457830455,36.0253246829025,0.));
#9182=CARTESIAN_POINT('Origin',(-21.9189788998353,57.2840407786957,-10.7));
#9183=CARTESIAN_POINT('Origin',(-19.7821754551848,24.6453515600854,-10.7));
#9184=CARTESIAN_POINT('',(17.1544228224899,4.34070312017071,-10.7));
#9185=CARTESIAN_POINT('Origin',(77.0663457830455,29.8681678955331,0.));
#9186=CARTESIAN_POINT('Origin',(54.0910211001647,4.34070312017071,0.));
#9187=CARTESIAN_POINT('',(1.56349212802471,4.34070312017071,-14.2));
#9188=CARTESIAN_POINT('',(1.56349212802471,4.34070312017071,0.));
#9189=CARTESIAN_POINT('',(54.0910211001647,4.34070312017071,-14.2));
#9190=CARTESIAN_POINT('Origin',(9.56602110016465,29.8657031201707,-14.2));
#9191=CARTESIAN_POINT('Origin',(2.2530211001455,2.46332468293275,-14.2));
#9192=CARTESIAN_POINT('Origin',(-35.1456542168853,55.5773784372207,-14.2));
#9193=CARTESIAN_POINT('Origin',(2.2530211001455,2.46332468293275,0.));
#9194=CARTESIAN_POINT('',(0.253021100145504,2.46332468293275,0.));
#9195=CARTESIAN_POINT('Origin',(77.2530211001455,2.46332468293275,0.));
#9196=CARTESIAN_POINT('',(75.2530211001455,2.46332468293275,0.));
#9197=CARTESIAN_POINT('Origin',(77.2530211001455,55.5773784372207,0.));
#9198=CARTESIAN_POINT('',(75.2530211001455,55.5773784372207,0.));
#9199=CARTESIAN_POINT('Origin',(-35.1456542168853,55.5773784372207,0.));
#9200=CARTESIAN_POINT('',(-37.1456542168853,55.5773784372207,0.));
#9201=CARTESIAN_POINT('Origin',(77.2530211001455,33.4633246829328,0.));
#9202=CARTESIAN_POINT('',(75.2530211001455,33.4633246829328,0.));
#9203=CARTESIAN_POINT('Ctrl Pts',(31.0910211001647,46.3257031201707,9.4));
#9204=CARTESIAN_POINT('Ctrl Pts',(31.0910211001647,44.5757031201707,9.4));
#9205=CARTESIAN_POINT('Ctrl Pts',(32.8410211001647,44.5757031201707,9.4));
#9206=CARTESIAN_POINT('Ctrl Pts',(34.5910211001647,44.5757031201707,9.4));
#9207=CARTESIAN_POINT('Ctrl Pts',(34.5910211001647,46.3257031201707,9.4));
#9208=CARTESIAN_POINT('Ctrl Pts',(34.5910211001647,48.0757031201707,9.4));
#9209=CARTESIAN_POINT('Ctrl Pts',(32.8410211001647,48.0757031201707,9.4));
#9210=CARTESIAN_POINT('Ctrl Pts',(31.0910211001647,48.0757031201707,9.4));
#9211=CARTESIAN_POINT('Ctrl Pts',(31.0910211001647,46.3257031201707,9.4));
#9212=CARTESIAN_POINT('Ctrl Pts',(31.0910211001647,46.3257031201707,10.4));
#9213=CARTESIAN_POINT('Ctrl Pts',(31.0910211001647,44.5757031201707,10.4));
#9214=CARTESIAN_POINT('Ctrl Pts',(32.8410211001647,44.5757031201707,10.4));
#9215=CARTESIAN_POINT('Ctrl Pts',(34.5910211001647,44.5757031201707,10.4));
#9216=CARTESIAN_POINT('Ctrl Pts',(34.5910211001647,46.3257031201707,10.4));
#9217=CARTESIAN_POINT('Ctrl Pts',(34.5910211001647,48.0757031201707,10.4));
#9218=CARTESIAN_POINT('Ctrl Pts',(32.8410211001647,48.0757031201707,10.4));
#9219=CARTESIAN_POINT('Ctrl Pts',(31.0910211001647,48.0757031201707,10.4));
#9220=CARTESIAN_POINT('Ctrl Pts',(31.0910211001647,46.3257031201707,10.4));
#9221=CARTESIAN_POINT('Ctrl Pts',(32.0910211001647,46.3257031201707,10.4));
#9222=CARTESIAN_POINT('Ctrl Pts',(32.0910211001647,45.5757031201707,10.4));
#9223=CARTESIAN_POINT('Ctrl Pts',(32.8410211001647,45.5757031201707,10.4));
#9224=CARTESIAN_POINT('Ctrl Pts',(33.5910211001647,45.5757031201707,10.4));
#9225=CARTESIAN_POINT('Ctrl Pts',(33.5910211001647,46.3257031201707,10.4));
#9226=CARTESIAN_POINT('Ctrl Pts',(33.5910211001647,47.0757031201707,10.4));
#9227=CARTESIAN_POINT('Ctrl Pts',(32.8410211001647,47.0757031201707,10.4));
#9228=CARTESIAN_POINT('Ctrl Pts',(32.0910211001647,47.0757031201707,10.4));
#9229=CARTESIAN_POINT('Ctrl Pts',(32.0910211001647,46.3257031201707,10.4));
#9230=CARTESIAN_POINT('',(32.0910211001647,46.3257031201707,10.4));
#9231=CARTESIAN_POINT('Origin',(32.8410211001647,46.3257031201707,10.4));
#9232=CARTESIAN_POINT('',(31.0910211001647,46.3257031201707,9.4));
#9233=CARTESIAN_POINT('Origin',(32.0910211001647,46.3257031201707,9.4));
#9234=CARTESIAN_POINT('Origin',(32.8410211001647,46.3257031201707,9.4));
#9235=CARTESIAN_POINT('Origin',(32.8410211001647,46.3257031201707,6.9));
#9236=CARTESIAN_POINT('',(31.0910211001647,46.3257031201707,7.4));
#9237=CARTESIAN_POINT('',(31.0910211001647,46.3257031201707,6.9));
#9238=CARTESIAN_POINT('Origin',(32.8410211001647,46.3257031201707,7.4));
#9239=CARTESIAN_POINT('Origin',(32.8410211001647,46.3257031201707,10.4));
#9240=CARTESIAN_POINT('Origin',(32.8410211001647,46.3257031201707,4.9));
#9241=CARTESIAN_POINT('',(30.0410211001647,46.3257031201707,4.9));
#9242=CARTESIAN_POINT('Origin',(32.8410211001647,46.3257031201707,4.9));
#9243=CARTESIAN_POINT('Origin',(32.8410211001647,46.3257031201707,6.9));
#9244=CARTESIAN_POINT('',(30.0410211001647,46.3257031201707,7.4));
#9245=CARTESIAN_POINT('Origin',(32.8410211001647,46.3257031201707,7.4));
#9246=CARTESIAN_POINT('',(30.0410211001647,46.3257031201707,6.9));
#9247=CARTESIAN_POINT('Origin',(32.8410211001647,46.3257031201707,7.4));
#9248=CARTESIAN_POINT('Ctrl Pts',(3.41602110016465,46.3257031201707,9.4));
#9249=CARTESIAN_POINT('Ctrl Pts',(3.41602110016465,44.5757031201707,9.4));
#9250=CARTESIAN_POINT('Ctrl Pts',(5.16602110016465,44.5757031201707,9.4));
#9251=CARTESIAN_POINT('Ctrl Pts',(6.91602110016466,44.5757031201707,9.4));
#9252=CARTESIAN_POINT('Ctrl Pts',(6.91602110016466,46.3257031201707,9.4));
#9253=CARTESIAN_POINT('Ctrl Pts',(6.91602110016466,48.0757031201707,9.4));
#9254=CARTESIAN_POINT('Ctrl Pts',(5.16602110016465,48.0757031201707,9.4));
#9255=CARTESIAN_POINT('Ctrl Pts',(3.41602110016465,48.0757031201707,9.4));
#9256=CARTESIAN_POINT('Ctrl Pts',(3.41602110016465,46.3257031201707,9.4));
#9257=CARTESIAN_POINT('Ctrl Pts',(3.41602110016465,46.3257031201707,10.4));
#9258=CARTESIAN_POINT('Ctrl Pts',(3.41602110016465,44.5757031201707,10.4));
#9259=CARTESIAN_POINT('Ctrl Pts',(5.16602110016465,44.5757031201707,10.4));
#9260=CARTESIAN_POINT('Ctrl Pts',(6.91602110016466,44.5757031201707,10.4));
#9261=CARTESIAN_POINT('Ctrl Pts',(6.91602110016466,46.3257031201707,10.4));
#9262=CARTESIAN_POINT('Ctrl Pts',(6.91602110016466,48.0757031201707,10.4));
#9263=CARTESIAN_POINT('Ctrl Pts',(5.16602110016465,48.0757031201707,10.4));
#9264=CARTESIAN_POINT('Ctrl Pts',(3.41602110016465,48.0757031201707,10.4));
#9265=CARTESIAN_POINT('Ctrl Pts',(3.41602110016465,46.3257031201707,10.4));
#9266=CARTESIAN_POINT('Ctrl Pts',(4.41602110016465,46.3257031201707,10.4));
#9267=CARTESIAN_POINT('Ctrl Pts',(4.41602110016465,45.5757031201707,10.4));
#9268=CARTESIAN_POINT('Ctrl Pts',(5.16602110016465,45.5757031201707,10.4));
#9269=CARTESIAN_POINT('Ctrl Pts',(5.91602110016466,45.5757031201707,10.4));
#9270=CARTESIAN_POINT('Ctrl Pts',(5.91602110016466,46.3257031201707,10.4));
#9271=CARTESIAN_POINT('Ctrl Pts',(5.91602110016466,47.0757031201707,10.4));
#9272=CARTESIAN_POINT('Ctrl Pts',(5.16602110016465,47.0757031201707,10.4));
#9273=CARTESIAN_POINT('Ctrl Pts',(4.41602110016465,47.0757031201707,10.4));
#9274=CARTESIAN_POINT('Ctrl Pts',(4.41602110016465,46.3257031201707,10.4));
#9275=CARTESIAN_POINT('',(4.41602110016465,46.3257031201707,10.4));
#9276=CARTESIAN_POINT('Origin',(5.16602110016465,46.3257031201707,10.4));
#9277=CARTESIAN_POINT('',(3.41602110016465,46.3257031201707,9.4));
#9278=CARTESIAN_POINT('Origin',(4.41602110016465,46.3257031201707,9.4));
#9279=CARTESIAN_POINT('Origin',(5.16602110016465,46.3257031201707,9.4));
#9280=CARTESIAN_POINT('Origin',(5.16602110016465,46.3257031201707,6.9));
#9281=CARTESIAN_POINT('',(3.41602110016465,46.3257031201707,7.4));
#9282=CARTESIAN_POINT('',(3.41602110016465,46.3257031201707,6.9));
#9283=CARTESIAN_POINT('Origin',(5.16602110016465,46.3257031201707,7.4));
#9284=CARTESIAN_POINT('Origin',(5.16602110016465,46.3257031201707,10.4));
#9285=CARTESIAN_POINT('Origin',(5.16602110016465,46.3257031201707,3.4));
#9286=CARTESIAN_POINT('',(2.36602110016465,46.3257031201707,3.4));
#9287=CARTESIAN_POINT('Origin',(5.16602110016465,46.3257031201707,3.4));
#9288=CARTESIAN_POINT('Origin',(5.16602110016465,46.3257031201707,6.9));
#9289=CARTESIAN_POINT('',(2.36602110016465,46.3257031201707,7.4));
#9290=CARTESIAN_POINT('Origin',(5.16602110016465,46.3257031201707,7.4));
#9291=CARTESIAN_POINT('',(2.36602110016465,46.3257031201707,6.9));
#9292=CARTESIAN_POINT('Origin',(5.16602110016465,46.3257031201707,7.4));
#9293=CARTESIAN_POINT('Ctrl Pts',(-6.74397889983535,46.3257031201707,9.4));
#9294=CARTESIAN_POINT('Ctrl Pts',(-6.74397889983535,44.5757031201707,9.4));
#9295=CARTESIAN_POINT('Ctrl Pts',(-4.99397889983535,44.5757031201707,9.4));
#9296=CARTESIAN_POINT('Ctrl Pts',(-3.24397889983534,44.5757031201707,9.4));
#9297=CARTESIAN_POINT('Ctrl Pts',(-3.24397889983534,46.3257031201707,9.4));
#9298=CARTESIAN_POINT('Ctrl Pts',(-3.24397889983534,48.0757031201707,9.4));
#9299=CARTESIAN_POINT('Ctrl Pts',(-4.99397889983535,48.0757031201707,9.4));
#9300=CARTESIAN_POINT('Ctrl Pts',(-6.74397889983535,48.0757031201707,9.4));
#9301=CARTESIAN_POINT('Ctrl Pts',(-6.74397889983535,46.3257031201707,9.4));
#9302=CARTESIAN_POINT('Ctrl Pts',(-6.74397889983535,46.3257031201707,10.4));
#9303=CARTESIAN_POINT('Ctrl Pts',(-6.74397889983535,44.5757031201707,10.4));
#9304=CARTESIAN_POINT('Ctrl Pts',(-4.99397889983535,44.5757031201707,10.4));
#9305=CARTESIAN_POINT('Ctrl Pts',(-3.24397889983534,44.5757031201707,10.4));
#9306=CARTESIAN_POINT('Ctrl Pts',(-3.24397889983534,46.3257031201707,10.4));
#9307=CARTESIAN_POINT('Ctrl Pts',(-3.24397889983534,48.0757031201707,10.4));
#9308=CARTESIAN_POINT('Ctrl Pts',(-4.99397889983535,48.0757031201707,10.4));
#9309=CARTESIAN_POINT('Ctrl Pts',(-6.74397889983535,48.0757031201707,10.4));
#9310=CARTESIAN_POINT('Ctrl Pts',(-6.74397889983535,46.3257031201707,10.4));
#9311=CARTESIAN_POINT('Ctrl Pts',(-5.74397889983535,46.3257031201707,10.4));
#9312=CARTESIAN_POINT('Ctrl Pts',(-5.74397889983535,45.5757031201707,10.4));
#9313=CARTESIAN_POINT('Ctrl Pts',(-4.99397889983535,45.5757031201707,10.4));
#9314=CARTESIAN_POINT('Ctrl Pts',(-4.24397889983534,45.5757031201707,10.4));
#9315=CARTESIAN_POINT('Ctrl Pts',(-4.24397889983534,46.3257031201707,10.4));
#9316=CARTESIAN_POINT('Ctrl Pts',(-4.24397889983534,47.0757031201707,10.4));
#9317=CARTESIAN_POINT('Ctrl Pts',(-4.99397889983535,47.0757031201707,10.4));
#9318=CARTESIAN_POINT('Ctrl Pts',(-5.74397889983535,47.0757031201707,10.4));
#9319=CARTESIAN_POINT('Ctrl Pts',(-5.74397889983535,46.3257031201707,10.4));
#9320=CARTESIAN_POINT('',(-5.74397889983535,46.3257031201707,10.4));
#9321=CARTESIAN_POINT('Origin',(-4.99397889983535,46.3257031201707,10.4));
#9322=CARTESIAN_POINT('',(-6.74397889983535,46.3257031201707,9.4));
#9323=CARTESIAN_POINT('Origin',(-5.74397889983535,46.3257031201707,9.4));
#9324=CARTESIAN_POINT('Origin',(-4.99397889983535,46.3257031201707,9.4));
#9325=CARTESIAN_POINT('Origin',(-4.99397889983535,46.3257031201707,6.9));
#9326=CARTESIAN_POINT('',(-6.74397889983535,46.3257031201707,7.4));
#9327=CARTESIAN_POINT('',(-6.74397889983535,46.3257031201707,6.9));
#9328=CARTESIAN_POINT('Origin',(-4.99397889983535,46.3257031201707,7.4));
#9329=CARTESIAN_POINT('Origin',(-4.99397889983535,46.3257031201707,10.4));
#9330=CARTESIAN_POINT('Origin',(-4.99397889983535,46.3257031201707,3.4));
#9331=CARTESIAN_POINT('',(-7.79397889983534,46.3257031201707,3.4));
#9332=CARTESIAN_POINT('Origin',(-4.99397889983535,46.3257031201707,3.4));
#9333=CARTESIAN_POINT('Origin',(-4.99397889983535,46.3257031201707,6.9));
#9334=CARTESIAN_POINT('',(-7.79397889983534,46.3257031201707,7.4));
#9335=CARTESIAN_POINT('Origin',(-4.99397889983535,46.3257031201707,7.4));
#9336=CARTESIAN_POINT('',(-7.79397889983534,46.3257031201707,6.9));
#9337=CARTESIAN_POINT('Origin',(-4.99397889983535,46.3257031201707,7.4));
#9338=UNCERTAINTY_MEASURE_WITH_UNIT(LENGTH_MEASURE(0.01),#9342,
'DISTANCE_ACCURACY_VALUE',
'Maximum model space distance between geometric entities at asserted c
onnectivities');
#9339=UNCERTAINTY_MEASURE_WITH_UNIT(LENGTH_MEASURE(0.01),#9342,
'DISTANCE_ACCURACY_VALUE',
'Maximum model space distance between geometric entities at asserted c
onnectivities');
#9340=(
GEOMETRIC_REPRESENTATION_CONTEXT(3)
GLOBAL_UNCERTAINTY_ASSIGNED_CONTEXT((#9338))
GLOBAL_UNIT_ASSIGNED_CONTEXT((#9342,#9344,#9345))
REPRESENTATION_CONTEXT('','3D')
);
#9341=(
GEOMETRIC_REPRESENTATION_CONTEXT(3)
GLOBAL_UNCERTAINTY_ASSIGNED_CONTEXT((#9339))
GLOBAL_UNIT_ASSIGNED_CONTEXT((#9342,#9344,#9345))
REPRESENTATION_CONTEXT('','3D')
);
#9342=(
LENGTH_UNIT()
NAMED_UNIT(*)
SI_UNIT(.MILLI.,.METRE.)
);
#9343=(
LENGTH_UNIT()
NAMED_UNIT(*)
SI_UNIT($,.METRE.)
);
#9344=(
NAMED_UNIT(*)
PLANE_ANGLE_UNIT()
SI_UNIT($,.RADIAN.)
);
#9345=(
NAMED_UNIT(*)
SI_UNIT($,.STERADIAN.)
SOLID_ANGLE_UNIT()
);
#9346=SHAPE_DEFINITION_REPRESENTATION(#9347,#9348);
#9347=PRODUCT_DEFINITION_SHAPE('',$,#9350);
#9348=SHAPE_REPRESENTATION('',(#4818),#9340);
#9349=PRODUCT_DEFINITION_CONTEXT('part definition',#9354,'design');
#9350=PRODUCT_DEFINITION('Enclosure V2','Enclosure V2 v19',#9351,#9349);
#9351=PRODUCT_DEFINITION_FORMATION('',$,#9356);
#9352=PRODUCT_RELATED_PRODUCT_CATEGORY('Enclosure V2 v19',
'Enclosure V2 v19',(#9356));
#9353=APPLICATION_PROTOCOL_DEFINITION('international standard',
'automotive_design',2009,#9354);
#9354=APPLICATION_CONTEXT(
'Core Data for Automotive Mechanical Design Process');
#9355=PRODUCT_CONTEXT('part definition',#9354,'mechanical');
#9356=PRODUCT('Enclosure V2','Enclosure V2 v19',$,(#9355));
#9357=PRESENTATION_STYLE_ASSIGNMENT((#9358));
#9358=SURFACE_STYLE_USAGE(.BOTH.,#9359);
#9359=SURFACE_SIDE_STYLE('',(#9360));
#9360=SURFACE_STYLE_FILL_AREA(#9361);
#9361=FILL_AREA_STYLE('Steel - Satin',(#9362));
#9362=FILL_AREA_STYLE_COLOUR('Steel - Satin',#9363);
#9363=COLOUR_RGB('Steel - Satin',0.627450980392157,0.627450980392157,0.627450980392157);
ENDSEC;
END-ISO-10303-21;
