ISO-10303-21;
HEADER;
/* Generated by software containing ST-Developer
 * from STEP Tools, Inc. (www.steptools.com) 
 */

FILE_DESCRIPTION(
/* description */ (''),
/* implementation_level */ '2;1');

FILE_NAME(
/* name */ 'Encoder Bearing Block.step',
/* time_stamp */ '2026-08-01T11:36:16-07:00',
/* author */ (''),
/* organization */ (''),
/* preprocessor_version */ 'ST-DEVELOPER v20.1',
/* originating_system */ 'Autodesk Translation Framework v15.8.0.0',
/* authorisation */ '');

FILE_SCHEMA (('AUTOMOTIVE_DESIGN { 1 0 10303 214 3 1 1 }'));
ENDSEC;

DATA;
#10=MECHANICAL_DESIGN_GEOMETRIC_PRESENTATION_REPRESENTATION('',(#13),#2642);
#11=SHAPE_REPRESENTATION_RELATIONSHIP('SRR','None',#2648,#12);
#12=ADVANCED_BREP_SHAPE_REPRESENTATION('',(#14),#2641);
#13=STYLED_ITEM('',(#2658),#14);
#14=MANIFOLD_SOLID_BREP('Body1',#1573);
#15=SPHERICAL_SURFACE('',#1647,2.);
#16=SPHERICAL_SURFACE('',#1651,2.);
#17=ELLIPSE('',#1644,2.82842712474619,2.);
#18=ELLIPSE('',#1673,2.82842712474621,2.);
#19=B_SPLINE_CURVE_WITH_KNOTS('',3,(#2422,#2423,#2424,#2425,#2426,#2427,
#2428,#2429,#2430,#2431),.UNSPECIFIED.,.F.,.F.,(4,2,2,2,4),(-0.00414823014653014,
0.,0.117871170011986,0.235742340661948,0.239890570585777),.UNSPECIFIED.);
#20=B_SPLINE_CURVE_WITH_KNOTS('',3,(#2435,#2436,#2437,#2438,#2439,#2440,
#2441,#2442,#2443,#2444),.UNSPECIFIED.,.F.,.F.,(4,2,2,2,4),(-0.00334465514101358,
0.,0.156999400049834,0.313998801427742,0.317343456364447),.UNSPECIFIED.);
#21=B_SPLINE_CURVE_WITH_KNOTS('',3,(#2554,#2555,#2556,#2557,#2558,#2559),
 .UNSPECIFIED.,.F.,.F.,(4,2,4),(1.95697847809585,1.97491525631033,2.01563339586256),
 .UNSPECIFIED.);
#22=TOROIDAL_SURFACE('',#1627,12.58,1.5);
#23=TOROIDAL_SURFACE('',#1657,3.,2.);
#24=TOROIDAL_SURFACE('',#1663,3.,2.);
#25=TOROIDAL_SURFACE('',#1676,3.,2.);
#26=TOROIDAL_SURFACE('',#1681,3.,2.);
#27=CYLINDRICAL_SURFACE('',#1581,2.6);
#28=CYLINDRICAL_SURFACE('',#1642,2.);
#29=CYLINDRICAL_SURFACE('',#1645,11.08);
#30=CYLINDRICAL_SURFACE('',#1655,2.);
#31=CYLINDRICAL_SURFACE('',#1661,2.);
#32=CYLINDRICAL_SURFACE('',#1667,2.);
#33=CYLINDRICAL_SURFACE('',#1668,2.);
#34=CYLINDRICAL_SURFACE('',#1671,2.);
#35=CYLINDRICAL_SURFACE('',#1672,2.);
#36=CYLINDRICAL_SURFACE('',#1674,2.);
#37=CYLINDRICAL_SURFACE('',#1679,2.);
#38=CYLINDRICAL_SURFACE('',#1684,5.);
#39=CYLINDRICAL_SURFACE('',#1688,5.);
#40=CYLINDRICAL_SURFACE('',#1692,1.6);
#41=CYLINDRICAL_SURFACE('',#1693,5.);
#42=CYLINDRICAL_SURFACE('',#1695,5.);
#43=CYLINDRICAL_SURFACE('',#1701,2.6);
#44=CYLINDRICAL_SURFACE('',#1713,6.25);
#45=CYLINDRICAL_SURFACE('',#1715,1.59999999999999);
#46=FACE_BOUND('',#198,.T.);
#47=FACE_BOUND('',#235,.T.);
#48=FACE_BOUND('',#256,.T.);
#49=FACE_BOUND('',#265,.T.);
#50=FACE_BOUND('',#266,.T.);
#51=FACE_BOUND('',#267,.T.);
#52=FACE_BOUND('',#275,.T.);
#53=FACE_BOUND('',#281,.T.);
#54=CIRCLE('',#1580,2.6);
#55=CIRCLE('',#1582,2.6);
#56=CIRCLE('',#1583,2.6);
#57=CIRCLE('',#1584,2.6);
#58=CIRCLE('',#1585,2.6);
#59=CIRCLE('',#1592,1.59999999999999);
#60=CIRCLE('',#1598,1.6);
#61=CIRCLE('',#1600,1.6);
#62=CIRCLE('',#1604,1.59999999999999);
#63=CIRCLE('',#1606,1.59999999999999);
#64=CIRCLE('',#1610,1.6);
#65=CIRCLE('',#1616,1.59999999999999);
#66=CIRCLE('',#1620,1.6);
#67=CIRCLE('',#1628,12.58);
#68=CIRCLE('',#1629,12.58);
#69=CIRCLE('',#1630,1.5);
#70=CIRCLE('',#1631,11.08);
#71=CIRCLE('',#1632,11.08);
#72=CIRCLE('',#1633,12.58);
#73=CIRCLE('',#1635,3.);
#74=CIRCLE('',#1636,3.);
#75=CIRCLE('',#1637,1.6);
#76=CIRCLE('',#1638,1.6);
#77=CIRCLE('',#1639,3.);
#78=CIRCLE('',#1640,1.59999999999999);
#79=CIRCLE('',#1643,2.);
#80=CIRCLE('',#1646,11.08);
#81=CIRCLE('',#1648,2.);
#82=CIRCLE('',#1649,2.);
#83=CIRCLE('',#1650,1.99999999999998);
#84=CIRCLE('',#1652,2.);
#85=CIRCLE('',#1653,2.);
#86=CIRCLE('',#1654,1.99999999999998);
#87=CIRCLE('',#1656,2.);
#88=CIRCLE('',#1658,1.99999999999999);
#89=CIRCLE('',#1659,3.);
#90=CIRCLE('',#1660,5.);
#91=CIRCLE('',#1662,1.99999999999999);
#92=CIRCLE('',#1664,2.);
#93=CIRCLE('',#1665,3.);
#94=CIRCLE('',#1666,5.);
#95=CIRCLE('',#1669,2.);
#96=CIRCLE('',#1670,2.);
#97=CIRCLE('',#1675,2.);
#98=CIRCLE('',#1677,2.00000000000001);
#99=CIRCLE('',#1678,5.);
#100=CIRCLE('',#1680,2.00000000000001);
#101=CIRCLE('',#1682,5.);
#102=CIRCLE('',#1685,5.);
#103=CIRCLE('',#1687,2.6);
#104=CIRCLE('',#1689,5.);
#105=CIRCLE('',#1694,5.);
#106=CIRCLE('',#1696,5.);
#107=CIRCLE('',#1699,6.25);
#108=CIRCLE('',#1712,6.25);
#109=FACE_OUTER_BOUND('',#193,.T.);
#110=FACE_OUTER_BOUND('',#194,.T.);
#111=FACE_OUTER_BOUND('',#195,.T.);
#112=FACE_OUTER_BOUND('',#196,.T.);
#113=FACE_OUTER_BOUND('',#197,.T.);
#114=FACE_OUTER_BOUND('',#199,.T.);
#115=FACE_OUTER_BOUND('',#200,.T.);
#116=FACE_OUTER_BOUND('',#201,.T.);
#117=FACE_OUTER_BOUND('',#202,.T.);
#118=FACE_OUTER_BOUND('',#203,.T.);
#119=FACE_OUTER_BOUND('',#204,.T.);
#120=FACE_OUTER_BOUND('',#205,.T.);
#121=FACE_OUTER_BOUND('',#206,.T.);
#122=FACE_OUTER_BOUND('',#207,.T.);
#123=FACE_OUTER_BOUND('',#208,.T.);
#124=FACE_OUTER_BOUND('',#209,.T.);
#125=FACE_OUTER_BOUND('',#210,.T.);
#126=FACE_OUTER_BOUND('',#211,.T.);
#127=FACE_OUTER_BOUND('',#212,.T.);
#128=FACE_OUTER_BOUND('',#213,.T.);
#129=FACE_OUTER_BOUND('',#214,.T.);
#130=FACE_OUTER_BOUND('',#215,.T.);
#131=FACE_OUTER_BOUND('',#216,.T.);
#132=FACE_OUTER_BOUND('',#217,.T.);
#133=FACE_OUTER_BOUND('',#218,.T.);
#134=FACE_OUTER_BOUND('',#219,.T.);
#135=FACE_OUTER_BOUND('',#220,.T.);
#136=FACE_OUTER_BOUND('',#221,.T.);
#137=FACE_OUTER_BOUND('',#222,.T.);
#138=FACE_OUTER_BOUND('',#223,.T.);
#139=FACE_OUTER_BOUND('',#224,.T.);
#140=FACE_OUTER_BOUND('',#225,.T.);
#141=FACE_OUTER_BOUND('',#226,.T.);
#142=FACE_OUTER_BOUND('',#227,.T.);
#143=FACE_OUTER_BOUND('',#228,.T.);
#144=FACE_OUTER_BOUND('',#229,.T.);
#145=FACE_OUTER_BOUND('',#230,.T.);
#146=FACE_OUTER_BOUND('',#231,.T.);
#147=FACE_OUTER_BOUND('',#232,.T.);
#148=FACE_OUTER_BOUND('',#233,.T.);
#149=FACE_OUTER_BOUND('',#234,.T.);
#150=FACE_OUTER_BOUND('',#236,.T.);
#151=FACE_OUTER_BOUND('',#237,.T.);
#152=FACE_OUTER_BOUND('',#238,.T.);
#153=FACE_OUTER_BOUND('',#239,.T.);
#154=FACE_OUTER_BOUND('',#240,.T.);
#155=FACE_OUTER_BOUND('',#241,.T.);
#156=FACE_OUTER_BOUND('',#242,.T.);
#157=FACE_OUTER_BOUND('',#243,.T.);
#158=FACE_OUTER_BOUND('',#244,.T.);
#159=FACE_OUTER_BOUND('',#245,.T.);
#160=FACE_OUTER_BOUND('',#246,.T.);
#161=FACE_OUTER_BOUND('',#247,.T.);
#162=FACE_OUTER_BOUND('',#248,.T.);
#163=FACE_OUTER_BOUND('',#249,.T.);
#164=FACE_OUTER_BOUND('',#250,.T.);
#165=FACE_OUTER_BOUND('',#251,.T.);
#166=FACE_OUTER_BOUND('',#252,.T.);
#167=FACE_OUTER_BOUND('',#253,.T.);
#168=FACE_OUTER_BOUND('',#254,.T.);
#169=FACE_OUTER_BOUND('',#255,.T.);
#170=FACE_OUTER_BOUND('',#257,.T.);
#171=FACE_OUTER_BOUND('',#258,.T.);
#172=FACE_OUTER_BOUND('',#259,.T.);
#173=FACE_OUTER_BOUND('',#260,.T.);
#174=FACE_OUTER_BOUND('',#261,.T.);
#175=FACE_OUTER_BOUND('',#262,.T.);
#176=FACE_OUTER_BOUND('',#263,.T.);
#177=FACE_OUTER_BOUND('',#264,.T.);
#178=FACE_OUTER_BOUND('',#268,.T.);
#179=FACE_OUTER_BOUND('',#269,.T.);
#180=FACE_OUTER_BOUND('',#270,.T.);
#181=FACE_OUTER_BOUND('',#271,.T.);
#182=FACE_OUTER_BOUND('',#272,.T.);
#183=FACE_OUTER_BOUND('',#273,.T.);
#184=FACE_OUTER_BOUND('',#274,.T.);
#185=FACE_OUTER_BOUND('',#276,.T.);
#186=FACE_OUTER_BOUND('',#277,.T.);
#187=FACE_OUTER_BOUND('',#278,.T.);
#188=FACE_OUTER_BOUND('',#279,.T.);
#189=FACE_OUTER_BOUND('',#280,.T.);
#190=FACE_OUTER_BOUND('',#282,.T.);
#191=FACE_OUTER_BOUND('',#283,.T.);
#192=FACE_OUTER_BOUND('',#284,.T.);
#193=EDGE_LOOP('',(#981,#982,#983,#984));
#194=EDGE_LOOP('',(#985,#986,#987,#988));
#195=EDGE_LOOP('',(#989,#990,#991,#992));
#196=EDGE_LOOP('',(#993,#994,#995,#996));
#197=EDGE_LOOP('',(#997,#998,#999,#1000,#1001));
#198=EDGE_LOOP('',(#1002,#1003,#1004));
#199=EDGE_LOOP('',(#1005,#1006,#1007,#1008,#1009,#1010,#1011,#1012));
#200=EDGE_LOOP('',(#1013,#1014,#1015,#1016,#1017,#1018,#1019,#1020,#1021));
#201=EDGE_LOOP('',(#1022,#1023,#1024,#1025,#1026));
#202=EDGE_LOOP('',(#1027,#1028,#1029,#1030,#1031));
#203=EDGE_LOOP('',(#1032,#1033,#1034,#1035,#1036,#1037));
#204=EDGE_LOOP('',(#1038,#1039,#1040,#1041,#1042,#1043));
#205=EDGE_LOOP('',(#1044,#1045,#1046));
#206=EDGE_LOOP('',(#1047,#1048,#1049,#1050,#1051,#1052,#1053,#1054,#1055));
#207=EDGE_LOOP('',(#1056,#1057,#1058,#1059,#1060));
#208=EDGE_LOOP('',(#1061,#1062,#1063,#1064,#1065));
#209=EDGE_LOOP('',(#1066,#1067,#1068,#1069,#1070,#1071,#1072,#1073,#1074));
#210=EDGE_LOOP('',(#1075,#1076,#1077));
#211=EDGE_LOOP('',(#1078,#1079,#1080));
#212=EDGE_LOOP('',(#1081,#1082,#1083,#1084,#1085));
#213=EDGE_LOOP('',(#1086,#1087,#1088,#1089,#1090));
#214=EDGE_LOOP('',(#1091,#1092,#1093));
#215=EDGE_LOOP('',(#1094,#1095,#1096));
#216=EDGE_LOOP('',(#1097,#1098,#1099,#1100,#1101));
#217=EDGE_LOOP('',(#1102,#1103,#1104,#1105,#1106));
#218=EDGE_LOOP('',(#1107,#1108,#1109));
#219=EDGE_LOOP('',(#1110,#1111,#1112,#1113,#1114,#1115));
#220=EDGE_LOOP('',(#1116,#1117,#1118,#1119,#1120,#1121));
#221=EDGE_LOOP('',(#1122,#1123,#1124,#1125));
#222=EDGE_LOOP('',(#1126,#1127,#1128,#1129,#1130,#1131));
#223=EDGE_LOOP('',(#1132,#1133,#1134));
#224=EDGE_LOOP('',(#1135,#1136,#1137,#1138,#1139,#1140,#1141,#1142,#1143));
#225=EDGE_LOOP('',(#1144,#1145,#1146,#1147));
#226=EDGE_LOOP('',(#1148,#1149,#1150));
#227=EDGE_LOOP('',(#1151,#1152,#1153,#1154,#1155,#1156,#1157,#1158,#1159));
#228=EDGE_LOOP('',(#1160,#1161,#1162,#1163));
#229=EDGE_LOOP('',(#1164,#1165,#1166,#1167,#1168,#1169));
#230=EDGE_LOOP('',(#1170,#1171,#1172,#1173));
#231=EDGE_LOOP('',(#1174,#1175,#1176,#1177,#1178,#1179));
#232=EDGE_LOOP('',(#1180,#1181,#1182,#1183));
#233=EDGE_LOOP('',(#1184,#1185,#1186,#1187,#1188,#1189,#1190,#1191,#1192));
#234=EDGE_LOOP('',(#1193,#1194,#1195,#1196,#1197,#1198,#1199,#1200,#1201));
#235=EDGE_LOOP('',(#1202));
#236=EDGE_LOOP('',(#1203,#1204,#1205,#1206,#1207,#1208,#1209,#1210,#1211));
#237=EDGE_LOOP('',(#1212,#1213,#1214,#1215,#1216,#1217));
#238=EDGE_LOOP('',(#1218,#1219,#1220,#1221,#1222));
#239=EDGE_LOOP('',(#1223,#1224,#1225));
#240=EDGE_LOOP('',(#1226,#1227,#1228));
#241=EDGE_LOOP('',(#1229,#1230,#1231,#1232));
#242=EDGE_LOOP('',(#1233,#1234,#1235,#1236));
#243=EDGE_LOOP('',(#1237,#1238,#1239,#1240,#1241,#1242));
#244=EDGE_LOOP('',(#1243,#1244,#1245,#1246));
#245=EDGE_LOOP('',(#1247,#1248,#1249,#1250));
#246=EDGE_LOOP('',(#1251,#1252,#1253,#1254,#1255,#1256,#1257,#1258));
#247=EDGE_LOOP('',(#1259,#1260,#1261,#1262));
#248=EDGE_LOOP('',(#1263,#1264,#1265,#1266));
#249=EDGE_LOOP('',(#1267,#1268,#1269,#1270,#1271,#1272));
#250=EDGE_LOOP('',(#1273,#1274,#1275,#1276));
#251=EDGE_LOOP('',(#1277,#1278,#1279,#1280));
#252=EDGE_LOOP('',(#1281,#1282,#1283,#1284,#1285,#1286));
#253=EDGE_LOOP('',(#1287,#1288,#1289,#1290,#1291,#1292,#1293));
#254=EDGE_LOOP('',(#1294,#1295,#1296,#1297));
#255=EDGE_LOOP('',(#1298,#1299,#1300,#1301));
#256=EDGE_LOOP('',(#1302,#1303,#1304));
#257=EDGE_LOOP('',(#1305,#1306,#1307,#1308));
#258=EDGE_LOOP('',(#1309,#1310,#1311,#1312,#1313));
#259=EDGE_LOOP('',(#1314,#1315,#1316,#1317,#1318));
#260=EDGE_LOOP('',(#1319,#1320,#1321,#1322,#1323,#1324,#1325,#1326,#1327));
#261=EDGE_LOOP('',(#1328,#1329,#1330,#1331));
#262=EDGE_LOOP('',(#1332,#1333,#1334,#1335));
#263=EDGE_LOOP('',(#1336,#1337,#1338,#1339,#1340,#1341));
#264=EDGE_LOOP('',(#1342,#1343,#1344,#1345,#1346,#1347,#1348,#1349,#1350));
#265=EDGE_LOOP('',(#1351,#1352,#1353,#1354,#1355,#1356));
#266=EDGE_LOOP('',(#1357,#1358,#1359,#1360,#1361,#1362));
#267=EDGE_LOOP('',(#1363));
#268=EDGE_LOOP('',(#1364,#1365));
#269=EDGE_LOOP('',(#1366,#1367,#1368,#1369));
#270=EDGE_LOOP('',(#1370,#1371,#1372,#1373));
#271=EDGE_LOOP('',(#1374,#1375,#1376,#1377));
#272=EDGE_LOOP('',(#1378,#1379,#1380,#1381,#1382));
#273=EDGE_LOOP('',(#1383,#1384,#1385,#1386,#1387));
#274=EDGE_LOOP('',(#1388,#1389,#1390,#1391,#1392));
#275=EDGE_LOOP('',(#1393,#1394,#1395));
#276=EDGE_LOOP('',(#1396,#1397,#1398,#1399));
#277=EDGE_LOOP('',(#1400,#1401,#1402,#1403));
#278=EDGE_LOOP('',(#1404,#1405,#1406,#1407,#1408,#1409));
#279=EDGE_LOOP('',(#1410,#1411,#1412,#1413));
#280=EDGE_LOOP('',(#1414));
#281=EDGE_LOOP('',(#1415));
#282=EDGE_LOOP('',(#1416,#1417,#1418,#1419));
#283=EDGE_LOOP('',(#1420,#1421,#1422,#1423));
#284=EDGE_LOOP('',(#1424,#1425,#1426,#1427,#1428,#1429,#1430));
#285=LINE('',#2169,#450);
#286=LINE('',#2171,#451);
#287=LINE('',#2173,#452);
#288=LINE('',#2174,#453);
#289=LINE('',#2177,#454);
#290=LINE('',#2179,#455);
#291=LINE('',#2180,#456);
#292=LINE('',#2184,#457);
#293=LINE('',#2186,#458);
#294=LINE('',#2188,#459);
#295=LINE('',#2189,#460);
#296=LINE('',#2192,#461);
#297=LINE('',#2194,#462);
#298=LINE('',#2195,#463);
#299=LINE('',#2199,#464);
#300=LINE('',#2201,#465);
#301=LINE('',#2203,#466);
#302=LINE('',#2205,#467);
#303=LINE('',#2206,#468);
#304=LINE('',#2212,#469);
#305=LINE('',#2216,#470);
#306=LINE('',#2221,#471);
#307=LINE('',#2223,#472);
#308=LINE('',#2225,#473);
#309=LINE('',#2227,#474);
#310=LINE('',#2228,#475);
#311=LINE('',#2232,#476);
#312=LINE('',#2234,#477);
#313=LINE('',#2236,#478);
#314=LINE('',#2238,#479);
#315=LINE('',#2239,#480);
#316=LINE('',#2243,#481);
#317=LINE('',#2245,#482);
#318=LINE('',#2246,#483);
#319=LINE('',#2247,#484);
#320=LINE('',#2250,#485);
#321=LINE('',#2252,#486);
#322=LINE('',#2254,#487);
#323=LINE('',#2256,#488);
#324=LINE('',#2257,#489);
#325=LINE('',#2260,#490);
#326=LINE('',#2262,#491);
#327=LINE('',#2264,#492);
#328=LINE('',#2265,#493);
#329=LINE('',#2269,#494);
#330=LINE('',#2272,#495);
#331=LINE('',#2274,#496);
#332=LINE('',#2276,#497);
#333=LINE('',#2278,#498);
#334=LINE('',#2279,#499);
#335=LINE('',#2283,#500);
#336=LINE('',#2285,#501);
#337=LINE('',#2287,#502);
#338=LINE('',#2289,#503);
#339=LINE('',#2290,#504);
#340=LINE('',#2294,#505);
#341=LINE('',#2296,#506);
#342=LINE('',#2297,#507);
#343=LINE('',#2298,#508);
#344=LINE('',#2301,#509);
#345=LINE('',#2303,#510);
#346=LINE('',#2305,#511);
#347=LINE('',#2307,#512);
#348=LINE('',#2309,#513);
#349=LINE('',#2311,#514);
#350=LINE('',#2312,#515);
#351=LINE('',#2315,#516);
#352=LINE('',#2321,#517);
#353=LINE('',#2323,#518);
#354=LINE('',#2325,#519);
#355=LINE('',#2326,#520);
#356=LINE('',#2329,#521);
#357=LINE('',#2331,#522);
#358=LINE('',#2332,#523);
#359=LINE('',#2338,#524);
#360=LINE('',#2341,#525);
#361=LINE('',#2343,#526);
#362=LINE('',#2345,#527);
#363=LINE('',#2346,#528);
#364=LINE('',#2349,#529);
#365=LINE('',#2351,#530);
#366=LINE('',#2352,#531);
#367=LINE('',#2355,#532);
#368=LINE('',#2358,#533);
#369=LINE('',#2360,#534);
#370=LINE('',#2362,#535);
#371=LINE('',#2363,#536);
#372=LINE('',#2366,#537);
#373=LINE('',#2368,#538);
#374=LINE('',#2370,#539);
#375=LINE('',#2371,#540);
#376=LINE('',#2374,#541);
#377=LINE('',#2375,#542);
#378=LINE('',#2378,#543);
#379=LINE('',#2380,#544);
#380=LINE('',#2381,#545);
#381=LINE('',#2383,#546);
#382=LINE('',#2387,#547);
#383=LINE('',#2388,#548);
#384=LINE('',#2391,#549);
#385=LINE('',#2392,#550);
#386=LINE('',#2397,#551);
#387=LINE('',#2398,#552);
#388=LINE('',#2401,#553);
#389=LINE('',#2402,#554);
#390=LINE('',#2405,#555);
#391=LINE('',#2406,#556);
#392=LINE('',#2409,#557);
#393=LINE('',#2410,#558);
#394=LINE('',#2413,#559);
#395=LINE('',#2415,#560);
#396=LINE('',#2416,#561);
#397=LINE('',#2418,#562);
#398=LINE('',#2455,#563);
#399=LINE('',#2459,#564);
#400=LINE('',#2468,#565);
#401=LINE('',#2472,#566);
#402=LINE('',#2473,#567);
#403=LINE('',#2474,#568);
#404=LINE('',#2479,#569);
#405=LINE('',#2484,#570);
#406=LINE('',#2501,#571);
#407=LINE('',#2502,#572);
#408=LINE('',#2513,#573);
#409=LINE('',#2514,#574);
#410=LINE('',#2515,#575);
#411=LINE('',#2523,#576);
#412=LINE('',#2524,#577);
#413=LINE('',#2529,#578);
#414=LINE('',#2531,#579);
#415=LINE('',#2534,#580);
#416=LINE('',#2536,#581);
#417=LINE('',#2539,#582);
#418=LINE('',#2543,#583);
#419=LINE('',#2552,#584);
#420=LINE('',#2563,#585);
#421=LINE('',#2565,#586);
#422=LINE('',#2567,#587);
#423=LINE('',#2568,#588);
#424=LINE('',#2571,#589);
#425=LINE('',#2575,#590);
#426=LINE('',#2576,#591);
#427=LINE('',#2580,#592);
#428=LINE('',#2583,#593);
#429=LINE('',#2585,#594);
#430=LINE('',#2587,#595);
#431=LINE('',#2591,#596);
#432=LINE('',#2594,#597);
#433=LINE('',#2597,#598);
#434=LINE('',#2599,#599);
#435=LINE('',#2601,#600);
#436=LINE('',#2602,#601);
#437=LINE('',#2603,#602);
#438=LINE('',#2605,#603);
#439=LINE('',#2606,#604);
#440=LINE('',#2613,#605);
#441=LINE('',#2615,#606);
#442=LINE('',#2616,#607);
#443=LINE('',#2619,#608);
#444=LINE('',#2620,#609);
#445=LINE('',#2622,#610);
#446=LINE('',#2624,#611);
#447=LINE('',#2629,#612);
#448=LINE('',#2635,#613);
#449=LINE('',#2638,#614);
#450=VECTOR('',#1720,10.);
#451=VECTOR('',#1721,10.);
#452=VECTOR('',#1722,10.);
#453=VECTOR('',#1723,10.);
#454=VECTOR('',#1726,10.);
#455=VECTOR('',#1727,10.);
#456=VECTOR('',#1728,10.);
#457=VECTOR('',#1731,10.);
#458=VECTOR('',#1732,10.);
#459=VECTOR('',#1733,10.);
#460=VECTOR('',#1734,10.);
#461=VECTOR('',#1737,10.);
#462=VECTOR('',#1738,10.);
#463=VECTOR('',#1739,10.);
#464=VECTOR('',#1742,10.);
#465=VECTOR('',#1743,10.);
#466=VECTOR('',#1744,10.);
#467=VECTOR('',#1745,10.);
#468=VECTOR('',#1746,10.);
#469=VECTOR('',#1753,10.);
#470=VECTOR('',#1756,10.);
#471=VECTOR('',#1763,10.);
#472=VECTOR('',#1764,10.);
#473=VECTOR('',#1765,10.);
#474=VECTOR('',#1766,10.);
#475=VECTOR('',#1767,10.);
#476=VECTOR('',#1770,10.);
#477=VECTOR('',#1771,10.);
#478=VECTOR('',#1772,10.);
#479=VECTOR('',#1773,10.);
#480=VECTOR('',#1774,10.);
#481=VECTOR('',#1777,10.);
#482=VECTOR('',#1778,10.);
#483=VECTOR('',#1779,10.);
#484=VECTOR('',#1780,10.);
#485=VECTOR('',#1783,10.);
#486=VECTOR('',#1784,10.);
#487=VECTOR('',#1785,10.);
#488=VECTOR('',#1786,10.);
#489=VECTOR('',#1787,10.);
#490=VECTOR('',#1790,10.);
#491=VECTOR('',#1791,10.);
#492=VECTOR('',#1792,10.);
#493=VECTOR('',#1793,10.);
#494=VECTOR('',#1798,10.);
#495=VECTOR('',#1801,10.);
#496=VECTOR('',#1802,10.);
#497=VECTOR('',#1803,10.);
#498=VECTOR('',#1804,10.);
#499=VECTOR('',#1805,10.);
#500=VECTOR('',#1808,10.);
#501=VECTOR('',#1809,10.);
#502=VECTOR('',#1810,10.);
#503=VECTOR('',#1811,10.);
#504=VECTOR('',#1812,10.);
#505=VECTOR('',#1815,10.);
#506=VECTOR('',#1816,10.);
#507=VECTOR('',#1817,10.);
#508=VECTOR('',#1818,10.);
#509=VECTOR('',#1821,10.);
#510=VECTOR('',#1822,10.);
#511=VECTOR('',#1823,10.);
#512=VECTOR('',#1824,10.);
#513=VECTOR('',#1825,10.);
#514=VECTOR('',#1826,10.);
#515=VECTOR('',#1827,10.);
#516=VECTOR('',#1830,10.);
#517=VECTOR('',#1839,10.);
#518=VECTOR('',#1840,10.);
#519=VECTOR('',#1841,10.);
#520=VECTOR('',#1842,10.);
#521=VECTOR('',#1845,10.);
#522=VECTOR('',#1846,10.);
#523=VECTOR('',#1847,10.);
#524=VECTOR('',#1856,10.);
#525=VECTOR('',#1859,10.);
#526=VECTOR('',#1860,10.);
#527=VECTOR('',#1861,10.);
#528=VECTOR('',#1862,10.);
#529=VECTOR('',#1865,10.);
#530=VECTOR('',#1866,10.);
#531=VECTOR('',#1867,10.);
#532=VECTOR('',#1872,10.);
#533=VECTOR('',#1875,10.);
#534=VECTOR('',#1876,10.);
#535=VECTOR('',#1877,10.);
#536=VECTOR('',#1878,10.);
#537=VECTOR('',#1881,10.);
#538=VECTOR('',#1882,10.);
#539=VECTOR('',#1883,10.);
#540=VECTOR('',#1884,10.);
#541=VECTOR('',#1887,10.);
#542=VECTOR('',#1888,10.);
#543=VECTOR('',#1891,10.);
#544=VECTOR('',#1892,10.);
#545=VECTOR('',#1893,10.);
#546=VECTOR('',#1896,10.);
#547=VECTOR('',#1901,10.);
#548=VECTOR('',#1902,10.);
#549=VECTOR('',#1905,10.);
#550=VECTOR('',#1906,10.);
#551=VECTOR('',#1913,10.);
#552=VECTOR('',#1914,10.);
#553=VECTOR('',#1917,10.);
#554=VECTOR('',#1918,10.);
#555=VECTOR('',#1921,10.);
#556=VECTOR('',#1922,10.);
#557=VECTOR('',#1925,10.);
#558=VECTOR('',#1926,10.);
#559=VECTOR('',#1929,10.);
#560=VECTOR('',#1930,10.);
#561=VECTOR('',#1931,10.);
#562=VECTOR('',#1934,10.);
#563=VECTOR('',#1951,10.);
#564=VECTOR('',#1954,10.);
#565=VECTOR('',#1963,10.);
#566=VECTOR('',#1968,10.);
#567=VECTOR('',#1969,10.);
#568=VECTOR('',#1970,10.);
#569=VECTOR('',#1975,10.);
#570=VECTOR('',#1982,11.08);
#571=VECTOR('',#2003,10.);
#572=VECTOR('',#2004,10.);
#573=VECTOR('',#2017,10.);
#574=VECTOR('',#2018,10.);
#575=VECTOR('',#2019,10.);
#576=VECTOR('',#2030,10.);
#577=VECTOR('',#2031,10.);
#578=VECTOR('',#2036,10.);
#579=VECTOR('',#2037,10.);
#580=VECTOR('',#2040,10.);
#581=VECTOR('',#2043,10.);
#582=VECTOR('',#2046,10.);
#583=VECTOR('',#2051,10.);
#584=VECTOR('',#2064,10.);
#585=VECTOR('',#2071,10.);
#586=VECTOR('',#2072,10.);
#587=VECTOR('',#2073,10.);
#588=VECTOR('',#2074,5.);
#589=VECTOR('',#2077,10.);
#590=VECTOR('',#2082,10.);
#591=VECTOR('',#2083,10.);
#592=VECTOR('',#2088,10.);
#593=VECTOR('',#2093,10.);
#594=VECTOR('',#2096,10.);
#595=VECTOR('',#2099,1.6);
#596=VECTOR('',#2104,5.);
#597=VECTOR('',#2107,10.);
#598=VECTOR('',#2110,10.);
#599=VECTOR('',#2113,10.);
#600=VECTOR('',#2116,10.);
#601=VECTOR('',#2117,10.);
#602=VECTOR('',#2118,10.);
#603=VECTOR('',#2119,10.);
#604=VECTOR('',#2120,10.);
#605=VECTOR('',#2129,10.);
#606=VECTOR('',#2130,10.);
#607=VECTOR('',#2131,10.);
#608=VECTOR('',#2134,10.);
#609=VECTOR('',#2135,10.);
#610=VECTOR('',#2138,10.);
#611=VECTOR('',#2141,10.);
#612=VECTOR('',#2150,10.);
#613=VECTOR('',#2159,6.25);
#614=VECTOR('',#2164,1.59999999999999);
#615=VERTEX_POINT('',#2167);
#616=VERTEX_POINT('',#2168);
#617=VERTEX_POINT('',#2170);
#618=VERTEX_POINT('',#2172);
#619=VERTEX_POINT('',#2176);
#620=VERTEX_POINT('',#2178);
#621=VERTEX_POINT('',#2182);
#622=VERTEX_POINT('',#2183);
#623=VERTEX_POINT('',#2185);
#624=VERTEX_POINT('',#2187);
#625=VERTEX_POINT('',#2191);
#626=VERTEX_POINT('',#2193);
#627=VERTEX_POINT('',#2197);
#628=VERTEX_POINT('',#2198);
#629=VERTEX_POINT('',#2200);
#630=VERTEX_POINT('',#2202);
#631=VERTEX_POINT('',#2204);
#632=VERTEX_POINT('',#2209);
#633=VERTEX_POINT('',#2211);
#634=VERTEX_POINT('',#2213);
#635=VERTEX_POINT('',#2215);
#636=VERTEX_POINT('',#2220);
#637=VERTEX_POINT('',#2222);
#638=VERTEX_POINT('',#2224);
#639=VERTEX_POINT('',#2226);
#640=VERTEX_POINT('',#2230);
#641=VERTEX_POINT('',#2231);
#642=VERTEX_POINT('',#2233);
#643=VERTEX_POINT('',#2235);
#644=VERTEX_POINT('',#2237);
#645=VERTEX_POINT('',#2241);
#646=VERTEX_POINT('',#2242);
#647=VERTEX_POINT('',#2244);
#648=VERTEX_POINT('',#2249);
#649=VERTEX_POINT('',#2251);
#650=VERTEX_POINT('',#2253);
#651=VERTEX_POINT('',#2255);
#652=VERTEX_POINT('',#2259);
#653=VERTEX_POINT('',#2261);
#654=VERTEX_POINT('',#2263);
#655=VERTEX_POINT('',#2267);
#656=VERTEX_POINT('',#2271);
#657=VERTEX_POINT('',#2273);
#658=VERTEX_POINT('',#2275);
#659=VERTEX_POINT('',#2277);
#660=VERTEX_POINT('',#2281);
#661=VERTEX_POINT('',#2282);
#662=VERTEX_POINT('',#2284);
#663=VERTEX_POINT('',#2286);
#664=VERTEX_POINT('',#2288);
#665=VERTEX_POINT('',#2292);
#666=VERTEX_POINT('',#2293);
#667=VERTEX_POINT('',#2295);
#668=VERTEX_POINT('',#2300);
#669=VERTEX_POINT('',#2302);
#670=VERTEX_POINT('',#2304);
#671=VERTEX_POINT('',#2306);
#672=VERTEX_POINT('',#2308);
#673=VERTEX_POINT('',#2310);
#674=VERTEX_POINT('',#2314);
#675=VERTEX_POINT('',#2320);
#676=VERTEX_POINT('',#2322);
#677=VERTEX_POINT('',#2324);
#678=VERTEX_POINT('',#2328);
#679=VERTEX_POINT('',#2330);
#680=VERTEX_POINT('',#2336);
#681=VERTEX_POINT('',#2340);
#682=VERTEX_POINT('',#2342);
#683=VERTEX_POINT('',#2344);
#684=VERTEX_POINT('',#2348);
#685=VERTEX_POINT('',#2350);
#686=VERTEX_POINT('',#2357);
#687=VERTEX_POINT('',#2359);
#688=VERTEX_POINT('',#2361);
#689=VERTEX_POINT('',#2365);
#690=VERTEX_POINT('',#2367);
#691=VERTEX_POINT('',#2369);
#692=VERTEX_POINT('',#2373);
#693=VERTEX_POINT('',#2377);
#694=VERTEX_POINT('',#2379);
#695=VERTEX_POINT('',#2386);
#696=VERTEX_POINT('',#2390);
#697=VERTEX_POINT('',#2396);
#698=VERTEX_POINT('',#2400);
#699=VERTEX_POINT('',#2404);
#700=VERTEX_POINT('',#2408);
#701=VERTEX_POINT('',#2412);
#702=VERTEX_POINT('',#2414);
#703=VERTEX_POINT('',#2420);
#704=VERTEX_POINT('',#2421);
#705=VERTEX_POINT('',#2432);
#706=VERTEX_POINT('',#2434);
#707=VERTEX_POINT('',#2445);
#708=VERTEX_POINT('',#2447);
#709=VERTEX_POINT('',#2449);
#710=VERTEX_POINT('',#2454);
#711=VERTEX_POINT('',#2456);
#712=VERTEX_POINT('',#2458);
#713=VERTEX_POINT('',#2460);
#714=VERTEX_POINT('',#2462);
#715=VERTEX_POINT('',#2464);
#716=VERTEX_POINT('',#2466);
#717=VERTEX_POINT('',#2469);
#718=VERTEX_POINT('',#2476);
#719=VERTEX_POINT('',#2478);
#720=VERTEX_POINT('',#2482);
#721=VERTEX_POINT('',#2486);
#722=VERTEX_POINT('',#2488);
#723=VERTEX_POINT('',#2492);
#724=VERTEX_POINT('',#2494);
#725=VERTEX_POINT('',#2498);
#726=VERTEX_POINT('',#2499);
#727=VERTEX_POINT('',#2504);
#728=VERTEX_POINT('',#2505);
#729=VERTEX_POINT('',#2510);
#730=VERTEX_POINT('',#2511);
#731=VERTEX_POINT('',#2517);
#732=VERTEX_POINT('',#2518);
#733=VERTEX_POINT('',#2526);
#734=VERTEX_POINT('',#2527);
#735=VERTEX_POINT('',#2530);
#736=VERTEX_POINT('',#2532);
#737=VERTEX_POINT('',#2538);
#738=VERTEX_POINT('',#2542);
#739=VERTEX_POINT('',#2546);
#740=VERTEX_POINT('',#2550);
#741=VERTEX_POINT('',#2562);
#742=VERTEX_POINT('',#2564);
#743=VERTEX_POINT('',#2566);
#744=VERTEX_POINT('',#2570);
#745=VERTEX_POINT('',#2574);
#746=VERTEX_POINT('',#2579);
#747=VERTEX_POINT('',#2589);
#748=VERTEX_POINT('',#2593);
#749=VERTEX_POINT('',#2595);
#750=VERTEX_POINT('',#2604);
#751=VERTEX_POINT('',#2607);
#752=VERTEX_POINT('',#2612);
#753=VERTEX_POINT('',#2614);
#754=VERTEX_POINT('',#2618);
#755=VERTEX_POINT('',#2632);
#756=EDGE_CURVE('',#615,#616,#285,.T.);
#757=EDGE_CURVE('',#615,#617,#286,.T.);
#758=EDGE_CURVE('',#618,#617,#287,.T.);
#759=EDGE_CURVE('',#618,#616,#288,.T.);
#760=EDGE_CURVE('',#619,#615,#289,.T.);
#761=EDGE_CURVE('',#620,#619,#290,.T.);
#762=EDGE_CURVE('',#617,#620,#291,.T.);
#763=EDGE_CURVE('',#621,#622,#292,.T.);
#764=EDGE_CURVE('',#623,#621,#293,.T.);
#765=EDGE_CURVE('',#624,#623,#294,.T.);
#766=EDGE_CURVE('',#624,#622,#295,.T.);
#767=EDGE_CURVE('',#625,#621,#296,.T.);
#768=EDGE_CURVE('',#626,#625,#297,.T.);
#769=EDGE_CURVE('',#623,#626,#298,.T.);
#770=EDGE_CURVE('',#627,#628,#299,.T.);
#771=EDGE_CURVE('',#628,#629,#300,.T.);
#772=EDGE_CURVE('',#629,#630,#301,.T.);
#773=EDGE_CURVE('',#630,#631,#302,.T.);
#774=EDGE_CURVE('',#627,#631,#303,.T.);
#775=EDGE_CURVE('',#622,#625,#54,.T.);
#776=EDGE_CURVE('',#632,#618,#55,.T.);
#777=EDGE_CURVE('',#633,#632,#304,.T.);
#778=EDGE_CURVE('',#633,#634,#56,.T.);
#779=EDGE_CURVE('',#635,#634,#305,.T.);
#780=EDGE_CURVE('',#620,#635,#57,.T.);
#781=EDGE_CURVE('',#619,#616,#58,.T.);
#782=EDGE_CURVE('',#636,#635,#306,.T.);
#783=EDGE_CURVE('',#637,#636,#307,.T.);
#784=EDGE_CURVE('',#638,#637,#308,.T.);
#785=EDGE_CURVE('',#639,#638,#309,.T.);
#786=EDGE_CURVE('',#639,#632,#310,.T.);
#787=EDGE_CURVE('',#640,#641,#311,.T.);
#788=EDGE_CURVE('',#642,#640,#312,.T.);
#789=EDGE_CURVE('',#643,#642,#313,.T.);
#790=EDGE_CURVE('',#644,#643,#314,.T.);
#791=EDGE_CURVE('',#641,#644,#315,.T.);
#792=EDGE_CURVE('',#645,#646,#316,.T.);
#793=EDGE_CURVE('',#647,#645,#317,.T.);
#794=EDGE_CURVE('',#644,#647,#318,.T.);
#795=EDGE_CURVE('',#646,#643,#319,.T.);
#796=EDGE_CURVE('',#648,#645,#320,.T.);
#797=EDGE_CURVE('',#649,#648,#321,.T.);
#798=EDGE_CURVE('',#649,#650,#322,.T.);
#799=EDGE_CURVE('',#650,#651,#323,.T.);
#800=EDGE_CURVE('',#651,#647,#324,.T.);
#801=EDGE_CURVE('',#646,#652,#325,.T.);
#802=EDGE_CURVE('',#652,#653,#326,.T.);
#803=EDGE_CURVE('',#654,#653,#327,.T.);
#804=EDGE_CURVE('',#648,#654,#328,.T.);
#805=EDGE_CURVE('',#655,#640,#59,.T.);
#806=EDGE_CURVE('',#655,#642,#329,.T.);
#807=EDGE_CURVE('',#656,#655,#330,.T.);
#808=EDGE_CURVE('',#656,#657,#331,.T.);
#809=EDGE_CURVE('',#657,#658,#332,.T.);
#810=EDGE_CURVE('',#659,#658,#333,.T.);
#811=EDGE_CURVE('',#652,#659,#334,.T.);
#812=EDGE_CURVE('',#660,#661,#335,.T.);
#813=EDGE_CURVE('',#662,#660,#336,.T.);
#814=EDGE_CURVE('',#663,#662,#337,.T.);
#815=EDGE_CURVE('',#664,#663,#338,.T.);
#816=EDGE_CURVE('',#661,#664,#339,.T.);
#817=EDGE_CURVE('',#665,#666,#340,.T.);
#818=EDGE_CURVE('',#667,#665,#341,.T.);
#819=EDGE_CURVE('',#664,#667,#342,.T.);
#820=EDGE_CURVE('',#666,#663,#343,.T.);
#821=EDGE_CURVE('',#668,#662,#344,.T.);
#822=EDGE_CURVE('',#669,#668,#345,.T.);
#823=EDGE_CURVE('',#669,#670,#346,.T.);
#824=EDGE_CURVE('',#670,#671,#347,.T.);
#825=EDGE_CURVE('',#672,#671,#348,.T.);
#826=EDGE_CURVE('',#673,#672,#349,.T.);
#827=EDGE_CURVE('',#666,#673,#350,.T.);
#828=EDGE_CURVE('',#661,#674,#351,.T.);
#829=EDGE_CURVE('',#660,#674,#60,.T.);
#830=EDGE_CURVE('',#668,#660,#61,.T.);
#831=EDGE_CURVE('',#675,#656,#352,.T.);
#832=EDGE_CURVE('',#676,#675,#353,.T.);
#833=EDGE_CURVE('',#677,#676,#354,.T.);
#834=EDGE_CURVE('',#657,#677,#355,.T.);
#835=EDGE_CURVE('',#678,#677,#356,.T.);
#836=EDGE_CURVE('',#679,#678,#357,.T.);
#837=EDGE_CURVE('',#658,#679,#358,.T.);
#838=EDGE_CURVE('',#675,#655,#62,.T.);
#839=EDGE_CURVE('',#680,#675,#63,.T.);
#840=EDGE_CURVE('',#680,#676,#359,.T.);
#841=EDGE_CURVE('',#681,#669,#360,.T.);
#842=EDGE_CURVE('',#682,#681,#361,.T.);
#843=EDGE_CURVE('',#683,#682,#362,.T.);
#844=EDGE_CURVE('',#670,#683,#363,.T.);
#845=EDGE_CURVE('',#684,#683,#364,.T.);
#846=EDGE_CURVE('',#685,#684,#365,.T.);
#847=EDGE_CURVE('',#671,#685,#366,.T.);
#848=EDGE_CURVE('',#674,#681,#64,.T.);
#849=EDGE_CURVE('',#674,#682,#367,.T.);
#850=EDGE_CURVE('',#686,#685,#368,.T.);
#851=EDGE_CURVE('',#687,#686,#369,.T.);
#852=EDGE_CURVE('',#687,#688,#370,.T.);
#853=EDGE_CURVE('',#688,#672,#371,.T.);
#854=EDGE_CURVE('',#684,#689,#372,.T.);
#855=EDGE_CURVE('',#689,#690,#373,.T.);
#856=EDGE_CURVE('',#691,#690,#374,.T.);
#857=EDGE_CURVE('',#686,#691,#375,.T.);
#858=EDGE_CURVE('',#692,#659,#376,.T.);
#859=EDGE_CURVE('',#653,#692,#377,.T.);
#860=EDGE_CURVE('',#693,#679,#378,.T.);
#861=EDGE_CURVE('',#694,#693,#379,.T.);
#862=EDGE_CURVE('',#694,#692,#380,.T.);
#863=EDGE_CURVE('',#641,#680,#381,.T.);
#864=EDGE_CURVE('',#640,#680,#65,.T.);
#865=EDGE_CURVE('',#695,#667,#382,.T.);
#866=EDGE_CURVE('',#689,#695,#383,.T.);
#867=EDGE_CURVE('',#690,#696,#384,.T.);
#868=EDGE_CURVE('',#696,#695,#385,.T.);
#869=EDGE_CURVE('',#681,#668,#66,.T.);
#870=EDGE_CURVE('',#697,#651,#386,.T.);
#871=EDGE_CURVE('',#678,#697,#387,.T.);
#872=EDGE_CURVE('',#698,#650,#388,.T.);
#873=EDGE_CURVE('',#697,#698,#389,.T.);
#874=EDGE_CURVE('',#699,#698,#390,.T.);
#875=EDGE_CURVE('',#693,#699,#391,.T.);
#876=EDGE_CURVE('',#700,#688,#392,.T.);
#877=EDGE_CURVE('',#673,#700,#393,.T.);
#878=EDGE_CURVE('',#701,#700,#394,.T.);
#879=EDGE_CURVE('',#702,#701,#395,.T.);
#880=EDGE_CURVE('',#702,#665,#396,.T.);
#881=EDGE_CURVE('',#701,#687,#397,.T.);
#882=EDGE_CURVE('',#703,#704,#19,.T.);
#883=EDGE_CURVE('',#704,#705,#67,.T.);
#884=EDGE_CURVE('',#705,#706,#20,.T.);
#885=EDGE_CURVE('',#706,#707,#68,.T.);
#886=EDGE_CURVE('',#707,#708,#69,.T.);
#887=EDGE_CURVE('',#708,#709,#70,.T.);
#888=EDGE_CURVE('',#709,#708,#71,.T.);
#889=EDGE_CURVE('',#707,#703,#72,.T.);
#890=EDGE_CURVE('',#710,#704,#398,.T.);
#891=EDGE_CURVE('',#711,#710,#73,.T.);
#892=EDGE_CURVE('',#712,#711,#399,.T.);
#893=EDGE_CURVE('',#713,#712,#74,.T.);
#894=EDGE_CURVE('',#713,#714,#75,.T.);
#895=EDGE_CURVE('',#714,#715,#76,.T.);
#896=EDGE_CURVE('',#716,#715,#77,.T.);
#897=EDGE_CURVE('',#705,#716,#400,.T.);
#898=EDGE_CURVE('',#717,#717,#78,.T.);
#899=EDGE_CURVE('',#636,#706,#401,.T.);
#900=EDGE_CURVE('',#634,#633,#402,.T.);
#901=EDGE_CURVE('',#703,#639,#403,.T.);
#902=EDGE_CURVE('',#718,#716,#79,.T.);
#903=EDGE_CURVE('',#718,#719,#404,.T.);
#904=EDGE_CURVE('',#719,#636,#17,.T.);
#905=EDGE_CURVE('',#720,#720,#80,.T.);
#906=EDGE_CURVE('',#720,#709,#405,.T.);
#907=EDGE_CURVE('',#721,#638,#81,.F.);
#908=EDGE_CURVE('',#722,#721,#82,.F.);
#909=EDGE_CURVE('',#638,#722,#83,.F.);
#910=EDGE_CURVE('',#723,#637,#84,.F.);
#911=EDGE_CURVE('',#724,#723,#85,.F.);
#912=EDGE_CURVE('',#637,#724,#86,.F.);
#913=EDGE_CURVE('',#725,#726,#87,.T.);
#914=EDGE_CURVE('',#726,#724,#406,.T.);
#915=EDGE_CURVE('',#723,#725,#407,.T.);
#916=EDGE_CURVE('',#727,#728,#88,.T.);
#917=EDGE_CURVE('',#728,#726,#89,.T.);
#918=EDGE_CURVE('',#725,#727,#90,.T.);
#919=EDGE_CURVE('',#729,#730,#91,.T.);
#920=EDGE_CURVE('',#730,#627,#408,.T.);
#921=EDGE_CURVE('',#631,#728,#409,.T.);
#922=EDGE_CURVE('',#727,#729,#410,.T.);
#923=EDGE_CURVE('',#731,#732,#92,.T.);
#924=EDGE_CURVE('',#732,#730,#93,.T.);
#925=EDGE_CURVE('',#729,#731,#94,.T.);
#926=EDGE_CURVE('',#721,#732,#411,.T.);
#927=EDGE_CURVE('',#731,#722,#412,.T.);
#928=EDGE_CURVE('',#733,#734,#95,.T.);
#929=EDGE_CURVE('',#734,#721,#413,.T.);
#930=EDGE_CURVE('',#724,#735,#414,.T.);
#931=EDGE_CURVE('',#735,#736,#96,.T.);
#932=EDGE_CURVE('',#736,#733,#415,.T.);
#933=EDGE_CURVE('',#719,#723,#416,.T.);
#934=EDGE_CURVE('',#722,#737,#417,.T.);
#935=EDGE_CURVE('',#737,#639,#18,.T.);
#936=EDGE_CURVE('',#737,#738,#418,.T.);
#937=EDGE_CURVE('',#738,#710,#97,.T.);
#938=EDGE_CURVE('',#739,#711,#98,.T.);
#939=EDGE_CURVE('',#738,#739,#99,.T.);
#940=EDGE_CURVE('',#740,#712,#100,.T.);
#941=EDGE_CURVE('',#739,#740,#419,.T.);
#942=EDGE_CURVE('',#715,#713,#21,.T.);
#943=EDGE_CURVE('',#740,#718,#101,.T.);
#944=EDGE_CURVE('',#741,#731,#420,.T.);
#945=EDGE_CURVE('',#742,#741,#421,.T.);
#946=EDGE_CURVE('',#743,#742,#422,.T.);
#947=EDGE_CURVE('',#738,#743,#423,.T.);
#948=EDGE_CURVE('',#729,#744,#424,.T.);
#949=EDGE_CURVE('',#744,#741,#102,.T.);
#950=EDGE_CURVE('',#745,#727,#425,.T.);
#951=EDGE_CURVE('',#745,#744,#426,.T.);
#952=EDGE_CURVE('',#626,#624,#103,.T.);
#953=EDGE_CURVE('',#725,#746,#427,.T.);
#954=EDGE_CURVE('',#746,#745,#104,.T.);
#955=EDGE_CURVE('',#734,#627,#428,.T.);
#956=EDGE_CURVE('',#631,#735,#429,.T.);
#957=EDGE_CURVE('',#674,#714,#430,.T.);
#958=EDGE_CURVE('',#743,#747,#105,.T.);
#959=EDGE_CURVE('',#747,#739,#431,.T.);
#960=EDGE_CURVE('',#740,#748,#432,.T.);
#961=EDGE_CURVE('',#748,#749,#106,.T.);
#962=EDGE_CURVE('',#749,#718,#433,.T.);
#963=EDGE_CURVE('',#746,#749,#434,.T.);
#964=EDGE_CURVE('',#748,#747,#435,.T.);
#965=EDGE_CURVE('',#654,#694,#436,.T.);
#966=EDGE_CURVE('',#699,#649,#437,.T.);
#967=EDGE_CURVE('',#691,#750,#438,.T.);
#968=EDGE_CURVE('',#750,#702,#439,.T.);
#969=EDGE_CURVE('',#751,#751,#107,.T.);
#970=EDGE_CURVE('',#629,#752,#440,.T.);
#971=EDGE_CURVE('',#752,#753,#441,.T.);
#972=EDGE_CURVE('',#753,#630,#442,.T.);
#973=EDGE_CURVE('',#628,#754,#443,.T.);
#974=EDGE_CURVE('',#754,#752,#444,.T.);
#975=EDGE_CURVE('',#733,#754,#445,.T.);
#976=EDGE_CURVE('',#753,#736,#446,.T.);
#977=EDGE_CURVE('',#750,#696,#447,.T.);
#978=EDGE_CURVE('',#755,#755,#108,.T.);
#979=EDGE_CURVE('',#751,#755,#448,.T.);
#980=EDGE_CURVE('',#680,#717,#449,.T.);
#981=ORIENTED_EDGE('',*,*,#756,.F.);
#982=ORIENTED_EDGE('',*,*,#757,.T.);
#983=ORIENTED_EDGE('',*,*,#758,.F.);
#984=ORIENTED_EDGE('',*,*,#759,.T.);
#985=ORIENTED_EDGE('',*,*,#760,.F.);
#986=ORIENTED_EDGE('',*,*,#761,.F.);
#987=ORIENTED_EDGE('',*,*,#762,.F.);
#988=ORIENTED_EDGE('',*,*,#757,.F.);
#989=ORIENTED_EDGE('',*,*,#763,.F.);
#990=ORIENTED_EDGE('',*,*,#764,.F.);
#991=ORIENTED_EDGE('',*,*,#765,.F.);
#992=ORIENTED_EDGE('',*,*,#766,.T.);
#993=ORIENTED_EDGE('',*,*,#767,.F.);
#994=ORIENTED_EDGE('',*,*,#768,.F.);
#995=ORIENTED_EDGE('',*,*,#769,.F.);
#996=ORIENTED_EDGE('',*,*,#764,.T.);
#997=ORIENTED_EDGE('',*,*,#770,.T.);
#998=ORIENTED_EDGE('',*,*,#771,.T.);
#999=ORIENTED_EDGE('',*,*,#772,.T.);
#1000=ORIENTED_EDGE('',*,*,#773,.T.);
#1001=ORIENTED_EDGE('',*,*,#774,.F.);
#1002=ORIENTED_EDGE('',*,*,#767,.T.);
#1003=ORIENTED_EDGE('',*,*,#763,.T.);
#1004=ORIENTED_EDGE('',*,*,#775,.T.);
#1005=ORIENTED_EDGE('',*,*,#759,.F.);
#1006=ORIENTED_EDGE('',*,*,#776,.F.);
#1007=ORIENTED_EDGE('',*,*,#777,.F.);
#1008=ORIENTED_EDGE('',*,*,#778,.T.);
#1009=ORIENTED_EDGE('',*,*,#779,.F.);
#1010=ORIENTED_EDGE('',*,*,#780,.F.);
#1011=ORIENTED_EDGE('',*,*,#761,.T.);
#1012=ORIENTED_EDGE('',*,*,#781,.T.);
#1013=ORIENTED_EDGE('',*,*,#758,.T.);
#1014=ORIENTED_EDGE('',*,*,#762,.T.);
#1015=ORIENTED_EDGE('',*,*,#780,.T.);
#1016=ORIENTED_EDGE('',*,*,#782,.F.);
#1017=ORIENTED_EDGE('',*,*,#783,.F.);
#1018=ORIENTED_EDGE('',*,*,#784,.F.);
#1019=ORIENTED_EDGE('',*,*,#785,.F.);
#1020=ORIENTED_EDGE('',*,*,#786,.T.);
#1021=ORIENTED_EDGE('',*,*,#776,.T.);
#1022=ORIENTED_EDGE('',*,*,#787,.F.);
#1023=ORIENTED_EDGE('',*,*,#788,.F.);
#1024=ORIENTED_EDGE('',*,*,#789,.F.);
#1025=ORIENTED_EDGE('',*,*,#790,.F.);
#1026=ORIENTED_EDGE('',*,*,#791,.F.);
#1027=ORIENTED_EDGE('',*,*,#792,.F.);
#1028=ORIENTED_EDGE('',*,*,#793,.F.);
#1029=ORIENTED_EDGE('',*,*,#794,.F.);
#1030=ORIENTED_EDGE('',*,*,#790,.T.);
#1031=ORIENTED_EDGE('',*,*,#795,.F.);
#1032=ORIENTED_EDGE('',*,*,#793,.T.);
#1033=ORIENTED_EDGE('',*,*,#796,.F.);
#1034=ORIENTED_EDGE('',*,*,#797,.F.);
#1035=ORIENTED_EDGE('',*,*,#798,.T.);
#1036=ORIENTED_EDGE('',*,*,#799,.T.);
#1037=ORIENTED_EDGE('',*,*,#800,.T.);
#1038=ORIENTED_EDGE('',*,*,#792,.T.);
#1039=ORIENTED_EDGE('',*,*,#801,.T.);
#1040=ORIENTED_EDGE('',*,*,#802,.T.);
#1041=ORIENTED_EDGE('',*,*,#803,.F.);
#1042=ORIENTED_EDGE('',*,*,#804,.F.);
#1043=ORIENTED_EDGE('',*,*,#796,.T.);
#1044=ORIENTED_EDGE('',*,*,#788,.T.);
#1045=ORIENTED_EDGE('',*,*,#805,.F.);
#1046=ORIENTED_EDGE('',*,*,#806,.T.);
#1047=ORIENTED_EDGE('',*,*,#795,.T.);
#1048=ORIENTED_EDGE('',*,*,#789,.T.);
#1049=ORIENTED_EDGE('',*,*,#806,.F.);
#1050=ORIENTED_EDGE('',*,*,#807,.F.);
#1051=ORIENTED_EDGE('',*,*,#808,.T.);
#1052=ORIENTED_EDGE('',*,*,#809,.T.);
#1053=ORIENTED_EDGE('',*,*,#810,.F.);
#1054=ORIENTED_EDGE('',*,*,#811,.F.);
#1055=ORIENTED_EDGE('',*,*,#801,.F.);
#1056=ORIENTED_EDGE('',*,*,#812,.F.);
#1057=ORIENTED_EDGE('',*,*,#813,.F.);
#1058=ORIENTED_EDGE('',*,*,#814,.F.);
#1059=ORIENTED_EDGE('',*,*,#815,.F.);
#1060=ORIENTED_EDGE('',*,*,#816,.F.);
#1061=ORIENTED_EDGE('',*,*,#817,.F.);
#1062=ORIENTED_EDGE('',*,*,#818,.F.);
#1063=ORIENTED_EDGE('',*,*,#819,.F.);
#1064=ORIENTED_EDGE('',*,*,#815,.T.);
#1065=ORIENTED_EDGE('',*,*,#820,.F.);
#1066=ORIENTED_EDGE('',*,*,#820,.T.);
#1067=ORIENTED_EDGE('',*,*,#814,.T.);
#1068=ORIENTED_EDGE('',*,*,#821,.F.);
#1069=ORIENTED_EDGE('',*,*,#822,.F.);
#1070=ORIENTED_EDGE('',*,*,#823,.T.);
#1071=ORIENTED_EDGE('',*,*,#824,.T.);
#1072=ORIENTED_EDGE('',*,*,#825,.F.);
#1073=ORIENTED_EDGE('',*,*,#826,.F.);
#1074=ORIENTED_EDGE('',*,*,#827,.F.);
#1075=ORIENTED_EDGE('',*,*,#812,.T.);
#1076=ORIENTED_EDGE('',*,*,#828,.T.);
#1077=ORIENTED_EDGE('',*,*,#829,.F.);
#1078=ORIENTED_EDGE('',*,*,#813,.T.);
#1079=ORIENTED_EDGE('',*,*,#830,.F.);
#1080=ORIENTED_EDGE('',*,*,#821,.T.);
#1081=ORIENTED_EDGE('',*,*,#831,.F.);
#1082=ORIENTED_EDGE('',*,*,#832,.F.);
#1083=ORIENTED_EDGE('',*,*,#833,.F.);
#1084=ORIENTED_EDGE('',*,*,#834,.F.);
#1085=ORIENTED_EDGE('',*,*,#808,.F.);
#1086=ORIENTED_EDGE('',*,*,#834,.T.);
#1087=ORIENTED_EDGE('',*,*,#835,.F.);
#1088=ORIENTED_EDGE('',*,*,#836,.F.);
#1089=ORIENTED_EDGE('',*,*,#837,.F.);
#1090=ORIENTED_EDGE('',*,*,#809,.F.);
#1091=ORIENTED_EDGE('',*,*,#831,.T.);
#1092=ORIENTED_EDGE('',*,*,#807,.T.);
#1093=ORIENTED_EDGE('',*,*,#838,.F.);
#1094=ORIENTED_EDGE('',*,*,#832,.T.);
#1095=ORIENTED_EDGE('',*,*,#839,.F.);
#1096=ORIENTED_EDGE('',*,*,#840,.T.);
#1097=ORIENTED_EDGE('',*,*,#841,.F.);
#1098=ORIENTED_EDGE('',*,*,#842,.F.);
#1099=ORIENTED_EDGE('',*,*,#843,.F.);
#1100=ORIENTED_EDGE('',*,*,#844,.F.);
#1101=ORIENTED_EDGE('',*,*,#823,.F.);
#1102=ORIENTED_EDGE('',*,*,#844,.T.);
#1103=ORIENTED_EDGE('',*,*,#845,.F.);
#1104=ORIENTED_EDGE('',*,*,#846,.F.);
#1105=ORIENTED_EDGE('',*,*,#847,.F.);
#1106=ORIENTED_EDGE('',*,*,#824,.F.);
#1107=ORIENTED_EDGE('',*,*,#842,.T.);
#1108=ORIENTED_EDGE('',*,*,#848,.F.);
#1109=ORIENTED_EDGE('',*,*,#849,.T.);
#1110=ORIENTED_EDGE('',*,*,#847,.T.);
#1111=ORIENTED_EDGE('',*,*,#850,.F.);
#1112=ORIENTED_EDGE('',*,*,#851,.F.);
#1113=ORIENTED_EDGE('',*,*,#852,.T.);
#1114=ORIENTED_EDGE('',*,*,#853,.T.);
#1115=ORIENTED_EDGE('',*,*,#825,.T.);
#1116=ORIENTED_EDGE('',*,*,#846,.T.);
#1117=ORIENTED_EDGE('',*,*,#854,.T.);
#1118=ORIENTED_EDGE('',*,*,#855,.T.);
#1119=ORIENTED_EDGE('',*,*,#856,.F.);
#1120=ORIENTED_EDGE('',*,*,#857,.F.);
#1121=ORIENTED_EDGE('',*,*,#850,.T.);
#1122=ORIENTED_EDGE('',*,*,#811,.T.);
#1123=ORIENTED_EDGE('',*,*,#858,.F.);
#1124=ORIENTED_EDGE('',*,*,#859,.F.);
#1125=ORIENTED_EDGE('',*,*,#802,.F.);
#1126=ORIENTED_EDGE('',*,*,#837,.T.);
#1127=ORIENTED_EDGE('',*,*,#860,.F.);
#1128=ORIENTED_EDGE('',*,*,#861,.F.);
#1129=ORIENTED_EDGE('',*,*,#862,.T.);
#1130=ORIENTED_EDGE('',*,*,#858,.T.);
#1131=ORIENTED_EDGE('',*,*,#810,.T.);
#1132=ORIENTED_EDGE('',*,*,#787,.T.);
#1133=ORIENTED_EDGE('',*,*,#863,.T.);
#1134=ORIENTED_EDGE('',*,*,#864,.F.);
#1135=ORIENTED_EDGE('',*,*,#819,.T.);
#1136=ORIENTED_EDGE('',*,*,#865,.F.);
#1137=ORIENTED_EDGE('',*,*,#866,.F.);
#1138=ORIENTED_EDGE('',*,*,#854,.F.);
#1139=ORIENTED_EDGE('',*,*,#845,.T.);
#1140=ORIENTED_EDGE('',*,*,#843,.T.);
#1141=ORIENTED_EDGE('',*,*,#849,.F.);
#1142=ORIENTED_EDGE('',*,*,#828,.F.);
#1143=ORIENTED_EDGE('',*,*,#816,.T.);
#1144=ORIENTED_EDGE('',*,*,#867,.F.);
#1145=ORIENTED_EDGE('',*,*,#855,.F.);
#1146=ORIENTED_EDGE('',*,*,#866,.T.);
#1147=ORIENTED_EDGE('',*,*,#868,.F.);
#1148=ORIENTED_EDGE('',*,*,#841,.T.);
#1149=ORIENTED_EDGE('',*,*,#822,.T.);
#1150=ORIENTED_EDGE('',*,*,#869,.F.);
#1151=ORIENTED_EDGE('',*,*,#794,.T.);
#1152=ORIENTED_EDGE('',*,*,#800,.F.);
#1153=ORIENTED_EDGE('',*,*,#870,.F.);
#1154=ORIENTED_EDGE('',*,*,#871,.F.);
#1155=ORIENTED_EDGE('',*,*,#835,.T.);
#1156=ORIENTED_EDGE('',*,*,#833,.T.);
#1157=ORIENTED_EDGE('',*,*,#840,.F.);
#1158=ORIENTED_EDGE('',*,*,#863,.F.);
#1159=ORIENTED_EDGE('',*,*,#791,.T.);
#1160=ORIENTED_EDGE('',*,*,#872,.F.);
#1161=ORIENTED_EDGE('',*,*,#873,.F.);
#1162=ORIENTED_EDGE('',*,*,#870,.T.);
#1163=ORIENTED_EDGE('',*,*,#799,.F.);
#1164=ORIENTED_EDGE('',*,*,#836,.T.);
#1165=ORIENTED_EDGE('',*,*,#871,.T.);
#1166=ORIENTED_EDGE('',*,*,#873,.T.);
#1167=ORIENTED_EDGE('',*,*,#874,.F.);
#1168=ORIENTED_EDGE('',*,*,#875,.F.);
#1169=ORIENTED_EDGE('',*,*,#860,.T.);
#1170=ORIENTED_EDGE('',*,*,#826,.T.);
#1171=ORIENTED_EDGE('',*,*,#853,.F.);
#1172=ORIENTED_EDGE('',*,*,#876,.F.);
#1173=ORIENTED_EDGE('',*,*,#877,.F.);
#1174=ORIENTED_EDGE('',*,*,#817,.T.);
#1175=ORIENTED_EDGE('',*,*,#827,.T.);
#1176=ORIENTED_EDGE('',*,*,#877,.T.);
#1177=ORIENTED_EDGE('',*,*,#878,.F.);
#1178=ORIENTED_EDGE('',*,*,#879,.F.);
#1179=ORIENTED_EDGE('',*,*,#880,.T.);
#1180=ORIENTED_EDGE('',*,*,#876,.T.);
#1181=ORIENTED_EDGE('',*,*,#852,.F.);
#1182=ORIENTED_EDGE('',*,*,#881,.F.);
#1183=ORIENTED_EDGE('',*,*,#878,.T.);
#1184=ORIENTED_EDGE('',*,*,#882,.T.);
#1185=ORIENTED_EDGE('',*,*,#883,.T.);
#1186=ORIENTED_EDGE('',*,*,#884,.T.);
#1187=ORIENTED_EDGE('',*,*,#885,.T.);
#1188=ORIENTED_EDGE('',*,*,#886,.T.);
#1189=ORIENTED_EDGE('',*,*,#887,.T.);
#1190=ORIENTED_EDGE('',*,*,#888,.T.);
#1191=ORIENTED_EDGE('',*,*,#886,.F.);
#1192=ORIENTED_EDGE('',*,*,#889,.T.);
#1193=ORIENTED_EDGE('',*,*,#883,.F.);
#1194=ORIENTED_EDGE('',*,*,#890,.F.);
#1195=ORIENTED_EDGE('',*,*,#891,.F.);
#1196=ORIENTED_EDGE('',*,*,#892,.F.);
#1197=ORIENTED_EDGE('',*,*,#893,.F.);
#1198=ORIENTED_EDGE('',*,*,#894,.T.);
#1199=ORIENTED_EDGE('',*,*,#895,.T.);
#1200=ORIENTED_EDGE('',*,*,#896,.F.);
#1201=ORIENTED_EDGE('',*,*,#897,.F.);
#1202=ORIENTED_EDGE('',*,*,#898,.T.);
#1203=ORIENTED_EDGE('',*,*,#885,.F.);
#1204=ORIENTED_EDGE('',*,*,#899,.F.);
#1205=ORIENTED_EDGE('',*,*,#782,.T.);
#1206=ORIENTED_EDGE('',*,*,#779,.T.);
#1207=ORIENTED_EDGE('',*,*,#900,.T.);
#1208=ORIENTED_EDGE('',*,*,#777,.T.);
#1209=ORIENTED_EDGE('',*,*,#786,.F.);
#1210=ORIENTED_EDGE('',*,*,#901,.F.);
#1211=ORIENTED_EDGE('',*,*,#889,.F.);
#1212=ORIENTED_EDGE('',*,*,#884,.F.);
#1213=ORIENTED_EDGE('',*,*,#897,.T.);
#1214=ORIENTED_EDGE('',*,*,#902,.F.);
#1215=ORIENTED_EDGE('',*,*,#903,.T.);
#1216=ORIENTED_EDGE('',*,*,#904,.T.);
#1217=ORIENTED_EDGE('',*,*,#899,.T.);
#1218=ORIENTED_EDGE('',*,*,#905,.T.);
#1219=ORIENTED_EDGE('',*,*,#906,.T.);
#1220=ORIENTED_EDGE('',*,*,#887,.F.);
#1221=ORIENTED_EDGE('',*,*,#888,.F.);
#1222=ORIENTED_EDGE('',*,*,#906,.F.);
#1223=ORIENTED_EDGE('',*,*,#907,.F.);
#1224=ORIENTED_EDGE('',*,*,#908,.F.);
#1225=ORIENTED_EDGE('',*,*,#909,.F.);
#1226=ORIENTED_EDGE('',*,*,#910,.F.);
#1227=ORIENTED_EDGE('',*,*,#911,.F.);
#1228=ORIENTED_EDGE('',*,*,#912,.F.);
#1229=ORIENTED_EDGE('',*,*,#913,.T.);
#1230=ORIENTED_EDGE('',*,*,#914,.T.);
#1231=ORIENTED_EDGE('',*,*,#911,.T.);
#1232=ORIENTED_EDGE('',*,*,#915,.T.);
#1233=ORIENTED_EDGE('',*,*,#916,.T.);
#1234=ORIENTED_EDGE('',*,*,#917,.T.);
#1235=ORIENTED_EDGE('',*,*,#913,.F.);
#1236=ORIENTED_EDGE('',*,*,#918,.T.);
#1237=ORIENTED_EDGE('',*,*,#919,.T.);
#1238=ORIENTED_EDGE('',*,*,#920,.T.);
#1239=ORIENTED_EDGE('',*,*,#774,.T.);
#1240=ORIENTED_EDGE('',*,*,#921,.T.);
#1241=ORIENTED_EDGE('',*,*,#916,.F.);
#1242=ORIENTED_EDGE('',*,*,#922,.T.);
#1243=ORIENTED_EDGE('',*,*,#923,.T.);
#1244=ORIENTED_EDGE('',*,*,#924,.T.);
#1245=ORIENTED_EDGE('',*,*,#919,.F.);
#1246=ORIENTED_EDGE('',*,*,#925,.T.);
#1247=ORIENTED_EDGE('',*,*,#908,.T.);
#1248=ORIENTED_EDGE('',*,*,#926,.T.);
#1249=ORIENTED_EDGE('',*,*,#923,.F.);
#1250=ORIENTED_EDGE('',*,*,#927,.T.);
#1251=ORIENTED_EDGE('',*,*,#928,.T.);
#1252=ORIENTED_EDGE('',*,*,#929,.T.);
#1253=ORIENTED_EDGE('',*,*,#907,.T.);
#1254=ORIENTED_EDGE('',*,*,#784,.T.);
#1255=ORIENTED_EDGE('',*,*,#912,.T.);
#1256=ORIENTED_EDGE('',*,*,#930,.T.);
#1257=ORIENTED_EDGE('',*,*,#931,.T.);
#1258=ORIENTED_EDGE('',*,*,#932,.T.);
#1259=ORIENTED_EDGE('',*,*,#933,.T.);
#1260=ORIENTED_EDGE('',*,*,#910,.T.);
#1261=ORIENTED_EDGE('',*,*,#783,.T.);
#1262=ORIENTED_EDGE('',*,*,#904,.F.);
#1263=ORIENTED_EDGE('',*,*,#785,.T.);
#1264=ORIENTED_EDGE('',*,*,#909,.T.);
#1265=ORIENTED_EDGE('',*,*,#934,.T.);
#1266=ORIENTED_EDGE('',*,*,#935,.T.);
#1267=ORIENTED_EDGE('',*,*,#882,.F.);
#1268=ORIENTED_EDGE('',*,*,#901,.T.);
#1269=ORIENTED_EDGE('',*,*,#935,.F.);
#1270=ORIENTED_EDGE('',*,*,#936,.T.);
#1271=ORIENTED_EDGE('',*,*,#937,.T.);
#1272=ORIENTED_EDGE('',*,*,#890,.T.);
#1273=ORIENTED_EDGE('',*,*,#938,.T.);
#1274=ORIENTED_EDGE('',*,*,#891,.T.);
#1275=ORIENTED_EDGE('',*,*,#937,.F.);
#1276=ORIENTED_EDGE('',*,*,#939,.T.);
#1277=ORIENTED_EDGE('',*,*,#940,.T.);
#1278=ORIENTED_EDGE('',*,*,#892,.T.);
#1279=ORIENTED_EDGE('',*,*,#938,.F.);
#1280=ORIENTED_EDGE('',*,*,#941,.T.);
#1281=ORIENTED_EDGE('',*,*,#942,.T.);
#1282=ORIENTED_EDGE('',*,*,#893,.T.);
#1283=ORIENTED_EDGE('',*,*,#940,.F.);
#1284=ORIENTED_EDGE('',*,*,#943,.T.);
#1285=ORIENTED_EDGE('',*,*,#902,.T.);
#1286=ORIENTED_EDGE('',*,*,#896,.T.);
#1287=ORIENTED_EDGE('',*,*,#936,.F.);
#1288=ORIENTED_EDGE('',*,*,#934,.F.);
#1289=ORIENTED_EDGE('',*,*,#927,.F.);
#1290=ORIENTED_EDGE('',*,*,#944,.F.);
#1291=ORIENTED_EDGE('',*,*,#945,.F.);
#1292=ORIENTED_EDGE('',*,*,#946,.F.);
#1293=ORIENTED_EDGE('',*,*,#947,.F.);
#1294=ORIENTED_EDGE('',*,*,#925,.F.);
#1295=ORIENTED_EDGE('',*,*,#948,.T.);
#1296=ORIENTED_EDGE('',*,*,#949,.T.);
#1297=ORIENTED_EDGE('',*,*,#944,.T.);
#1298=ORIENTED_EDGE('',*,*,#922,.F.);
#1299=ORIENTED_EDGE('',*,*,#950,.F.);
#1300=ORIENTED_EDGE('',*,*,#951,.T.);
#1301=ORIENTED_EDGE('',*,*,#948,.F.);
#1302=ORIENTED_EDGE('',*,*,#769,.T.);
#1303=ORIENTED_EDGE('',*,*,#952,.T.);
#1304=ORIENTED_EDGE('',*,*,#765,.T.);
#1305=ORIENTED_EDGE('',*,*,#918,.F.);
#1306=ORIENTED_EDGE('',*,*,#953,.T.);
#1307=ORIENTED_EDGE('',*,*,#954,.T.);
#1308=ORIENTED_EDGE('',*,*,#950,.T.);
#1309=ORIENTED_EDGE('',*,*,#929,.F.);
#1310=ORIENTED_EDGE('',*,*,#955,.T.);
#1311=ORIENTED_EDGE('',*,*,#920,.F.);
#1312=ORIENTED_EDGE('',*,*,#924,.F.);
#1313=ORIENTED_EDGE('',*,*,#926,.F.);
#1314=ORIENTED_EDGE('',*,*,#930,.F.);
#1315=ORIENTED_EDGE('',*,*,#914,.F.);
#1316=ORIENTED_EDGE('',*,*,#917,.F.);
#1317=ORIENTED_EDGE('',*,*,#921,.F.);
#1318=ORIENTED_EDGE('',*,*,#956,.T.);
#1319=ORIENTED_EDGE('',*,*,#830,.T.);
#1320=ORIENTED_EDGE('',*,*,#829,.T.);
#1321=ORIENTED_EDGE('',*,*,#957,.T.);
#1322=ORIENTED_EDGE('',*,*,#894,.F.);
#1323=ORIENTED_EDGE('',*,*,#942,.F.);
#1324=ORIENTED_EDGE('',*,*,#895,.F.);
#1325=ORIENTED_EDGE('',*,*,#957,.F.);
#1326=ORIENTED_EDGE('',*,*,#848,.T.);
#1327=ORIENTED_EDGE('',*,*,#869,.T.);
#1328=ORIENTED_EDGE('',*,*,#939,.F.);
#1329=ORIENTED_EDGE('',*,*,#947,.T.);
#1330=ORIENTED_EDGE('',*,*,#958,.T.);
#1331=ORIENTED_EDGE('',*,*,#959,.T.);
#1332=ORIENTED_EDGE('',*,*,#943,.F.);
#1333=ORIENTED_EDGE('',*,*,#960,.T.);
#1334=ORIENTED_EDGE('',*,*,#961,.T.);
#1335=ORIENTED_EDGE('',*,*,#962,.T.);
#1336=ORIENTED_EDGE('',*,*,#903,.F.);
#1337=ORIENTED_EDGE('',*,*,#962,.F.);
#1338=ORIENTED_EDGE('',*,*,#963,.F.);
#1339=ORIENTED_EDGE('',*,*,#953,.F.);
#1340=ORIENTED_EDGE('',*,*,#915,.F.);
#1341=ORIENTED_EDGE('',*,*,#933,.F.);
#1342=ORIENTED_EDGE('',*,*,#958,.F.);
#1343=ORIENTED_EDGE('',*,*,#946,.T.);
#1344=ORIENTED_EDGE('',*,*,#945,.T.);
#1345=ORIENTED_EDGE('',*,*,#949,.F.);
#1346=ORIENTED_EDGE('',*,*,#951,.F.);
#1347=ORIENTED_EDGE('',*,*,#954,.F.);
#1348=ORIENTED_EDGE('',*,*,#963,.T.);
#1349=ORIENTED_EDGE('',*,*,#961,.F.);
#1350=ORIENTED_EDGE('',*,*,#964,.T.);
#1351=ORIENTED_EDGE('',*,*,#804,.T.);
#1352=ORIENTED_EDGE('',*,*,#965,.T.);
#1353=ORIENTED_EDGE('',*,*,#861,.T.);
#1354=ORIENTED_EDGE('',*,*,#875,.T.);
#1355=ORIENTED_EDGE('',*,*,#966,.T.);
#1356=ORIENTED_EDGE('',*,*,#797,.T.);
#1357=ORIENTED_EDGE('',*,*,#879,.T.);
#1358=ORIENTED_EDGE('',*,*,#881,.T.);
#1359=ORIENTED_EDGE('',*,*,#851,.T.);
#1360=ORIENTED_EDGE('',*,*,#857,.T.);
#1361=ORIENTED_EDGE('',*,*,#967,.T.);
#1362=ORIENTED_EDGE('',*,*,#968,.T.);
#1363=ORIENTED_EDGE('',*,*,#969,.T.);
#1364=ORIENTED_EDGE('',*,*,#900,.F.);
#1365=ORIENTED_EDGE('',*,*,#778,.F.);
#1366=ORIENTED_EDGE('',*,*,#768,.T.);
#1367=ORIENTED_EDGE('',*,*,#775,.F.);
#1368=ORIENTED_EDGE('',*,*,#766,.F.);
#1369=ORIENTED_EDGE('',*,*,#952,.F.);
#1370=ORIENTED_EDGE('',*,*,#970,.T.);
#1371=ORIENTED_EDGE('',*,*,#971,.T.);
#1372=ORIENTED_EDGE('',*,*,#972,.T.);
#1373=ORIENTED_EDGE('',*,*,#772,.F.);
#1374=ORIENTED_EDGE('',*,*,#973,.T.);
#1375=ORIENTED_EDGE('',*,*,#974,.T.);
#1376=ORIENTED_EDGE('',*,*,#970,.F.);
#1377=ORIENTED_EDGE('',*,*,#771,.F.);
#1378=ORIENTED_EDGE('',*,*,#928,.F.);
#1379=ORIENTED_EDGE('',*,*,#975,.T.);
#1380=ORIENTED_EDGE('',*,*,#973,.F.);
#1381=ORIENTED_EDGE('',*,*,#770,.F.);
#1382=ORIENTED_EDGE('',*,*,#955,.F.);
#1383=ORIENTED_EDGE('',*,*,#931,.F.);
#1384=ORIENTED_EDGE('',*,*,#956,.F.);
#1385=ORIENTED_EDGE('',*,*,#773,.F.);
#1386=ORIENTED_EDGE('',*,*,#972,.F.);
#1387=ORIENTED_EDGE('',*,*,#976,.T.);
#1388=ORIENTED_EDGE('',*,*,#932,.F.);
#1389=ORIENTED_EDGE('',*,*,#976,.F.);
#1390=ORIENTED_EDGE('',*,*,#971,.F.);
#1391=ORIENTED_EDGE('',*,*,#974,.F.);
#1392=ORIENTED_EDGE('',*,*,#975,.F.);
#1393=ORIENTED_EDGE('',*,*,#756,.T.);
#1394=ORIENTED_EDGE('',*,*,#781,.F.);
#1395=ORIENTED_EDGE('',*,*,#760,.T.);
#1396=ORIENTED_EDGE('',*,*,#872,.T.);
#1397=ORIENTED_EDGE('',*,*,#798,.F.);
#1398=ORIENTED_EDGE('',*,*,#966,.F.);
#1399=ORIENTED_EDGE('',*,*,#874,.T.);
#1400=ORIENTED_EDGE('',*,*,#859,.T.);
#1401=ORIENTED_EDGE('',*,*,#862,.F.);
#1402=ORIENTED_EDGE('',*,*,#965,.F.);
#1403=ORIENTED_EDGE('',*,*,#803,.T.);
#1404=ORIENTED_EDGE('',*,*,#818,.T.);
#1405=ORIENTED_EDGE('',*,*,#880,.F.);
#1406=ORIENTED_EDGE('',*,*,#968,.F.);
#1407=ORIENTED_EDGE('',*,*,#977,.T.);
#1408=ORIENTED_EDGE('',*,*,#868,.T.);
#1409=ORIENTED_EDGE('',*,*,#865,.T.);
#1410=ORIENTED_EDGE('',*,*,#867,.T.);
#1411=ORIENTED_EDGE('',*,*,#977,.F.);
#1412=ORIENTED_EDGE('',*,*,#967,.F.);
#1413=ORIENTED_EDGE('',*,*,#856,.T.);
#1414=ORIENTED_EDGE('',*,*,#905,.F.);
#1415=ORIENTED_EDGE('',*,*,#978,.F.);
#1416=ORIENTED_EDGE('',*,*,#969,.F.);
#1417=ORIENTED_EDGE('',*,*,#979,.T.);
#1418=ORIENTED_EDGE('',*,*,#978,.T.);
#1419=ORIENTED_EDGE('',*,*,#979,.F.);
#1420=ORIENTED_EDGE('',*,*,#941,.F.);
#1421=ORIENTED_EDGE('',*,*,#959,.F.);
#1422=ORIENTED_EDGE('',*,*,#964,.F.);
#1423=ORIENTED_EDGE('',*,*,#960,.F.);
#1424=ORIENTED_EDGE('',*,*,#839,.T.);
#1425=ORIENTED_EDGE('',*,*,#838,.T.);
#1426=ORIENTED_EDGE('',*,*,#805,.T.);
#1427=ORIENTED_EDGE('',*,*,#864,.T.);
#1428=ORIENTED_EDGE('',*,*,#980,.T.);
#1429=ORIENTED_EDGE('',*,*,#898,.F.);
#1430=ORIENTED_EDGE('',*,*,#980,.F.);
#1431=PLANE('',#1575);
#1432=PLANE('',#1576);
#1433=PLANE('',#1577);
#1434=PLANE('',#1578);
#1435=PLANE('',#1579);
#1436=PLANE('',#1586);
#1437=PLANE('',#1587);
#1438=PLANE('',#1588);
#1439=PLANE('',#1589);
#1440=PLANE('',#1590);
#1441=PLANE('',#1591);
#1442=PLANE('',#1593);
#1443=PLANE('',#1594);
#1444=PLANE('',#1595);
#1445=PLANE('',#1596);
#1446=PLANE('',#1597);
#1447=PLANE('',#1599);
#1448=PLANE('',#1601);
#1449=PLANE('',#1602);
#1450=PLANE('',#1603);
#1451=PLANE('',#1605);
#1452=PLANE('',#1607);
#1453=PLANE('',#1608);
#1454=PLANE('',#1609);
#1455=PLANE('',#1611);
#1456=PLANE('',#1612);
#1457=PLANE('',#1613);
#1458=PLANE('',#1614);
#1459=PLANE('',#1615);
#1460=PLANE('',#1617);
#1461=PLANE('',#1618);
#1462=PLANE('',#1619);
#1463=PLANE('',#1621);
#1464=PLANE('',#1622);
#1465=PLANE('',#1623);
#1466=PLANE('',#1624);
#1467=PLANE('',#1625);
#1468=PLANE('',#1626);
#1469=PLANE('',#1634);
#1470=PLANE('',#1641);
#1471=PLANE('',#1683);
#1472=PLANE('',#1686);
#1473=PLANE('',#1690);
#1474=PLANE('',#1691);
#1475=PLANE('',#1697);
#1476=PLANE('',#1698);
#1477=PLANE('',#1700);
#1478=PLANE('',#1702);
#1479=PLANE('',#1703);
#1480=PLANE('',#1704);
#1481=PLANE('',#1705);
#1482=PLANE('',#1706);
#1483=PLANE('',#1707);
#1484=PLANE('',#1708);
#1485=PLANE('',#1709);
#1486=PLANE('',#1710);
#1487=PLANE('',#1711);
#1488=PLANE('',#1714);
#1489=ADVANCED_FACE('',(#109),#1431,.F.);
#1490=ADVANCED_FACE('',(#110),#1432,.F.);
#1491=ADVANCED_FACE('',(#111),#1433,.F.);
#1492=ADVANCED_FACE('',(#112),#1434,.F.);
#1493=ADVANCED_FACE('',(#113,#46),#1435,.F.);
#1494=ADVANCED_FACE('',(#114),#27,.F.);
#1495=ADVANCED_FACE('',(#115),#1436,.F.);
#1496=ADVANCED_FACE('',(#116),#1437,.T.);
#1497=ADVANCED_FACE('',(#117),#1438,.T.);
#1498=ADVANCED_FACE('',(#118),#1439,.F.);
#1499=ADVANCED_FACE('',(#119),#1440,.F.);
#1500=ADVANCED_FACE('',(#120),#1441,.T.);
#1501=ADVANCED_FACE('',(#121),#1442,.T.);
#1502=ADVANCED_FACE('',(#122),#1443,.T.);
#1503=ADVANCED_FACE('',(#123),#1444,.T.);
#1504=ADVANCED_FACE('',(#124),#1445,.T.);
#1505=ADVANCED_FACE('',(#125),#1446,.T.);
#1506=ADVANCED_FACE('',(#126),#1447,.T.);
#1507=ADVANCED_FACE('',(#127),#1448,.T.);
#1508=ADVANCED_FACE('',(#128),#1449,.T.);
#1509=ADVANCED_FACE('',(#129),#1450,.T.);
#1510=ADVANCED_FACE('',(#130),#1451,.T.);
#1511=ADVANCED_FACE('',(#131),#1452,.T.);
#1512=ADVANCED_FACE('',(#132),#1453,.T.);
#1513=ADVANCED_FACE('',(#133),#1454,.T.);
#1514=ADVANCED_FACE('',(#134),#1455,.F.);
#1515=ADVANCED_FACE('',(#135),#1456,.F.);
#1516=ADVANCED_FACE('',(#136),#1457,.T.);
#1517=ADVANCED_FACE('',(#137),#1458,.F.);
#1518=ADVANCED_FACE('',(#138),#1459,.T.);
#1519=ADVANCED_FACE('',(#139),#1460,.T.);
#1520=ADVANCED_FACE('',(#140),#1461,.T.);
#1521=ADVANCED_FACE('',(#141),#1462,.T.);
#1522=ADVANCED_FACE('',(#142),#1463,.T.);
#1523=ADVANCED_FACE('',(#143),#1464,.T.);
#1524=ADVANCED_FACE('',(#144),#1465,.F.);
#1525=ADVANCED_FACE('',(#145),#1466,.T.);
#1526=ADVANCED_FACE('',(#146),#1467,.F.);
#1527=ADVANCED_FACE('',(#147),#1468,.F.);
#1528=ADVANCED_FACE('',(#148),#22,.T.);
#1529=ADVANCED_FACE('',(#149,#47),#1469,.T.);
#1530=ADVANCED_FACE('',(#150),#1470,.T.);
#1531=ADVANCED_FACE('',(#151),#28,.T.);
#1532=ADVANCED_FACE('',(#152),#29,.F.);
#1533=ADVANCED_FACE('',(#153),#15,.T.);
#1534=ADVANCED_FACE('',(#154),#16,.T.);
#1535=ADVANCED_FACE('',(#155),#30,.T.);
#1536=ADVANCED_FACE('',(#156),#23,.T.);
#1537=ADVANCED_FACE('',(#157),#31,.T.);
#1538=ADVANCED_FACE('',(#158),#24,.T.);
#1539=ADVANCED_FACE('',(#159),#32,.T.);
#1540=ADVANCED_FACE('',(#160),#33,.T.);
#1541=ADVANCED_FACE('',(#161),#34,.T.);
#1542=ADVANCED_FACE('',(#162),#35,.T.);
#1543=ADVANCED_FACE('',(#163),#36,.T.);
#1544=ADVANCED_FACE('',(#164),#25,.T.);
#1545=ADVANCED_FACE('',(#165),#37,.T.);
#1546=ADVANCED_FACE('',(#166),#26,.T.);
#1547=ADVANCED_FACE('',(#167),#1471,.T.);
#1548=ADVANCED_FACE('',(#168),#38,.T.);
#1549=ADVANCED_FACE('',(#169,#48),#1472,.T.);
#1550=ADVANCED_FACE('',(#170),#39,.T.);
#1551=ADVANCED_FACE('',(#171),#1473,.T.);
#1552=ADVANCED_FACE('',(#172),#1474,.T.);
#1553=ADVANCED_FACE('',(#173),#40,.F.);
#1554=ADVANCED_FACE('',(#174),#41,.T.);
#1555=ADVANCED_FACE('',(#175),#42,.T.);
#1556=ADVANCED_FACE('',(#176),#1475,.T.);
#1557=ADVANCED_FACE('',(#177,#49,#50,#51),#1476,.F.);
#1558=ADVANCED_FACE('',(#178),#1477,.T.);
#1559=ADVANCED_FACE('',(#179),#43,.F.);
#1560=ADVANCED_FACE('',(#180),#1478,.F.);
#1561=ADVANCED_FACE('',(#181),#1479,.F.);
#1562=ADVANCED_FACE('',(#182),#1480,.F.);
#1563=ADVANCED_FACE('',(#183),#1481,.F.);
#1564=ADVANCED_FACE('',(#184,#52),#1482,.F.);
#1565=ADVANCED_FACE('',(#185),#1483,.F.);
#1566=ADVANCED_FACE('',(#186),#1484,.F.);
#1567=ADVANCED_FACE('',(#187),#1485,.F.);
#1568=ADVANCED_FACE('',(#188),#1486,.F.);
#1569=ADVANCED_FACE('',(#189,#53),#1487,.F.);
#1570=ADVANCED_FACE('',(#190),#44,.F.);
#1571=ADVANCED_FACE('',(#191),#1488,.T.);
#1572=ADVANCED_FACE('',(#192),#45,.F.);
#1573=CLOSED_SHELL('',(#1489,#1490,#1491,#1492,#1493,#1494,#1495,#1496,
#1497,#1498,#1499,#1500,#1501,#1502,#1503,#1504,#1505,#1506,#1507,#1508,
#1509,#1510,#1511,#1512,#1513,#1514,#1515,#1516,#1517,#1518,#1519,#1520,
#1521,#1522,#1523,#1524,#1525,#1526,#1527,#1528,#1529,#1530,#1531,#1532,
#1533,#1534,#1535,#1536,#1537,#1538,#1539,#1540,#1541,#1542,#1543,#1544,
#1545,#1546,#1547,#1548,#1549,#1550,#1551,#1552,#1553,#1554,#1555,#1556,
#1557,#1558,#1559,#1560,#1561,#1562,#1563,#1564,#1565,#1566,#1567,#1568,
#1569,#1570,#1571,#1572));
#1574=AXIS2_PLACEMENT_3D('',#2165,#1716,#1717);
#1575=AXIS2_PLACEMENT_3D('',#2166,#1718,#1719);
#1576=AXIS2_PLACEMENT_3D('',#2175,#1724,#1725);
#1577=AXIS2_PLACEMENT_3D('',#2181,#1729,#1730);
#1578=AXIS2_PLACEMENT_3D('',#2190,#1735,#1736);
#1579=AXIS2_PLACEMENT_3D('',#2196,#1740,#1741);
#1580=AXIS2_PLACEMENT_3D('',#2207,#1747,#1748);
#1581=AXIS2_PLACEMENT_3D('',#2208,#1749,#1750);
#1582=AXIS2_PLACEMENT_3D('',#2210,#1751,#1752);
#1583=AXIS2_PLACEMENT_3D('',#2214,#1754,#1755);
#1584=AXIS2_PLACEMENT_3D('',#2217,#1757,#1758);
#1585=AXIS2_PLACEMENT_3D('',#2218,#1759,#1760);
#1586=AXIS2_PLACEMENT_3D('',#2219,#1761,#1762);
#1587=AXIS2_PLACEMENT_3D('',#2229,#1768,#1769);
#1588=AXIS2_PLACEMENT_3D('',#2240,#1775,#1776);
#1589=AXIS2_PLACEMENT_3D('',#2248,#1781,#1782);
#1590=AXIS2_PLACEMENT_3D('',#2258,#1788,#1789);
#1591=AXIS2_PLACEMENT_3D('',#2266,#1794,#1795);
#1592=AXIS2_PLACEMENT_3D('',#2268,#1796,#1797);
#1593=AXIS2_PLACEMENT_3D('',#2270,#1799,#1800);
#1594=AXIS2_PLACEMENT_3D('',#2280,#1806,#1807);
#1595=AXIS2_PLACEMENT_3D('',#2291,#1813,#1814);
#1596=AXIS2_PLACEMENT_3D('',#2299,#1819,#1820);
#1597=AXIS2_PLACEMENT_3D('',#2313,#1828,#1829);
#1598=AXIS2_PLACEMENT_3D('',#2316,#1831,#1832);
#1599=AXIS2_PLACEMENT_3D('',#2317,#1833,#1834);
#1600=AXIS2_PLACEMENT_3D('',#2318,#1835,#1836);
#1601=AXIS2_PLACEMENT_3D('',#2319,#1837,#1838);
#1602=AXIS2_PLACEMENT_3D('',#2327,#1843,#1844);
#1603=AXIS2_PLACEMENT_3D('',#2333,#1848,#1849);
#1604=AXIS2_PLACEMENT_3D('',#2334,#1850,#1851);
#1605=AXIS2_PLACEMENT_3D('',#2335,#1852,#1853);
#1606=AXIS2_PLACEMENT_3D('',#2337,#1854,#1855);
#1607=AXIS2_PLACEMENT_3D('',#2339,#1857,#1858);
#1608=AXIS2_PLACEMENT_3D('',#2347,#1863,#1864);
#1609=AXIS2_PLACEMENT_3D('',#2353,#1868,#1869);
#1610=AXIS2_PLACEMENT_3D('',#2354,#1870,#1871);
#1611=AXIS2_PLACEMENT_3D('',#2356,#1873,#1874);
#1612=AXIS2_PLACEMENT_3D('',#2364,#1879,#1880);
#1613=AXIS2_PLACEMENT_3D('',#2372,#1885,#1886);
#1614=AXIS2_PLACEMENT_3D('',#2376,#1889,#1890);
#1615=AXIS2_PLACEMENT_3D('',#2382,#1894,#1895);
#1616=AXIS2_PLACEMENT_3D('',#2384,#1897,#1898);
#1617=AXIS2_PLACEMENT_3D('',#2385,#1899,#1900);
#1618=AXIS2_PLACEMENT_3D('',#2389,#1903,#1904);
#1619=AXIS2_PLACEMENT_3D('',#2393,#1907,#1908);
#1620=AXIS2_PLACEMENT_3D('',#2394,#1909,#1910);
#1621=AXIS2_PLACEMENT_3D('',#2395,#1911,#1912);
#1622=AXIS2_PLACEMENT_3D('',#2399,#1915,#1916);
#1623=AXIS2_PLACEMENT_3D('',#2403,#1919,#1920);
#1624=AXIS2_PLACEMENT_3D('',#2407,#1923,#1924);
#1625=AXIS2_PLACEMENT_3D('',#2411,#1927,#1928);
#1626=AXIS2_PLACEMENT_3D('',#2417,#1932,#1933);
#1627=AXIS2_PLACEMENT_3D('',#2419,#1935,#1936);
#1628=AXIS2_PLACEMENT_3D('',#2433,#1937,#1938);
#1629=AXIS2_PLACEMENT_3D('',#2446,#1939,#1940);
#1630=AXIS2_PLACEMENT_3D('',#2448,#1941,#1942);
#1631=AXIS2_PLACEMENT_3D('',#2450,#1943,#1944);
#1632=AXIS2_PLACEMENT_3D('',#2451,#1945,#1946);
#1633=AXIS2_PLACEMENT_3D('',#2452,#1947,#1948);
#1634=AXIS2_PLACEMENT_3D('',#2453,#1949,#1950);
#1635=AXIS2_PLACEMENT_3D('',#2457,#1952,#1953);
#1636=AXIS2_PLACEMENT_3D('',#2461,#1955,#1956);
#1637=AXIS2_PLACEMENT_3D('',#2463,#1957,#1958);
#1638=AXIS2_PLACEMENT_3D('',#2465,#1959,#1960);
#1639=AXIS2_PLACEMENT_3D('',#2467,#1961,#1962);
#1640=AXIS2_PLACEMENT_3D('',#2470,#1964,#1965);
#1641=AXIS2_PLACEMENT_3D('',#2471,#1966,#1967);
#1642=AXIS2_PLACEMENT_3D('',#2475,#1971,#1972);
#1643=AXIS2_PLACEMENT_3D('',#2477,#1973,#1974);
#1644=AXIS2_PLACEMENT_3D('',#2480,#1976,#1977);
#1645=AXIS2_PLACEMENT_3D('',#2481,#1978,#1979);
#1646=AXIS2_PLACEMENT_3D('',#2483,#1980,#1981);
#1647=AXIS2_PLACEMENT_3D('',#2485,#1983,#1984);
#1648=AXIS2_PLACEMENT_3D('',#2487,#1985,#1986);
#1649=AXIS2_PLACEMENT_3D('',#2489,#1987,#1988);
#1650=AXIS2_PLACEMENT_3D('',#2490,#1989,#1990);
#1651=AXIS2_PLACEMENT_3D('',#2491,#1991,#1992);
#1652=AXIS2_PLACEMENT_3D('',#2493,#1993,#1994);
#1653=AXIS2_PLACEMENT_3D('',#2495,#1995,#1996);
#1654=AXIS2_PLACEMENT_3D('',#2496,#1997,#1998);
#1655=AXIS2_PLACEMENT_3D('',#2497,#1999,#2000);
#1656=AXIS2_PLACEMENT_3D('',#2500,#2001,#2002);
#1657=AXIS2_PLACEMENT_3D('',#2503,#2005,#2006);
#1658=AXIS2_PLACEMENT_3D('',#2506,#2007,#2008);
#1659=AXIS2_PLACEMENT_3D('',#2507,#2009,#2010);
#1660=AXIS2_PLACEMENT_3D('',#2508,#2011,#2012);
#1661=AXIS2_PLACEMENT_3D('',#2509,#2013,#2014);
#1662=AXIS2_PLACEMENT_3D('',#2512,#2015,#2016);
#1663=AXIS2_PLACEMENT_3D('',#2516,#2020,#2021);
#1664=AXIS2_PLACEMENT_3D('',#2519,#2022,#2023);
#1665=AXIS2_PLACEMENT_3D('',#2520,#2024,#2025);
#1666=AXIS2_PLACEMENT_3D('',#2521,#2026,#2027);
#1667=AXIS2_PLACEMENT_3D('',#2522,#2028,#2029);
#1668=AXIS2_PLACEMENT_3D('',#2525,#2032,#2033);
#1669=AXIS2_PLACEMENT_3D('',#2528,#2034,#2035);
#1670=AXIS2_PLACEMENT_3D('',#2533,#2038,#2039);
#1671=AXIS2_PLACEMENT_3D('',#2535,#2041,#2042);
#1672=AXIS2_PLACEMENT_3D('',#2537,#2044,#2045);
#1673=AXIS2_PLACEMENT_3D('',#2540,#2047,#2048);
#1674=AXIS2_PLACEMENT_3D('',#2541,#2049,#2050);
#1675=AXIS2_PLACEMENT_3D('',#2544,#2052,#2053);
#1676=AXIS2_PLACEMENT_3D('',#2545,#2054,#2055);
#1677=AXIS2_PLACEMENT_3D('',#2547,#2056,#2057);
#1678=AXIS2_PLACEMENT_3D('',#2548,#2058,#2059);
#1679=AXIS2_PLACEMENT_3D('',#2549,#2060,#2061);
#1680=AXIS2_PLACEMENT_3D('',#2551,#2062,#2063);
#1681=AXIS2_PLACEMENT_3D('',#2553,#2065,#2066);
#1682=AXIS2_PLACEMENT_3D('',#2560,#2067,#2068);
#1683=AXIS2_PLACEMENT_3D('',#2561,#2069,#2070);
#1684=AXIS2_PLACEMENT_3D('',#2569,#2075,#2076);
#1685=AXIS2_PLACEMENT_3D('',#2572,#2078,#2079);
#1686=AXIS2_PLACEMENT_3D('',#2573,#2080,#2081);
#1687=AXIS2_PLACEMENT_3D('',#2577,#2084,#2085);
#1688=AXIS2_PLACEMENT_3D('',#2578,#2086,#2087);
#1689=AXIS2_PLACEMENT_3D('',#2581,#2089,#2090);
#1690=AXIS2_PLACEMENT_3D('',#2582,#2091,#2092);
#1691=AXIS2_PLACEMENT_3D('',#2584,#2094,#2095);
#1692=AXIS2_PLACEMENT_3D('',#2586,#2097,#2098);
#1693=AXIS2_PLACEMENT_3D('',#2588,#2100,#2101);
#1694=AXIS2_PLACEMENT_3D('',#2590,#2102,#2103);
#1695=AXIS2_PLACEMENT_3D('',#2592,#2105,#2106);
#1696=AXIS2_PLACEMENT_3D('',#2596,#2108,#2109);
#1697=AXIS2_PLACEMENT_3D('',#2598,#2111,#2112);
#1698=AXIS2_PLACEMENT_3D('',#2600,#2114,#2115);
#1699=AXIS2_PLACEMENT_3D('',#2608,#2121,#2122);
#1700=AXIS2_PLACEMENT_3D('',#2609,#2123,#2124);
#1701=AXIS2_PLACEMENT_3D('',#2610,#2125,#2126);
#1702=AXIS2_PLACEMENT_3D('',#2611,#2127,#2128);
#1703=AXIS2_PLACEMENT_3D('',#2617,#2132,#2133);
#1704=AXIS2_PLACEMENT_3D('',#2621,#2136,#2137);
#1705=AXIS2_PLACEMENT_3D('',#2623,#2139,#2140);
#1706=AXIS2_PLACEMENT_3D('',#2625,#2142,#2143);
#1707=AXIS2_PLACEMENT_3D('',#2626,#2144,#2145);
#1708=AXIS2_PLACEMENT_3D('',#2627,#2146,#2147);
#1709=AXIS2_PLACEMENT_3D('',#2628,#2148,#2149);
#1710=AXIS2_PLACEMENT_3D('',#2630,#2151,#2152);
#1711=AXIS2_PLACEMENT_3D('',#2631,#2153,#2154);
#1712=AXIS2_PLACEMENT_3D('',#2633,#2155,#2156);
#1713=AXIS2_PLACEMENT_3D('',#2634,#2157,#2158);
#1714=AXIS2_PLACEMENT_3D('',#2636,#2160,#2161);
#1715=AXIS2_PLACEMENT_3D('',#2637,#2162,#2163);
#1716=DIRECTION('axis',(0.,0.,1.));
#1717=DIRECTION('refdir',(1.,0.,0.));
#1718=DIRECTION('center_axis',(0.573576436351046,0.819152044288992,0.));
#1719=DIRECTION('ref_axis',(0.819152044288992,-0.573576436351046,0.));
#1720=DIRECTION('',(0.819152044288992,-0.573576436351046,0.));
#1721=DIRECTION('',(0.,0.,-1.));
#1722=DIRECTION('',(-0.819152044288992,0.573576436351046,0.));
#1723=DIRECTION('',(0.,0.,1.));
#1724=DIRECTION('center_axis',(-0.573576436351048,0.81915204428899,0.));
#1725=DIRECTION('ref_axis',(0.81915204428899,0.573576436351048,0.));
#1726=DIRECTION('',(0.81915204428899,0.573576436351048,0.));
#1727=DIRECTION('',(0.,0.,1.));
#1728=DIRECTION('',(-0.81915204428899,-0.573576436351048,0.));
#1729=DIRECTION('center_axis',(-0.573576436351048,0.81915204428899,0.));
#1730=DIRECTION('ref_axis',(0.81915204428899,0.573576436351048,0.));
#1731=DIRECTION('',(-0.81915204428899,-0.573576436351048,0.));
#1732=DIRECTION('',(0.,0.,-1.));
#1733=DIRECTION('',(0.81915204428899,0.573576436351048,0.));
#1734=DIRECTION('',(0.,0.,-1.));
#1735=DIRECTION('center_axis',(0.573576436351046,0.819152044288992,0.));
#1736=DIRECTION('ref_axis',(0.819152044288992,-0.573576436351046,0.));
#1737=DIRECTION('',(-0.819152044288992,0.573576436351046,0.));
#1738=DIRECTION('',(0.,0.,-1.));
#1739=DIRECTION('',(0.819152044288992,-0.573576436351046,0.));
#1740=DIRECTION('center_axis',(0.,0.,1.));
#1741=DIRECTION('ref_axis',(-1.,0.,0.));
#1742=DIRECTION('',(0.,-1.,0.));
#1743=DIRECTION('',(-0.866025403784438,-0.500000000000001,0.));
#1744=DIRECTION('',(-0.86602540378444,0.499999999999998,0.));
#1745=DIRECTION('',(0.,1.,0.));
#1746=DIRECTION('',(-1.,0.,0.));
#1747=DIRECTION('center_axis',(0.,0.,1.));
#1748=DIRECTION('ref_axis',(-1.,0.,0.));
#1749=DIRECTION('center_axis',(0.,0.,-1.));
#1750=DIRECTION('ref_axis',(1.83697019872103E-16,-1.,0.));
#1751=DIRECTION('center_axis',(0.,0.,1.));
#1752=DIRECTION('ref_axis',(-1.,0.,0.));
#1753=DIRECTION('',(0.,0.,1.));
#1754=DIRECTION('center_axis',(0.,0.,-1.));
#1755=DIRECTION('ref_axis',(-1.,0.,0.));
#1756=DIRECTION('',(0.,0.,-1.));
#1757=DIRECTION('center_axis',(0.,0.,1.));
#1758=DIRECTION('ref_axis',(-1.,0.,0.));
#1759=DIRECTION('center_axis',(0.,0.,1.));
#1760=DIRECTION('ref_axis',(-1.,0.,0.));
#1761=DIRECTION('center_axis',(0.,0.,1.));
#1762=DIRECTION('ref_axis',(-1.,0.,0.));
#1763=DIRECTION('',(1.,6.75986517383665E-19,0.));
#1764=DIRECTION('',(-2.69144975666705E-15,-1.,0.));
#1765=DIRECTION('',(-1.,0.,0.));
#1766=DIRECTION('',(0.,1.,0.));
#1767=DIRECTION('',(-1.,1.64323778516741E-18,0.));
#1768=DIRECTION('center_axis',(0.,0.,-1.));
#1769=DIRECTION('ref_axis',(1.,0.,0.));
#1770=DIRECTION('',(-1.,0.,0.));
#1771=DIRECTION('',(-1.,0.,0.));
#1772=DIRECTION('',(0.,1.,0.));
#1773=DIRECTION('',(1.,0.,0.));
#1774=DIRECTION('',(0.,-1.,0.));
#1775=DIRECTION('center_axis',(0.,-1.,0.));
#1776=DIRECTION('ref_axis',(0.,0.,-1.));
#1777=DIRECTION('',(0.866025403784439,0.,-0.5));
#1778=DIRECTION('',(0.866025403784439,0.,0.5));
#1779=DIRECTION('',(0.,0.,1.));
#1780=DIRECTION('',(0.,0.,-1.));
#1781=DIRECTION('center_axis',(-0.5,0.,0.866025403784439));
#1782=DIRECTION('ref_axis',(0.866025403784439,0.,0.5));
#1783=DIRECTION('',(0.,1.,0.));
#1784=DIRECTION('',(0.866025403784439,-2.46477843494374E-15,0.5));
#1785=DIRECTION('',(0.,1.,0.));
#1786=DIRECTION('',(0.866025403784439,0.,0.5));
#1787=DIRECTION('',(0.,1.,0.));
#1788=DIRECTION('center_axis',(0.5,0.,0.866025403784439));
#1789=DIRECTION('ref_axis',(0.866025403784439,0.,-0.5));
#1790=DIRECTION('',(0.,-1.,0.));
#1791=DIRECTION('',(0.866025403784439,0.,-0.5));
#1792=DIRECTION('',(0.,1.,0.));
#1793=DIRECTION('',(0.866025403784439,-7.08109997589156E-16,-0.5));
#1794=DIRECTION('center_axis',(0.,-1.,0.));
#1795=DIRECTION('ref_axis',(1.,0.,0.));
#1796=DIRECTION('center_axis',(0.,-1.,0.));
#1797=DIRECTION('ref_axis',(1.,-2.69144975666705E-15,3.42295127645221E-31));
#1798=DIRECTION('',(0.,0.,1.));
#1799=DIRECTION('center_axis',(-1.,0.,0.));
#1800=DIRECTION('ref_axis',(0.,0.,-1.));
#1801=DIRECTION('',(0.,0.,1.));
#1802=DIRECTION('',(0.,-1.,0.));
#1803=DIRECTION('',(0.,0.,-1.));
#1804=DIRECTION('',(0.,1.,0.));
#1805=DIRECTION('',(0.,0.,-1.));
#1806=DIRECTION('center_axis',(0.,0.,-1.));
#1807=DIRECTION('ref_axis',(1.,0.,0.));
#1808=DIRECTION('',(-1.,0.,0.));
#1809=DIRECTION('',(-1.,0.,0.));
#1810=DIRECTION('',(0.,1.,0.));
#1811=DIRECTION('',(1.,0.,0.));
#1812=DIRECTION('',(0.,-1.,0.));
#1813=DIRECTION('center_axis',(0.,-1.,0.));
#1814=DIRECTION('ref_axis',(0.,0.,-1.));
#1815=DIRECTION('',(0.866025403784439,0.,-0.5));
#1816=DIRECTION('',(0.866025403784439,0.,0.5));
#1817=DIRECTION('',(0.,0.,1.));
#1818=DIRECTION('',(0.,0.,-1.));
#1819=DIRECTION('center_axis',(-1.,0.,0.));
#1820=DIRECTION('ref_axis',(0.,0.,-1.));
#1821=DIRECTION('',(0.,0.,1.));
#1822=DIRECTION('',(0.,0.,1.));
#1823=DIRECTION('',(0.,-1.,0.));
#1824=DIRECTION('',(0.,0.,-1.));
#1825=DIRECTION('',(0.,1.,0.));
#1826=DIRECTION('',(0.,0.,-1.));
#1827=DIRECTION('',(0.,-1.,0.));
#1828=DIRECTION('center_axis',(0.,-1.,0.));
#1829=DIRECTION('ref_axis',(1.,0.,0.));
#1830=DIRECTION('',(0.,0.,-1.));
#1831=DIRECTION('center_axis',(0.,-1.,0.));
#1832=DIRECTION('ref_axis',(1.,-2.69144975666705E-15,3.42295127645221E-31));
#1833=DIRECTION('center_axis',(0.,-1.,0.));
#1834=DIRECTION('ref_axis',(1.,0.,0.));
#1835=DIRECTION('center_axis',(0.,-1.,0.));
#1836=DIRECTION('ref_axis',(1.,-2.69144975666705E-15,3.42295127645221E-31));
#1837=DIRECTION('center_axis',(0.,0.,1.));
#1838=DIRECTION('ref_axis',(-1.,0.,0.));
#1839=DIRECTION('',(1.,0.,0.));
#1840=DIRECTION('',(1.,0.,0.));
#1841=DIRECTION('',(0.,1.,0.));
#1842=DIRECTION('',(-1.,0.,0.));
#1843=DIRECTION('center_axis',(0.,-1.,0.));
#1844=DIRECTION('ref_axis',(0.,0.,-1.));
#1845=DIRECTION('',(0.,0.,1.));
#1846=DIRECTION('',(-0.866025403784439,0.,0.5));
#1847=DIRECTION('',(-0.866025403784439,0.,-0.5));
#1848=DIRECTION('center_axis',(0.,-1.,0.));
#1849=DIRECTION('ref_axis',(1.,0.,0.));
#1850=DIRECTION('center_axis',(0.,-1.,0.));
#1851=DIRECTION('ref_axis',(1.,-2.69144975666705E-15,3.42295127645221E-31));
#1852=DIRECTION('center_axis',(0.,-1.,0.));
#1853=DIRECTION('ref_axis',(1.,0.,0.));
#1854=DIRECTION('center_axis',(0.,-1.,0.));
#1855=DIRECTION('ref_axis',(1.,-2.69144975666705E-15,3.42295127645221E-31));
#1856=DIRECTION('',(0.,0.,-1.));
#1857=DIRECTION('center_axis',(0.,0.,1.));
#1858=DIRECTION('ref_axis',(-1.,0.,0.));
#1859=DIRECTION('',(1.,0.,0.));
#1860=DIRECTION('',(1.,0.,0.));
#1861=DIRECTION('',(0.,1.,0.));
#1862=DIRECTION('',(-1.,0.,0.));
#1863=DIRECTION('center_axis',(0.,-1.,0.));
#1864=DIRECTION('ref_axis',(0.,0.,-1.));
#1865=DIRECTION('',(0.,0.,1.));
#1866=DIRECTION('',(-0.866025403784439,0.,0.5));
#1867=DIRECTION('',(-0.866025403784439,0.,-0.5));
#1868=DIRECTION('center_axis',(0.,-1.,0.));
#1869=DIRECTION('ref_axis',(1.,0.,0.));
#1870=DIRECTION('center_axis',(0.,-1.,0.));
#1871=DIRECTION('ref_axis',(1.,-2.69144975666705E-15,3.42295127645221E-31));
#1872=DIRECTION('',(0.,0.,-1.));
#1873=DIRECTION('center_axis',(0.5,0.,-0.866025403784439));
#1874=DIRECTION('ref_axis',(-0.866025403784439,0.,-0.5));
#1875=DIRECTION('',(0.,1.,0.));
#1876=DIRECTION('',(-0.866025403784439,2.46477843494374E-15,-0.5));
#1877=DIRECTION('',(0.,1.,0.));
#1878=DIRECTION('',(-0.866025403784439,0.,-0.5));
#1879=DIRECTION('center_axis',(-0.5,0.,-0.866025403784439));
#1880=DIRECTION('ref_axis',(-0.866025403784439,0.,0.5));
#1881=DIRECTION('',(0.,-1.,0.));
#1882=DIRECTION('',(-0.866025403784439,0.,0.5));
#1883=DIRECTION('',(0.,1.,0.));
#1884=DIRECTION('',(-0.866025403784439,7.08109997589156E-16,0.5));
#1885=DIRECTION('center_axis',(0.,-1.,0.));
#1886=DIRECTION('ref_axis',(0.,0.,-1.));
#1887=DIRECTION('',(-0.866025403784439,0.,-0.5));
#1888=DIRECTION('',(0.,0.,-1.));
#1889=DIRECTION('center_axis',(0.5,0.,-0.866025403784439));
#1890=DIRECTION('ref_axis',(-0.866025403784439,0.,-0.5));
#1891=DIRECTION('',(0.,1.,0.));
#1892=DIRECTION('',(-0.866025403784439,2.46477843494374E-15,-0.5));
#1893=DIRECTION('',(0.,1.,0.));
#1894=DIRECTION('center_axis',(0.,-1.,0.));
#1895=DIRECTION('ref_axis',(1.,0.,0.));
#1896=DIRECTION('',(0.,0.,-1.));
#1897=DIRECTION('center_axis',(0.,-1.,0.));
#1898=DIRECTION('ref_axis',(1.,-2.69144975666705E-15,3.42295127645221E-31));
#1899=DIRECTION('center_axis',(1.,0.,0.));
#1900=DIRECTION('ref_axis',(0.,0.,1.));
#1901=DIRECTION('',(0.,1.,0.));
#1902=DIRECTION('',(0.,0.,1.));
#1903=DIRECTION('center_axis',(0.,-1.,0.));
#1904=DIRECTION('ref_axis',(0.,0.,-1.));
#1905=DIRECTION('',(0.,0.,1.));
#1906=DIRECTION('',(0.866025403784439,0.,0.5));
#1907=DIRECTION('center_axis',(0.,-1.,0.));
#1908=DIRECTION('ref_axis',(1.,0.,0.));
#1909=DIRECTION('center_axis',(0.,-1.,0.));
#1910=DIRECTION('ref_axis',(1.,-2.69144975666705E-15,3.42295127645221E-31));
#1911=DIRECTION('center_axis',(1.,0.,0.));
#1912=DIRECTION('ref_axis',(0.,0.,1.));
#1913=DIRECTION('',(0.,0.,1.));
#1914=DIRECTION('',(0.,-1.,0.));
#1915=DIRECTION('center_axis',(0.,-1.,0.));
#1916=DIRECTION('ref_axis',(0.,0.,-1.));
#1917=DIRECTION('',(0.,0.,1.));
#1918=DIRECTION('',(-0.866025403784439,0.,0.5));
#1919=DIRECTION('center_axis',(-0.5,0.,-0.866025403784439));
#1920=DIRECTION('ref_axis',(-0.866025403784439,0.,0.5));
#1921=DIRECTION('',(0.,1.,0.));
#1922=DIRECTION('',(-0.866025403784439,7.08109997589156E-16,0.5));
#1923=DIRECTION('center_axis',(0.,-1.,0.));
#1924=DIRECTION('ref_axis',(0.,0.,-1.));
#1925=DIRECTION('',(0.,0.,-1.));
#1926=DIRECTION('',(0.866025403784439,0.,-0.5));
#1927=DIRECTION('center_axis',(0.5,0.,0.866025403784439));
#1928=DIRECTION('ref_axis',(0.866025403784439,0.,-0.5));
#1929=DIRECTION('',(0.,1.,0.));
#1930=DIRECTION('',(0.866025403784439,-7.08109997589156E-16,-0.5));
#1931=DIRECTION('',(0.,1.,0.));
#1932=DIRECTION('center_axis',(1.,0.,0.));
#1933=DIRECTION('ref_axis',(0.,0.,-1.));
#1934=DIRECTION('',(0.,1.75666843735459E-15,-1.));
#1935=DIRECTION('center_axis',(6.75986517383665E-19,-1.,-1.75666843735459E-15));
#1936=DIRECTION('ref_axis',(0.,1.76626390281275E-15,-1.));
#1937=DIRECTION('center_axis',(-6.75986517383665E-19,1.,1.75666843735459E-15));
#1938=DIRECTION('ref_axis',(1.,6.75986517384083E-19,-2.378161241906E-16));
#1939=DIRECTION('center_axis',(-6.75986517383665E-19,1.,1.75666843735459E-15));
#1940=DIRECTION('ref_axis',(1.,6.75986517384083E-19,-2.378161241906E-16));
#1941=DIRECTION('center_axis',(-1.,-6.75986517383665E-19,-1.17264968114925E-33));
#1942=DIRECTION('ref_axis',(0.,-1.73472347597681E-15,1.));
#1943=DIRECTION('center_axis',(6.75986517383665E-19,-1.,-1.75666843735459E-15));
#1944=DIRECTION('ref_axis',(1.,0.,-2.378161241906E-16));
#1945=DIRECTION('center_axis',(6.75986517383665E-19,-1.,-1.75666843735459E-15));
#1946=DIRECTION('ref_axis',(1.,0.,-2.378161241906E-16));
#1947=DIRECTION('center_axis',(-6.75986517383665E-19,1.,1.75666843735459E-15));
#1948=DIRECTION('ref_axis',(1.,6.75986517384083E-19,-2.378161241906E-16));
#1949=DIRECTION('center_axis',(-6.75986517383665E-19,1.,1.75666843735459E-15));
#1950=DIRECTION('ref_axis',(0.,-1.75666843735459E-15,1.));
#1951=DIRECTION('',(0.,-1.75666843735459E-15,1.));
#1952=DIRECTION('center_axis',(6.75986517383665E-19,-1.,-1.75666843735459E-15));
#1953=DIRECTION('ref_axis',(0.706941399731187,1.24292049965498E-15,-0.70727212397076));
#1954=DIRECTION('',(0.999999890621477,1.49760608095257E-18,-0.000467714692218534));
#1955=DIRECTION('center_axis',(6.75986517383665E-19,-1.,-1.75666843735459E-15));
#1956=DIRECTION('ref_axis',(-0.707272123970759,1.24138353754713E-15,-0.706941399731188));
#1957=DIRECTION('center_axis',(6.75986517383665E-19,-1.,-1.75666843735459E-15));
#1958=DIRECTION('ref_axis',(1.,-2.01858731750028E-15,3.42295127645221E-31));
#1959=DIRECTION('center_axis',(6.75986517383665E-19,-1.,-1.75666843735459E-15));
#1960=DIRECTION('ref_axis',(1.,-2.01858731750028E-15,3.42295127645221E-31));
#1961=DIRECTION('center_axis',(6.75986517383665E-19,-1.,-1.75666843735459E-15));
#1962=DIRECTION('ref_axis',(-0.707272123970759,1.24138353754713E-15,-0.706941399731188));
#1963=DIRECTION('',(4.93246055962714E-30,1.75666843735459E-15,-1.));
#1964=DIRECTION('center_axis',(6.75986517383665E-19,-1.,-1.75666843735459E-15));
#1965=DIRECTION('ref_axis',(1.,-2.01858731750028E-15,3.42295127645221E-31));
#1966=DIRECTION('center_axis',(-6.75986517383665E-19,1.,1.75666843735459E-15));
#1967=DIRECTION('ref_axis',(0.,-1.75666843735459E-15,1.));
#1968=DIRECTION('',(4.93246055962714E-30,1.75666843735459E-15,-1.));
#1969=DIRECTION('',(1.,6.75986517383665E-19,0.));
#1970=DIRECTION('',(0.,-1.75666843735459E-15,1.));
#1971=DIRECTION('center_axis',(-4.93246055962714E-30,-1.75666843735459E-15,
1.));
#1972=DIRECTION('ref_axis',(-0.707106781186545,0.70710678118655,0.));
#1973=DIRECTION('center_axis',(0.,0.,-1.));
#1974=DIRECTION('ref_axis',(-1.,0.,0.));
#1975=DIRECTION('',(-4.93246055962714E-30,-1.75666843735459E-15,1.));
#1976=DIRECTION('center_axis',(-1.57009245868377E-15,-0.707106781186546,
-0.707106781186549));
#1977=DIRECTION('ref_axis',(1.57009245868378E-15,0.707106781186549,-0.707106781186546));
#1978=DIRECTION('center_axis',(-2.69144975666705E-15,-1.,0.));
#1979=DIRECTION('ref_axis',(1.,-2.69144975666705E-15,3.42295127645221E-31));
#1980=DIRECTION('center_axis',(6.75986517383665E-19,-1.,-1.75666843735459E-15));
#1981=DIRECTION('ref_axis',(1.,-2.69144975666705E-15,3.42295127645221E-31));
#1982=DIRECTION('',(2.69144975666705E-15,1.,0.));
#1983=DIRECTION('center_axis',(-0.816496580927725,0.408248290463868,-0.408248290463859));
#1984=DIRECTION('ref_axis',(0.577350269189628,0.577350269189628,-0.577350269189621));
#1985=DIRECTION('center_axis',(1.,0.,0.));
#1986=DIRECTION('ref_axis',(0.,1.,0.));
#1987=DIRECTION('center_axis',(0.,0.,-1.));
#1988=DIRECTION('ref_axis',(1.,0.,0.));
#1989=DIRECTION('center_axis',(0.,1.,0.));
#1990=DIRECTION('ref_axis',(0.,0.,-1.));
#1991=DIRECTION('center_axis',(-0.816496580927725,-0.408248290463868,0.408248290463859));
#1992=DIRECTION('ref_axis',(-0.577350269189628,0.577350269189628,-0.577350269189621));
#1993=DIRECTION('center_axis',(2.22044604925031E-15,1.,0.));
#1994=DIRECTION('ref_axis',(-1.,2.22044604925031E-15,0.));
#1995=DIRECTION('center_axis',(0.,0.,-1.));
#1996=DIRECTION('ref_axis',(0.,1.,0.));
#1997=DIRECTION('center_axis',(-1.,0.,0.));
#1998=DIRECTION('ref_axis',(0.,0.,-1.));
#1999=DIRECTION('center_axis',(-2.04475721364447E-31,0.,1.));
#2000=DIRECTION('ref_axis',(-0.707106781186548,0.707106781186548,0.));
#2001=DIRECTION('center_axis',(0.,0.,-1.));
#2002=DIRECTION('ref_axis',(-1.,2.22044604925031E-15,0.));
#2003=DIRECTION('',(2.04475721364447E-31,0.,-1.));
#2004=DIRECTION('',(-2.04475721364447E-31,0.,1.));
#2005=DIRECTION('center_axis',(0.,-1.,0.));
#2006=DIRECTION('ref_axis',(0.,0.,-1.));
#2007=DIRECTION('center_axis',(-1.,0.,0.));
#2008=DIRECTION('ref_axis',(0.,0.,1.));
#2009=DIRECTION('center_axis',(0.,-1.,0.));
#2010=DIRECTION('ref_axis',(-0.707106781186548,0.,0.707106781186548));
#2011=DIRECTION('center_axis',(0.,1.,0.));
#2012=DIRECTION('ref_axis',(-0.707106781186547,0.,0.707106781186547));
#2013=DIRECTION('center_axis',(-1.,0.,0.));
#2014=DIRECTION('ref_axis',(0.,0.707106781186543,0.707106781186552));
#2015=DIRECTION('center_axis',(-1.,0.,0.));
#2016=DIRECTION('ref_axis',(0.,0.,1.));
#2017=DIRECTION('',(-1.,0.,0.));
#2018=DIRECTION('',(-1.,0.,0.));
#2019=DIRECTION('',(1.,0.,0.));
#2020=DIRECTION('center_axis',(0.,-1.,0.));
#2021=DIRECTION('ref_axis',(0.,0.,-1.));
#2022=DIRECTION('center_axis',(0.,0.,1.));
#2023=DIRECTION('ref_axis',(1.,0.,0.));
#2024=DIRECTION('center_axis',(0.,-1.,0.));
#2025=DIRECTION('ref_axis',(0.707106781186548,0.,0.707106781186547));
#2026=DIRECTION('center_axis',(0.,1.,0.));
#2027=DIRECTION('ref_axis',(0.707106781186548,0.,0.707106781186547));
#2028=DIRECTION('center_axis',(0.,0.,-1.));
#2029=DIRECTION('ref_axis',(0.707106781186546,0.707106781186549,0.));
#2030=DIRECTION('',(0.,0.,1.));
#2031=DIRECTION('',(0.,0.,-1.));
#2032=DIRECTION('center_axis',(1.,0.,0.));
#2033=DIRECTION('ref_axis',(0.,0.707106781186555,-0.70710678118654));
#2034=DIRECTION('center_axis',(1.,1.87606115744738E-15,0.));
#2035=DIRECTION('ref_axis',(0.,0.707106781186555,-0.70710678118654));
#2036=DIRECTION('',(1.,0.,0.));
#2037=DIRECTION('',(1.,0.,0.));
#2038=DIRECTION('center_axis',(-1.,-1.87606115744738E-15,0.));
#2039=DIRECTION('ref_axis',(0.,0.707106781186555,-0.70710678118654));
#2040=DIRECTION('',(1.,0.,0.));
#2041=DIRECTION('center_axis',(2.69144975666705E-15,1.,0.));
#2042=DIRECTION('ref_axis',(-0.707106781186554,1.57009245868379E-15,-0.707106781186541));
#2043=DIRECTION('',(2.69144975666705E-15,1.,0.));
#2044=DIRECTION('center_axis',(0.,-1.,0.));
#2045=DIRECTION('ref_axis',(0.707106781186554,0.,-0.707106781186541));
#2046=DIRECTION('',(0.,-1.,0.));
#2047=DIRECTION('center_axis',(0.,0.707106781186543,0.707106781186552));
#2048=DIRECTION('ref_axis',(0.,0.707106781186552,-0.707106781186543));
#2049=DIRECTION('center_axis',(0.,1.75666843735459E-15,-1.));
#2050=DIRECTION('ref_axis',(0.707106781186548,0.707106781186548,0.));
#2051=DIRECTION('',(0.,1.75666843735459E-15,-1.));
#2052=DIRECTION('center_axis',(0.,0.,1.));
#2053=DIRECTION('ref_axis',(1.,0.,0.));
#2054=DIRECTION('center_axis',(6.75986517383665E-19,-1.,-1.75666843735459E-15));
#2055=DIRECTION('ref_axis',(0.,1.4210854715202E-15,-1.));
#2056=DIRECTION('center_axis',(0.999999890621477,0.,-0.000467714692220509));
#2057=DIRECTION('ref_axis',(-0.000467714692220509,2.2204460492503E-15,-0.999999890621477));
#2058=DIRECTION('center_axis',(-6.75986517383665E-19,1.,1.75666843735459E-15));
#2059=DIRECTION('ref_axis',(0.706941399731187,1.22124532708767E-15,-0.70727212397076));
#2060=DIRECTION('center_axis',(-0.999999890621477,-1.49760608095257E-18,
0.000467714692218534));
#2061=DIRECTION('ref_axis',(-0.000330724230529702,0.707106781186546,-0.707106703844254));
#2062=DIRECTION('center_axis',(0.999999890621477,0.,-0.000467714692220509));
#2063=DIRECTION('ref_axis',(-0.000467714692220509,0.,-0.999999890621477));
#2064=DIRECTION('',(-0.999999890621477,-1.49760608095257E-18,0.000467714692218534));
#2065=DIRECTION('center_axis',(6.75986517383665E-19,-1.,-1.75666843735459E-15));
#2066=DIRECTION('ref_axis',(0.,1.4210854715202E-15,-1.));
#2067=DIRECTION('center_axis',(-6.75986517383665E-19,1.,1.75666843735459E-15));
#2068=DIRECTION('ref_axis',(-0.707272123970759,1.22124532708768E-15,-0.706941399731188));
#2069=DIRECTION('center_axis',(1.,0.,0.));
#2070=DIRECTION('ref_axis',(0.,-1.,0.));
#2071=DIRECTION('',(0.,1.,0.));
#2072=DIRECTION('',(0.,0.,1.));
#2073=DIRECTION('',(0.,-1.75838048243032E-15,1.));
#2074=DIRECTION('',(0.,-1.,-1.25883073225022E-18));
#2075=DIRECTION('center_axis',(0.,1.,0.));
#2076=DIRECTION('ref_axis',(0.707106781186547,0.,0.707106781186547));
#2077=DIRECTION('',(0.,-1.,0.));
#2078=DIRECTION('center_axis',(1.83186799063152E-15,1.,1.75666843735459E-15));
#2079=DIRECTION('ref_axis',(0.707106781186547,0.,0.707106781186547));
#2080=DIRECTION('center_axis',(0.,0.,1.));
#2081=DIRECTION('ref_axis',(1.,0.,0.));
#2082=DIRECTION('',(2.69144975666705E-15,1.,0.));
#2083=DIRECTION('',(1.,0.,0.));
#2084=DIRECTION('center_axis',(0.,0.,-1.));
#2085=DIRECTION('ref_axis',(-1.,0.,0.));
#2086=DIRECTION('center_axis',(-2.69144975666705E-15,-1.,0.));
#2087=DIRECTION('ref_axis',(-0.707106781186547,1.88411095042053E-15,0.707106781186547));
#2088=DIRECTION('',(-2.69144975666705E-15,-1.,0.));
#2089=DIRECTION('center_axis',(1.83186799063152E-15,1.,1.75666843735459E-15));
#2090=DIRECTION('ref_axis',(-0.707106781186547,1.88411095042053E-15,0.707106781186547));
#2091=DIRECTION('center_axis',(0.,1.,0.));
#2092=DIRECTION('ref_axis',(1.,0.,0.));
#2093=DIRECTION('',(0.,0.,1.));
#2094=DIRECTION('center_axis',(0.,1.,0.));
#2095=DIRECTION('ref_axis',(1.,0.,0.));
#2096=DIRECTION('',(0.,0.,-1.));
#2097=DIRECTION('center_axis',(-2.69144975666705E-15,-1.,0.));
#2098=DIRECTION('ref_axis',(1.,-2.69144975666705E-15,3.42295127645221E-31));
#2099=DIRECTION('',(2.69144975666705E-15,1.,0.));
#2100=DIRECTION('center_axis',(0.,-1.,-1.25883073225022E-18));
#2101=DIRECTION('ref_axis',(-0.000467714692218735,0.,-0.999999890621477));
#2102=DIRECTION('center_axis',(1.83186799063152E-15,1.,1.75666843735459E-15));
#2103=DIRECTION('ref_axis',(-0.000467714692218735,0.,-0.999999890621477));
#2104=DIRECTION('',(0.,1.,1.25883073225022E-18));
#2105=DIRECTION('center_axis',(2.69144975666705E-15,1.,0.));
#2106=DIRECTION('ref_axis',(-0.707272123970761,1.88367049173462E-15,-0.706941399731186));
#2107=DIRECTION('',(-2.69144975666705E-15,-1.,0.));
#2108=DIRECTION('center_axis',(1.83186799063152E-15,1.,1.75666843735459E-15));
#2109=DIRECTION('ref_axis',(-0.707272123970761,1.88367049173462E-15,-0.706941399731186));
#2110=DIRECTION('',(2.69144975666705E-15,1.,0.));
#2111=DIRECTION('center_axis',(-1.,2.69144975666705E-15,-2.04475721364447E-31));
#2112=DIRECTION('ref_axis',(7.99245917046827E-31,2.20985063610815E-16,-1.));
#2113=DIRECTION('',(-4.46904709520037E-16,1.75666843735459E-15,-1.));
#2114=DIRECTION('center_axis',(1.83186799063152E-15,1.,1.75666843735459E-15));
#2115=DIRECTION('ref_axis',(0.,-1.75666843735459E-15,1.));
#2116=DIRECTION('',(0.999999890621477,-1.831046170627E-15,-0.000467714692219147));
#2117=DIRECTION('',(0.,1.75666843735459E-15,-1.));
#2118=DIRECTION('',(0.,-1.75666843735459E-15,1.));
#2119=DIRECTION('',(0.,-1.75666843735459E-15,1.));
#2120=DIRECTION('',(0.866025403784439,-2.46477843494374E-15,0.5));
#2121=DIRECTION('center_axis',(1.83186799063152E-15,1.,1.75666843735459E-15));
#2122=DIRECTION('ref_axis',(1.,0.,0.));
#2123=DIRECTION('center_axis',(0.,0.,1.));
#2124=DIRECTION('ref_axis',(-1.,0.,0.));
#2125=DIRECTION('center_axis',(0.,0.,1.));
#2126=DIRECTION('ref_axis',(1.83697019872103E-16,-1.,0.));
#2127=DIRECTION('center_axis',(-0.499999999999998,-0.86602540378444,0.));
#2128=DIRECTION('ref_axis',(-0.86602540378444,0.499999999999998,0.));
#2129=DIRECTION('',(0.,0.,-1.));
#2130=DIRECTION('',(-0.86602540378444,0.499999999999998,0.));
#2131=DIRECTION('',(0.,0.,1.));
#2132=DIRECTION('center_axis',(0.500000000000001,-0.866025403784438,0.));
#2133=DIRECTION('ref_axis',(-0.866025403784438,-0.500000000000001,0.));
#2134=DIRECTION('',(0.,0.,-1.));
#2135=DIRECTION('',(-0.866025403784438,-0.500000000000001,0.));
#2136=DIRECTION('center_axis',(1.,1.87606115744738E-15,0.));
#2137=DIRECTION('ref_axis',(1.87606115744738E-15,-1.,0.));
#2138=DIRECTION('',(1.87606115744738E-15,-1.,0.));
#2139=DIRECTION('center_axis',(-1.,-1.87606115744738E-15,0.));
#2140=DIRECTION('ref_axis',(-1.87606115744738E-15,1.,0.));
#2141=DIRECTION('',(-1.87606115744738E-15,1.,0.));
#2142=DIRECTION('center_axis',(0.,0.,-1.));
#2143=DIRECTION('ref_axis',(-1.,0.,0.));
#2144=DIRECTION('center_axis',(-1.,0.,0.));
#2145=DIRECTION('ref_axis',(0.,0.,1.));
#2146=DIRECTION('center_axis',(1.,0.,0.));
#2147=DIRECTION('ref_axis',(0.,0.,-1.));
#2148=DIRECTION('center_axis',(-0.5,0.,0.866025403784439));
#2149=DIRECTION('ref_axis',(0.866025403784439,0.,0.5));
#2150=DIRECTION('',(0.,1.,0.));
#2151=DIRECTION('center_axis',(-1.,0.,0.));
#2152=DIRECTION('ref_axis',(0.,0.,1.));
#2153=DIRECTION('center_axis',(0.,-1.,-1.78761883808015E-15));
#2154=DIRECTION('ref_axis',(1.,0.,0.));
#2155=DIRECTION('center_axis',(0.,1.,0.));
#2156=DIRECTION('ref_axis',(1.,0.,0.));
#2157=DIRECTION('center_axis',(0.,-1.,0.));
#2158=DIRECTION('ref_axis',(1.,0.,0.));
#2159=DIRECTION('',(0.,1.,0.));
#2160=DIRECTION('center_axis',(-0.000467714692218534,1.25883059456117E-18,
-0.999999890621477));
#2161=DIRECTION('ref_axis',(0.999999890621477,-2.0676867992315E-15,-0.000467714692218534));
#2162=DIRECTION('center_axis',(-2.69144975666705E-15,-1.,0.));
#2163=DIRECTION('ref_axis',(1.,-2.69144975666705E-15,3.42295127645221E-31));
#2164=DIRECTION('',(2.69144975666705E-15,1.,0.));
#2165=CARTESIAN_POINT('',(0.,0.,0.));
#2166=CARTESIAN_POINT('Origin',(65.2251444130928,25.4842241573031,166.638733456468));
#2167=CARTESIAN_POINT('',(65.2251444130928,25.4842241573031,160.438733456468));
#2168=CARTESIAN_POINT('',(66.7164431476064,24.4400055416741,160.438733456468));
#2169=CARTESIAN_POINT('',(65.4227500331811,25.3458592125247,160.438733456468));
#2170=CARTESIAN_POINT('',(65.2251444130928,25.4842241573031,158.938733456468));
#2171=CARTESIAN_POINT('',(65.2251444130928,25.4842241573031,166.638733456468));
#2172=CARTESIAN_POINT('',(66.7164431476064,24.4400055416741,158.938733456468));
#2173=CARTESIAN_POINT('',(66.1587312403566,24.8305196232797,158.938733456468));
#2174=CARTESIAN_POINT('',(66.7164431476055,24.4400055416747,162.938733456468));
#2175=CARTESIAN_POINT('Origin',(63.7338456785801,24.4400055416747,166.638733456468));
#2176=CARTESIAN_POINT('',(63.7338456785801,24.4400055416747,160.438733456468));
#2177=CARTESIAN_POINT('',(64.2818894257481,24.8237499047105,160.438733456468));
#2178=CARTESIAN_POINT('',(63.7338456785801,24.4400055416747,158.938733456468));
#2179=CARTESIAN_POINT('',(63.7338456785801,24.4400055416747,162.938733456468));
#2180=CARTESIAN_POINT('',(63.5459060902731,24.3084088252142,158.938733456468));
#2181=CARTESIAN_POINT('Origin',(63.7338456785801,24.4400055416747,166.638733456468));
#2182=CARTESIAN_POINT('',(65.2251444130928,25.4842241573031,164.638733456468));
#2183=CARTESIAN_POINT('',(63.7338456785801,24.4400055416747,164.638733456468));
#2184=CARTESIAN_POINT('',(63.5459060902731,24.3084088252142,164.638733456468));
#2185=CARTESIAN_POINT('',(65.2251444130928,25.4842241573031,166.638733456468));
#2186=CARTESIAN_POINT('',(65.2251444130928,25.4842241573031,166.638733456468));
#2187=CARTESIAN_POINT('',(63.7338456785801,24.4400055416747,166.638733456468));
#2188=CARTESIAN_POINT('',(63.5459060902731,24.3084088252142,166.638733456468));
#2189=CARTESIAN_POINT('',(63.7338456785801,24.4400055416747,162.938733456468));
#2190=CARTESIAN_POINT('Origin',(65.2251444130928,25.4842241573031,166.638733456468));
#2191=CARTESIAN_POINT('',(66.7164431476064,24.4400055416741,164.638733456468));
#2192=CARTESIAN_POINT('',(66.1587312403566,24.8305196232797,164.638733456468));
#2193=CARTESIAN_POINT('',(66.7164431476064,24.4400055416741,166.638733456468));
#2194=CARTESIAN_POINT('',(66.7164431476055,24.4400055416747,162.938733456468));
#2195=CARTESIAN_POINT('',(66.1587312403566,24.8305196232797,166.638733456468));
#2196=CARTESIAN_POINT('Origin',(65.2251412413081,21.5102102265233,164.638733456468));
#2197=CARTESIAN_POINT('',(69.3251444130928,31.7102102265233,164.638733456468));
#2198=CARTESIAN_POINT('',(69.3251444130928,19.9430741228459,164.638733456468));
#2199=CARTESIAN_POINT('',(69.3251444130928,24.6773463302008,164.638733456468));
#2200=CARTESIAN_POINT('',(65.2251444130928,17.5759380191684,164.638733456468));
#2201=CARTESIAN_POINT('',(65.2251444130928,17.5759380191684,164.638733456468));
#2202=CARTESIAN_POINT('',(61.1251444130928,19.9430741228459,164.638733456468));
#2203=CARTESIAN_POINT('',(61.1251444130928,19.9430741228459,164.638733456468));
#2204=CARTESIAN_POINT('',(61.1251444130928,31.7102102265233,164.638733456468));
#2205=CARTESIAN_POINT('',(61.1251444130928,24.6773463302008,164.638733456468));
#2206=CARTESIAN_POINT('',(79.7242593376008,31.7102102265233,164.638733456468));
#2207=CARTESIAN_POINT('Origin',(65.2251444130928,22.3102102265233,164.638733456468));
#2208=CARTESIAN_POINT('Origin',(65.2251444130928,22.3102102265233,162.938733456468));
#2209=CARTESIAN_POINT('',(67.6251444130928,21.3102102265234,158.938733456468));
#2210=CARTESIAN_POINT('Origin',(65.2251444130928,22.3102102265233,158.938733456468));
#2211=CARTESIAN_POINT('',(67.6251444130928,21.3102102265234,157.938733456468));
#2212=CARTESIAN_POINT('',(67.6251444130928,21.3102102265234,158.938733456468));
#2213=CARTESIAN_POINT('',(62.8251444130928,21.3102102265234,157.938733456468));
#2214=CARTESIAN_POINT('Origin',(65.2251444130928,22.3102102265233,157.938733456468));
#2215=CARTESIAN_POINT('',(62.8251444130928,21.3102102265234,158.938733456468));
#2216=CARTESIAN_POINT('',(62.8251444130928,21.3102102265234,158.938733456468));
#2217=CARTESIAN_POINT('Origin',(65.2251444130928,22.3102102265233,158.938733456468));
#2218=CARTESIAN_POINT('Origin',(65.2251444130928,22.3102102265233,160.438733456468));
#2219=CARTESIAN_POINT('Origin',(65.2251412413081,21.5102102265233,158.938733456468));
#2220=CARTESIAN_POINT('',(52.7260231450153,21.3102102265234,158.938733456468));
#2221=CARTESIAN_POINT('',(65.2251412413081,21.3102102265234,158.938733456468));
#2222=CARTESIAN_POINT('',(52.7260231450153,29.7102102265233,158.938733456468));
#2223=CARTESIAN_POINT('',(52.7260231450153,18.9102102265234,158.938733456468));
#2224=CARTESIAN_POINT('',(77.7242593376008,29.7102102265233,158.938733456468));
#2225=CARTESIAN_POINT('',(57.9755821931617,29.7102102265233,158.938733456468));
#2226=CARTESIAN_POINT('',(77.7242593376008,21.3102102265234,158.938733456468));
#2227=CARTESIAN_POINT('',(77.7242593376008,26.6102102265233,158.938733456468));
#2228=CARTESIAN_POINT('',(72.4561095679016,21.3102102265234,158.938733456468));
#2229=CARTESIAN_POINT('Origin',(74.0908213616798,13.6102102265233,128.78092791125));
#2230=CARTESIAN_POINT('',(75.6908213616798,13.6102102265233,128.78092791125));
#2231=CARTESIAN_POINT('',(74.0908213616798,13.6102102265233,128.78092791125));
#2232=CARTESIAN_POINT('',(74.8908213616798,13.6102102265233,128.78092791125));
#2233=CARTESIAN_POINT('',(77.2908213616798,13.6102102265233,128.78092791125));
#2234=CARTESIAN_POINT('',(74.8908213616798,13.6102102265233,128.78092791125));
#2235=CARTESIAN_POINT('',(77.2908213616798,13.5102102265233,128.78092791125));
#2236=CARTESIAN_POINT('',(77.2908213616798,13.6102102265233,128.78092791125));
#2237=CARTESIAN_POINT('',(74.0908213616798,13.5102102265233,128.78092791125));
#2238=CARTESIAN_POINT('',(74.0908213616798,13.5102102265233,128.78092791125));
#2239=CARTESIAN_POINT('',(74.0908213616798,13.6102102265233,128.78092791125));
#2240=CARTESIAN_POINT('Origin',(75.6908213616798,13.5102102265233,129.597508664981));
#2241=CARTESIAN_POINT('',(75.6908213616798,13.5102102265233,130.414089418712));
#2242=CARTESIAN_POINT('',(77.2908213616798,13.5102102265233,129.490328988008));
#2243=CARTESIAN_POINT('',(75.8676162809229,13.5102102265233,130.312016824495));
#2244=CARTESIAN_POINT('',(74.0908213616798,13.5102102265233,129.490328988008));
#2245=CARTESIAN_POINT('',(74.1140264424367,13.5102102265233,129.50372644763));
#2246=CARTESIAN_POINT('',(74.0908213616798,13.5102102265233,127.234517749736));
#2247=CARTESIAN_POINT('',(77.2908213616798,13.5102102265233,129.543918826495));
#2248=CARTESIAN_POINT('Origin',(72.8908213616798,11.3102102265233,128.797508664981));
#2249=CARTESIAN_POINT('',(75.6908213616798,11.3102102265233,130.414089418712));
#2250=CARTESIAN_POINT('',(75.6908213616798,11.3102102265233,130.414089418712));
#2251=CARTESIAN_POINT('',(72.8908213616798,11.3102102265233,128.797508664981));
#2252=CARTESIAN_POINT('',(73.1036697495543,11.3102102265234,128.920396739017));
#2253=CARTESIAN_POINT('',(72.8908213616798,13.4102102265233,128.797508664981));
#2254=CARTESIAN_POINT('',(72.8908213616798,11.3102102265233,128.797508664981));
#2255=CARTESIAN_POINT('',(74.0908213616798,13.4102102265233,129.490328988008));
#2256=CARTESIAN_POINT('',(72.7658213616798,13.4102102265233,128.725339881332));
#2257=CARTESIAN_POINT('',(74.0908213616798,12.4602102265233,129.490328988008));
#2258=CARTESIAN_POINT('Origin',(75.6908213616798,11.3102102265233,130.414089418712));
#2259=CARTESIAN_POINT('',(77.2908213616798,13.4102102265233,129.490328988008));
#2260=CARTESIAN_POINT('',(77.2908213616798,12.4602102265233,129.490328988008));
#2261=CARTESIAN_POINT('',(78.4908213616798,13.4102102265233,128.797508664981));
#2262=CARTESIAN_POINT('',(77.2158213616798,13.4102102265233,129.533630258198));
#2263=CARTESIAN_POINT('',(78.4908213616798,11.3102102265233,128.797508664981));
#2264=CARTESIAN_POINT('',(78.4908213616798,11.3102102265233,128.797508664981));
#2265=CARTESIAN_POINT('',(69.0287128835265,11.3102102265234,134.260459541944));
#2266=CARTESIAN_POINT('Origin',(75.6908213616798,13.6102102265233,127.18092791125));
#2267=CARTESIAN_POINT('',(77.2908213616798,13.6102102265233,127.18092791125));
#2268=CARTESIAN_POINT('Origin',(75.6908213616798,13.6102102265233,127.18092791125));
#2269=CARTESIAN_POINT('',(77.2908213616798,13.6102102265233,128.335628449629));
#2270=CARTESIAN_POINT('Origin',(77.2908213616798,13.6102102265233,129.490328988008));
#2271=CARTESIAN_POINT('',(77.2908213616798,13.6102102265233,125.58092791125));
#2272=CARTESIAN_POINT('',(77.2908213616798,13.6102102265233,128.335628449629));
#2273=CARTESIAN_POINT('',(77.2908213616798,13.5102102265233,125.58092791125));
#2274=CARTESIAN_POINT('',(77.2908213616798,13.6102102265233,125.58092791125));
#2275=CARTESIAN_POINT('',(77.2908213616798,13.5102102265233,124.871526834491));
#2276=CARTESIAN_POINT('',(77.2908213616798,13.5102102265233,127.127338072764));
#2277=CARTESIAN_POINT('',(77.2908213616798,13.4102102265233,124.871526834491));
#2278=CARTESIAN_POINT('',(77.2908213616798,12.4602102265233,124.871526834491));
#2279=CARTESIAN_POINT('',(77.2908213616798,13.4102102265233,129.490328988008));
#2280=CARTESIAN_POINT('Origin',(53.1260231450152,13.6102102265233,128.790733456468));
#2281=CARTESIAN_POINT('',(54.7260231450152,13.6102102265233,128.790733456468));
#2282=CARTESIAN_POINT('',(53.1260231450152,13.6102102265233,128.790733456468));
#2283=CARTESIAN_POINT('',(53.9260231450152,13.6102102265233,128.790733456468));
#2284=CARTESIAN_POINT('',(56.3260231450152,13.6102102265233,128.790733456468));
#2285=CARTESIAN_POINT('',(53.9260231450152,13.6102102265233,128.790733456468));
#2286=CARTESIAN_POINT('',(56.3260231450152,13.5102102265233,128.790733456468));
#2287=CARTESIAN_POINT('',(56.3260231450152,13.6102102265233,128.790733456468));
#2288=CARTESIAN_POINT('',(53.1260231450152,13.5102102265233,128.790733456468));
#2289=CARTESIAN_POINT('',(53.1260231450152,13.5102102265233,128.790733456468));
#2290=CARTESIAN_POINT('',(53.1260231450152,13.6102102265233,128.790733456468));
#2291=CARTESIAN_POINT('Origin',(54.7260231450152,13.5102102265233,129.607314210199));
#2292=CARTESIAN_POINT('',(54.7260231450152,13.5102102265233,130.42389496393));
#2293=CARTESIAN_POINT('',(56.3260231450152,13.5102102265233,129.500134533226));
#2294=CARTESIAN_POINT('',(54.9028180642583,13.5102102265233,130.321822369713));
#2295=CARTESIAN_POINT('',(53.1260231450152,13.5102102265233,129.500134533226));
#2296=CARTESIAN_POINT('',(53.1492282257721,13.5102102265233,129.513531992848));
#2297=CARTESIAN_POINT('',(53.1260231450152,13.5102102265233,127.244323294954));
#2298=CARTESIAN_POINT('',(56.3260231450152,13.5102102265233,129.553724371713));
#2299=CARTESIAN_POINT('Origin',(56.3260231450152,13.6102102265233,129.500134533226));
#2300=CARTESIAN_POINT('',(56.3260231450152,13.6102102265233,127.190733456468));
#2301=CARTESIAN_POINT('',(56.3260231450152,13.6102102265233,128.345433994847));
#2302=CARTESIAN_POINT('',(56.3260231450152,13.6102102265233,125.590733456468));
#2303=CARTESIAN_POINT('',(56.3260231450152,13.6102102265233,128.345433994847));
#2304=CARTESIAN_POINT('',(56.3260231450152,13.5102102265233,125.590733456468));
#2305=CARTESIAN_POINT('',(56.3260231450152,13.6102102265233,125.590733456468));
#2306=CARTESIAN_POINT('',(56.3260231450152,13.5102102265233,124.881332379709));
#2307=CARTESIAN_POINT('',(56.3260231450152,13.5102102265233,127.137143617982));
#2308=CARTESIAN_POINT('',(56.3260231450152,13.4102102265233,124.881332379709));
#2309=CARTESIAN_POINT('',(56.3260231450153,12.4602102265233,124.881332379709));
#2310=CARTESIAN_POINT('',(56.3260231450152,13.4102102265233,129.500134533226));
#2311=CARTESIAN_POINT('',(56.3260231450152,13.4102102265233,129.500134533226));
#2312=CARTESIAN_POINT('',(56.3260231450152,12.4602102265233,129.500134533226));
#2313=CARTESIAN_POINT('Origin',(54.7260231450152,13.6102102265233,127.190733456468));
#2314=CARTESIAN_POINT('',(53.1260231450152,13.6102102265233,127.190733456468));
#2315=CARTESIAN_POINT('',(53.1260231450152,13.6102102265233,126.036032918089));
#2316=CARTESIAN_POINT('Origin',(54.7260231450152,13.6102102265233,127.190733456468));
#2317=CARTESIAN_POINT('Origin',(54.7260231450152,13.6102102265233,127.190733456468));
#2318=CARTESIAN_POINT('Origin',(54.7260231450152,13.6102102265233,127.190733456468));
#2319=CARTESIAN_POINT('Origin',(77.2908213616798,13.6102102265233,125.58092791125));
#2320=CARTESIAN_POINT('',(75.6908213616798,13.6102102265233,125.58092791125));
#2321=CARTESIAN_POINT('',(76.4908213616798,13.6102102265233,125.58092791125));
#2322=CARTESIAN_POINT('',(74.0908213616798,13.6102102265233,125.58092791125));
#2323=CARTESIAN_POINT('',(76.4908213616798,13.6102102265233,125.58092791125));
#2324=CARTESIAN_POINT('',(74.0908213616798,13.5102102265233,125.58092791125));
#2325=CARTESIAN_POINT('',(74.0908213616798,13.6102102265233,125.58092791125));
#2326=CARTESIAN_POINT('',(77.2908213616798,13.5102102265233,125.58092791125));
#2327=CARTESIAN_POINT('Origin',(75.6908213616798,13.5102102265233,124.764347157519));
#2328=CARTESIAN_POINT('',(74.0908213616798,13.5102102265233,124.871526834491));
#2329=CARTESIAN_POINT('',(74.0908213616798,13.5102102265233,124.817936996005));
#2330=CARTESIAN_POINT('',(75.6908213616798,13.5102102265233,123.947766403788));
#2331=CARTESIAN_POINT('',(75.5140264424367,13.5102102265233,124.049838998004));
#2332=CARTESIAN_POINT('',(77.2676162809229,13.5102102265233,124.85812937487));
#2333=CARTESIAN_POINT('Origin',(75.6908213616798,13.6102102265233,127.18092791125));
#2334=CARTESIAN_POINT('Origin',(75.6908213616798,13.6102102265233,127.18092791125));
#2335=CARTESIAN_POINT('Origin',(75.6908213616798,13.6102102265233,127.18092791125));
#2336=CARTESIAN_POINT('',(74.0908213616798,13.6102102265233,127.18092791125));
#2337=CARTESIAN_POINT('Origin',(75.6908213616798,13.6102102265233,127.18092791125));
#2338=CARTESIAN_POINT('',(74.0908213616798,13.6102102265233,126.026227372871));
#2339=CARTESIAN_POINT('Origin',(56.3260231450152,13.6102102265233,125.590733456468));
#2340=CARTESIAN_POINT('',(54.7260231450152,13.6102102265233,125.590733456468));
#2341=CARTESIAN_POINT('',(55.5260231450152,13.6102102265233,125.590733456468));
#2342=CARTESIAN_POINT('',(53.1260231450152,13.6102102265233,125.590733456468));
#2343=CARTESIAN_POINT('',(55.5260231450152,13.6102102265233,125.590733456468));
#2344=CARTESIAN_POINT('',(53.1260231450152,13.5102102265233,125.590733456468));
#2345=CARTESIAN_POINT('',(53.1260231450152,13.6102102265233,125.590733456468));
#2346=CARTESIAN_POINT('',(56.3260231450152,13.5102102265233,125.590733456468));
#2347=CARTESIAN_POINT('Origin',(54.7260231450152,13.5102102265233,124.774152702737));
#2348=CARTESIAN_POINT('',(53.1260231450152,13.5102102265233,124.881332379709));
#2349=CARTESIAN_POINT('',(53.1260231450152,13.5102102265233,124.827742541223));
#2350=CARTESIAN_POINT('',(54.7260231450152,13.5102102265233,123.957571949006));
#2351=CARTESIAN_POINT('',(54.5492282257721,13.5102102265233,124.059644543222));
#2352=CARTESIAN_POINT('',(56.3028180642584,13.5102102265233,124.867934920088));
#2353=CARTESIAN_POINT('Origin',(54.7260231450152,13.6102102265233,127.190733456468));
#2354=CARTESIAN_POINT('Origin',(54.7260231450152,13.6102102265233,127.190733456468));
#2355=CARTESIAN_POINT('',(53.1260231450152,13.6102102265233,126.036032918089));
#2356=CARTESIAN_POINT('Origin',(57.5260231450152,11.3102102265233,125.574152702737));
#2357=CARTESIAN_POINT('',(54.7260231450152,11.3102102265233,123.957571949006));
#2358=CARTESIAN_POINT('',(54.7260231450152,11.3102102265233,123.957571949006));
#2359=CARTESIAN_POINT('',(57.5260231450152,11.3102102265233,125.574152702737));
#2360=CARTESIAN_POINT('',(64.1985479013248,11.3102102265234,129.426536666967));
#2361=CARTESIAN_POINT('',(57.5260231450152,13.4102102265233,125.574152702737));
#2362=CARTESIAN_POINT('',(57.5260231450152,11.3102102265233,125.574152702737));
#2363=CARTESIAN_POINT('',(57.6510231450152,13.4102102265233,125.646321486386));
#2364=CARTESIAN_POINT('Origin',(54.7260231450152,11.3102102265233,123.957571949006));
#2365=CARTESIAN_POINT('',(53.1260231450152,13.4102102265233,124.881332379709));
#2366=CARTESIAN_POINT('',(53.1260231450152,12.4602102265233,124.881332379709));
#2367=CARTESIAN_POINT('',(51.9260231450152,13.4102102265233,125.574152702737));
#2368=CARTESIAN_POINT('',(53.2010231450152,13.4102102265233,124.83803110952));
#2369=CARTESIAN_POINT('',(51.9260231450152,11.3102102265233,125.574152702737));
#2370=CARTESIAN_POINT('',(51.9260231450152,11.3102102265233,125.574152702737));
#2371=CARTESIAN_POINT('',(54.5278369609253,11.3102102265234,124.07199479574));
#2372=CARTESIAN_POINT('Origin',(77.8908213616798,13.4102102265233,127.18092791125));
#2373=CARTESIAN_POINT('',(78.4908213616798,13.4102102265233,125.564347157519));
#2374=CARTESIAN_POINT('',(78.6158213616798,13.4102102265233,125.636515941168));
#2375=CARTESIAN_POINT('',(78.4908213616798,13.4102102265233,127.989218288115));
#2376=CARTESIAN_POINT('Origin',(78.4908213616798,11.3102102265233,125.564347157519));
#2377=CARTESIAN_POINT('',(75.6908213616798,11.3102102265233,123.947766403788));
#2378=CARTESIAN_POINT('',(75.6908213616798,11.3102102265233,123.947766403788));
#2379=CARTESIAN_POINT('',(78.4908213616798,11.3102102265233,125.564347157519));
#2380=CARTESIAN_POINT('',(77.3036697495543,11.3102102265234,124.878944854689));
#2381=CARTESIAN_POINT('',(78.4908213616798,11.3102102265233,125.564347157519));
#2382=CARTESIAN_POINT('Origin',(75.6908213616798,13.6102102265233,127.18092791125));
#2383=CARTESIAN_POINT('',(74.0908213616798,13.6102102265233,126.026227372871));
#2384=CARTESIAN_POINT('Origin',(75.6908213616798,13.6102102265233,127.18092791125));
#2385=CARTESIAN_POINT('Origin',(53.1260231450152,13.6102102265233,124.881332379709));
#2386=CARTESIAN_POINT('',(53.1260231450152,13.4102102265233,129.500134533226));
#2387=CARTESIAN_POINT('',(53.1260231450152,12.4602102265233,129.500134533226));
#2388=CARTESIAN_POINT('',(53.1260231450152,13.4102102265233,129.500134533226));
#2389=CARTESIAN_POINT('Origin',(52.5260231450152,13.4102102265233,127.190733456468));
#2390=CARTESIAN_POINT('',(51.9260231450152,13.4102102265233,128.807314210199));
#2391=CARTESIAN_POINT('',(51.9260231450152,13.4102102265233,126.382443079602));
#2392=CARTESIAN_POINT('',(51.8010231450152,13.4102102265233,128.73514542655));
#2393=CARTESIAN_POINT('Origin',(54.7260231450152,13.6102102265233,127.190733456468));
#2394=CARTESIAN_POINT('Origin',(54.7260231450152,13.6102102265233,127.190733456468));
#2395=CARTESIAN_POINT('Origin',(74.0908213616798,13.6102102265233,124.871526834491));
#2396=CARTESIAN_POINT('',(74.0908213616798,13.4102102265233,124.871526834491));
#2397=CARTESIAN_POINT('',(74.0908213616798,13.4102102265233,129.490328988008));
#2398=CARTESIAN_POINT('',(74.0908213616798,12.4602102265233,124.871526834491));
#2399=CARTESIAN_POINT('Origin',(73.4908213616798,13.4102102265233,127.18092791125));
#2400=CARTESIAN_POINT('',(72.8908213616798,13.4102102265233,125.564347157519));
#2401=CARTESIAN_POINT('',(72.8908213616798,13.4102102265233,126.372637534384));
#2402=CARTESIAN_POINT('',(74.1658213616798,13.4102102265233,124.828225564302));
#2403=CARTESIAN_POINT('Origin',(75.6908213616798,11.3102102265233,123.947766403788));
#2404=CARTESIAN_POINT('',(72.8908213616798,11.3102102265233,125.564347157519));
#2405=CARTESIAN_POINT('',(72.8908213616798,11.3102102265233,125.564347157519));
#2406=CARTESIAN_POINT('',(67.6287128835265,11.3102102265234,128.602426903886));
#2407=CARTESIAN_POINT('Origin',(56.9260231450152,13.4102102265233,127.190733456468));
#2408=CARTESIAN_POINT('',(57.5260231450152,13.4102102265233,128.807314210199));
#2409=CARTESIAN_POINT('',(57.5260231450152,13.4102102265233,127.999023833333));
#2410=CARTESIAN_POINT('',(56.2510231450152,13.4102102265233,129.543435803415));
#2411=CARTESIAN_POINT('Origin',(54.7260231450152,11.3102102265233,130.42389496393));
#2412=CARTESIAN_POINT('',(57.5260231450152,11.3102102265233,128.807314210199));
#2413=CARTESIAN_POINT('',(57.5260231450152,11.3102102265233,128.807314210199));
#2414=CARTESIAN_POINT('',(54.7260231450152,11.3102102265233,130.42389496393));
#2415=CARTESIAN_POINT('',(55.9278369609253,11.3102102265234,129.730027433798));
#2416=CARTESIAN_POINT('',(54.7260231450152,11.3102102265233,130.42389496393));
#2417=CARTESIAN_POINT('Origin',(57.5260231450152,11.3102102265233,128.807314210199));
#2418=CARTESIAN_POINT('',(57.5260231450152,11.3102102265234,135.932637455261));
#2419=CARTESIAN_POINT('Origin',(65.203523145015,19.8102102265234,142.938733456468));
#2420=CARTESIAN_POINT('',(77.7242593376008,21.3102102265234,144.158391275559));
#2421=CARTESIAN_POINT('',(77.7242593376008,21.3102102265234,141.719075637377));
#2422=CARTESIAN_POINT('Ctrl Pts',(77.7242593376003,21.3102102265234,144.15839127556));
#2423=CARTESIAN_POINT('Ctrl Pts',(77.7249786057772,21.3102102265234,144.144582561667));
#2424=CARTESIAN_POINT('Ctrl Pts',(77.7256856832098,21.310209838624,144.130773221006));
#2425=CARTESIAN_POINT('Ctrl Pts',(77.7461255633578,21.3101881597725,143.72455580536));
#2426=CARTESIAN_POINT('Ctrl Pts',(77.7560188711641,21.3099580436313,143.331737766179));
#2427=CARTESIAN_POINT('Ctrl Pts',(77.7560188711641,21.3099580436313,142.545729144629));
#2428=CARTESIAN_POINT('Ctrl Pts',(77.7461255627893,21.3101881597731,142.152911095957));
#2429=CARTESIAN_POINT('Ctrl Pts',(77.7256856832688,21.310209838624,141.746693693154));
#2430=CARTESIAN_POINT('Ctrl Pts',(77.724978605714,21.3102102265234,141.732884350045));
#2431=CARTESIAN_POINT('Ctrl Pts',(77.7242593376009,21.3102102265234,141.719075637377));
#2432=CARTESIAN_POINT('',(52.7260231450153,21.3102102265234,141.33611255619));
#2433=CARTESIAN_POINT('Origin',(65.203523145015,21.3102102265234,142.938733456468));
#2434=CARTESIAN_POINT('',(52.7260231450153,21.3102102265234,144.541354356746));
#2435=CARTESIAN_POINT('Ctrl Pts',(52.7260231450153,21.3102102265234,141.33611255619));
#2436=CARTESIAN_POINT('Ctrl Pts',(52.7252604611304,21.3102102265234,141.347235288772));
#2437=CARTESIAN_POINT('Ctrl Pts',(52.7245056895203,21.3102097903047,141.358358560733));
#2438=CARTESIAN_POINT('Ctrl Pts',(52.6887010614957,21.3101692538395,141.891638125338));
#2439=CARTESIAN_POINT('Ctrl Pts',(52.6710927589801,21.3094557473862,142.414981303917));
#2440=CARTESIAN_POINT('Ctrl Pts',(52.6710927589801,21.3094557473862,143.462485613449));
#2441=CARTESIAN_POINT('Ctrl Pts',(52.6887010630392,21.3101692538413,143.985828810982));
#2442=CARTESIAN_POINT('Ctrl Pts',(52.7245056894375,21.3102097903046,144.519108350932));
#2443=CARTESIAN_POINT('Ctrl Pts',(52.7252604612176,21.3102102265234,144.530231625435));
#2444=CARTESIAN_POINT('Ctrl Pts',(52.7260231450153,21.3102102265234,144.541354356746));
#2445=CARTESIAN_POINT('',(65.203523145015,21.3102102265234,155.518733456468));
#2446=CARTESIAN_POINT('Origin',(65.203523145015,21.3102102265234,142.938733456468));
#2447=CARTESIAN_POINT('',(65.203523145015,19.8102102265234,154.018733456468));
#2448=CARTESIAN_POINT('Origin',(65.203523145015,19.8102102265234,155.518733456468));
#2449=CARTESIAN_POINT('',(54.123523145015,19.8102102265234,142.938733456468));
#2450=CARTESIAN_POINT('Origin',(65.203523145015,19.8102102265234,142.938733456468));
#2451=CARTESIAN_POINT('Origin',(65.203523145015,19.8102102265234,142.938733456468));
#2452=CARTESIAN_POINT('Origin',(65.203523145015,21.3102102265234,142.938733456468));
#2453=CARTESIAN_POINT('Origin',(65.2251412413081,21.3102102265234,143.057960700323));
#2454=CARTESIAN_POINT('',(77.7242593376008,21.3102102265235,128.179509674478));
#2455=CARTESIAN_POINT('',(77.7242593376008,21.3102102265234,152.998347078395));
#2456=CARTESIAN_POINT('',(74.7228561935242,21.3102102265235,125.179510002614));
#2457=CARTESIAN_POINT('Origin',(74.7242593376008,21.3102102265235,128.179509674478));
#2458=CARTESIAN_POINT('',(55.7246200009386,21.3102102265235,125.188395757779));
#2459=CARTESIAN_POINT('',(57.9718699401244,21.3102102265235,125.187344685851));
#2460=CARTESIAN_POINT('',(53.8179656123621,21.3102102265235,125.873375677658));
#2461=CARTESIAN_POINT('Origin',(55.7260231450153,21.3102102265235,128.188395429644));
#2462=CARTESIAN_POINT('',(53.1260231450153,21.3102102265235,127.190733456468));
#2463=CARTESIAN_POINT('Origin',(54.7260231450153,21.3102102265235,127.190733456468));
#2464=CARTESIAN_POINT('',(53.4065434304639,21.3102102265235,126.285762029909));
#2465=CARTESIAN_POINT('Origin',(54.7260231450153,21.3102102265235,127.190733456468));
#2466=CARTESIAN_POINT('',(52.7260231450153,21.3102102265235,128.188395429644));
#2467=CARTESIAN_POINT('Origin',(55.7260231450153,21.3102102265235,128.188395429644));
#2468=CARTESIAN_POINT('',(52.7260231450153,21.3102102265234,152.998347078395));
#2469=CARTESIAN_POINT('',(74.0908213616798,21.3102102265234,127.18092791125));
#2470=CARTESIAN_POINT('Origin',(75.6908213616798,21.3102102265234,127.18092791125));
#2471=CARTESIAN_POINT('Origin',(65.2251412413081,21.3102102265234,143.057960700323));
#2472=CARTESIAN_POINT('',(52.7260231450153,21.3102102265234,152.998347078395));
#2473=CARTESIAN_POINT('',(65.2251428272004,21.3102102265234,157.938733456468));
#2474=CARTESIAN_POINT('',(77.7242593376008,21.3102102265234,152.998347078395));
#2475=CARTESIAN_POINT('Origin',(52.7260231450153,19.3102102265234,152.998347078395));
#2476=CARTESIAN_POINT('',(50.7260231450153,19.3102102265235,128.188395429644));
#2477=CARTESIAN_POINT('Origin',(52.7260231450153,19.3102102265235,128.188395429644));
#2478=CARTESIAN_POINT('',(50.7260231450153,19.3102102265234,160.938733456468));
#2479=CARTESIAN_POINT('',(50.7260231450153,19.3102102265234,152.998347078395));
#2480=CARTESIAN_POINT('Origin',(52.7260231450153,19.3102102265234,160.938733456468));
#2481=CARTESIAN_POINT('Origin',(65.203523145015,16.3102102265234,142.938733456468));
#2482=CARTESIAN_POINT('',(54.1235231450149,13.3102102265235,142.938733456468));
#2483=CARTESIAN_POINT('Origin',(65.203523145015,13.3102102265234,142.938733456468));
#2484=CARTESIAN_POINT('',(54.123523145015,16.3102102265235,142.938733456468));
#2485=CARTESIAN_POINT('Origin',(77.7242593376008,29.7102102265233,160.938733456468));
#2486=CARTESIAN_POINT('',(77.7242593376008,31.7102102265233,160.938733456468));
#2487=CARTESIAN_POINT('Origin',(77.7242593376008,29.7102102265233,160.938733456468));
#2488=CARTESIAN_POINT('',(79.7242593376008,29.7102102265233,160.938733456468));
#2489=CARTESIAN_POINT('Origin',(77.7242593376008,29.7102102265233,160.938733456468));
#2490=CARTESIAN_POINT('Origin',(77.7242593376008,29.7102102265233,160.938733456468));
#2491=CARTESIAN_POINT('Origin',(52.7260231450153,29.7102102265233,160.938733456468));
#2492=CARTESIAN_POINT('',(50.7260231450153,29.7102102265233,160.938733456468));
#2493=CARTESIAN_POINT('Origin',(52.7260231450153,29.7102102265233,160.938733456468));
#2494=CARTESIAN_POINT('',(52.7260231450153,31.7102102265233,160.938733456468));
#2495=CARTESIAN_POINT('Origin',(52.7260231450153,29.7102102265233,160.938733456468));
#2496=CARTESIAN_POINT('Origin',(52.7260231450153,29.7102102265233,160.938733456468));
#2497=CARTESIAN_POINT('Origin',(52.7260231450153,29.7102102265233,162.938733456468));
#2498=CARTESIAN_POINT('',(50.7260231450153,29.7102102265233,161.638733456468));
#2499=CARTESIAN_POINT('',(52.7260231450153,31.7102102265233,161.638733456468));
#2500=CARTESIAN_POINT('Origin',(52.7260231450153,29.7102102265233,161.638733456468));
#2501=CARTESIAN_POINT('',(52.7260231450153,31.7102102265233,162.938733456468));
#2502=CARTESIAN_POINT('',(50.7260231450153,29.7102102265233,162.938733456468));
#2503=CARTESIAN_POINT('Origin',(55.7260231450153,29.7102102265233,161.638733456468));
#2504=CARTESIAN_POINT('',(55.7260231450153,29.7102102265233,166.638733456468));
#2505=CARTESIAN_POINT('',(55.7260231450153,31.7102102265233,164.638733456468));
#2506=CARTESIAN_POINT('Origin',(55.7260231450153,29.7102102265233,164.638733456468));
#2507=CARTESIAN_POINT('Origin',(55.7260231450153,31.7102102265233,161.638733456468));
#2508=CARTESIAN_POINT('Origin',(55.7260231450153,29.7102102265233,161.638733456468));
#2509=CARTESIAN_POINT('Origin',(57.9755821931617,29.7102102265233,164.638733456468));
#2510=CARTESIAN_POINT('',(74.7242593376008,29.7102102265233,166.638733456468));
#2511=CARTESIAN_POINT('',(74.7242593376008,31.7102102265233,164.638733456468));
#2512=CARTESIAN_POINT('Origin',(74.7242593376008,29.7102102265233,164.638733456468));
#2513=CARTESIAN_POINT('',(57.9755821931617,31.7102102265233,164.638733456468));
#2514=CARTESIAN_POINT('',(57.9755821931617,31.7102102265233,164.638733456468));
#2515=CARTESIAN_POINT('',(57.9755821931617,29.7102102265233,166.638733456468));
#2516=CARTESIAN_POINT('Origin',(74.7242593376008,29.7102102265233,161.638733456468));
#2517=CARTESIAN_POINT('',(79.7242593376008,29.7102102265233,161.638733456468));
#2518=CARTESIAN_POINT('',(77.7242593376008,31.7102102265233,161.638733456468));
#2519=CARTESIAN_POINT('Origin',(77.7242593376008,29.7102102265233,161.638733456468));
#2520=CARTESIAN_POINT('Origin',(74.7242593376008,31.7102102265233,161.638733456468));
#2521=CARTESIAN_POINT('Origin',(74.7242593376008,29.7102102265233,161.638733456468));
#2522=CARTESIAN_POINT('Origin',(77.7242593376008,29.7102102265233,162.938733456468));
#2523=CARTESIAN_POINT('',(77.7242593376008,31.7102102265233,162.938733456468));
#2524=CARTESIAN_POINT('',(79.7242593376008,29.7102102265233,162.938733456468));
#2525=CARTESIAN_POINT('Origin',(57.9755821931617,29.7102102265233,160.938733456468));
#2526=CARTESIAN_POINT('',(69.3251444130928,31.646701899627,160.438733456468));
#2527=CARTESIAN_POINT('',(69.3251444130928,31.7102102265233,160.938733456468));
#2528=CARTESIAN_POINT('Origin',(69.3251444130928,29.7102102265233,160.938733456468));
#2529=CARTESIAN_POINT('',(57.9755821931617,31.7102102265233,160.938733456468));
#2530=CARTESIAN_POINT('',(61.1251444130928,31.7102102265233,160.938733456468));
#2531=CARTESIAN_POINT('',(57.9755821931617,31.7102102265233,160.938733456468));
#2532=CARTESIAN_POINT('',(61.1251444130928,31.646701899627,160.438733456468));
#2533=CARTESIAN_POINT('Origin',(61.1251444130928,29.7102102265233,160.938733456468));
#2534=CARTESIAN_POINT('',(57.9755821931617,31.646701899627,160.438733456468));
#2535=CARTESIAN_POINT('Origin',(52.7260231450153,18.9102102265234,160.938733456468));
#2536=CARTESIAN_POINT('',(50.7260231450153,18.9102102265234,160.938733456468));
#2537=CARTESIAN_POINT('Origin',(77.7242593376008,26.6102102265233,160.938733456468));
#2538=CARTESIAN_POINT('',(79.7242593376008,19.3102102265234,160.938733456468));
#2539=CARTESIAN_POINT('',(79.7242593376008,26.6102102265233,160.938733456468));
#2540=CARTESIAN_POINT('Origin',(77.7242593376008,19.3102102265234,160.938733456468));
#2541=CARTESIAN_POINT('Origin',(77.7242593376008,19.3102102265234,152.998347078395));
#2542=CARTESIAN_POINT('',(79.7242593376008,19.3102102265235,128.179509674478));
#2543=CARTESIAN_POINT('',(79.7242593376008,19.3102102265234,152.998347078395));
#2544=CARTESIAN_POINT('Origin',(77.7242593376008,19.3102102265235,128.179509674478));
#2545=CARTESIAN_POINT('Origin',(74.7242593376008,19.3102102265234,128.179509674478));
#2546=CARTESIAN_POINT('',(74.7219207641398,19.3102102265234,123.179510221371));
#2547=CARTESIAN_POINT('Origin',(74.7228561935242,19.3102102265234,125.179510002614));
#2548=CARTESIAN_POINT('Origin',(74.7242593376008,19.3102102265234,128.179509674478));
#2549=CARTESIAN_POINT('Origin',(57.9718699401244,19.3102102265235,125.187344685851));
#2550=CARTESIAN_POINT('',(55.7236845715542,19.3102102265235,123.188395976536));
#2551=CARTESIAN_POINT('Origin',(55.7246200009386,19.3102102265235,125.188395757779));
#2552=CARTESIAN_POINT('',(57.97093451074,19.3102102265235,123.187344904608));
#2553=CARTESIAN_POINT('Origin',(55.7260231450153,19.3102102265235,128.188395429644));
#2554=CARTESIAN_POINT('Ctrl Pts',(53.4065434304639,21.3102102265235,126.285762029909));
#2555=CARTESIAN_POINT('Ctrl Pts',(53.4402955448971,21.3102102265235,126.236550276907));
#2556=CARTESIAN_POINT('Ctrl Pts',(53.476807149472,21.3101924131396,126.189217472856));
#2557=CARTESIAN_POINT('Ctrl Pts',(53.604717963766,21.3101576638611,126.041343562643));
#2558=CARTESIAN_POINT('Ctrl Pts',(53.7062148667833,21.3102102265235,125.950405705441));
#2559=CARTESIAN_POINT('Ctrl Pts',(53.817965612362,21.3102102265235,125.873375677658));
#2560=CARTESIAN_POINT('Origin',(55.7260231450153,19.3102102265235,128.188395429644));
#2561=CARTESIAN_POINT('Origin',(79.7242593376008,31.7102102265233,162.938733456468));
#2562=CARTESIAN_POINT('',(79.7242593376008,11.3102102265233,161.638733456468));
#2563=CARTESIAN_POINT('',(79.7242593376008,26.6102102265233,161.638733456468));
#2564=CARTESIAN_POINT('',(79.7242593376008,11.3102102265233,158.938733456468));
#2565=CARTESIAN_POINT('',(79.7242593376008,11.3102102265233,162.938733456468));
#2566=CARTESIAN_POINT('',(79.7242593376008,11.3102102265234,128.179509674478));
#2567=CARTESIAN_POINT('',(79.7242593376008,11.3102102265233,149.998337511177));
#2568=CARTESIAN_POINT('',(79.7242593376008,16.3102102265235,128.179509674478));
#2569=CARTESIAN_POINT('Origin',(74.7242593376008,26.6102102265233,161.638733456468));
#2570=CARTESIAN_POINT('',(74.7242593376008,11.3102102265233,166.638733456468));
#2571=CARTESIAN_POINT('',(74.7242593376008,26.6102102265233,166.638733456468));
#2572=CARTESIAN_POINT('Origin',(74.7242593376008,11.3102102265234,161.638733456468));
#2573=CARTESIAN_POINT('Origin',(65.2251412413081,21.5102102265233,166.638733456468));
#2574=CARTESIAN_POINT('',(55.7260231450152,11.3102102265233,166.638733456468));
#2575=CARTESIAN_POINT('',(55.7260231450153,18.9102102265234,166.638733456468));
#2576=CARTESIAN_POINT('',(50.7260231450153,11.3102102265233,166.638733456468));
#2577=CARTESIAN_POINT('Origin',(65.2251444130928,22.3102102265233,166.638733456468));
#2578=CARTESIAN_POINT('Origin',(55.7260231450153,18.9102102265234,161.638733456468));
#2579=CARTESIAN_POINT('',(50.7260231450152,11.3102102265234,161.638733456468));
#2580=CARTESIAN_POINT('',(50.7260231450153,18.9102102265234,161.638733456468));
#2581=CARTESIAN_POINT('Origin',(55.7260231450152,11.3102102265234,161.638733456468));
#2582=CARTESIAN_POINT('Origin',(50.7260231450153,31.7102102265233,162.938733456468));
#2583=CARTESIAN_POINT('',(69.3251444130928,31.7102102265233,162.938733456468));
#2584=CARTESIAN_POINT('Origin',(50.7260231450153,31.7102102265233,162.938733456468));
#2585=CARTESIAN_POINT('',(61.1251444130928,31.7102102265233,162.938733456468));
#2586=CARTESIAN_POINT('Origin',(54.7260231450153,16.3102102265235,127.190733456468));
#2587=CARTESIAN_POINT('',(53.1260231450153,16.3102102265235,127.190733456468));
#2588=CARTESIAN_POINT('Origin',(74.7242593376008,16.3102102265235,128.179509674478));
#2589=CARTESIAN_POINT('',(74.7219207641398,11.3102102265234,123.179510221371));
#2590=CARTESIAN_POINT('Origin',(74.7242593376008,11.3102102265234,128.179509674478));
#2591=CARTESIAN_POINT('',(74.7219207641398,16.3102102265235,123.179510221371));
#2592=CARTESIAN_POINT('Origin',(55.7260231450152,16.3102102265234,128.188395429644));
#2593=CARTESIAN_POINT('',(55.7236845715541,11.3102102265234,123.188395976536));
#2594=CARTESIAN_POINT('',(55.7236845715542,16.3102102265234,123.188395976536));
#2595=CARTESIAN_POINT('',(50.7260231450152,11.3102102265234,128.188395429644));
#2596=CARTESIAN_POINT('Origin',(55.7260231450152,11.3102102265234,128.188395429644));
#2597=CARTESIAN_POINT('',(50.7260231450152,16.3102102265235,128.188395429644));
#2598=CARTESIAN_POINT('Origin',(50.7260231450152,16.3102102265235,162.938733456468));
#2599=CARTESIAN_POINT('',(50.7260231450152,11.3102102265234,152.998347078395));
#2600=CARTESIAN_POINT('Origin',(65.225141241308,11.3102102265234,143.057960700323));
#2601=CARTESIAN_POINT('',(57.97093451074,11.3102102265234,123.187344904608));
#2602=CARTESIAN_POINT('',(78.4908213616798,11.3102102265233,135.927734682652));
#2603=CARTESIAN_POINT('',(72.8908213616798,11.3102102265234,134.311153928921));
#2604=CARTESIAN_POINT('',(51.9260231450152,11.3102102265233,128.807314210199));
#2605=CARTESIAN_POINT('',(51.9260231450152,11.3102102265234,134.31605670153));
#2606=CARTESIAN_POINT('',(59.9985479013248,11.3102102265234,133.467988551294));
#2607=CARTESIAN_POINT('',(58.9741263990155,11.3102102265234,142.968601407217));
#2608=CARTESIAN_POINT('Origin',(65.2241263990155,11.3102102265234,142.968601407217));
#2609=CARTESIAN_POINT('Origin',(65.2251444130928,22.3102102265233,157.938733456468));
#2610=CARTESIAN_POINT('Origin',(65.2251444130928,22.3102102265233,162.938733456468));
#2611=CARTESIAN_POINT('Origin',(65.2251444130928,17.5759380191684,162.938733456468));
#2612=CARTESIAN_POINT('',(65.2251444130928,17.5759380191684,160.438733456468));
#2613=CARTESIAN_POINT('',(65.2251444130928,17.5759380191684,162.938733456468));
#2614=CARTESIAN_POINT('',(61.1251444130928,19.9430741228459,160.438733456468));
#2615=CARTESIAN_POINT('',(61.1251444130928,19.9430741228459,160.438733456468));
#2616=CARTESIAN_POINT('',(61.1251444130928,19.9430741228459,162.938733456468));
#2617=CARTESIAN_POINT('Origin',(69.3251444130928,19.9430741228459,162.938733456468));
#2618=CARTESIAN_POINT('',(69.3251444130928,19.9430741228459,160.438733456468));
#2619=CARTESIAN_POINT('',(69.3251444130928,19.9430741228459,162.938733456468));
#2620=CARTESIAN_POINT('',(65.2251444130928,17.5759380191684,160.438733456468));
#2621=CARTESIAN_POINT('Origin',(69.3251444130928,31.7102102265233,162.938733456468));
#2622=CARTESIAN_POINT('',(69.3251444130928,19.9430741228459,160.438733456468));
#2623=CARTESIAN_POINT('Origin',(61.1251444130928,19.9430741228459,162.938733456468));
#2624=CARTESIAN_POINT('',(61.1251444130928,24.6773463302008,160.438733456468));
#2625=CARTESIAN_POINT('Origin',(65.2251444130928,24.6430741228459,160.438733456468));
#2626=CARTESIAN_POINT('Origin',(72.8908213616798,11.3102102265233,125.564347157519));
#2627=CARTESIAN_POINT('Origin',(78.4908213616798,11.3102102265233,128.797508664981));
#2628=CARTESIAN_POINT('Origin',(51.9260231450152,11.3102102265233,128.807314210199));
#2629=CARTESIAN_POINT('',(51.9260231450152,11.3102102265233,128.807314210199));
#2630=CARTESIAN_POINT('Origin',(51.9260231450152,11.3102102265233,125.574152702737));
#2631=CARTESIAN_POINT('Origin',(65.225141241308,13.3102102265234,143.057960700323));
#2632=CARTESIAN_POINT('',(58.9741263990155,13.3102102265234,142.968601407217));
#2633=CARTESIAN_POINT('Origin',(65.2241263990155,13.3102102265234,142.968601407217));
#2634=CARTESIAN_POINT('Origin',(65.2241263990155,13.3102102265234,142.968601407217));
#2635=CARTESIAN_POINT('',(58.9741263990155,13.3102102265234,142.968601407217));
#2636=CARTESIAN_POINT('Origin',(50.7260231450152,16.3102102265235,123.190733456468));
#2637=CARTESIAN_POINT('Origin',(75.6908213616798,16.3102102265234,127.18092791125));
#2638=CARTESIAN_POINT('',(74.0908213616798,16.3102102265234,127.18092791125));
#2639=UNCERTAINTY_MEASURE_WITH_UNIT(LENGTH_MEASURE(0.01),#2643,
'DISTANCE_ACCURACY_VALUE',
'Maximum model space distance between geometric entities at asserted c
onnectivities');
#2640=UNCERTAINTY_MEASURE_WITH_UNIT(LENGTH_MEASURE(0.01),#2643,
'DISTANCE_ACCURACY_VALUE',
'Maximum model space distance between geometric entities at asserted c
onnectivities');
#2641=(
GEOMETRIC_REPRESENTATION_CONTEXT(3)
GLOBAL_UNCERTAINTY_ASSIGNED_CONTEXT((#2639))
GLOBAL_UNIT_ASSIGNED_CONTEXT((#2643,#2644,#2645))
REPRESENTATION_CONTEXT('','3D')
);
#2642=(
GEOMETRIC_REPRESENTATION_CONTEXT(3)
GLOBAL_UNCERTAINTY_ASSIGNED_CONTEXT((#2640))
GLOBAL_UNIT_ASSIGNED_CONTEXT((#2643,#2644,#2645))
REPRESENTATION_CONTEXT('','3D')
);
#2643=(
LENGTH_UNIT()
NAMED_UNIT(*)
SI_UNIT(.MILLI.,.METRE.)
);
#2644=(
NAMED_UNIT(*)
PLANE_ANGLE_UNIT()
SI_UNIT($,.RADIAN.)
);
#2645=(
NAMED_UNIT(*)
SI_UNIT($,.STERADIAN.)
SOLID_ANGLE_UNIT()
);
#2646=SHAPE_DEFINITION_REPRESENTATION(#2647,#2648);
#2647=PRODUCT_DEFINITION_SHAPE('',$,#2650);
#2648=SHAPE_REPRESENTATION('',(#1574),#2641);
#2649=PRODUCT_DEFINITION_CONTEXT('part definition',#2654,'design');
#2650=PRODUCT_DEFINITION('Encoder Bearing Block',
'Encoder Bearing Block v3',#2651,#2649);
#2651=PRODUCT_DEFINITION_FORMATION('',$,#2656);
#2652=PRODUCT_RELATED_PRODUCT_CATEGORY('Encoder Bearing Block v3',
'Encoder Bearing Block v3',(#2656));
#2653=APPLICATION_PROTOCOL_DEFINITION('international standard',
'automotive_design',2009,#2654);
#2654=APPLICATION_CONTEXT(
'Core Data for Automotive Mechanical Design Process');
#2655=PRODUCT_CONTEXT('part definition',#2654,'mechanical');
#2656=PRODUCT('Encoder Bearing Block','Encoder Bearing Block v3',$,(#2655));
#2657=PRESENTATION_STYLE_ASSIGNMENT((#2659));
#2658=PRESENTATION_STYLE_ASSIGNMENT((#2660));
#2659=SURFACE_STYLE_USAGE(.BOTH.,#2661);
#2660=SURFACE_STYLE_USAGE(.BOTH.,#2662);
#2661=SURFACE_SIDE_STYLE('',(#2663));
#2662=SURFACE_SIDE_STYLE('',(#2664));
#2663=SURFACE_STYLE_FILL_AREA(#2665);
#2664=SURFACE_STYLE_FILL_AREA(#2666);
#2665=FILL_AREA_STYLE('Steel - Satin',(#2667));
#2666=FILL_AREA_STYLE('ABS (Red)',(#2668));
#2667=FILL_AREA_STYLE_COLOUR('Steel - Satin',#2669);
#2668=FILL_AREA_STYLE_COLOUR('ABS (Red)',#2670);
#2669=COLOUR_RGB('Steel - Satin',0.627450980392157,0.627450980392157,0.627450980392157);
#2670=COLOUR_RGB('ABS (Red)',1.,0.,0.);
ENDSEC;
END-ISO-10303-21;
