ISO-10303-21;
HEADER;
/* Generated by software containing ST-Developer
 * from STEP Tools, Inc. (www.steptools.com) 
 */

FILE_DESCRIPTION(
/* description */ (''),
/* implementation_level */ '2;1');

FILE_NAME(
/* name */ 'Hand Crank.step',
/* time_stamp */ '2026-08-01T11:41:17-07:00',
/* author */ (''),
/* organization */ (''),
/* preprocessor_version */ 'ST-DEVELOPER v20.1',
/* originating_system */ 'Autodesk Translation Framework v15.8.0.0',
/* authorisation */ '');

FILE_SCHEMA (('AUTOMOTIVE_DESIGN { 1 0 10303 214 3 1 1 }'));
ENDSEC;

DATA;
#10=MECHANICAL_DESIGN_GEOMETRIC_PRESENTATION_REPRESENTATION('',(#13),#3148);
#11=SHAPE_REPRESENTATION_RELATIONSHIP('SRR','None',#3155,#12);
#12=ADVANCED_BREP_SHAPE_REPRESENTATION('',(#14),#3147);
#13=STYLED_ITEM('',(#3165),#14);
#14=MANIFOLD_SOLID_BREP('Body1',#1711);
#15=TOROIDAL_SURFACE('',#1811,4.60000000000001,1.5);
#16=TOROIDAL_SURFACE('',#1828,8.10000000000001,2.);
#17=TOROIDAL_SURFACE('',#1833,2.75,2.);
#18=TOROIDAL_SURFACE('',#1838,2.75,2.);
#19=TOROIDAL_SURFACE('',#1857,30.4218568792761,2.);
#20=TOROIDAL_SURFACE('',#1861,3.,2.);
#21=TOROIDAL_SURFACE('',#1864,30.4218568792761,2.);
#22=TOROIDAL_SURFACE('',#1867,3.,2.);
#23=TOROIDAL_SURFACE('',#1870,30.4218568792761,2.);
#24=TOROIDAL_SURFACE('',#1873,3.,2.);
#25=TOROIDAL_SURFACE('',#1876,30.4218568792762,2.);
#26=TOROIDAL_SURFACE('',#1880,3.,2.);
#27=TOROIDAL_SURFACE('',#1884,30.4218568792761,2.);
#28=TOROIDAL_SURFACE('',#1888,3.,2.);
#29=TOROIDAL_SURFACE('',#1892,30.4218568792761,2.);
#30=TOROIDAL_SURFACE('',#1896,3.,2.);
#31=TOROIDAL_SURFACE('',#1900,30.4218568792761,2.);
#32=TOROIDAL_SURFACE('',#1904,3.,2.);
#33=TOROIDAL_SURFACE('',#1908,30.4218568792761,2.);
#34=TOROIDAL_SURFACE('',#1911,30.4218568792761,2.);
#35=TOROIDAL_SURFACE('',#1913,3.,2.);
#36=TOROIDAL_SURFACE('',#1917,3.,2.);
#37=TOROIDAL_SURFACE('',#1918,3.,2.);
#38=TOROIDAL_SURFACE('',#1920,30.4218568792761,2.);
#39=TOROIDAL_SURFACE('',#1932,3.25,0.75);
#40=TOROIDAL_SURFACE('',#1936,3.25,0.75);
#41=CONICAL_SURFACE('',#1740,29.1718568792761,0.785398163397448);
#42=CONICAL_SURFACE('',#1743,4.25,0.785398163397451);
#43=CONICAL_SURFACE('',#1746,29.1718568792761,0.785398163397453);
#44=CONICAL_SURFACE('',#1749,4.25000000000001,0.785398163397445);
#45=CONICAL_SURFACE('',#1752,29.1718568792761,0.785398163397443);
#46=CONICAL_SURFACE('',#1755,4.25,0.785398163397451);
#47=CONICAL_SURFACE('',#1758,29.1718568792762,0.785398163397462);
#48=CONICAL_SURFACE('',#1761,4.24999999999999,0.785398163397455);
#49=CONICAL_SURFACE('',#1764,29.1718568792762,0.785398163397451);
#50=CONICAL_SURFACE('',#1767,4.25,0.785398163397448);
#51=CONICAL_SURFACE('',#1770,29.1718568792761,0.785398163397448);
#52=CONICAL_SURFACE('',#1773,4.25,0.785398163397445);
#53=CONICAL_SURFACE('',#1776,29.1718568792761,0.78539816339745);
#54=CONICAL_SURFACE('',#1779,4.25,0.785398163397451);
#55=CONICAL_SURFACE('',#1782,29.1718568792761,0.785398163397445);
#56=CONICAL_SURFACE('',#1785,4.25000000000001,0.785398163397445);
#57=FACE_BOUND('',#342,.T.);
#58=FACE_BOUND('',#344,.T.);
#59=FACE_BOUND('',#370,.T.);
#60=FACE_BOUND('',#371,.T.);
#61=FACE_BOUND('',#377,.T.);
#62=FACE_BOUND('',#388,.T.);
#63=FACE_BOUND('',#431,.T.);
#64=FACE_BOUND('',#440,.T.);
#65=CIRCLE('',#1733,1.6);
#66=CIRCLE('',#1734,1.6);
#67=CIRCLE('',#1737,4.);
#68=CIRCLE('',#1738,2.);
#69=CIRCLE('',#1739,1.6);
#70=CIRCLE('',#1741,29.9218568792761);
#71=CIRCLE('',#1742,28.4218568792761);
#72=CIRCLE('',#1744,5.);
#73=CIRCLE('',#1745,3.49999999999999);
#74=CIRCLE('',#1747,29.9218568792761);
#75=CIRCLE('',#1748,28.4218568792761);
#76=CIRCLE('',#1750,5.);
#77=CIRCLE('',#1751,3.50000000000001);
#78=CIRCLE('',#1753,29.9218568792761);
#79=CIRCLE('',#1754,28.4218568792761);
#80=CIRCLE('',#1756,5.);
#81=CIRCLE('',#1757,3.49999999999999);
#82=CIRCLE('',#1759,29.9218568792762);
#83=CIRCLE('',#1760,28.4218568792761);
#84=CIRCLE('',#1762,5.);
#85=CIRCLE('',#1763,3.49999999999998);
#86=CIRCLE('',#1765,29.9218568792762);
#87=CIRCLE('',#1766,28.4218568792762);
#88=CIRCLE('',#1768,5.);
#89=CIRCLE('',#1769,3.5);
#90=CIRCLE('',#1771,29.9218568792761);
#91=CIRCLE('',#1772,28.4218568792761);
#92=CIRCLE('',#1774,5.);
#93=CIRCLE('',#1775,3.50000000000001);
#94=CIRCLE('',#1777,29.9218568792761);
#95=CIRCLE('',#1778,28.4218568792761);
#96=CIRCLE('',#1780,5.);
#97=CIRCLE('',#1781,3.49999999999999);
#98=CIRCLE('',#1783,29.9218568792761);
#99=CIRCLE('',#1784,28.4218568792761);
#100=CIRCLE('',#1786,5.);
#101=CIRCLE('',#1787,3.50000000000001);
#102=CIRCLE('',#1789,5.);
#103=CIRCLE('',#1791,28.4218568792761);
#104=CIRCLE('',#1793,5.);
#105=CIRCLE('',#1795,28.4218568792761);
#106=CIRCLE('',#1797,5.);
#107=CIRCLE('',#1799,28.4218568792761);
#108=CIRCLE('',#1800,28.4218568792761);
#109=CIRCLE('',#1802,5.);
#110=CIRCLE('',#1803,5.);
#111=CIRCLE('',#1804,5.);
#112=CIRCLE('',#1806,28.4218568792761);
#113=CIRCLE('',#1807,28.4218568792761);
#114=CIRCLE('',#1809,4.10000000000001);
#115=CIRCLE('',#1810,4.1);
#116=CIRCLE('',#1812,4.60000000000001);
#117=CIRCLE('',#1813,6.10000000000001);
#118=CIRCLE('',#1815,1.5);
#119=CIRCLE('',#1816,1.5);
#120=CIRCLE('',#1818,1.5);
#121=CIRCLE('',#1819,4.09999999999999);
#122=CIRCLE('',#1820,4.09999999999999);
#123=CIRCLE('',#1822,1.5);
#124=CIRCLE('',#1824,2.);
#125=CIRCLE('',#1825,4.);
#126=CIRCLE('',#1827,2.);
#127=CIRCLE('',#1829,8.10000000000001);
#128=CIRCLE('',#1830,6.10000000000001);
#129=CIRCLE('',#1832,1.99999999999999);
#130=CIRCLE('',#1834,1.99999999999999);
#131=CIRCLE('',#1835,2.75);
#132=CIRCLE('',#1836,0.75);
#133=CIRCLE('',#1839,2.00000000000001);
#134=CIRCLE('',#1840,2.75);
#135=CIRCLE('',#1841,0.75);
#136=CIRCLE('',#1845,0.750000000000002);
#137=CIRCLE('',#1847,3.25);
#138=CIRCLE('',#1849,6.1);
#139=CIRCLE('',#1850,6.1);
#140=CIRCLE('',#1852,2.75);
#141=CIRCLE('',#1853,3.25);
#142=CIRCLE('',#1855,0.749999999999993);
#143=CIRCLE('',#1858,2.);
#144=CIRCLE('',#1859,2.);
#145=CIRCLE('',#1860,30.4218568792761);
#146=CIRCLE('',#1862,2.);
#147=CIRCLE('',#1863,3.);
#148=CIRCLE('',#1865,2.);
#149=CIRCLE('',#1866,30.4218568792761);
#150=CIRCLE('',#1868,2.);
#151=CIRCLE('',#1869,3.);
#152=CIRCLE('',#1871,2.);
#153=CIRCLE('',#1872,30.4218568792761);
#154=CIRCLE('',#1874,2.);
#155=CIRCLE('',#1875,3.);
#156=CIRCLE('',#1877,2.);
#157=CIRCLE('',#1878,28.4218568792762);
#158=CIRCLE('',#1879,30.4218568792762);
#159=CIRCLE('',#1881,2.);
#160=CIRCLE('',#1882,5.);
#161=CIRCLE('',#1883,3.);
#162=CIRCLE('',#1885,2.);
#163=CIRCLE('',#1886,28.4218568792761);
#164=CIRCLE('',#1887,30.4218568792761);
#165=CIRCLE('',#1889,2.);
#166=CIRCLE('',#1890,5.);
#167=CIRCLE('',#1891,3.);
#168=CIRCLE('',#1893,2.);
#169=CIRCLE('',#1894,28.4218568792761);
#170=CIRCLE('',#1895,30.4218568792761);
#171=CIRCLE('',#1897,2.);
#172=CIRCLE('',#1898,5.);
#173=CIRCLE('',#1899,3.);
#174=CIRCLE('',#1901,2.);
#175=CIRCLE('',#1902,28.4218568792761);
#176=CIRCLE('',#1903,30.4218568792761);
#177=CIRCLE('',#1905,2.);
#178=CIRCLE('',#1906,5.);
#179=CIRCLE('',#1907,3.);
#180=CIRCLE('',#1909,2.);
#181=CIRCLE('',#1910,30.4218568792761);
#182=CIRCLE('',#1912,2.);
#183=CIRCLE('',#1914,1.99999999999999);
#184=CIRCLE('',#1915,3.);
#185=CIRCLE('',#1916,1.99999999999999);
#186=CIRCLE('',#1919,2.);
#187=CIRCLE('',#1922,4.1);
#188=CIRCLE('',#1923,4.1);
#189=CIRCLE('',#1924,4.1);
#190=CIRCLE('',#1933,0.750000000000011);
#191=CIRCLE('',#1934,4.);
#192=CIRCLE('',#1937,4.);
#193=CIRCLE('',#1938,0.749999999999993);
#194=CIRCLE('',#1946,4.10000000000001);
#195=CIRCLE('',#1955,2.75);
#196=CIRCLE('',#1956,1.6);
#197=CYLINDRICAL_SURFACE('',#1732,1.6);
#198=CYLINDRICAL_SURFACE('',#1788,5.);
#199=CYLINDRICAL_SURFACE('',#1790,28.4218568792761);
#200=CYLINDRICAL_SURFACE('',#1792,5.);
#201=CYLINDRICAL_SURFACE('',#1794,28.4218568792761);
#202=CYLINDRICAL_SURFACE('',#1796,5.);
#203=CYLINDRICAL_SURFACE('',#1798,28.4218568792761);
#204=CYLINDRICAL_SURFACE('',#1801,5.);
#205=CYLINDRICAL_SURFACE('',#1805,28.4218568792761);
#206=CYLINDRICAL_SURFACE('',#1814,1.5);
#207=CYLINDRICAL_SURFACE('',#1821,1.5);
#208=CYLINDRICAL_SURFACE('',#1826,2.);
#209=CYLINDRICAL_SURFACE('',#1831,2.);
#210=CYLINDRICAL_SURFACE('',#1837,2.);
#211=CYLINDRICAL_SURFACE('',#1842,2.);
#212=CYLINDRICAL_SURFACE('',#1844,0.75);
#213=CYLINDRICAL_SURFACE('',#1848,6.10000000000001);
#214=CYLINDRICAL_SURFACE('',#1854,0.75);
#215=CYLINDRICAL_SURFACE('',#1921,4.1);
#216=CYLINDRICAL_SURFACE('',#1926,28.4218568792761);
#217=CYLINDRICAL_SURFACE('',#1927,5.);
#218=CYLINDRICAL_SURFACE('',#1928,28.4218568792761);
#219=CYLINDRICAL_SURFACE('',#1929,5.);
#220=CYLINDRICAL_SURFACE('',#1930,28.4218568792761);
#221=CYLINDRICAL_SURFACE('',#1931,5.);
#222=CYLINDRICAL_SURFACE('',#1935,0.75);
#223=CYLINDRICAL_SURFACE('',#1939,0.75);
#224=CYLINDRICAL_SURFACE('',#1941,4.);
#225=CYLINDRICAL_SURFACE('',#1942,4.);
#226=CYLINDRICAL_SURFACE('',#1944,5.);
#227=CYLINDRICAL_SURFACE('',#1947,28.4218568792762);
#228=CYLINDRICAL_SURFACE('',#1957,2.75);
#229=CYLINDRICAL_SURFACE('',#1958,1.6);
#230=CYLINDRICAL_SURFACE('',#1959,4.09999999999999);
#231=ELLIPSE('',#1727,1.30758509671581,0.75);
#232=FACE_OUTER_BOUND('',#334,.T.);
#233=FACE_OUTER_BOUND('',#335,.T.);
#234=FACE_OUTER_BOUND('',#336,.T.);
#235=FACE_OUTER_BOUND('',#337,.T.);
#236=FACE_OUTER_BOUND('',#338,.T.);
#237=FACE_OUTER_BOUND('',#339,.T.);
#238=FACE_OUTER_BOUND('',#340,.T.);
#239=FACE_OUTER_BOUND('',#341,.T.);
#240=FACE_OUTER_BOUND('',#343,.T.);
#241=FACE_OUTER_BOUND('',#345,.T.);
#242=FACE_OUTER_BOUND('',#346,.T.);
#243=FACE_OUTER_BOUND('',#347,.T.);
#244=FACE_OUTER_BOUND('',#348,.T.);
#245=FACE_OUTER_BOUND('',#349,.T.);
#246=FACE_OUTER_BOUND('',#350,.T.);
#247=FACE_OUTER_BOUND('',#351,.T.);
#248=FACE_OUTER_BOUND('',#352,.T.);
#249=FACE_OUTER_BOUND('',#353,.T.);
#250=FACE_OUTER_BOUND('',#354,.T.);
#251=FACE_OUTER_BOUND('',#355,.T.);
#252=FACE_OUTER_BOUND('',#356,.T.);
#253=FACE_OUTER_BOUND('',#357,.T.);
#254=FACE_OUTER_BOUND('',#358,.T.);
#255=FACE_OUTER_BOUND('',#359,.T.);
#256=FACE_OUTER_BOUND('',#360,.T.);
#257=FACE_OUTER_BOUND('',#361,.T.);
#258=FACE_OUTER_BOUND('',#362,.T.);
#259=FACE_OUTER_BOUND('',#363,.T.);
#260=FACE_OUTER_BOUND('',#364,.T.);
#261=FACE_OUTER_BOUND('',#365,.T.);
#262=FACE_OUTER_BOUND('',#366,.T.);
#263=FACE_OUTER_BOUND('',#367,.T.);
#264=FACE_OUTER_BOUND('',#368,.T.);
#265=FACE_OUTER_BOUND('',#369,.T.);
#266=FACE_OUTER_BOUND('',#372,.T.);
#267=FACE_OUTER_BOUND('',#373,.T.);
#268=FACE_OUTER_BOUND('',#374,.T.);
#269=FACE_OUTER_BOUND('',#375,.T.);
#270=FACE_OUTER_BOUND('',#376,.T.);
#271=FACE_OUTER_BOUND('',#378,.T.);
#272=FACE_OUTER_BOUND('',#379,.T.);
#273=FACE_OUTER_BOUND('',#380,.T.);
#274=FACE_OUTER_BOUND('',#381,.T.);
#275=FACE_OUTER_BOUND('',#382,.T.);
#276=FACE_OUTER_BOUND('',#383,.T.);
#277=FACE_OUTER_BOUND('',#384,.T.);
#278=FACE_OUTER_BOUND('',#385,.T.);
#279=FACE_OUTER_BOUND('',#386,.T.);
#280=FACE_OUTER_BOUND('',#387,.T.);
#281=FACE_OUTER_BOUND('',#389,.T.);
#282=FACE_OUTER_BOUND('',#390,.T.);
#283=FACE_OUTER_BOUND('',#391,.T.);
#284=FACE_OUTER_BOUND('',#392,.T.);
#285=FACE_OUTER_BOUND('',#393,.T.);
#286=FACE_OUTER_BOUND('',#394,.T.);
#287=FACE_OUTER_BOUND('',#395,.T.);
#288=FACE_OUTER_BOUND('',#396,.T.);
#289=FACE_OUTER_BOUND('',#397,.T.);
#290=FACE_OUTER_BOUND('',#398,.T.);
#291=FACE_OUTER_BOUND('',#399,.T.);
#292=FACE_OUTER_BOUND('',#400,.T.);
#293=FACE_OUTER_BOUND('',#401,.T.);
#294=FACE_OUTER_BOUND('',#402,.T.);
#295=FACE_OUTER_BOUND('',#403,.T.);
#296=FACE_OUTER_BOUND('',#404,.T.);
#297=FACE_OUTER_BOUND('',#405,.T.);
#298=FACE_OUTER_BOUND('',#406,.T.);
#299=FACE_OUTER_BOUND('',#407,.T.);
#300=FACE_OUTER_BOUND('',#408,.T.);
#301=FACE_OUTER_BOUND('',#409,.T.);
#302=FACE_OUTER_BOUND('',#410,.T.);
#303=FACE_OUTER_BOUND('',#411,.T.);
#304=FACE_OUTER_BOUND('',#412,.T.);
#305=FACE_OUTER_BOUND('',#413,.T.);
#306=FACE_OUTER_BOUND('',#414,.T.);
#307=FACE_OUTER_BOUND('',#415,.T.);
#308=FACE_OUTER_BOUND('',#416,.T.);
#309=FACE_OUTER_BOUND('',#417,.T.);
#310=FACE_OUTER_BOUND('',#418,.T.);
#311=FACE_OUTER_BOUND('',#419,.T.);
#312=FACE_OUTER_BOUND('',#420,.T.);
#313=FACE_OUTER_BOUND('',#421,.T.);
#314=FACE_OUTER_BOUND('',#422,.T.);
#315=FACE_OUTER_BOUND('',#423,.T.);
#316=FACE_OUTER_BOUND('',#424,.T.);
#317=FACE_OUTER_BOUND('',#425,.T.);
#318=FACE_OUTER_BOUND('',#426,.T.);
#319=FACE_OUTER_BOUND('',#427,.T.);
#320=FACE_OUTER_BOUND('',#428,.T.);
#321=FACE_OUTER_BOUND('',#429,.T.);
#322=FACE_OUTER_BOUND('',#430,.T.);
#323=FACE_OUTER_BOUND('',#432,.T.);
#324=FACE_OUTER_BOUND('',#433,.T.);
#325=FACE_OUTER_BOUND('',#434,.T.);
#326=FACE_OUTER_BOUND('',#435,.T.);
#327=FACE_OUTER_BOUND('',#436,.T.);
#328=FACE_OUTER_BOUND('',#437,.T.);
#329=FACE_OUTER_BOUND('',#438,.T.);
#330=FACE_OUTER_BOUND('',#439,.T.);
#331=FACE_OUTER_BOUND('',#441,.T.);
#332=FACE_OUTER_BOUND('',#442,.T.);
#333=FACE_OUTER_BOUND('',#443,.T.);
#334=EDGE_LOOP('',(#1077,#1078,#1079,#1080,#1081));
#335=EDGE_LOOP('',(#1082,#1083,#1084,#1085,#1086));
#336=EDGE_LOOP('',(#1087,#1088,#1089,#1090));
#337=EDGE_LOOP('',(#1091,#1092,#1093,#1094));
#338=EDGE_LOOP('',(#1095,#1096,#1097,#1098));
#339=EDGE_LOOP('',(#1099,#1100,#1101,#1102));
#340=EDGE_LOOP('',(#1103,#1104,#1105,#1106));
#341=EDGE_LOOP('',(#1107,#1108,#1109,#1110,#1111,#1112));
#342=EDGE_LOOP('',(#1113,#1114,#1115));
#343=EDGE_LOOP('',(#1116,#1117,#1118,#1119,#1120,#1121,#1122,#1123));
#344=EDGE_LOOP('',(#1124,#1125,#1126));
#345=EDGE_LOOP('',(#1127,#1128,#1129,#1130));
#346=EDGE_LOOP('',(#1131,#1132,#1133,#1134));
#347=EDGE_LOOP('',(#1135,#1136,#1137,#1138));
#348=EDGE_LOOP('',(#1139,#1140,#1141,#1142));
#349=EDGE_LOOP('',(#1143,#1144,#1145,#1146));
#350=EDGE_LOOP('',(#1147,#1148,#1149,#1150));
#351=EDGE_LOOP('',(#1151,#1152,#1153,#1154));
#352=EDGE_LOOP('',(#1155,#1156,#1157,#1158));
#353=EDGE_LOOP('',(#1159,#1160,#1161,#1162));
#354=EDGE_LOOP('',(#1163,#1164,#1165,#1166));
#355=EDGE_LOOP('',(#1167,#1168,#1169,#1170));
#356=EDGE_LOOP('',(#1171,#1172,#1173,#1174));
#357=EDGE_LOOP('',(#1175,#1176,#1177,#1178));
#358=EDGE_LOOP('',(#1179,#1180,#1181,#1182));
#359=EDGE_LOOP('',(#1183,#1184,#1185,#1186));
#360=EDGE_LOOP('',(#1187,#1188,#1189,#1190));
#361=EDGE_LOOP('',(#1191,#1192,#1193,#1194));
#362=EDGE_LOOP('',(#1195,#1196,#1197,#1198));
#363=EDGE_LOOP('',(#1199,#1200,#1201,#1202));
#364=EDGE_LOOP('',(#1203,#1204,#1205,#1206));
#365=EDGE_LOOP('',(#1207,#1208,#1209,#1210));
#366=EDGE_LOOP('',(#1211,#1212,#1213,#1214,#1215));
#367=EDGE_LOOP('',(#1216,#1217,#1218,#1219,#1220,#1221));
#368=EDGE_LOOP('',(#1222,#1223,#1224,#1225,#1226));
#369=EDGE_LOOP('',(#1227,#1228,#1229,#1230,#1231,#1232,#1233,#1234,#1235,
#1236,#1237,#1238,#1239,#1240,#1241,#1242));
#370=EDGE_LOOP('',(#1243));
#371=EDGE_LOOP('',(#1244));
#372=EDGE_LOOP('',(#1245,#1246,#1247,#1248,#1249,#1250));
#373=EDGE_LOOP('',(#1251,#1252,#1253,#1254,#1255));
#374=EDGE_LOOP('',(#1256,#1257,#1258,#1259,#1260));
#375=EDGE_LOOP('',(#1261,#1262,#1263,#1264,#1265));
#376=EDGE_LOOP('',(#1266,#1267,#1268,#1269,#1270,#1271,#1272,#1273));
#377=EDGE_LOOP('',(#1274,#1275,#1276));
#378=EDGE_LOOP('',(#1277,#1278,#1279,#1280));
#379=EDGE_LOOP('',(#1281,#1282,#1283,#1284));
#380=EDGE_LOOP('',(#1285,#1286,#1287,#1288));
#381=EDGE_LOOP('',(#1289,#1290,#1291,#1292));
#382=EDGE_LOOP('',(#1293,#1294,#1295,#1296));
#383=EDGE_LOOP('',(#1297,#1298,#1299,#1300));
#384=EDGE_LOOP('',(#1301,#1302,#1303,#1304));
#385=EDGE_LOOP('',(#1305,#1306,#1307,#1308));
#386=EDGE_LOOP('',(#1309,#1310,#1311,#1312));
#387=EDGE_LOOP('',(#1313,#1314,#1315,#1316,#1317));
#388=EDGE_LOOP('',(#1318,#1319,#1320,#1321,#1322,#1323));
#389=EDGE_LOOP('',(#1324,#1325,#1326,#1327,#1328,#1329,#1330,#1331,#1332,
#1333));
#390=EDGE_LOOP('',(#1334,#1335,#1336,#1337,#1338,#1339,#1340,#1341));
#391=EDGE_LOOP('',(#1342,#1343,#1344,#1345));
#392=EDGE_LOOP('',(#1346,#1347,#1348,#1349));
#393=EDGE_LOOP('',(#1350,#1351,#1352,#1353));
#394=EDGE_LOOP('',(#1354,#1355,#1356,#1357));
#395=EDGE_LOOP('',(#1358,#1359,#1360,#1361));
#396=EDGE_LOOP('',(#1362,#1363,#1364,#1365));
#397=EDGE_LOOP('',(#1366,#1367,#1368,#1369));
#398=EDGE_LOOP('',(#1370,#1371,#1372,#1373));
#399=EDGE_LOOP('',(#1374,#1375,#1376,#1377));
#400=EDGE_LOOP('',(#1378,#1379,#1380,#1381));
#401=EDGE_LOOP('',(#1382,#1383,#1384,#1385));
#402=EDGE_LOOP('',(#1386,#1387,#1388,#1389));
#403=EDGE_LOOP('',(#1390,#1391,#1392,#1393));
#404=EDGE_LOOP('',(#1394,#1395,#1396,#1397));
#405=EDGE_LOOP('',(#1398,#1399,#1400,#1401));
#406=EDGE_LOOP('',(#1402,#1403,#1404,#1405));
#407=EDGE_LOOP('',(#1406,#1407,#1408,#1409));
#408=EDGE_LOOP('',(#1410,#1411,#1412,#1413));
#409=EDGE_LOOP('',(#1414,#1415,#1416,#1417));
#410=EDGE_LOOP('',(#1418,#1419,#1420,#1421));
#411=EDGE_LOOP('',(#1422,#1423,#1424,#1425));
#412=EDGE_LOOP('',(#1426,#1427,#1428,#1429));
#413=EDGE_LOOP('',(#1430,#1431,#1432,#1433,#1434,#1435,#1436,#1437,#1438,
#1439));
#414=EDGE_LOOP('',(#1440,#1441,#1442));
#415=EDGE_LOOP('',(#1443,#1444,#1445,#1446));
#416=EDGE_LOOP('',(#1447,#1448,#1449,#1450));
#417=EDGE_LOOP('',(#1451,#1452,#1453,#1454));
#418=EDGE_LOOP('',(#1455,#1456,#1457,#1458));
#419=EDGE_LOOP('',(#1459,#1460,#1461,#1462));
#420=EDGE_LOOP('',(#1463,#1464,#1465,#1466));
#421=EDGE_LOOP('',(#1467,#1468,#1469,#1470));
#422=EDGE_LOOP('',(#1471,#1472,#1473,#1474));
#423=EDGE_LOOP('',(#1475,#1476,#1477,#1478,#1479));
#424=EDGE_LOOP('',(#1480,#1481,#1482,#1483,#1484));
#425=EDGE_LOOP('',(#1485,#1486,#1487,#1488));
#426=EDGE_LOOP('',(#1489,#1490,#1491,#1492));
#427=EDGE_LOOP('',(#1493,#1494,#1495,#1496));
#428=EDGE_LOOP('',(#1497,#1498,#1499,#1500));
#429=EDGE_LOOP('',(#1501,#1502,#1503,#1504));
#430=EDGE_LOOP('',(#1505,#1506,#1507,#1508,#1509,#1510,#1511,#1512,#1513,
#1514,#1515,#1516,#1517,#1518,#1519,#1520));
#431=EDGE_LOOP('',(#1521,#1522,#1523,#1524,#1525,#1526,#1527,#1528,#1529,
#1530,#1531,#1532));
#432=EDGE_LOOP('',(#1533,#1534,#1535,#1536));
#433=EDGE_LOOP('',(#1537,#1538,#1539,#1540));
#434=EDGE_LOOP('',(#1541,#1542,#1543,#1544));
#435=EDGE_LOOP('',(#1545,#1546,#1547,#1548));
#436=EDGE_LOOP('',(#1549,#1550,#1551,#1552));
#437=EDGE_LOOP('',(#1553,#1554,#1555,#1556));
#438=EDGE_LOOP('',(#1557,#1558,#1559,#1560));
#439=EDGE_LOOP('',(#1561,#1562,#1563));
#440=EDGE_LOOP('',(#1564,#1565,#1566));
#441=EDGE_LOOP('',(#1567,#1568,#1569,#1570));
#442=EDGE_LOOP('',(#1571,#1572,#1573,#1574));
#443=EDGE_LOOP('',(#1575,#1576,#1577,#1578,#1579,#1580,#1581,#1582));
#444=LINE('',#2548,#551);
#445=LINE('',#2550,#552);
#446=LINE('',#2552,#553);
#447=LINE('',#2553,#554);
#448=LINE('',#2558,#555);
#449=LINE('',#2560,#556);
#450=LINE('',#2561,#557);
#451=LINE('',#2565,#558);
#452=LINE('',#2567,#559);
#453=LINE('',#2569,#560);
#454=LINE('',#2570,#561);
#455=LINE('',#2574,#562);
#456=LINE('',#2576,#563);
#457=LINE('',#2578,#564);
#458=LINE('',#2579,#565);
#459=LINE('',#2582,#566);
#460=LINE('',#2584,#567);
#461=LINE('',#2585,#568);
#462=LINE('',#2588,#569);
#463=LINE('',#2590,#570);
#464=LINE('',#2591,#571);
#465=LINE('',#2598,#572);
#466=LINE('',#2600,#573);
#467=LINE('',#2602,#574);
#468=LINE('',#2604,#575);
#469=LINE('',#2606,#576);
#470=LINE('',#2607,#577);
#471=LINE('',#2622,#578);
#472=LINE('',#2624,#579);
#473=LINE('',#2628,#580);
#474=LINE('',#2632,#581);
#475=LINE('',#2633,#582);
#476=LINE('',#2638,#583);
#477=LINE('',#2642,#584);
#478=LINE('',#2648,#585);
#479=LINE('',#2653,#586);
#480=LINE('',#2660,#587);
#481=LINE('',#2665,#588);
#482=LINE('',#2672,#589);
#483=LINE('',#2677,#590);
#484=LINE('',#2684,#591);
#485=LINE('',#2689,#592);
#486=LINE('',#2696,#593);
#487=LINE('',#2701,#594);
#488=LINE('',#2708,#595);
#489=LINE('',#2713,#596);
#490=LINE('',#2720,#597);
#491=LINE('',#2725,#598);
#492=LINE('',#2733,#599);
#493=LINE('',#2736,#600);
#494=LINE('',#2739,#601);
#495=LINE('',#2743,#602);
#496=LINE('',#2747,#603);
#497=LINE('',#2751,#604);
#498=LINE('',#2755,#605);
#499=LINE('',#2761,#606);
#500=LINE('',#2769,#607);
#501=LINE('',#2811,#608);
#502=LINE('',#2814,#609);
#503=LINE('',#2824,#610);
#504=LINE('',#2827,#611);
#505=LINE('',#2831,#612);
#506=LINE('',#2835,#613);
#507=LINE('',#2836,#614);
#508=LINE('',#2840,#615);
#509=LINE('',#2844,#616);
#510=LINE('',#2886,#617);
#511=LINE('',#2887,#618);
#512=LINE('',#2895,#619);
#513=LINE('',#2896,#620);
#514=LINE('',#2904,#621);
#515=LINE('',#2905,#622);
#516=LINE('',#2908,#623);
#517=LINE('',#2909,#624);
#518=LINE('',#2912,#625);
#519=LINE('',#2916,#626);
#520=LINE('',#2918,#627);
#521=LINE('',#2922,#628);
#522=LINE('',#2924,#629);
#523=LINE('',#2926,#630);
#524=LINE('',#2928,#631);
#525=LINE('',#2930,#632);
#526=LINE('',#2931,#633);
#527=LINE('',#2946,#634);
#528=LINE('',#2963,#635);
#529=LINE('',#2965,#636);
#530=LINE('',#2969,#637);
#531=LINE('',#2972,#638);
#532=LINE('',#3086,#639);
#533=LINE('',#3092,#640);
#534=LINE('',#3093,#641);
#535=LINE('',#3095,#642);
#536=LINE('',#3097,#643);
#537=LINE('',#3099,#644);
#538=LINE('',#3101,#645);
#539=LINE('',#3108,#646);
#540=LINE('',#3114,#647);
#541=LINE('',#3116,#648);
#542=LINE('',#3119,#649);
#543=LINE('',#3122,#650);
#544=LINE('',#3127,#651);
#545=LINE('',#3128,#652);
#546=LINE('',#3130,#653);
#547=LINE('',#3132,#654);
#548=LINE('',#3134,#655);
#549=LINE('',#3136,#656);
#550=LINE('',#3144,#657);
#551=VECTOR('',#1964,10.);
#552=VECTOR('',#1965,10.);
#553=VECTOR('',#1966,10.);
#554=VECTOR('',#1967,10.);
#555=VECTOR('',#1972,10.);
#556=VECTOR('',#1973,10.);
#557=VECTOR('',#1974,10.);
#558=VECTOR('',#1977,10.);
#559=VECTOR('',#1978,10.);
#560=VECTOR('',#1979,10.);
#561=VECTOR('',#1980,10.);
#562=VECTOR('',#1983,10.);
#563=VECTOR('',#1984,10.);
#564=VECTOR('',#1985,10.);
#565=VECTOR('',#1986,10.);
#566=VECTOR('',#1989,10.);
#567=VECTOR('',#1990,10.);
#568=VECTOR('',#1991,10.);
#569=VECTOR('',#1994,10.);
#570=VECTOR('',#1995,10.);
#571=VECTOR('',#1996,10.);
#572=VECTOR('',#2005,10.);
#573=VECTOR('',#2006,10.);
#574=VECTOR('',#2007,10.);
#575=VECTOR('',#2008,10.);
#576=VECTOR('',#2009,10.);
#577=VECTOR('',#2010,10.);
#578=VECTOR('',#2013,10.);
#579=VECTOR('',#2014,10.);
#580=VECTOR('',#2017,10.);
#581=VECTOR('',#2020,10.);
#582=VECTOR('',#2021,10.);
#583=VECTOR('',#2026,10.);
#584=VECTOR('',#2029,10.);
#585=VECTOR('',#2036,10.);
#586=VECTOR('',#2041,10.);
#587=VECTOR('',#2050,10.);
#588=VECTOR('',#2055,10.);
#589=VECTOR('',#2064,10.);
#590=VECTOR('',#2069,10.);
#591=VECTOR('',#2078,10.);
#592=VECTOR('',#2083,10.);
#593=VECTOR('',#2092,10.);
#594=VECTOR('',#2097,10.);
#595=VECTOR('',#2106,10.);
#596=VECTOR('',#2111,10.);
#597=VECTOR('',#2120,10.);
#598=VECTOR('',#2125,10.);
#599=VECTOR('',#2138,10.);
#600=VECTOR('',#2141,10.);
#601=VECTOR('',#2144,10.);
#602=VECTOR('',#2149,10.);
#603=VECTOR('',#2154,10.);
#604=VECTOR('',#2159,10.);
#605=VECTOR('',#2164,10.);
#606=VECTOR('',#2171,10.);
#607=VECTOR('',#2180,10.);
#608=VECTOR('',#2201,10.);
#609=VECTOR('',#2204,10.);
#610=VECTOR('',#2217,10.);
#611=VECTOR('',#2220,10.);
#612=VECTOR('',#2223,10.);
#613=VECTOR('',#2226,10.);
#614=VECTOR('',#2227,10.);
#615=VECTOR('',#2230,10.);
#616=VECTOR('',#2233,10.);
#617=VECTOR('',#2244,10.);
#618=VECTOR('',#2245,10.);
#619=VECTOR('',#2256,10.);
#620=VECTOR('',#2257,10.);
#621=VECTOR('',#2268,10.);
#622=VECTOR('',#2269,10.);
#623=VECTOR('',#2272,10.);
#624=VECTOR('',#2273,10.);
#625=VECTOR('',#2276,10.);
#626=VECTOR('',#2281,10.);
#627=VECTOR('',#2282,10.);
#628=VECTOR('',#2285,10.);
#629=VECTOR('',#2286,10.);
#630=VECTOR('',#2287,10.);
#631=VECTOR('',#2288,10.);
#632=VECTOR('',#2289,10.);
#633=VECTOR('',#2290,10.);
#634=VECTOR('',#2295,10.);
#635=VECTOR('',#2302,10.);
#636=VECTOR('',#2303,10.);
#637=VECTOR('',#2308,10.);
#638=VECTOR('',#2313,10.);
#639=VECTOR('',#2444,4.1);
#640=VECTOR('',#2455,10.);
#641=VECTOR('',#2456,10.);
#642=VECTOR('',#2459,10.);
#643=VECTOR('',#2462,10.);
#644=VECTOR('',#2465,10.);
#645=VECTOR('',#2468,10.);
#646=VECTOR('',#2479,10.);
#647=VECTOR('',#2488,10.);
#648=VECTOR('',#2491,10.);
#649=VECTOR('',#2496,10.);
#650=VECTOR('',#2501,10.);
#651=VECTOR('',#2510,10.);
#652=VECTOR('',#2511,10.);
#653=VECTOR('',#2514,10.);
#654=VECTOR('',#2517,10.);
#655=VECTOR('',#2520,10.);
#656=VECTOR('',#2523,10.);
#657=VECTOR('',#2538,4.09999999999999);
#658=B_SPLINE_CURVE_WITH_KNOTS('',3,(#2543,#2544,#2545,#2546),
 .UNSPECIFIED.,.F.,.F.,(4,4),(-0.182344050890972,-0.163885991212994),
 .UNSPECIFIED.);
#659=B_SPLINE_CURVE_WITH_KNOTS('',3,(#2611,#2612,#2613,#2614,#2615,#2616,
#2617,#2618,#2619,#2620),.UNSPECIFIED.,.F.,.F.,(4,2,2,2,4),(0.,0.0552441032769,
0.110875311724592,0.167131895922381,0.174469969448314),.UNSPECIFIED.);
#660=B_SPLINE_CURVE_WITH_KNOTS('',3,(#2780,#2781,#2782,#2783,#2784,#2785),
 .UNSPECIFIED.,.F.,.F.,(4,2,4),(0.,0.0306383144952678,0.0570394671529248),
 .UNSPECIFIED.);
#661=B_SPLINE_CURVE_WITH_KNOTS('',3,(#2789,#2790,#2791,#2792,#2793,#2794),
 .UNSPECIFIED.,.F.,.F.,(4,2,4),(0.132882953228411,0.174672071365366,0.205661252437478),
 .UNSPECIFIED.);
#662=B_SPLINE_CURVE_WITH_KNOTS('',3,(#2796,#2797,#2798,#2799,#2800,#2801,
#2802,#2803,#2804,#2805),.UNSPECIFIED.,.F.,.F.,(4,2,2,2,4),(-0.174469969448315,
-0.167131895922382,-0.110875311724593,-0.0552441032769009,0.),
 .UNSPECIFIED.);
#663=B_SPLINE_CURVE_WITH_KNOTS('',3,(#2845,#2846,#2847,#2848,#2849,#2850,
#2851,#2852,#2853,#2854,#2855,#2856,#2857,#2858,#2859,#2860),
 .UNSPECIFIED.,.F.,.F.,(4,2,2,2,2,2,2,4),(-0.000696723383724647,0.,0.0478608903145866,
0.095590186741345,0.178208802406762,0.25358617271313,0.325259328525804,
0.327638733966051),.UNSPECIFIED.);
#664=B_SPLINE_CURVE_WITH_KNOTS('',3,(#2865,#2866,#2867,#2868,#2869,#2870,
#2871,#2872,#2873,#2874,#2875,#2876,#2877,#2878,#2879,#2880),
 .UNSPECIFIED.,.F.,.F.,(4,2,2,2,2,2,2,4),(-0.656534012386926,-0.655836851330912,
-0.607945895195415,-0.56018661591205,-0.477516098918129,-0.402091376274644,
-0.330373195216493,-0.327992293714137),.UNSPECIFIED.);
#665=B_SPLINE_CURVE_WITH_KNOTS('',3,(#2935,#2936,#2937,#2938,#2939,#2940,
#2941,#2942,#2943,#2944),.UNSPECIFIED.,.F.,.F.,(4,2,2,2,4),(0.121142966701983,
0.15624714799764,0.191351329293298,0.219681339996064,0.248011350698831),
 .UNSPECIFIED.);
#666=B_SPLINE_CURVE_WITH_KNOTS('',3,(#2948,#2949,#2950,#2951,#2952,#2953,
#2954,#2955,#2956,#2957,#2958,#2959),.UNSPECIFIED.,.F.,.F.,(4,2,2,2,2,4),
(0.246897793368001,0.265425574924221,0.283953356480442,0.306810395084049,
0.329667433687655,0.373087068914089),.UNSPECIFIED.);
#667=B_SPLINE_CURVE_WITH_KNOTS('',3,(#3052,#3053,#3054,#3055,#3056,#3057),
 .UNSPECIFIED.,.F.,.F.,(4,2,4),(2.24672485346519,2.32196713326514,2.39529786054056),
 .UNSPECIFIED.);
#668=B_SPLINE_CURVE_WITH_KNOTS('',3,(#3066,#3067,#3068,#3069),
 .UNSPECIFIED.,.F.,.F.,(4,4),(4.46435699402505,4.474540439173),
 .UNSPECIFIED.);
#669=B_SPLINE_CURVE_WITH_KNOTS('',3,(#3072,#3073,#3074,#3075),
 .UNSPECIFIED.,.F.,.F.,(4,4),(0.364768066078341,0.374918152931186),
 .UNSPECIFIED.);
#670=B_SPLINE_CURVE_WITH_KNOTS('',3,(#3078,#3079,#3080,#3081,#3082,#3083),
 .UNSPECIFIED.,.F.,.F.,(4,2,4),(2.25618784805927,2.32212221140843,2.40472541772264),
 .UNSPECIFIED.);
#671=VERTEX_POINT('',#2541);
#672=VERTEX_POINT('',#2542);
#673=VERTEX_POINT('',#2547);
#674=VERTEX_POINT('',#2549);
#675=VERTEX_POINT('',#2551);
#676=VERTEX_POINT('',#2555);
#677=VERTEX_POINT('',#2557);
#678=VERTEX_POINT('',#2559);
#679=VERTEX_POINT('',#2563);
#680=VERTEX_POINT('',#2564);
#681=VERTEX_POINT('',#2566);
#682=VERTEX_POINT('',#2568);
#683=VERTEX_POINT('',#2572);
#684=VERTEX_POINT('',#2573);
#685=VERTEX_POINT('',#2575);
#686=VERTEX_POINT('',#2577);
#687=VERTEX_POINT('',#2581);
#688=VERTEX_POINT('',#2583);
#689=VERTEX_POINT('',#2587);
#690=VERTEX_POINT('',#2589);
#691=VERTEX_POINT('',#2596);
#692=VERTEX_POINT('',#2597);
#693=VERTEX_POINT('',#2599);
#694=VERTEX_POINT('',#2601);
#695=VERTEX_POINT('',#2603);
#696=VERTEX_POINT('',#2605);
#697=VERTEX_POINT('',#2609);
#698=VERTEX_POINT('',#2610);
#699=VERTEX_POINT('',#2621);
#700=VERTEX_POINT('',#2623);
#701=VERTEX_POINT('',#2625);
#702=VERTEX_POINT('',#2627);
#703=VERTEX_POINT('',#2629);
#704=VERTEX_POINT('',#2631);
#705=VERTEX_POINT('',#2636);
#706=VERTEX_POINT('',#2637);
#707=VERTEX_POINT('',#2639);
#708=VERTEX_POINT('',#2641);
#709=VERTEX_POINT('',#2645);
#710=VERTEX_POINT('',#2647);
#711=VERTEX_POINT('',#2651);
#712=VERTEX_POINT('',#2652);
#713=VERTEX_POINT('',#2657);
#714=VERTEX_POINT('',#2659);
#715=VERTEX_POINT('',#2663);
#716=VERTEX_POINT('',#2664);
#717=VERTEX_POINT('',#2669);
#718=VERTEX_POINT('',#2671);
#719=VERTEX_POINT('',#2675);
#720=VERTEX_POINT('',#2676);
#721=VERTEX_POINT('',#2681);
#722=VERTEX_POINT('',#2683);
#723=VERTEX_POINT('',#2687);
#724=VERTEX_POINT('',#2688);
#725=VERTEX_POINT('',#2693);
#726=VERTEX_POINT('',#2695);
#727=VERTEX_POINT('',#2699);
#728=VERTEX_POINT('',#2700);
#729=VERTEX_POINT('',#2705);
#730=VERTEX_POINT('',#2707);
#731=VERTEX_POINT('',#2711);
#732=VERTEX_POINT('',#2712);
#733=VERTEX_POINT('',#2717);
#734=VERTEX_POINT('',#2719);
#735=VERTEX_POINT('',#2723);
#736=VERTEX_POINT('',#2724);
#737=VERTEX_POINT('',#2732);
#738=VERTEX_POINT('',#2734);
#739=VERTEX_POINT('',#2738);
#740=VERTEX_POINT('',#2742);
#741=VERTEX_POINT('',#2746);
#742=VERTEX_POINT('',#2750);
#743=VERTEX_POINT('',#2754);
#744=VERTEX_POINT('',#2756);
#745=VERTEX_POINT('',#2760);
#746=VERTEX_POINT('',#2762);
#747=VERTEX_POINT('',#2764);
#748=VERTEX_POINT('',#2768);
#749=VERTEX_POINT('',#2770);
#750=VERTEX_POINT('',#2774);
#751=VERTEX_POINT('',#2776);
#752=VERTEX_POINT('',#2779);
#753=VERTEX_POINT('',#2786);
#754=VERTEX_POINT('',#2788);
#755=VERTEX_POINT('',#2795);
#756=VERTEX_POINT('',#2808);
#757=VERTEX_POINT('',#2810);
#758=VERTEX_POINT('',#2812);
#759=VERTEX_POINT('',#2816);
#760=VERTEX_POINT('',#2818);
#761=VERTEX_POINT('',#2822);
#762=VERTEX_POINT('',#2826);
#763=VERTEX_POINT('',#2828);
#764=VERTEX_POINT('',#2830);
#765=VERTEX_POINT('',#2832);
#766=VERTEX_POINT('',#2834);
#767=VERTEX_POINT('',#2838);
#768=VERTEX_POINT('',#2839);
#769=VERTEX_POINT('',#2841);
#770=VERTEX_POINT('',#2843);
#771=VERTEX_POINT('',#2862);
#772=VERTEX_POINT('',#2864);
#773=VERTEX_POINT('',#2883);
#774=VERTEX_POINT('',#2884);
#775=VERTEX_POINT('',#2889);
#776=VERTEX_POINT('',#2890);
#777=VERTEX_POINT('',#2898);
#778=VERTEX_POINT('',#2899);
#779=VERTEX_POINT('',#2907);
#780=VERTEX_POINT('',#2911);
#781=VERTEX_POINT('',#2915);
#782=VERTEX_POINT('',#2917);
#783=VERTEX_POINT('',#2920);
#784=VERTEX_POINT('',#2921);
#785=VERTEX_POINT('',#2923);
#786=VERTEX_POINT('',#2925);
#787=VERTEX_POINT('',#2927);
#788=VERTEX_POINT('',#2929);
#789=VERTEX_POINT('',#2933);
#790=VERTEX_POINT('',#2945);
#791=VERTEX_POINT('',#2947);
#792=VERTEX_POINT('',#2964);
#793=VERTEX_POINT('',#2968);
#794=VERTEX_POINT('',#2974);
#795=VERTEX_POINT('',#2976);
#796=VERTEX_POINT('',#2980);
#797=VERTEX_POINT('',#2984);
#798=VERTEX_POINT('',#2988);
#799=VERTEX_POINT('',#2992);
#800=VERTEX_POINT('',#2996);
#801=VERTEX_POINT('',#3000);
#802=VERTEX_POINT('',#3001);
#803=VERTEX_POINT('',#3006);
#804=VERTEX_POINT('',#3007);
#805=VERTEX_POINT('',#3012);
#806=VERTEX_POINT('',#3013);
#807=VERTEX_POINT('',#3018);
#808=VERTEX_POINT('',#3019);
#809=VERTEX_POINT('',#3024);
#810=VERTEX_POINT('',#3025);
#811=VERTEX_POINT('',#3030);
#812=VERTEX_POINT('',#3031);
#813=VERTEX_POINT('',#3036);
#814=VERTEX_POINT('',#3037);
#815=VERTEX_POINT('',#3042);
#816=VERTEX_POINT('',#3047);
#817=VERTEX_POINT('',#3051);
#818=VERTEX_POINT('',#3060);
#819=VERTEX_POINT('',#3062);
#820=VERTEX_POINT('',#3071);
#821=VERTEX_POINT('',#3085);
#822=VERTEX_POINT('',#3104);
#823=VERTEX_POINT('',#3110);
#824=EDGE_CURVE('',#671,#672,#658,.T.);
#825=EDGE_CURVE('',#671,#673,#444,.T.);
#826=EDGE_CURVE('',#673,#674,#445,.T.);
#827=EDGE_CURVE('',#674,#675,#446,.T.);
#828=EDGE_CURVE('',#672,#675,#447,.T.);
#829=EDGE_CURVE('',#676,#671,#231,.T.);
#830=EDGE_CURVE('',#677,#676,#448,.T.);
#831=EDGE_CURVE('',#678,#677,#449,.T.);
#832=EDGE_CURVE('',#678,#673,#450,.T.);
#833=EDGE_CURVE('',#679,#680,#451,.T.);
#834=EDGE_CURVE('',#679,#681,#452,.T.);
#835=EDGE_CURVE('',#682,#681,#453,.T.);
#836=EDGE_CURVE('',#682,#680,#454,.T.);
#837=EDGE_CURVE('',#683,#684,#455,.T.);
#838=EDGE_CURVE('',#683,#685,#456,.T.);
#839=EDGE_CURVE('',#686,#685,#457,.T.);
#840=EDGE_CURVE('',#686,#684,#458,.T.);
#841=EDGE_CURVE('',#680,#687,#459,.T.);
#842=EDGE_CURVE('',#688,#682,#460,.T.);
#843=EDGE_CURVE('',#687,#688,#461,.T.);
#844=EDGE_CURVE('',#689,#683,#462,.T.);
#845=EDGE_CURVE('',#690,#689,#463,.T.);
#846=EDGE_CURVE('',#685,#690,#464,.T.);
#847=EDGE_CURVE('',#686,#690,#65,.T.);
#848=EDGE_CURVE('',#684,#689,#66,.T.);
#849=EDGE_CURVE('',#691,#692,#465,.T.);
#850=EDGE_CURVE('',#693,#691,#466,.T.);
#851=EDGE_CURVE('',#694,#693,#467,.T.);
#852=EDGE_CURVE('',#695,#694,#468,.T.);
#853=EDGE_CURVE('',#696,#695,#469,.T.);
#854=EDGE_CURVE('',#692,#696,#470,.T.);
#855=EDGE_CURVE('',#697,#698,#659,.T.);
#856=EDGE_CURVE('',#699,#697,#471,.T.);
#857=EDGE_CURVE('',#700,#699,#472,.T.);
#858=EDGE_CURVE('',#701,#700,#67,.T.);
#859=EDGE_CURVE('',#702,#701,#473,.T.);
#860=EDGE_CURVE('',#703,#702,#68,.T.);
#861=EDGE_CURVE('',#704,#703,#474,.T.);
#862=EDGE_CURVE('',#698,#704,#475,.T.);
#863=EDGE_CURVE('',#687,#679,#69,.T.);
#864=EDGE_CURVE('',#705,#706,#476,.T.);
#865=EDGE_CURVE('',#706,#707,#70,.T.);
#866=EDGE_CURVE('',#707,#708,#477,.T.);
#867=EDGE_CURVE('',#708,#705,#71,.T.);
#868=EDGE_CURVE('',#705,#709,#72,.T.);
#869=EDGE_CURVE('',#709,#710,#478,.T.);
#870=EDGE_CURVE('',#710,#706,#73,.T.);
#871=EDGE_CURVE('',#711,#712,#479,.T.);
#872=EDGE_CURVE('',#712,#710,#74,.T.);
#873=EDGE_CURVE('',#709,#711,#75,.T.);
#874=EDGE_CURVE('',#711,#713,#76,.T.);
#875=EDGE_CURVE('',#713,#714,#480,.T.);
#876=EDGE_CURVE('',#714,#712,#77,.T.);
#877=EDGE_CURVE('',#715,#716,#481,.T.);
#878=EDGE_CURVE('',#716,#714,#78,.T.);
#879=EDGE_CURVE('',#713,#715,#79,.T.);
#880=EDGE_CURVE('',#715,#717,#80,.T.);
#881=EDGE_CURVE('',#717,#718,#482,.T.);
#882=EDGE_CURVE('',#718,#716,#81,.T.);
#883=EDGE_CURVE('',#719,#720,#483,.T.);
#884=EDGE_CURVE('',#720,#718,#82,.T.);
#885=EDGE_CURVE('',#717,#719,#83,.T.);
#886=EDGE_CURVE('',#719,#721,#84,.T.);
#887=EDGE_CURVE('',#721,#722,#484,.T.);
#888=EDGE_CURVE('',#722,#720,#85,.T.);
#889=EDGE_CURVE('',#723,#724,#485,.T.);
#890=EDGE_CURVE('',#724,#722,#86,.T.);
#891=EDGE_CURVE('',#721,#723,#87,.T.);
#892=EDGE_CURVE('',#723,#725,#88,.T.);
#893=EDGE_CURVE('',#725,#726,#486,.T.);
#894=EDGE_CURVE('',#726,#724,#89,.T.);
#895=EDGE_CURVE('',#727,#728,#487,.T.);
#896=EDGE_CURVE('',#728,#726,#90,.T.);
#897=EDGE_CURVE('',#725,#727,#91,.T.);
#898=EDGE_CURVE('',#727,#729,#92,.T.);
#899=EDGE_CURVE('',#729,#730,#488,.T.);
#900=EDGE_CURVE('',#730,#728,#93,.T.);
#901=EDGE_CURVE('',#731,#732,#489,.T.);
#902=EDGE_CURVE('',#732,#730,#94,.T.);
#903=EDGE_CURVE('',#729,#731,#95,.T.);
#904=EDGE_CURVE('',#731,#733,#96,.T.);
#905=EDGE_CURVE('',#733,#734,#490,.T.);
#906=EDGE_CURVE('',#734,#732,#97,.T.);
#907=EDGE_CURVE('',#735,#736,#491,.T.);
#908=EDGE_CURVE('',#736,#734,#98,.T.);
#909=EDGE_CURVE('',#733,#735,#99,.T.);
#910=EDGE_CURVE('',#735,#708,#100,.T.);
#911=EDGE_CURVE('',#707,#736,#101,.T.);
#912=EDGE_CURVE('',#719,#737,#492,.T.);
#913=EDGE_CURVE('',#738,#737,#102,.T.);
#914=EDGE_CURVE('',#738,#721,#493,.T.);
#915=EDGE_CURVE('',#739,#717,#494,.T.);
#916=EDGE_CURVE('',#737,#739,#103,.T.);
#917=EDGE_CURVE('',#715,#740,#495,.T.);
#918=EDGE_CURVE('',#739,#740,#104,.T.);
#919=EDGE_CURVE('',#741,#713,#496,.T.);
#920=EDGE_CURVE('',#740,#741,#105,.T.);
#921=EDGE_CURVE('',#711,#742,#497,.T.);
#922=EDGE_CURVE('',#741,#742,#106,.T.);
#923=EDGE_CURVE('',#743,#709,#498,.T.);
#924=EDGE_CURVE('',#744,#743,#107,.T.);
#925=EDGE_CURVE('',#742,#744,#108,.T.);
#926=EDGE_CURVE('',#705,#745,#499,.T.);
#927=EDGE_CURVE('',#746,#745,#109,.T.);
#928=EDGE_CURVE('',#747,#746,#110,.T.);
#929=EDGE_CURVE('',#743,#747,#111,.T.);
#930=EDGE_CURVE('',#748,#708,#500,.T.);
#931=EDGE_CURVE('',#749,#748,#112,.T.);
#932=EDGE_CURVE('',#745,#749,#113,.T.);
#933=EDGE_CURVE('',#750,#750,#114,.T.);
#934=EDGE_CURVE('',#751,#751,#115,.T.);
#935=EDGE_CURVE('',#698,#752,#660,.T.);
#936=EDGE_CURVE('',#752,#753,#116,.T.);
#937=EDGE_CURVE('',#753,#754,#661,.T.);
#938=EDGE_CURVE('',#754,#755,#662,.T.);
#939=EDGE_CURVE('',#755,#697,#117,.T.);
#940=EDGE_CURVE('',#753,#756,#118,.T.);
#941=EDGE_CURVE('',#756,#757,#501,.T.);
#942=EDGE_CURVE('',#757,#758,#119,.F.);
#943=EDGE_CURVE('',#758,#754,#502,.T.);
#944=EDGE_CURVE('',#759,#752,#120,.T.);
#945=EDGE_CURVE('',#759,#760,#121,.T.);
#946=EDGE_CURVE('',#760,#756,#122,.T.);
#947=EDGE_CURVE('',#704,#761,#123,.F.);
#948=EDGE_CURVE('',#761,#759,#503,.T.);
#949=EDGE_CURVE('',#762,#758,#504,.T.);
#950=EDGE_CURVE('',#763,#762,#124,.T.);
#951=EDGE_CURVE('',#763,#764,#505,.T.);
#952=EDGE_CURVE('',#765,#764,#125,.T.);
#953=EDGE_CURVE('',#766,#765,#506,.T.);
#954=EDGE_CURVE('',#766,#755,#507,.T.);
#955=EDGE_CURVE('',#767,#768,#508,.T.);
#956=EDGE_CURVE('',#768,#769,#126,.T.);
#957=EDGE_CURVE('',#769,#770,#509,.T.);
#958=EDGE_CURVE('',#770,#767,#663,.T.);
#959=EDGE_CURVE('',#770,#771,#127,.T.);
#960=EDGE_CURVE('',#771,#772,#664,.T.);
#961=EDGE_CURVE('',#772,#767,#128,.T.);
#962=EDGE_CURVE('',#773,#774,#129,.T.);
#963=EDGE_CURVE('',#774,#703,#510,.T.);
#964=EDGE_CURVE('',#702,#773,#511,.T.);
#965=EDGE_CURVE('',#775,#776,#130,.T.);
#966=EDGE_CURVE('',#776,#774,#131,.T.);
#967=EDGE_CURVE('',#773,#775,#132,.T.);
#968=EDGE_CURVE('',#771,#776,#512,.T.);
#969=EDGE_CURVE('',#775,#772,#513,.T.);
#970=EDGE_CURVE('',#777,#778,#133,.T.);
#971=EDGE_CURVE('',#778,#769,#134,.T.);
#972=EDGE_CURVE('',#768,#777,#135,.T.);
#973=EDGE_CURVE('',#762,#778,#514,.T.);
#974=EDGE_CURVE('',#777,#763,#515,.T.);
#975=EDGE_CURVE('',#779,#777,#516,.T.);
#976=EDGE_CURVE('',#764,#779,#517,.T.);
#977=EDGE_CURVE('',#768,#780,#518,.T.);
#978=EDGE_CURVE('',#780,#779,#136,.T.);
#979=EDGE_CURVE('',#767,#781,#519,.T.);
#980=EDGE_CURVE('',#782,#781,#520,.T.);
#981=EDGE_CURVE('',#780,#782,#137,.T.);
#982=EDGE_CURVE('',#783,#784,#521,.T.);
#983=EDGE_CURVE('',#784,#785,#522,.T.);
#984=EDGE_CURVE('',#785,#786,#523,.T.);
#985=EDGE_CURVE('',#786,#787,#524,.T.);
#986=EDGE_CURVE('',#787,#788,#525,.T.);
#987=EDGE_CURVE('',#788,#783,#526,.T.);
#988=EDGE_CURVE('',#789,#766,#138,.T.);
#989=EDGE_CURVE('',#781,#789,#665,.F.);
#990=EDGE_CURVE('',#772,#790,#527,.T.);
#991=EDGE_CURVE('',#791,#790,#666,.F.);
#992=EDGE_CURVE('',#699,#791,#139,.T.);
#993=EDGE_CURVE('',#675,#677,#140,.T.);
#994=EDGE_CURVE('',#790,#676,#528,.T.);
#995=EDGE_CURVE('',#792,#775,#529,.T.);
#996=EDGE_CURVE('',#672,#792,#141,.T.);
#997=EDGE_CURVE('',#773,#793,#530,.T.);
#998=EDGE_CURVE('',#793,#792,#142,.T.);
#999=EDGE_CURVE('',#793,#701,#531,.T.);
#1000=EDGE_CURVE('',#794,#742,#143,.T.);
#1001=EDGE_CURVE('',#744,#795,#144,.T.);
#1002=EDGE_CURVE('',#795,#794,#145,.T.);
#1003=EDGE_CURVE('',#796,#741,#146,.T.);
#1004=EDGE_CURVE('',#794,#796,#147,.T.);
#1005=EDGE_CURVE('',#797,#740,#148,.T.);
#1006=EDGE_CURVE('',#796,#797,#149,.T.);
#1007=EDGE_CURVE('',#798,#739,#150,.T.);
#1008=EDGE_CURVE('',#797,#798,#151,.T.);
#1009=EDGE_CURVE('',#799,#737,#152,.T.);
#1010=EDGE_CURVE('',#798,#799,#153,.T.);
#1011=EDGE_CURVE('',#800,#738,#154,.T.);
#1012=EDGE_CURVE('',#799,#800,#155,.T.);
#1013=EDGE_CURVE('',#801,#802,#156,.T.);
#1014=EDGE_CURVE('',#802,#738,#157,.T.);
#1015=EDGE_CURVE('',#800,#801,#158,.T.);
#1016=EDGE_CURVE('',#803,#804,#159,.T.);
#1017=EDGE_CURVE('',#804,#802,#160,.T.);
#1018=EDGE_CURVE('',#801,#803,#161,.T.);
#1019=EDGE_CURVE('',#805,#806,#162,.T.);
#1020=EDGE_CURVE('',#806,#804,#163,.T.);
#1021=EDGE_CURVE('',#803,#805,#164,.T.);
#1022=EDGE_CURVE('',#807,#808,#165,.T.);
#1023=EDGE_CURVE('',#808,#806,#166,.T.);
#1024=EDGE_CURVE('',#805,#807,#167,.T.);
#1025=EDGE_CURVE('',#809,#810,#168,.T.);
#1026=EDGE_CURVE('',#810,#808,#169,.T.);
#1027=EDGE_CURVE('',#807,#809,#170,.T.);
#1028=EDGE_CURVE('',#811,#812,#171,.T.);
#1029=EDGE_CURVE('',#812,#810,#172,.T.);
#1030=EDGE_CURVE('',#809,#811,#173,.T.);
#1031=EDGE_CURVE('',#813,#814,#174,.T.);
#1032=EDGE_CURVE('',#814,#812,#175,.T.);
#1033=EDGE_CURVE('',#811,#813,#176,.T.);
#1034=EDGE_CURVE('',#815,#748,#177,.T.);
#1035=EDGE_CURVE('',#748,#814,#178,.T.);
#1036=EDGE_CURVE('',#813,#815,#179,.T.);
#1037=EDGE_CURVE('',#816,#749,#180,.T.);
#1038=EDGE_CURVE('',#815,#816,#181,.T.);
#1039=EDGE_CURVE('',#816,#817,#667,.T.);
#1040=EDGE_CURVE('',#817,#745,#182,.T.);
#1041=EDGE_CURVE('',#746,#818,#183,.T.);
#1042=EDGE_CURVE('',#818,#819,#184,.T.);
#1043=EDGE_CURVE('',#819,#747,#185,.T.);
#1044=EDGE_CURVE('',#817,#818,#668,.T.);
#1045=EDGE_CURVE('',#819,#820,#669,.T.);
#1046=EDGE_CURVE('',#820,#743,#186,.T.);
#1047=EDGE_CURVE('',#820,#795,#670,.T.);
#1048=EDGE_CURVE('',#751,#821,#532,.T.);
#1049=EDGE_CURVE('',#821,#818,#187,.T.);
#1050=EDGE_CURVE('',#816,#795,#188,.T.);
#1051=EDGE_CURVE('',#819,#821,#189,.T.);
#1052=EDGE_CURVE('',#804,#725,#533,.T.);
#1053=EDGE_CURVE('',#727,#806,#534,.T.);
#1054=EDGE_CURVE('',#808,#729,#535,.T.);
#1055=EDGE_CURVE('',#731,#810,#536,.T.);
#1056=EDGE_CURVE('',#812,#733,#537,.T.);
#1057=EDGE_CURVE('',#735,#814,#538,.T.);
#1058=EDGE_CURVE('',#782,#822,#190,.T.);
#1059=EDGE_CURVE('',#822,#779,#191,.T.);
#1060=EDGE_CURVE('',#789,#822,#539,.T.);
#1061=EDGE_CURVE('',#793,#823,#192,.T.);
#1062=EDGE_CURVE('',#823,#671,#193,.T.);
#1063=EDGE_CURVE('',#823,#791,#540,.T.);
#1064=EDGE_CURVE('',#700,#823,#541,.T.);
#1065=EDGE_CURVE('',#822,#765,#542,.T.);
#1066=EDGE_CURVE('',#723,#802,#543,.T.);
#1067=EDGE_CURVE('',#761,#757,#194,.T.);
#1068=EDGE_CURVE('',#783,#693,#544,.T.);
#1069=EDGE_CURVE('',#784,#691,#545,.T.);
#1070=EDGE_CURVE('',#788,#694,#546,.T.);
#1071=EDGE_CURVE('',#787,#695,#547,.T.);
#1072=EDGE_CURVE('',#786,#696,#548,.T.);
#1073=EDGE_CURVE('',#785,#692,#549,.T.);
#1074=EDGE_CURVE('',#674,#678,#195,.T.);
#1075=EDGE_CURVE('',#681,#688,#196,.T.);
#1076=EDGE_CURVE('',#760,#750,#550,.T.);
#1077=ORIENTED_EDGE('',*,*,#824,.F.);
#1078=ORIENTED_EDGE('',*,*,#825,.T.);
#1079=ORIENTED_EDGE('',*,*,#826,.T.);
#1080=ORIENTED_EDGE('',*,*,#827,.T.);
#1081=ORIENTED_EDGE('',*,*,#828,.F.);
#1082=ORIENTED_EDGE('',*,*,#829,.F.);
#1083=ORIENTED_EDGE('',*,*,#830,.F.);
#1084=ORIENTED_EDGE('',*,*,#831,.F.);
#1085=ORIENTED_EDGE('',*,*,#832,.T.);
#1086=ORIENTED_EDGE('',*,*,#825,.F.);
#1087=ORIENTED_EDGE('',*,*,#833,.F.);
#1088=ORIENTED_EDGE('',*,*,#834,.T.);
#1089=ORIENTED_EDGE('',*,*,#835,.F.);
#1090=ORIENTED_EDGE('',*,*,#836,.T.);
#1091=ORIENTED_EDGE('',*,*,#837,.F.);
#1092=ORIENTED_EDGE('',*,*,#838,.T.);
#1093=ORIENTED_EDGE('',*,*,#839,.F.);
#1094=ORIENTED_EDGE('',*,*,#840,.T.);
#1095=ORIENTED_EDGE('',*,*,#841,.F.);
#1096=ORIENTED_EDGE('',*,*,#836,.F.);
#1097=ORIENTED_EDGE('',*,*,#842,.F.);
#1098=ORIENTED_EDGE('',*,*,#843,.F.);
#1099=ORIENTED_EDGE('',*,*,#844,.F.);
#1100=ORIENTED_EDGE('',*,*,#845,.F.);
#1101=ORIENTED_EDGE('',*,*,#846,.F.);
#1102=ORIENTED_EDGE('',*,*,#838,.F.);
#1103=ORIENTED_EDGE('',*,*,#840,.F.);
#1104=ORIENTED_EDGE('',*,*,#847,.T.);
#1105=ORIENTED_EDGE('',*,*,#845,.T.);
#1106=ORIENTED_EDGE('',*,*,#848,.F.);
#1107=ORIENTED_EDGE('',*,*,#849,.F.);
#1108=ORIENTED_EDGE('',*,*,#850,.F.);
#1109=ORIENTED_EDGE('',*,*,#851,.F.);
#1110=ORIENTED_EDGE('',*,*,#852,.F.);
#1111=ORIENTED_EDGE('',*,*,#853,.F.);
#1112=ORIENTED_EDGE('',*,*,#854,.F.);
#1113=ORIENTED_EDGE('',*,*,#839,.T.);
#1114=ORIENTED_EDGE('',*,*,#846,.T.);
#1115=ORIENTED_EDGE('',*,*,#847,.F.);
#1116=ORIENTED_EDGE('',*,*,#855,.F.);
#1117=ORIENTED_EDGE('',*,*,#856,.F.);
#1118=ORIENTED_EDGE('',*,*,#857,.F.);
#1119=ORIENTED_EDGE('',*,*,#858,.F.);
#1120=ORIENTED_EDGE('',*,*,#859,.F.);
#1121=ORIENTED_EDGE('',*,*,#860,.F.);
#1122=ORIENTED_EDGE('',*,*,#861,.F.);
#1123=ORIENTED_EDGE('',*,*,#862,.F.);
#1124=ORIENTED_EDGE('',*,*,#833,.T.);
#1125=ORIENTED_EDGE('',*,*,#841,.T.);
#1126=ORIENTED_EDGE('',*,*,#863,.T.);
#1127=ORIENTED_EDGE('',*,*,#864,.T.);
#1128=ORIENTED_EDGE('',*,*,#865,.T.);
#1129=ORIENTED_EDGE('',*,*,#866,.T.);
#1130=ORIENTED_EDGE('',*,*,#867,.T.);
#1131=ORIENTED_EDGE('',*,*,#864,.F.);
#1132=ORIENTED_EDGE('',*,*,#868,.T.);
#1133=ORIENTED_EDGE('',*,*,#869,.T.);
#1134=ORIENTED_EDGE('',*,*,#870,.T.);
#1135=ORIENTED_EDGE('',*,*,#871,.T.);
#1136=ORIENTED_EDGE('',*,*,#872,.T.);
#1137=ORIENTED_EDGE('',*,*,#869,.F.);
#1138=ORIENTED_EDGE('',*,*,#873,.T.);
#1139=ORIENTED_EDGE('',*,*,#871,.F.);
#1140=ORIENTED_EDGE('',*,*,#874,.T.);
#1141=ORIENTED_EDGE('',*,*,#875,.T.);
#1142=ORIENTED_EDGE('',*,*,#876,.T.);
#1143=ORIENTED_EDGE('',*,*,#877,.T.);
#1144=ORIENTED_EDGE('',*,*,#878,.T.);
#1145=ORIENTED_EDGE('',*,*,#875,.F.);
#1146=ORIENTED_EDGE('',*,*,#879,.T.);
#1147=ORIENTED_EDGE('',*,*,#877,.F.);
#1148=ORIENTED_EDGE('',*,*,#880,.T.);
#1149=ORIENTED_EDGE('',*,*,#881,.T.);
#1150=ORIENTED_EDGE('',*,*,#882,.T.);
#1151=ORIENTED_EDGE('',*,*,#883,.T.);
#1152=ORIENTED_EDGE('',*,*,#884,.T.);
#1153=ORIENTED_EDGE('',*,*,#881,.F.);
#1154=ORIENTED_EDGE('',*,*,#885,.T.);
#1155=ORIENTED_EDGE('',*,*,#883,.F.);
#1156=ORIENTED_EDGE('',*,*,#886,.T.);
#1157=ORIENTED_EDGE('',*,*,#887,.T.);
#1158=ORIENTED_EDGE('',*,*,#888,.T.);
#1159=ORIENTED_EDGE('',*,*,#889,.T.);
#1160=ORIENTED_EDGE('',*,*,#890,.T.);
#1161=ORIENTED_EDGE('',*,*,#887,.F.);
#1162=ORIENTED_EDGE('',*,*,#891,.T.);
#1163=ORIENTED_EDGE('',*,*,#889,.F.);
#1164=ORIENTED_EDGE('',*,*,#892,.T.);
#1165=ORIENTED_EDGE('',*,*,#893,.T.);
#1166=ORIENTED_EDGE('',*,*,#894,.T.);
#1167=ORIENTED_EDGE('',*,*,#895,.T.);
#1168=ORIENTED_EDGE('',*,*,#896,.T.);
#1169=ORIENTED_EDGE('',*,*,#893,.F.);
#1170=ORIENTED_EDGE('',*,*,#897,.T.);
#1171=ORIENTED_EDGE('',*,*,#895,.F.);
#1172=ORIENTED_EDGE('',*,*,#898,.T.);
#1173=ORIENTED_EDGE('',*,*,#899,.T.);
#1174=ORIENTED_EDGE('',*,*,#900,.T.);
#1175=ORIENTED_EDGE('',*,*,#901,.T.);
#1176=ORIENTED_EDGE('',*,*,#902,.T.);
#1177=ORIENTED_EDGE('',*,*,#899,.F.);
#1178=ORIENTED_EDGE('',*,*,#903,.T.);
#1179=ORIENTED_EDGE('',*,*,#901,.F.);
#1180=ORIENTED_EDGE('',*,*,#904,.T.);
#1181=ORIENTED_EDGE('',*,*,#905,.T.);
#1182=ORIENTED_EDGE('',*,*,#906,.T.);
#1183=ORIENTED_EDGE('',*,*,#907,.T.);
#1184=ORIENTED_EDGE('',*,*,#908,.T.);
#1185=ORIENTED_EDGE('',*,*,#905,.F.);
#1186=ORIENTED_EDGE('',*,*,#909,.T.);
#1187=ORIENTED_EDGE('',*,*,#907,.F.);
#1188=ORIENTED_EDGE('',*,*,#910,.T.);
#1189=ORIENTED_EDGE('',*,*,#866,.F.);
#1190=ORIENTED_EDGE('',*,*,#911,.T.);
#1191=ORIENTED_EDGE('',*,*,#886,.F.);
#1192=ORIENTED_EDGE('',*,*,#912,.T.);
#1193=ORIENTED_EDGE('',*,*,#913,.F.);
#1194=ORIENTED_EDGE('',*,*,#914,.T.);
#1195=ORIENTED_EDGE('',*,*,#885,.F.);
#1196=ORIENTED_EDGE('',*,*,#915,.F.);
#1197=ORIENTED_EDGE('',*,*,#916,.F.);
#1198=ORIENTED_EDGE('',*,*,#912,.F.);
#1199=ORIENTED_EDGE('',*,*,#880,.F.);
#1200=ORIENTED_EDGE('',*,*,#917,.T.);
#1201=ORIENTED_EDGE('',*,*,#918,.F.);
#1202=ORIENTED_EDGE('',*,*,#915,.T.);
#1203=ORIENTED_EDGE('',*,*,#879,.F.);
#1204=ORIENTED_EDGE('',*,*,#919,.F.);
#1205=ORIENTED_EDGE('',*,*,#920,.F.);
#1206=ORIENTED_EDGE('',*,*,#917,.F.);
#1207=ORIENTED_EDGE('',*,*,#874,.F.);
#1208=ORIENTED_EDGE('',*,*,#921,.T.);
#1209=ORIENTED_EDGE('',*,*,#922,.F.);
#1210=ORIENTED_EDGE('',*,*,#919,.T.);
#1211=ORIENTED_EDGE('',*,*,#873,.F.);
#1212=ORIENTED_EDGE('',*,*,#923,.F.);
#1213=ORIENTED_EDGE('',*,*,#924,.F.);
#1214=ORIENTED_EDGE('',*,*,#925,.F.);
#1215=ORIENTED_EDGE('',*,*,#921,.F.);
#1216=ORIENTED_EDGE('',*,*,#868,.F.);
#1217=ORIENTED_EDGE('',*,*,#926,.T.);
#1218=ORIENTED_EDGE('',*,*,#927,.F.);
#1219=ORIENTED_EDGE('',*,*,#928,.F.);
#1220=ORIENTED_EDGE('',*,*,#929,.F.);
#1221=ORIENTED_EDGE('',*,*,#923,.T.);
#1222=ORIENTED_EDGE('',*,*,#867,.F.);
#1223=ORIENTED_EDGE('',*,*,#930,.F.);
#1224=ORIENTED_EDGE('',*,*,#931,.F.);
#1225=ORIENTED_EDGE('',*,*,#932,.F.);
#1226=ORIENTED_EDGE('',*,*,#926,.F.);
#1227=ORIENTED_EDGE('',*,*,#865,.F.);
#1228=ORIENTED_EDGE('',*,*,#870,.F.);
#1229=ORIENTED_EDGE('',*,*,#872,.F.);
#1230=ORIENTED_EDGE('',*,*,#876,.F.);
#1231=ORIENTED_EDGE('',*,*,#878,.F.);
#1232=ORIENTED_EDGE('',*,*,#882,.F.);
#1233=ORIENTED_EDGE('',*,*,#884,.F.);
#1234=ORIENTED_EDGE('',*,*,#888,.F.);
#1235=ORIENTED_EDGE('',*,*,#890,.F.);
#1236=ORIENTED_EDGE('',*,*,#894,.F.);
#1237=ORIENTED_EDGE('',*,*,#896,.F.);
#1238=ORIENTED_EDGE('',*,*,#900,.F.);
#1239=ORIENTED_EDGE('',*,*,#902,.F.);
#1240=ORIENTED_EDGE('',*,*,#906,.F.);
#1241=ORIENTED_EDGE('',*,*,#908,.F.);
#1242=ORIENTED_EDGE('',*,*,#911,.F.);
#1243=ORIENTED_EDGE('',*,*,#933,.T.);
#1244=ORIENTED_EDGE('',*,*,#934,.T.);
#1245=ORIENTED_EDGE('',*,*,#935,.T.);
#1246=ORIENTED_EDGE('',*,*,#936,.T.);
#1247=ORIENTED_EDGE('',*,*,#937,.T.);
#1248=ORIENTED_EDGE('',*,*,#938,.T.);
#1249=ORIENTED_EDGE('',*,*,#939,.T.);
#1250=ORIENTED_EDGE('',*,*,#855,.T.);
#1251=ORIENTED_EDGE('',*,*,#937,.F.);
#1252=ORIENTED_EDGE('',*,*,#940,.T.);
#1253=ORIENTED_EDGE('',*,*,#941,.T.);
#1254=ORIENTED_EDGE('',*,*,#942,.T.);
#1255=ORIENTED_EDGE('',*,*,#943,.T.);
#1256=ORIENTED_EDGE('',*,*,#936,.F.);
#1257=ORIENTED_EDGE('',*,*,#944,.F.);
#1258=ORIENTED_EDGE('',*,*,#945,.T.);
#1259=ORIENTED_EDGE('',*,*,#946,.T.);
#1260=ORIENTED_EDGE('',*,*,#940,.F.);
#1261=ORIENTED_EDGE('',*,*,#935,.F.);
#1262=ORIENTED_EDGE('',*,*,#862,.T.);
#1263=ORIENTED_EDGE('',*,*,#947,.T.);
#1264=ORIENTED_EDGE('',*,*,#948,.T.);
#1265=ORIENTED_EDGE('',*,*,#944,.T.);
#1266=ORIENTED_EDGE('',*,*,#938,.F.);
#1267=ORIENTED_EDGE('',*,*,#943,.F.);
#1268=ORIENTED_EDGE('',*,*,#949,.F.);
#1269=ORIENTED_EDGE('',*,*,#950,.F.);
#1270=ORIENTED_EDGE('',*,*,#951,.T.);
#1271=ORIENTED_EDGE('',*,*,#952,.F.);
#1272=ORIENTED_EDGE('',*,*,#953,.F.);
#1273=ORIENTED_EDGE('',*,*,#954,.T.);
#1274=ORIENTED_EDGE('',*,*,#837,.T.);
#1275=ORIENTED_EDGE('',*,*,#848,.T.);
#1276=ORIENTED_EDGE('',*,*,#844,.T.);
#1277=ORIENTED_EDGE('',*,*,#955,.T.);
#1278=ORIENTED_EDGE('',*,*,#956,.T.);
#1279=ORIENTED_EDGE('',*,*,#957,.T.);
#1280=ORIENTED_EDGE('',*,*,#958,.T.);
#1281=ORIENTED_EDGE('',*,*,#959,.T.);
#1282=ORIENTED_EDGE('',*,*,#960,.T.);
#1283=ORIENTED_EDGE('',*,*,#961,.T.);
#1284=ORIENTED_EDGE('',*,*,#958,.F.);
#1285=ORIENTED_EDGE('',*,*,#962,.T.);
#1286=ORIENTED_EDGE('',*,*,#963,.T.);
#1287=ORIENTED_EDGE('',*,*,#860,.T.);
#1288=ORIENTED_EDGE('',*,*,#964,.T.);
#1289=ORIENTED_EDGE('',*,*,#965,.T.);
#1290=ORIENTED_EDGE('',*,*,#966,.T.);
#1291=ORIENTED_EDGE('',*,*,#962,.F.);
#1292=ORIENTED_EDGE('',*,*,#967,.T.);
#1293=ORIENTED_EDGE('',*,*,#968,.T.);
#1294=ORIENTED_EDGE('',*,*,#965,.F.);
#1295=ORIENTED_EDGE('',*,*,#969,.T.);
#1296=ORIENTED_EDGE('',*,*,#960,.F.);
#1297=ORIENTED_EDGE('',*,*,#970,.T.);
#1298=ORIENTED_EDGE('',*,*,#971,.T.);
#1299=ORIENTED_EDGE('',*,*,#956,.F.);
#1300=ORIENTED_EDGE('',*,*,#972,.T.);
#1301=ORIENTED_EDGE('',*,*,#950,.T.);
#1302=ORIENTED_EDGE('',*,*,#973,.T.);
#1303=ORIENTED_EDGE('',*,*,#970,.F.);
#1304=ORIENTED_EDGE('',*,*,#974,.T.);
#1305=ORIENTED_EDGE('',*,*,#974,.F.);
#1306=ORIENTED_EDGE('',*,*,#975,.F.);
#1307=ORIENTED_EDGE('',*,*,#976,.F.);
#1308=ORIENTED_EDGE('',*,*,#951,.F.);
#1309=ORIENTED_EDGE('',*,*,#972,.F.);
#1310=ORIENTED_EDGE('',*,*,#977,.T.);
#1311=ORIENTED_EDGE('',*,*,#978,.T.);
#1312=ORIENTED_EDGE('',*,*,#975,.T.);
#1313=ORIENTED_EDGE('',*,*,#955,.F.);
#1314=ORIENTED_EDGE('',*,*,#979,.T.);
#1315=ORIENTED_EDGE('',*,*,#980,.F.);
#1316=ORIENTED_EDGE('',*,*,#981,.F.);
#1317=ORIENTED_EDGE('',*,*,#977,.F.);
#1318=ORIENTED_EDGE('',*,*,#982,.T.);
#1319=ORIENTED_EDGE('',*,*,#983,.T.);
#1320=ORIENTED_EDGE('',*,*,#984,.T.);
#1321=ORIENTED_EDGE('',*,*,#985,.T.);
#1322=ORIENTED_EDGE('',*,*,#986,.T.);
#1323=ORIENTED_EDGE('',*,*,#987,.T.);
#1324=ORIENTED_EDGE('',*,*,#939,.F.);
#1325=ORIENTED_EDGE('',*,*,#954,.F.);
#1326=ORIENTED_EDGE('',*,*,#988,.F.);
#1327=ORIENTED_EDGE('',*,*,#989,.F.);
#1328=ORIENTED_EDGE('',*,*,#979,.F.);
#1329=ORIENTED_EDGE('',*,*,#961,.F.);
#1330=ORIENTED_EDGE('',*,*,#990,.T.);
#1331=ORIENTED_EDGE('',*,*,#991,.F.);
#1332=ORIENTED_EDGE('',*,*,#992,.F.);
#1333=ORIENTED_EDGE('',*,*,#856,.T.);
#1334=ORIENTED_EDGE('',*,*,#828,.T.);
#1335=ORIENTED_EDGE('',*,*,#993,.T.);
#1336=ORIENTED_EDGE('',*,*,#830,.T.);
#1337=ORIENTED_EDGE('',*,*,#994,.F.);
#1338=ORIENTED_EDGE('',*,*,#990,.F.);
#1339=ORIENTED_EDGE('',*,*,#969,.F.);
#1340=ORIENTED_EDGE('',*,*,#995,.F.);
#1341=ORIENTED_EDGE('',*,*,#996,.F.);
#1342=ORIENTED_EDGE('',*,*,#967,.F.);
#1343=ORIENTED_EDGE('',*,*,#997,.T.);
#1344=ORIENTED_EDGE('',*,*,#998,.T.);
#1345=ORIENTED_EDGE('',*,*,#995,.T.);
#1346=ORIENTED_EDGE('',*,*,#964,.F.);
#1347=ORIENTED_EDGE('',*,*,#859,.T.);
#1348=ORIENTED_EDGE('',*,*,#999,.F.);
#1349=ORIENTED_EDGE('',*,*,#997,.F.);
#1350=ORIENTED_EDGE('',*,*,#1000,.T.);
#1351=ORIENTED_EDGE('',*,*,#925,.T.);
#1352=ORIENTED_EDGE('',*,*,#1001,.T.);
#1353=ORIENTED_EDGE('',*,*,#1002,.T.);
#1354=ORIENTED_EDGE('',*,*,#1003,.T.);
#1355=ORIENTED_EDGE('',*,*,#922,.T.);
#1356=ORIENTED_EDGE('',*,*,#1000,.F.);
#1357=ORIENTED_EDGE('',*,*,#1004,.T.);
#1358=ORIENTED_EDGE('',*,*,#1005,.T.);
#1359=ORIENTED_EDGE('',*,*,#920,.T.);
#1360=ORIENTED_EDGE('',*,*,#1003,.F.);
#1361=ORIENTED_EDGE('',*,*,#1006,.T.);
#1362=ORIENTED_EDGE('',*,*,#1007,.T.);
#1363=ORIENTED_EDGE('',*,*,#918,.T.);
#1364=ORIENTED_EDGE('',*,*,#1005,.F.);
#1365=ORIENTED_EDGE('',*,*,#1008,.T.);
#1366=ORIENTED_EDGE('',*,*,#1009,.T.);
#1367=ORIENTED_EDGE('',*,*,#916,.T.);
#1368=ORIENTED_EDGE('',*,*,#1007,.F.);
#1369=ORIENTED_EDGE('',*,*,#1010,.T.);
#1370=ORIENTED_EDGE('',*,*,#1011,.T.);
#1371=ORIENTED_EDGE('',*,*,#913,.T.);
#1372=ORIENTED_EDGE('',*,*,#1009,.F.);
#1373=ORIENTED_EDGE('',*,*,#1012,.T.);
#1374=ORIENTED_EDGE('',*,*,#1013,.T.);
#1375=ORIENTED_EDGE('',*,*,#1014,.T.);
#1376=ORIENTED_EDGE('',*,*,#1011,.F.);
#1377=ORIENTED_EDGE('',*,*,#1015,.T.);
#1378=ORIENTED_EDGE('',*,*,#1016,.T.);
#1379=ORIENTED_EDGE('',*,*,#1017,.T.);
#1380=ORIENTED_EDGE('',*,*,#1013,.F.);
#1381=ORIENTED_EDGE('',*,*,#1018,.T.);
#1382=ORIENTED_EDGE('',*,*,#1019,.T.);
#1383=ORIENTED_EDGE('',*,*,#1020,.T.);
#1384=ORIENTED_EDGE('',*,*,#1016,.F.);
#1385=ORIENTED_EDGE('',*,*,#1021,.T.);
#1386=ORIENTED_EDGE('',*,*,#1022,.T.);
#1387=ORIENTED_EDGE('',*,*,#1023,.T.);
#1388=ORIENTED_EDGE('',*,*,#1019,.F.);
#1389=ORIENTED_EDGE('',*,*,#1024,.T.);
#1390=ORIENTED_EDGE('',*,*,#1025,.T.);
#1391=ORIENTED_EDGE('',*,*,#1026,.T.);
#1392=ORIENTED_EDGE('',*,*,#1022,.F.);
#1393=ORIENTED_EDGE('',*,*,#1027,.T.);
#1394=ORIENTED_EDGE('',*,*,#1028,.T.);
#1395=ORIENTED_EDGE('',*,*,#1029,.T.);
#1396=ORIENTED_EDGE('',*,*,#1025,.F.);
#1397=ORIENTED_EDGE('',*,*,#1030,.T.);
#1398=ORIENTED_EDGE('',*,*,#1031,.T.);
#1399=ORIENTED_EDGE('',*,*,#1032,.T.);
#1400=ORIENTED_EDGE('',*,*,#1028,.F.);
#1401=ORIENTED_EDGE('',*,*,#1033,.T.);
#1402=ORIENTED_EDGE('',*,*,#1034,.T.);
#1403=ORIENTED_EDGE('',*,*,#1035,.T.);
#1404=ORIENTED_EDGE('',*,*,#1031,.F.);
#1405=ORIENTED_EDGE('',*,*,#1036,.T.);
#1406=ORIENTED_EDGE('',*,*,#1037,.T.);
#1407=ORIENTED_EDGE('',*,*,#931,.T.);
#1408=ORIENTED_EDGE('',*,*,#1034,.F.);
#1409=ORIENTED_EDGE('',*,*,#1038,.T.);
#1410=ORIENTED_EDGE('',*,*,#1039,.T.);
#1411=ORIENTED_EDGE('',*,*,#1040,.T.);
#1412=ORIENTED_EDGE('',*,*,#932,.T.);
#1413=ORIENTED_EDGE('',*,*,#1037,.F.);
#1414=ORIENTED_EDGE('',*,*,#1041,.T.);
#1415=ORIENTED_EDGE('',*,*,#1042,.T.);
#1416=ORIENTED_EDGE('',*,*,#1043,.T.);
#1417=ORIENTED_EDGE('',*,*,#928,.T.);
#1418=ORIENTED_EDGE('',*,*,#1044,.T.);
#1419=ORIENTED_EDGE('',*,*,#1041,.F.);
#1420=ORIENTED_EDGE('',*,*,#927,.T.);
#1421=ORIENTED_EDGE('',*,*,#1040,.F.);
#1422=ORIENTED_EDGE('',*,*,#1045,.T.);
#1423=ORIENTED_EDGE('',*,*,#1046,.T.);
#1424=ORIENTED_EDGE('',*,*,#929,.T.);
#1425=ORIENTED_EDGE('',*,*,#1043,.F.);
#1426=ORIENTED_EDGE('',*,*,#1047,.T.);
#1427=ORIENTED_EDGE('',*,*,#1001,.F.);
#1428=ORIENTED_EDGE('',*,*,#924,.T.);
#1429=ORIENTED_EDGE('',*,*,#1046,.F.);
#1430=ORIENTED_EDGE('',*,*,#934,.F.);
#1431=ORIENTED_EDGE('',*,*,#1048,.T.);
#1432=ORIENTED_EDGE('',*,*,#1049,.T.);
#1433=ORIENTED_EDGE('',*,*,#1044,.F.);
#1434=ORIENTED_EDGE('',*,*,#1039,.F.);
#1435=ORIENTED_EDGE('',*,*,#1050,.T.);
#1436=ORIENTED_EDGE('',*,*,#1047,.F.);
#1437=ORIENTED_EDGE('',*,*,#1045,.F.);
#1438=ORIENTED_EDGE('',*,*,#1051,.T.);
#1439=ORIENTED_EDGE('',*,*,#1048,.F.);
#1440=ORIENTED_EDGE('',*,*,#1042,.F.);
#1441=ORIENTED_EDGE('',*,*,#1049,.F.);
#1442=ORIENTED_EDGE('',*,*,#1051,.F.);
#1443=ORIENTED_EDGE('',*,*,#897,.F.);
#1444=ORIENTED_EDGE('',*,*,#1052,.F.);
#1445=ORIENTED_EDGE('',*,*,#1020,.F.);
#1446=ORIENTED_EDGE('',*,*,#1053,.F.);
#1447=ORIENTED_EDGE('',*,*,#898,.F.);
#1448=ORIENTED_EDGE('',*,*,#1053,.T.);
#1449=ORIENTED_EDGE('',*,*,#1023,.F.);
#1450=ORIENTED_EDGE('',*,*,#1054,.T.);
#1451=ORIENTED_EDGE('',*,*,#903,.F.);
#1452=ORIENTED_EDGE('',*,*,#1054,.F.);
#1453=ORIENTED_EDGE('',*,*,#1026,.F.);
#1454=ORIENTED_EDGE('',*,*,#1055,.F.);
#1455=ORIENTED_EDGE('',*,*,#904,.F.);
#1456=ORIENTED_EDGE('',*,*,#1055,.T.);
#1457=ORIENTED_EDGE('',*,*,#1029,.F.);
#1458=ORIENTED_EDGE('',*,*,#1056,.T.);
#1459=ORIENTED_EDGE('',*,*,#909,.F.);
#1460=ORIENTED_EDGE('',*,*,#1056,.F.);
#1461=ORIENTED_EDGE('',*,*,#1032,.F.);
#1462=ORIENTED_EDGE('',*,*,#1057,.F.);
#1463=ORIENTED_EDGE('',*,*,#910,.F.);
#1464=ORIENTED_EDGE('',*,*,#1057,.T.);
#1465=ORIENTED_EDGE('',*,*,#1035,.F.);
#1466=ORIENTED_EDGE('',*,*,#930,.T.);
#1467=ORIENTED_EDGE('',*,*,#1058,.T.);
#1468=ORIENTED_EDGE('',*,*,#1059,.T.);
#1469=ORIENTED_EDGE('',*,*,#978,.F.);
#1470=ORIENTED_EDGE('',*,*,#981,.T.);
#1471=ORIENTED_EDGE('',*,*,#989,.T.);
#1472=ORIENTED_EDGE('',*,*,#1060,.T.);
#1473=ORIENTED_EDGE('',*,*,#1058,.F.);
#1474=ORIENTED_EDGE('',*,*,#980,.T.);
#1475=ORIENTED_EDGE('',*,*,#824,.T.);
#1476=ORIENTED_EDGE('',*,*,#996,.T.);
#1477=ORIENTED_EDGE('',*,*,#998,.F.);
#1478=ORIENTED_EDGE('',*,*,#1061,.T.);
#1479=ORIENTED_EDGE('',*,*,#1062,.T.);
#1480=ORIENTED_EDGE('',*,*,#829,.T.);
#1481=ORIENTED_EDGE('',*,*,#1062,.F.);
#1482=ORIENTED_EDGE('',*,*,#1063,.T.);
#1483=ORIENTED_EDGE('',*,*,#991,.T.);
#1484=ORIENTED_EDGE('',*,*,#994,.T.);
#1485=ORIENTED_EDGE('',*,*,#1063,.F.);
#1486=ORIENTED_EDGE('',*,*,#1064,.F.);
#1487=ORIENTED_EDGE('',*,*,#857,.T.);
#1488=ORIENTED_EDGE('',*,*,#992,.T.);
#1489=ORIENTED_EDGE('',*,*,#1061,.F.);
#1490=ORIENTED_EDGE('',*,*,#999,.T.);
#1491=ORIENTED_EDGE('',*,*,#858,.T.);
#1492=ORIENTED_EDGE('',*,*,#1064,.T.);
#1493=ORIENTED_EDGE('',*,*,#1059,.F.);
#1494=ORIENTED_EDGE('',*,*,#1065,.T.);
#1495=ORIENTED_EDGE('',*,*,#952,.T.);
#1496=ORIENTED_EDGE('',*,*,#976,.T.);
#1497=ORIENTED_EDGE('',*,*,#1060,.F.);
#1498=ORIENTED_EDGE('',*,*,#988,.T.);
#1499=ORIENTED_EDGE('',*,*,#953,.T.);
#1500=ORIENTED_EDGE('',*,*,#1065,.F.);
#1501=ORIENTED_EDGE('',*,*,#892,.F.);
#1502=ORIENTED_EDGE('',*,*,#1066,.T.);
#1503=ORIENTED_EDGE('',*,*,#1017,.F.);
#1504=ORIENTED_EDGE('',*,*,#1052,.T.);
#1505=ORIENTED_EDGE('',*,*,#1002,.F.);
#1506=ORIENTED_EDGE('',*,*,#1050,.F.);
#1507=ORIENTED_EDGE('',*,*,#1038,.F.);
#1508=ORIENTED_EDGE('',*,*,#1036,.F.);
#1509=ORIENTED_EDGE('',*,*,#1033,.F.);
#1510=ORIENTED_EDGE('',*,*,#1030,.F.);
#1511=ORIENTED_EDGE('',*,*,#1027,.F.);
#1512=ORIENTED_EDGE('',*,*,#1024,.F.);
#1513=ORIENTED_EDGE('',*,*,#1021,.F.);
#1514=ORIENTED_EDGE('',*,*,#1018,.F.);
#1515=ORIENTED_EDGE('',*,*,#1015,.F.);
#1516=ORIENTED_EDGE('',*,*,#1012,.F.);
#1517=ORIENTED_EDGE('',*,*,#1010,.F.);
#1518=ORIENTED_EDGE('',*,*,#1008,.F.);
#1519=ORIENTED_EDGE('',*,*,#1006,.F.);
#1520=ORIENTED_EDGE('',*,*,#1004,.F.);
#1521=ORIENTED_EDGE('',*,*,#949,.T.);
#1522=ORIENTED_EDGE('',*,*,#942,.F.);
#1523=ORIENTED_EDGE('',*,*,#1067,.F.);
#1524=ORIENTED_EDGE('',*,*,#947,.F.);
#1525=ORIENTED_EDGE('',*,*,#861,.T.);
#1526=ORIENTED_EDGE('',*,*,#963,.F.);
#1527=ORIENTED_EDGE('',*,*,#966,.F.);
#1528=ORIENTED_EDGE('',*,*,#968,.F.);
#1529=ORIENTED_EDGE('',*,*,#959,.F.);
#1530=ORIENTED_EDGE('',*,*,#957,.F.);
#1531=ORIENTED_EDGE('',*,*,#971,.F.);
#1532=ORIENTED_EDGE('',*,*,#973,.F.);
#1533=ORIENTED_EDGE('',*,*,#891,.F.);
#1534=ORIENTED_EDGE('',*,*,#914,.F.);
#1535=ORIENTED_EDGE('',*,*,#1014,.F.);
#1536=ORIENTED_EDGE('',*,*,#1066,.F.);
#1537=ORIENTED_EDGE('',*,*,#982,.F.);
#1538=ORIENTED_EDGE('',*,*,#1068,.T.);
#1539=ORIENTED_EDGE('',*,*,#850,.T.);
#1540=ORIENTED_EDGE('',*,*,#1069,.F.);
#1541=ORIENTED_EDGE('',*,*,#987,.F.);
#1542=ORIENTED_EDGE('',*,*,#1070,.T.);
#1543=ORIENTED_EDGE('',*,*,#851,.T.);
#1544=ORIENTED_EDGE('',*,*,#1068,.F.);
#1545=ORIENTED_EDGE('',*,*,#986,.F.);
#1546=ORIENTED_EDGE('',*,*,#1071,.T.);
#1547=ORIENTED_EDGE('',*,*,#852,.T.);
#1548=ORIENTED_EDGE('',*,*,#1070,.F.);
#1549=ORIENTED_EDGE('',*,*,#985,.F.);
#1550=ORIENTED_EDGE('',*,*,#1072,.T.);
#1551=ORIENTED_EDGE('',*,*,#853,.T.);
#1552=ORIENTED_EDGE('',*,*,#1071,.F.);
#1553=ORIENTED_EDGE('',*,*,#984,.F.);
#1554=ORIENTED_EDGE('',*,*,#1073,.T.);
#1555=ORIENTED_EDGE('',*,*,#854,.T.);
#1556=ORIENTED_EDGE('',*,*,#1072,.F.);
#1557=ORIENTED_EDGE('',*,*,#983,.F.);
#1558=ORIENTED_EDGE('',*,*,#1069,.T.);
#1559=ORIENTED_EDGE('',*,*,#849,.T.);
#1560=ORIENTED_EDGE('',*,*,#1073,.F.);
#1561=ORIENTED_EDGE('',*,*,#826,.F.);
#1562=ORIENTED_EDGE('',*,*,#832,.F.);
#1563=ORIENTED_EDGE('',*,*,#1074,.F.);
#1564=ORIENTED_EDGE('',*,*,#835,.T.);
#1565=ORIENTED_EDGE('',*,*,#1075,.T.);
#1566=ORIENTED_EDGE('',*,*,#842,.T.);
#1567=ORIENTED_EDGE('',*,*,#827,.F.);
#1568=ORIENTED_EDGE('',*,*,#1074,.T.);
#1569=ORIENTED_EDGE('',*,*,#831,.T.);
#1570=ORIENTED_EDGE('',*,*,#993,.F.);
#1571=ORIENTED_EDGE('',*,*,#834,.F.);
#1572=ORIENTED_EDGE('',*,*,#863,.F.);
#1573=ORIENTED_EDGE('',*,*,#843,.T.);
#1574=ORIENTED_EDGE('',*,*,#1075,.F.);
#1575=ORIENTED_EDGE('',*,*,#1067,.T.);
#1576=ORIENTED_EDGE('',*,*,#941,.F.);
#1577=ORIENTED_EDGE('',*,*,#946,.F.);
#1578=ORIENTED_EDGE('',*,*,#1076,.T.);
#1579=ORIENTED_EDGE('',*,*,#933,.F.);
#1580=ORIENTED_EDGE('',*,*,#1076,.F.);
#1581=ORIENTED_EDGE('',*,*,#945,.F.);
#1582=ORIENTED_EDGE('',*,*,#948,.F.);
#1583=PLANE('',#1725);
#1584=PLANE('',#1726);
#1585=PLANE('',#1728);
#1586=PLANE('',#1729);
#1587=PLANE('',#1730);
#1588=PLANE('',#1731);
#1589=PLANE('',#1735);
#1590=PLANE('',#1736);
#1591=PLANE('',#1808);
#1592=PLANE('',#1817);
#1593=PLANE('',#1823);
#1594=PLANE('',#1843);
#1595=PLANE('',#1846);
#1596=PLANE('',#1851);
#1597=PLANE('',#1856);
#1598=PLANE('',#1925);
#1599=PLANE('',#1940);
#1600=PLANE('',#1943);
#1601=PLANE('',#1945);
#1602=PLANE('',#1948);
#1603=PLANE('',#1949);
#1604=PLANE('',#1950);
#1605=PLANE('',#1951);
#1606=PLANE('',#1952);
#1607=PLANE('',#1953);
#1608=PLANE('',#1954);
#1609=ADVANCED_FACE('',(#232),#1583,.F.);
#1610=ADVANCED_FACE('',(#233),#1584,.F.);
#1611=ADVANCED_FACE('',(#234),#1585,.F.);
#1612=ADVANCED_FACE('',(#235),#1586,.F.);
#1613=ADVANCED_FACE('',(#236),#1587,.F.);
#1614=ADVANCED_FACE('',(#237),#1588,.F.);
#1615=ADVANCED_FACE('',(#238),#197,.F.);
#1616=ADVANCED_FACE('',(#239,#57),#1589,.T.);
#1617=ADVANCED_FACE('',(#240,#58),#1590,.T.);
#1618=ADVANCED_FACE('',(#241),#41,.F.);
#1619=ADVANCED_FACE('',(#242),#42,.T.);
#1620=ADVANCED_FACE('',(#243),#43,.F.);
#1621=ADVANCED_FACE('',(#244),#44,.T.);
#1622=ADVANCED_FACE('',(#245),#45,.F.);
#1623=ADVANCED_FACE('',(#246),#46,.T.);
#1624=ADVANCED_FACE('',(#247),#47,.F.);
#1625=ADVANCED_FACE('',(#248),#48,.T.);
#1626=ADVANCED_FACE('',(#249),#49,.F.);
#1627=ADVANCED_FACE('',(#250),#50,.T.);
#1628=ADVANCED_FACE('',(#251),#51,.F.);
#1629=ADVANCED_FACE('',(#252),#52,.T.);
#1630=ADVANCED_FACE('',(#253),#53,.F.);
#1631=ADVANCED_FACE('',(#254),#54,.T.);
#1632=ADVANCED_FACE('',(#255),#55,.F.);
#1633=ADVANCED_FACE('',(#256),#56,.T.);
#1634=ADVANCED_FACE('',(#257),#198,.T.);
#1635=ADVANCED_FACE('',(#258),#199,.F.);
#1636=ADVANCED_FACE('',(#259),#200,.T.);
#1637=ADVANCED_FACE('',(#260),#201,.F.);
#1638=ADVANCED_FACE('',(#261),#202,.T.);
#1639=ADVANCED_FACE('',(#262),#203,.F.);
#1640=ADVANCED_FACE('',(#263),#204,.T.);
#1641=ADVANCED_FACE('',(#264),#205,.F.);
#1642=ADVANCED_FACE('',(#265,#59,#60),#1591,.T.);
#1643=ADVANCED_FACE('',(#266),#15,.T.);
#1644=ADVANCED_FACE('',(#267),#206,.T.);
#1645=ADVANCED_FACE('',(#268),#1592,.T.);
#1646=ADVANCED_FACE('',(#269),#207,.T.);
#1647=ADVANCED_FACE('',(#270,#61),#1593,.T.);
#1648=ADVANCED_FACE('',(#271),#208,.F.);
#1649=ADVANCED_FACE('',(#272),#16,.F.);
#1650=ADVANCED_FACE('',(#273),#209,.F.);
#1651=ADVANCED_FACE('',(#274),#17,.F.);
#1652=ADVANCED_FACE('',(#275),#210,.F.);
#1653=ADVANCED_FACE('',(#276),#18,.F.);
#1654=ADVANCED_FACE('',(#277),#211,.F.);
#1655=ADVANCED_FACE('',(#278),#1594,.T.);
#1656=ADVANCED_FACE('',(#279),#212,.T.);
#1657=ADVANCED_FACE('',(#280,#62),#1595,.T.);
#1658=ADVANCED_FACE('',(#281),#213,.T.);
#1659=ADVANCED_FACE('',(#282),#1596,.T.);
#1660=ADVANCED_FACE('',(#283),#214,.T.);
#1661=ADVANCED_FACE('',(#284),#1597,.T.);
#1662=ADVANCED_FACE('',(#285),#19,.T.);
#1663=ADVANCED_FACE('',(#286),#20,.T.);
#1664=ADVANCED_FACE('',(#287),#21,.T.);
#1665=ADVANCED_FACE('',(#288),#22,.T.);
#1666=ADVANCED_FACE('',(#289),#23,.T.);
#1667=ADVANCED_FACE('',(#290),#24,.T.);
#1668=ADVANCED_FACE('',(#291),#25,.T.);
#1669=ADVANCED_FACE('',(#292),#26,.T.);
#1670=ADVANCED_FACE('',(#293),#27,.T.);
#1671=ADVANCED_FACE('',(#294),#28,.T.);
#1672=ADVANCED_FACE('',(#295),#29,.T.);
#1673=ADVANCED_FACE('',(#296),#30,.T.);
#1674=ADVANCED_FACE('',(#297),#31,.T.);
#1675=ADVANCED_FACE('',(#298),#32,.T.);
#1676=ADVANCED_FACE('',(#299),#33,.T.);
#1677=ADVANCED_FACE('',(#300),#34,.T.);
#1678=ADVANCED_FACE('',(#301),#35,.T.);
#1679=ADVANCED_FACE('',(#302),#36,.T.);
#1680=ADVANCED_FACE('',(#303),#37,.T.);
#1681=ADVANCED_FACE('',(#304),#38,.T.);
#1682=ADVANCED_FACE('',(#305),#215,.F.);
#1683=ADVANCED_FACE('',(#306),#1598,.F.);
#1684=ADVANCED_FACE('',(#307),#216,.F.);
#1685=ADVANCED_FACE('',(#308),#217,.T.);
#1686=ADVANCED_FACE('',(#309),#218,.F.);
#1687=ADVANCED_FACE('',(#310),#219,.T.);
#1688=ADVANCED_FACE('',(#311),#220,.F.);
#1689=ADVANCED_FACE('',(#312),#221,.T.);
#1690=ADVANCED_FACE('',(#313),#39,.T.);
#1691=ADVANCED_FACE('',(#314),#222,.T.);
#1692=ADVANCED_FACE('',(#315),#40,.T.);
#1693=ADVANCED_FACE('',(#316),#223,.T.);
#1694=ADVANCED_FACE('',(#317),#1599,.T.);
#1695=ADVANCED_FACE('',(#318),#224,.T.);
#1696=ADVANCED_FACE('',(#319),#225,.T.);
#1697=ADVANCED_FACE('',(#320),#1600,.T.);
#1698=ADVANCED_FACE('',(#321),#226,.T.);
#1699=ADVANCED_FACE('',(#322,#63),#1601,.F.);
#1700=ADVANCED_FACE('',(#323),#227,.F.);
#1701=ADVANCED_FACE('',(#324),#1602,.F.);
#1702=ADVANCED_FACE('',(#325),#1603,.F.);
#1703=ADVANCED_FACE('',(#326),#1604,.F.);
#1704=ADVANCED_FACE('',(#327),#1605,.F.);
#1705=ADVANCED_FACE('',(#328),#1606,.F.);
#1706=ADVANCED_FACE('',(#329),#1607,.F.);
#1707=ADVANCED_FACE('',(#330,#64),#1608,.F.);
#1708=ADVANCED_FACE('',(#331),#228,.F.);
#1709=ADVANCED_FACE('',(#332),#229,.F.);
#1710=ADVANCED_FACE('',(#333),#230,.F.);
#1711=CLOSED_SHELL('',(#1609,#1610,#1611,#1612,#1613,#1614,#1615,#1616,
#1617,#1618,#1619,#1620,#1621,#1622,#1623,#1624,#1625,#1626,#1627,#1628,
#1629,#1630,#1631,#1632,#1633,#1634,#1635,#1636,#1637,#1638,#1639,#1640,
#1641,#1642,#1643,#1644,#1645,#1646,#1647,#1648,#1649,#1650,#1651,#1652,
#1653,#1654,#1655,#1656,#1657,#1658,#1659,#1660,#1661,#1662,#1663,#1664,
#1665,#1666,#1667,#1668,#1669,#1670,#1671,#1672,#1673,#1674,#1675,#1676,
#1677,#1678,#1679,#1680,#1681,#1682,#1683,#1684,#1685,#1686,#1687,#1688,
#1689,#1690,#1691,#1692,#1693,#1694,#1695,#1696,#1697,#1698,#1699,#1700,
#1701,#1702,#1703,#1704,#1705,#1706,#1707,#1708,#1709,#1710));
#1712=DERIVED_UNIT_ELEMENT(#1714,1.);
#1713=DERIVED_UNIT_ELEMENT(#3150,-3.);
#1714=(
MASS_UNIT()
NAMED_UNIT(*)
SI_UNIT(.KILO.,.GRAM.)
);
#1715=DERIVED_UNIT((#1712,#1713));
#1716=MEASURE_REPRESENTATION_ITEM('density measure',
POSITIVE_RATIO_MEASURE(7850.),#1715);
#1717=PROPERTY_DEFINITION_REPRESENTATION(#1722,#1719);
#1718=PROPERTY_DEFINITION_REPRESENTATION(#1723,#1720);
#1719=REPRESENTATION('material name',(#1721),#3147);
#1720=REPRESENTATION('density',(#1716),#3147);
#1721=DESCRIPTIVE_REPRESENTATION_ITEM('Steel','Steel');
#1722=PROPERTY_DEFINITION('material property','material name',#3157);
#1723=PROPERTY_DEFINITION('material property','density of part',#3157);
#1724=AXIS2_PLACEMENT_3D('',#2539,#1960,#1961);
#1725=AXIS2_PLACEMENT_3D('',#2540,#1962,#1963);
#1726=AXIS2_PLACEMENT_3D('',#2554,#1968,#1969);
#1727=AXIS2_PLACEMENT_3D('',#2556,#1970,#1971);
#1728=AXIS2_PLACEMENT_3D('',#2562,#1975,#1976);
#1729=AXIS2_PLACEMENT_3D('',#2571,#1981,#1982);
#1730=AXIS2_PLACEMENT_3D('',#2580,#1987,#1988);
#1731=AXIS2_PLACEMENT_3D('',#2586,#1992,#1993);
#1732=AXIS2_PLACEMENT_3D('',#2592,#1997,#1998);
#1733=AXIS2_PLACEMENT_3D('',#2593,#1999,#2000);
#1734=AXIS2_PLACEMENT_3D('',#2594,#2001,#2002);
#1735=AXIS2_PLACEMENT_3D('',#2595,#2003,#2004);
#1736=AXIS2_PLACEMENT_3D('',#2608,#2011,#2012);
#1737=AXIS2_PLACEMENT_3D('',#2626,#2015,#2016);
#1738=AXIS2_PLACEMENT_3D('',#2630,#2018,#2019);
#1739=AXIS2_PLACEMENT_3D('',#2634,#2022,#2023);
#1740=AXIS2_PLACEMENT_3D('',#2635,#2024,#2025);
#1741=AXIS2_PLACEMENT_3D('',#2640,#2027,#2028);
#1742=AXIS2_PLACEMENT_3D('',#2643,#2030,#2031);
#1743=AXIS2_PLACEMENT_3D('',#2644,#2032,#2033);
#1744=AXIS2_PLACEMENT_3D('',#2646,#2034,#2035);
#1745=AXIS2_PLACEMENT_3D('',#2649,#2037,#2038);
#1746=AXIS2_PLACEMENT_3D('',#2650,#2039,#2040);
#1747=AXIS2_PLACEMENT_3D('',#2654,#2042,#2043);
#1748=AXIS2_PLACEMENT_3D('',#2655,#2044,#2045);
#1749=AXIS2_PLACEMENT_3D('',#2656,#2046,#2047);
#1750=AXIS2_PLACEMENT_3D('',#2658,#2048,#2049);
#1751=AXIS2_PLACEMENT_3D('',#2661,#2051,#2052);
#1752=AXIS2_PLACEMENT_3D('',#2662,#2053,#2054);
#1753=AXIS2_PLACEMENT_3D('',#2666,#2056,#2057);
#1754=AXIS2_PLACEMENT_3D('',#2667,#2058,#2059);
#1755=AXIS2_PLACEMENT_3D('',#2668,#2060,#2061);
#1756=AXIS2_PLACEMENT_3D('',#2670,#2062,#2063);
#1757=AXIS2_PLACEMENT_3D('',#2673,#2065,#2066);
#1758=AXIS2_PLACEMENT_3D('',#2674,#2067,#2068);
#1759=AXIS2_PLACEMENT_3D('',#2678,#2070,#2071);
#1760=AXIS2_PLACEMENT_3D('',#2679,#2072,#2073);
#1761=AXIS2_PLACEMENT_3D('',#2680,#2074,#2075);
#1762=AXIS2_PLACEMENT_3D('',#2682,#2076,#2077);
#1763=AXIS2_PLACEMENT_3D('',#2685,#2079,#2080);
#1764=AXIS2_PLACEMENT_3D('',#2686,#2081,#2082);
#1765=AXIS2_PLACEMENT_3D('',#2690,#2084,#2085);
#1766=AXIS2_PLACEMENT_3D('',#2691,#2086,#2087);
#1767=AXIS2_PLACEMENT_3D('',#2692,#2088,#2089);
#1768=AXIS2_PLACEMENT_3D('',#2694,#2090,#2091);
#1769=AXIS2_PLACEMENT_3D('',#2697,#2093,#2094);
#1770=AXIS2_PLACEMENT_3D('',#2698,#2095,#2096);
#1771=AXIS2_PLACEMENT_3D('',#2702,#2098,#2099);
#1772=AXIS2_PLACEMENT_3D('',#2703,#2100,#2101);
#1773=AXIS2_PLACEMENT_3D('',#2704,#2102,#2103);
#1774=AXIS2_PLACEMENT_3D('',#2706,#2104,#2105);
#1775=AXIS2_PLACEMENT_3D('',#2709,#2107,#2108);
#1776=AXIS2_PLACEMENT_3D('',#2710,#2109,#2110);
#1777=AXIS2_PLACEMENT_3D('',#2714,#2112,#2113);
#1778=AXIS2_PLACEMENT_3D('',#2715,#2114,#2115);
#1779=AXIS2_PLACEMENT_3D('',#2716,#2116,#2117);
#1780=AXIS2_PLACEMENT_3D('',#2718,#2118,#2119);
#1781=AXIS2_PLACEMENT_3D('',#2721,#2121,#2122);
#1782=AXIS2_PLACEMENT_3D('',#2722,#2123,#2124);
#1783=AXIS2_PLACEMENT_3D('',#2726,#2126,#2127);
#1784=AXIS2_PLACEMENT_3D('',#2727,#2128,#2129);
#1785=AXIS2_PLACEMENT_3D('',#2728,#2130,#2131);
#1786=AXIS2_PLACEMENT_3D('',#2729,#2132,#2133);
#1787=AXIS2_PLACEMENT_3D('',#2730,#2134,#2135);
#1788=AXIS2_PLACEMENT_3D('',#2731,#2136,#2137);
#1789=AXIS2_PLACEMENT_3D('',#2735,#2139,#2140);
#1790=AXIS2_PLACEMENT_3D('',#2737,#2142,#2143);
#1791=AXIS2_PLACEMENT_3D('',#2740,#2145,#2146);
#1792=AXIS2_PLACEMENT_3D('',#2741,#2147,#2148);
#1793=AXIS2_PLACEMENT_3D('',#2744,#2150,#2151);
#1794=AXIS2_PLACEMENT_3D('',#2745,#2152,#2153);
#1795=AXIS2_PLACEMENT_3D('',#2748,#2155,#2156);
#1796=AXIS2_PLACEMENT_3D('',#2749,#2157,#2158);
#1797=AXIS2_PLACEMENT_3D('',#2752,#2160,#2161);
#1798=AXIS2_PLACEMENT_3D('',#2753,#2162,#2163);
#1799=AXIS2_PLACEMENT_3D('',#2757,#2165,#2166);
#1800=AXIS2_PLACEMENT_3D('',#2758,#2167,#2168);
#1801=AXIS2_PLACEMENT_3D('',#2759,#2169,#2170);
#1802=AXIS2_PLACEMENT_3D('',#2763,#2172,#2173);
#1803=AXIS2_PLACEMENT_3D('',#2765,#2174,#2175);
#1804=AXIS2_PLACEMENT_3D('',#2766,#2176,#2177);
#1805=AXIS2_PLACEMENT_3D('',#2767,#2178,#2179);
#1806=AXIS2_PLACEMENT_3D('',#2771,#2181,#2182);
#1807=AXIS2_PLACEMENT_3D('',#2772,#2183,#2184);
#1808=AXIS2_PLACEMENT_3D('',#2773,#2185,#2186);
#1809=AXIS2_PLACEMENT_3D('',#2775,#2187,#2188);
#1810=AXIS2_PLACEMENT_3D('',#2777,#2189,#2190);
#1811=AXIS2_PLACEMENT_3D('',#2778,#2191,#2192);
#1812=AXIS2_PLACEMENT_3D('',#2787,#2193,#2194);
#1813=AXIS2_PLACEMENT_3D('',#2806,#2195,#2196);
#1814=AXIS2_PLACEMENT_3D('',#2807,#2197,#2198);
#1815=AXIS2_PLACEMENT_3D('',#2809,#2199,#2200);
#1816=AXIS2_PLACEMENT_3D('',#2813,#2202,#2203);
#1817=AXIS2_PLACEMENT_3D('',#2815,#2205,#2206);
#1818=AXIS2_PLACEMENT_3D('',#2817,#2207,#2208);
#1819=AXIS2_PLACEMENT_3D('',#2819,#2209,#2210);
#1820=AXIS2_PLACEMENT_3D('',#2820,#2211,#2212);
#1821=AXIS2_PLACEMENT_3D('',#2821,#2213,#2214);
#1822=AXIS2_PLACEMENT_3D('',#2823,#2215,#2216);
#1823=AXIS2_PLACEMENT_3D('',#2825,#2218,#2219);
#1824=AXIS2_PLACEMENT_3D('',#2829,#2221,#2222);
#1825=AXIS2_PLACEMENT_3D('',#2833,#2224,#2225);
#1826=AXIS2_PLACEMENT_3D('',#2837,#2228,#2229);
#1827=AXIS2_PLACEMENT_3D('',#2842,#2231,#2232);
#1828=AXIS2_PLACEMENT_3D('',#2861,#2234,#2235);
#1829=AXIS2_PLACEMENT_3D('',#2863,#2236,#2237);
#1830=AXIS2_PLACEMENT_3D('',#2881,#2238,#2239);
#1831=AXIS2_PLACEMENT_3D('',#2882,#2240,#2241);
#1832=AXIS2_PLACEMENT_3D('',#2885,#2242,#2243);
#1833=AXIS2_PLACEMENT_3D('',#2888,#2246,#2247);
#1834=AXIS2_PLACEMENT_3D('',#2891,#2248,#2249);
#1835=AXIS2_PLACEMENT_3D('',#2892,#2250,#2251);
#1836=AXIS2_PLACEMENT_3D('',#2893,#2252,#2253);
#1837=AXIS2_PLACEMENT_3D('',#2894,#2254,#2255);
#1838=AXIS2_PLACEMENT_3D('',#2897,#2258,#2259);
#1839=AXIS2_PLACEMENT_3D('',#2900,#2260,#2261);
#1840=AXIS2_PLACEMENT_3D('',#2901,#2262,#2263);
#1841=AXIS2_PLACEMENT_3D('',#2902,#2264,#2265);
#1842=AXIS2_PLACEMENT_3D('',#2903,#2266,#2267);
#1843=AXIS2_PLACEMENT_3D('',#2906,#2270,#2271);
#1844=AXIS2_PLACEMENT_3D('',#2910,#2274,#2275);
#1845=AXIS2_PLACEMENT_3D('',#2913,#2277,#2278);
#1846=AXIS2_PLACEMENT_3D('',#2914,#2279,#2280);
#1847=AXIS2_PLACEMENT_3D('',#2919,#2283,#2284);
#1848=AXIS2_PLACEMENT_3D('',#2932,#2291,#2292);
#1849=AXIS2_PLACEMENT_3D('',#2934,#2293,#2294);
#1850=AXIS2_PLACEMENT_3D('',#2960,#2296,#2297);
#1851=AXIS2_PLACEMENT_3D('',#2961,#2298,#2299);
#1852=AXIS2_PLACEMENT_3D('',#2962,#2300,#2301);
#1853=AXIS2_PLACEMENT_3D('',#2966,#2304,#2305);
#1854=AXIS2_PLACEMENT_3D('',#2967,#2306,#2307);
#1855=AXIS2_PLACEMENT_3D('',#2970,#2309,#2310);
#1856=AXIS2_PLACEMENT_3D('',#2971,#2311,#2312);
#1857=AXIS2_PLACEMENT_3D('',#2973,#2314,#2315);
#1858=AXIS2_PLACEMENT_3D('',#2975,#2316,#2317);
#1859=AXIS2_PLACEMENT_3D('',#2977,#2318,#2319);
#1860=AXIS2_PLACEMENT_3D('',#2978,#2320,#2321);
#1861=AXIS2_PLACEMENT_3D('',#2979,#2322,#2323);
#1862=AXIS2_PLACEMENT_3D('',#2981,#2324,#2325);
#1863=AXIS2_PLACEMENT_3D('',#2982,#2326,#2327);
#1864=AXIS2_PLACEMENT_3D('',#2983,#2328,#2329);
#1865=AXIS2_PLACEMENT_3D('',#2985,#2330,#2331);
#1866=AXIS2_PLACEMENT_3D('',#2986,#2332,#2333);
#1867=AXIS2_PLACEMENT_3D('',#2987,#2334,#2335);
#1868=AXIS2_PLACEMENT_3D('',#2989,#2336,#2337);
#1869=AXIS2_PLACEMENT_3D('',#2990,#2338,#2339);
#1870=AXIS2_PLACEMENT_3D('',#2991,#2340,#2341);
#1871=AXIS2_PLACEMENT_3D('',#2993,#2342,#2343);
#1872=AXIS2_PLACEMENT_3D('',#2994,#2344,#2345);
#1873=AXIS2_PLACEMENT_3D('',#2995,#2346,#2347);
#1874=AXIS2_PLACEMENT_3D('',#2997,#2348,#2349);
#1875=AXIS2_PLACEMENT_3D('',#2998,#2350,#2351);
#1876=AXIS2_PLACEMENT_3D('',#2999,#2352,#2353);
#1877=AXIS2_PLACEMENT_3D('',#3002,#2354,#2355);
#1878=AXIS2_PLACEMENT_3D('',#3003,#2356,#2357);
#1879=AXIS2_PLACEMENT_3D('',#3004,#2358,#2359);
#1880=AXIS2_PLACEMENT_3D('',#3005,#2360,#2361);
#1881=AXIS2_PLACEMENT_3D('',#3008,#2362,#2363);
#1882=AXIS2_PLACEMENT_3D('',#3009,#2364,#2365);
#1883=AXIS2_PLACEMENT_3D('',#3010,#2366,#2367);
#1884=AXIS2_PLACEMENT_3D('',#3011,#2368,#2369);
#1885=AXIS2_PLACEMENT_3D('',#3014,#2370,#2371);
#1886=AXIS2_PLACEMENT_3D('',#3015,#2372,#2373);
#1887=AXIS2_PLACEMENT_3D('',#3016,#2374,#2375);
#1888=AXIS2_PLACEMENT_3D('',#3017,#2376,#2377);
#1889=AXIS2_PLACEMENT_3D('',#3020,#2378,#2379);
#1890=AXIS2_PLACEMENT_3D('',#3021,#2380,#2381);
#1891=AXIS2_PLACEMENT_3D('',#3022,#2382,#2383);
#1892=AXIS2_PLACEMENT_3D('',#3023,#2384,#2385);
#1893=AXIS2_PLACEMENT_3D('',#3026,#2386,#2387);
#1894=AXIS2_PLACEMENT_3D('',#3027,#2388,#2389);
#1895=AXIS2_PLACEMENT_3D('',#3028,#2390,#2391);
#1896=AXIS2_PLACEMENT_3D('',#3029,#2392,#2393);
#1897=AXIS2_PLACEMENT_3D('',#3032,#2394,#2395);
#1898=AXIS2_PLACEMENT_3D('',#3033,#2396,#2397);
#1899=AXIS2_PLACEMENT_3D('',#3034,#2398,#2399);
#1900=AXIS2_PLACEMENT_3D('',#3035,#2400,#2401);
#1901=AXIS2_PLACEMENT_3D('',#3038,#2402,#2403);
#1902=AXIS2_PLACEMENT_3D('',#3039,#2404,#2405);
#1903=AXIS2_PLACEMENT_3D('',#3040,#2406,#2407);
#1904=AXIS2_PLACEMENT_3D('',#3041,#2408,#2409);
#1905=AXIS2_PLACEMENT_3D('',#3043,#2410,#2411);
#1906=AXIS2_PLACEMENT_3D('',#3044,#2412,#2413);
#1907=AXIS2_PLACEMENT_3D('',#3045,#2414,#2415);
#1908=AXIS2_PLACEMENT_3D('',#3046,#2416,#2417);
#1909=AXIS2_PLACEMENT_3D('',#3048,#2418,#2419);
#1910=AXIS2_PLACEMENT_3D('',#3049,#2420,#2421);
#1911=AXIS2_PLACEMENT_3D('',#3050,#2422,#2423);
#1912=AXIS2_PLACEMENT_3D('',#3058,#2424,#2425);
#1913=AXIS2_PLACEMENT_3D('',#3059,#2426,#2427);
#1914=AXIS2_PLACEMENT_3D('',#3061,#2428,#2429);
#1915=AXIS2_PLACEMENT_3D('',#3063,#2430,#2431);
#1916=AXIS2_PLACEMENT_3D('',#3064,#2432,#2433);
#1917=AXIS2_PLACEMENT_3D('',#3065,#2434,#2435);
#1918=AXIS2_PLACEMENT_3D('',#3070,#2436,#2437);
#1919=AXIS2_PLACEMENT_3D('',#3076,#2438,#2439);
#1920=AXIS2_PLACEMENT_3D('',#3077,#2440,#2441);
#1921=AXIS2_PLACEMENT_3D('',#3084,#2442,#2443);
#1922=AXIS2_PLACEMENT_3D('',#3087,#2445,#2446);
#1923=AXIS2_PLACEMENT_3D('',#3088,#2447,#2448);
#1924=AXIS2_PLACEMENT_3D('',#3089,#2449,#2450);
#1925=AXIS2_PLACEMENT_3D('',#3090,#2451,#2452);
#1926=AXIS2_PLACEMENT_3D('',#3091,#2453,#2454);
#1927=AXIS2_PLACEMENT_3D('',#3094,#2457,#2458);
#1928=AXIS2_PLACEMENT_3D('',#3096,#2460,#2461);
#1929=AXIS2_PLACEMENT_3D('',#3098,#2463,#2464);
#1930=AXIS2_PLACEMENT_3D('',#3100,#2466,#2467);
#1931=AXIS2_PLACEMENT_3D('',#3102,#2469,#2470);
#1932=AXIS2_PLACEMENT_3D('',#3103,#2471,#2472);
#1933=AXIS2_PLACEMENT_3D('',#3105,#2473,#2474);
#1934=AXIS2_PLACEMENT_3D('',#3106,#2475,#2476);
#1935=AXIS2_PLACEMENT_3D('',#3107,#2477,#2478);
#1936=AXIS2_PLACEMENT_3D('',#3109,#2480,#2481);
#1937=AXIS2_PLACEMENT_3D('',#3111,#2482,#2483);
#1938=AXIS2_PLACEMENT_3D('',#3112,#2484,#2485);
#1939=AXIS2_PLACEMENT_3D('',#3113,#2486,#2487);
#1940=AXIS2_PLACEMENT_3D('',#3115,#2489,#2490);
#1941=AXIS2_PLACEMENT_3D('',#3117,#2492,#2493);
#1942=AXIS2_PLACEMENT_3D('',#3118,#2494,#2495);
#1943=AXIS2_PLACEMENT_3D('',#3120,#2497,#2498);
#1944=AXIS2_PLACEMENT_3D('',#3121,#2499,#2500);
#1945=AXIS2_PLACEMENT_3D('',#3123,#2502,#2503);
#1946=AXIS2_PLACEMENT_3D('',#3124,#2504,#2505);
#1947=AXIS2_PLACEMENT_3D('',#3125,#2506,#2507);
#1948=AXIS2_PLACEMENT_3D('',#3126,#2508,#2509);
#1949=AXIS2_PLACEMENT_3D('',#3129,#2512,#2513);
#1950=AXIS2_PLACEMENT_3D('',#3131,#2515,#2516);
#1951=AXIS2_PLACEMENT_3D('',#3133,#2518,#2519);
#1952=AXIS2_PLACEMENT_3D('',#3135,#2521,#2522);
#1953=AXIS2_PLACEMENT_3D('',#3137,#2524,#2525);
#1954=AXIS2_PLACEMENT_3D('',#3138,#2526,#2527);
#1955=AXIS2_PLACEMENT_3D('',#3139,#2528,#2529);
#1956=AXIS2_PLACEMENT_3D('',#3140,#2530,#2531);
#1957=AXIS2_PLACEMENT_3D('',#3141,#2532,#2533);
#1958=AXIS2_PLACEMENT_3D('',#3142,#2534,#2535);
#1959=AXIS2_PLACEMENT_3D('',#3143,#2536,#2537);
#1960=DIRECTION('axis',(0.,0.,1.));
#1961=DIRECTION('refdir',(1.,0.,0.));
#1962=DIRECTION('center_axis',(0.,0.819152044288989,-0.57357643635105));
#1963=DIRECTION('ref_axis',(-7.8900806685043E-64,-0.57357643635105,-0.819152044288989));
#1964=DIRECTION('',(-1.,0.,0.));
#1965=DIRECTION('',(7.27741912043222E-16,-0.57357643635105,-0.819152044288989));
#1966=DIRECTION('',(1.,1.11022302462516E-15,1.11022302462516E-16));
#1967=DIRECTION('',(7.27741912043222E-16,-0.57357643635105,-0.819152044288989));
#1968=DIRECTION('center_axis',(0.,0.819152044288986,0.573576436351055));
#1969=DIRECTION('ref_axis',(7.89008066850418E-64,0.573576436351055,-0.819152044288986));
#1970=DIRECTION('center_axis',(0.,0.819152044288986,0.573576436351055));
#1971=DIRECTION('ref_axis',(5.30664805016154E-17,0.573576436351055,-0.819152044288986));
#1972=DIRECTION('',(-5.45853619995546E-16,0.573576436351055,-0.819152044288986));
#1973=DIRECTION('',(1.,1.11022302462516E-15,1.11022302462516E-16));
#1974=DIRECTION('',(-5.45853619995546E-16,0.573576436351055,-0.819152044288986));
#1975=DIRECTION('center_axis',(0.,0.819152044288992,-0.573576436351045));
#1976=DIRECTION('ref_axis',(-1.35610761489916E-63,-0.573576436351045,-0.819152044288992));
#1977=DIRECTION('',(-7.27741912043218E-16,0.573576436351045,0.819152044288992));
#1978=DIRECTION('',(1.,1.11022302462516E-15,1.11022302462516E-16));
#1979=DIRECTION('',(7.27741912043218E-16,-0.573576436351045,-0.819152044288992));
#1980=DIRECTION('',(-1.,0.,0.));
#1981=DIRECTION('center_axis',(0.,0.819152044288992,-0.573576436351045));
#1982=DIRECTION('ref_axis',(-1.35610761489916E-63,-0.573576436351045,-0.819152044288992));
#1983=DIRECTION('',(7.27741912043218E-16,-0.573576436351045,-0.819152044288992));
#1984=DIRECTION('',(-1.,0.,0.));
#1985=DIRECTION('',(0.,0.573576436351045,0.819152044288992));
#1986=DIRECTION('',(1.,1.11022302462516E-15,1.11022302462516E-16));
#1987=DIRECTION('center_axis',(0.,0.819152044288994,0.573576436351042));
#1988=DIRECTION('ref_axis',(1.35610761489919E-63,0.573576436351042,-0.819152044288994));
#1989=DIRECTION('',(5.45853619995531E-16,-0.573576436351042,0.819152044288994));
#1990=DIRECTION('',(-5.45853619995531E-16,0.573576436351042,-0.819152044288994));
#1991=DIRECTION('',(1.,1.11022302462516E-15,1.11022302462516E-16));
#1992=DIRECTION('center_axis',(0.,0.819152044288994,0.573576436351042));
#1993=DIRECTION('ref_axis',(1.35610761489919E-63,0.573576436351042,-0.819152044288994));
#1994=DIRECTION('',(-5.45853619995531E-16,0.573576436351042,-0.819152044288994));
#1995=DIRECTION('',(1.,1.11022302462516E-15,1.11022302462516E-16));
#1996=DIRECTION('',(0.,-0.573576436351042,0.819152044288994));
#1997=DIRECTION('center_axis',(-1.,-1.11022302462516E-15,-1.11022302462516E-16));
#1998=DIRECTION('ref_axis',(1.11022302462516E-15,-1.,1.65389215948552E-15));
#1999=DIRECTION('center_axis',(-1.,0.,0.));
#2000=DIRECTION('ref_axis',(-1.11022302462516E-15,1.,0.));
#2001=DIRECTION('center_axis',(-1.,-1.11022302462516E-15,-1.11022302462516E-16));
#2002=DIRECTION('ref_axis',(-1.11022302462516E-15,1.,0.));
#2003=DIRECTION('center_axis',(-1.,0.,0.));
#2004=DIRECTION('ref_axis',(0.,-1.,0.));
#2005=DIRECTION('',(0.,1.,0.));
#2006=DIRECTION('',(0.,0.500000000000001,-0.866025403784438));
#2007=DIRECTION('',(0.,-0.499999999999999,-0.866025403784439));
#2008=DIRECTION('',(0.,-1.,0.));
#2009=DIRECTION('',(0.,-0.500000000000001,0.866025403784438));
#2010=DIRECTION('',(0.,0.499999999999999,0.866025403784439));
#2011=DIRECTION('center_axis',(-1.,-1.11022302462516E-15,-1.11022302462516E-16));
#2012=DIRECTION('ref_axis',(-1.11022302462514E-16,-1.78126000623139E-15,
1.));
#2013=DIRECTION('',(0.,1.,0.));
#2014=DIRECTION('',(-1.11022302462514E-16,-1.78126000623139E-15,1.));
#2015=DIRECTION('center_axis',(1.,1.11022302462516E-15,1.11022302462516E-16));
#2016=DIRECTION('ref_axis',(0.,0.707106781186546,-0.707106781186549));
#2017=DIRECTION('',(-1.11022302462516E-15,1.,2.22044604925031E-15));
#2018=DIRECTION('center_axis',(-1.,-1.11022302462516E-15,-1.11022302462516E-16));
#2019=DIRECTION('ref_axis',(0.,-0.707106781186551,0.707106781186544));
#2020=DIRECTION('',(1.11022302462514E-16,1.78126000623139E-15,-1.));
#2021=DIRECTION('',(1.11022302462516E-15,-1.,-2.22044604925031E-15));
#2022=DIRECTION('center_axis',(1.,1.11022302462516E-15,1.11022302462516E-16));
#2023=DIRECTION('ref_axis',(-1.11022302462516E-15,1.,0.));
#2024=DIRECTION('center_axis',(0.,-1.,0.));
#2025=DIRECTION('ref_axis',(-0.693490464678768,-3.93557184452323E-30,0.720465804462382));
#2026=DIRECTION('',(-0.559292037620582,-0.707106781186548,0.432657389459855));
#2027=DIRECTION('center_axis',(3.08785789536869E-30,-1.,-7.67899205503824E-30));
#2028=DIRECTION('ref_axis',(-0.693490464678768,-7.6738511951146E-30,0.720465804462382));
#2029=DIRECTION('',(0.702114204798039,0.707106781186545,-0.0838787423655207));
#2030=DIRECTION('center_axis',(-3.08785789536869E-30,1.,7.67899205503824E-30));
#2031=DIRECTION('ref_axis',(-0.693490464678768,0.,0.720465804462381));
#2032=DIRECTION('center_axis',(0.,1.,0.));
#2033=DIRECTION('ref_axis',(0.999991853048594,1.25869717965411E-30,0.00403656245336561));
#2034=DIRECTION('center_axis',(3.08785789536869E-30,-1.,-7.67899205503824E-30));
#2035=DIRECTION('ref_axis',(0.999991853048594,0.,0.00403656245336561));
#2036=DIRECTION('',(-0.555780942904154,-0.707106781186546,-0.437158487856031));
#2037=DIRECTION('center_axis',(-3.08785789536869E-30,1.,7.67899205503824E-30));
#2038=DIRECTION('ref_axis',(0.999991853048594,3.05683600773141E-30,0.00403656245336561));
#2039=DIRECTION('center_axis',(0.,-1.,0.));
#2040=DIRECTION('ref_axis',(-0.999818066210938,-1.65845394115585E-30,0.0190744456858061));
#2041=DIRECTION('',(-0.701414166482692,-0.707106781186544,-0.0895442184476239));
#2042=DIRECTION('center_axis',(3.08785789536869E-30,-1.,-7.67899205503824E-30));
#2043=DIRECTION('ref_axis',(-0.999818066210938,-3.23376862655726E-30,0.0190744456858061));
#2044=DIRECTION('center_axis',(-3.08785789536869E-30,1.,7.67899205503824E-30));
#2045=DIRECTION('ref_axis',(-0.999818066210938,0.,0.0190744456858061));
#2046=DIRECTION('center_axis',(0.,1.,0.));
#2047=DIRECTION('ref_axis',(0.704246739738503,-1.34940534277772E-30,0.70995530110542));
#2048=DIRECTION('center_axis',(3.08785789536869E-30,-1.,-7.67899205503824E-30));
#2049=DIRECTION('ref_axis',(0.704246739738504,0.,0.70995530110542));
#2050=DIRECTION('',(-0.0838787423655212,-0.707106781186549,-0.702114204798035));
#2051=DIRECTION('center_axis',(-3.08785789536869E-30,1.,7.67899205503824E-30));
#2052=DIRECTION('ref_axis',(0.704246739738504,-3.2771272610316E-30,0.70995530110542));
#2053=DIRECTION('center_axis',(0.,-1.,0.));
#2054=DIRECTION('ref_axis',(-0.720465804462382,1.59016378836952E-30,-0.693490464678767));
#2055=DIRECTION('',(-0.43265738945985,-0.707106781186554,-0.559292037620578));
#2056=DIRECTION('center_axis',(3.08785789536869E-30,-1.,-7.67899205503824E-30));
#2057=DIRECTION('ref_axis',(-0.720465804462382,3.10061174586071E-30,-0.693490464678767));
#2058=DIRECTION('center_axis',(-3.08785789536869E-30,1.,7.67899205503824E-30));
#2059=DIRECTION('ref_axis',(-0.720465804462382,0.,-0.693490464678767));
#2060=DIRECTION('center_axis',(0.,1.,0.));
#2061=DIRECTION('ref_axis',(-0.00403656245336111,-3.16704451654906E-30,
0.999991853048594));
#2062=DIRECTION('center_axis',(3.08785789536869E-30,-1.,-7.67899205503824E-30));
#2063=DIRECTION('ref_axis',(-0.00403656245336111,0.,0.999991853048594));
#2064=DIRECTION('',(0.437158487856033,-0.70710678118655,-0.555780942904148));
#2065=DIRECTION('center_axis',(-3.08785789536869E-30,1.,7.67899205503824E-30));
#2066=DIRECTION('ref_axis',(-0.00403656245336111,-7.69139382590487E-30,
0.999991853048594));
#2067=DIRECTION('center_axis',(0.,-1.,0.));
#2068=DIRECTION('ref_axis',(-0.0190744456858033,3.90728513706261E-30,-0.999818066210938));
#2069=DIRECTION('',(0.0895442184476274,-0.70710678118654,-0.701414166482695));
#2070=DIRECTION('center_axis',(3.08785789536869E-30,-1.,-7.67899205503824E-30));
#2071=DIRECTION('ref_axis',(-0.0190744456858033,7.6186958092068E-30,-0.999818066210938));
#2072=DIRECTION('center_axis',(-3.08785789536869E-30,1.,7.67899205503824E-30));
#2073=DIRECTION('ref_axis',(-0.0190744456858033,0.,-0.999818066210938));
#2074=DIRECTION('center_axis',(0.,1.,0.));
#2075=DIRECTION('ref_axis',(-0.709955301105422,-3.12947196516531E-30,0.704246739738503));
#2076=DIRECTION('center_axis',(3.08785789536869E-30,-1.,-7.67899205503824E-30));
#2077=DIRECTION('ref_axis',(-0.709955301105422,0.,0.704246739738502));
#2078=DIRECTION('',(0.702114204798041,-0.707106781186543,-0.0838787423655205));
#2079=DIRECTION('center_axis',(-3.08785789536869E-30,1.,7.67899205503824E-30));
#2080=DIRECTION('ref_axis',(-0.709955301105422,-7.60014620111577E-30,0.704246739738502));
#2081=DIRECTION('center_axis',(0.,-1.,0.));
#2082=DIRECTION('ref_axis',(0.693490464678768,3.93557184452323E-30,-0.720465804462382));
#2083=DIRECTION('',(0.559292037620583,-0.707106781186547,-0.432657389459855));
#2084=DIRECTION('center_axis',(3.08785789536869E-30,-1.,-7.67899205503824E-30));
#2085=DIRECTION('ref_axis',(0.693490464678768,7.6738511951146E-30,-0.720465804462382));
#2086=DIRECTION('center_axis',(-3.08785789536869E-30,1.,7.67899205503824E-30));
#2087=DIRECTION('ref_axis',(0.693490464678768,0.,-0.720465804462382));
#2088=DIRECTION('center_axis',(0.,1.,0.));
#2089=DIRECTION('ref_axis',(-0.999991853048594,-1.25869717965412E-30,-0.0040365624533611));
#2090=DIRECTION('center_axis',(3.08785789536869E-30,-1.,-7.67899205503824E-30));
#2091=DIRECTION('ref_axis',(-0.999991853048594,0.,-0.0040365624533611));
#2092=DIRECTION('',(0.555780942904152,-0.707106781186547,0.437158487856031));
#2093=DIRECTION('center_axis',(-3.08785789536869E-30,1.,7.67899205503824E-30));
#2094=DIRECTION('ref_axis',(-0.999991853048594,-3.05683600773144E-30,-0.0040365624533611));
#2095=DIRECTION('center_axis',(0.,-1.,0.));
#2096=DIRECTION('ref_axis',(0.999818066210938,1.65845394115584E-30,-0.0190744456858036));
#2097=DIRECTION('',(0.701414166482689,-0.707106781186547,0.0895442184476241));
#2098=DIRECTION('center_axis',(3.08785789536869E-30,-1.,-7.67899205503824E-30));
#2099=DIRECTION('ref_axis',(0.999818066210938,3.23376862655725E-30,-0.0190744456858036));
#2100=DIRECTION('center_axis',(-3.08785789536869E-30,1.,7.67899205503824E-30));
#2101=DIRECTION('ref_axis',(0.999818066210938,0.,-0.0190744456858036));
#2102=DIRECTION('center_axis',(0.,1.,0.));
#2103=DIRECTION('ref_axis',(-0.704246739738506,1.34940534277771E-30,-0.709955301105418));
#2104=DIRECTION('center_axis',(3.08785789536869E-30,-1.,-7.67899205503824E-30));
#2105=DIRECTION('ref_axis',(-0.704246739738506,0.,-0.709955301105418));
#2106=DIRECTION('',(0.0838787423655217,-0.707106781186553,0.70211420479803));
#2107=DIRECTION('center_axis',(-3.08785789536869E-30,1.,7.67899205503824E-30));
#2108=DIRECTION('ref_axis',(-0.704246739738506,3.27712726103158E-30,-0.709955301105418));
#2109=DIRECTION('center_axis',(0.,-1.,0.));
#2110=DIRECTION('ref_axis',(0.720465804462382,-1.59016378836953E-30,0.693490464678768));
#2111=DIRECTION('',(0.432657389459853,-0.707106781186545,0.559292037620587));
#2112=DIRECTION('center_axis',(3.08785789536869E-30,-1.,-7.67899205503824E-30));
#2113=DIRECTION('ref_axis',(0.720465804462382,-3.10061174586071E-30,0.693490464678768));
#2114=DIRECTION('center_axis',(-3.08785789536869E-30,1.,7.67899205503824E-30));
#2115=DIRECTION('ref_axis',(0.720465804462382,0.,0.693490464678768));
#2116=DIRECTION('center_axis',(0.,1.,0.));
#2117=DIRECTION('ref_axis',(0.00403656245336334,3.16704451654907E-30,-0.999991853048594));
#2118=DIRECTION('center_axis',(3.08785789536869E-30,-1.,-7.67899205503824E-30));
#2119=DIRECTION('ref_axis',(0.00403656245336334,0.,-0.999991853048594));
#2120=DIRECTION('',(-0.437158487856034,-0.707106781186545,0.555780942904153));
#2121=DIRECTION('center_axis',(-3.08785789536869E-30,1.,7.67899205503824E-30));
#2122=DIRECTION('ref_axis',(0.00403656245336334,7.69139382590488E-30,-0.999991853048594));
#2123=DIRECTION('center_axis',(0.,-1.,0.));
#2124=DIRECTION('ref_axis',(0.0190744456858049,-3.90728513706261E-30,0.999818066210938));
#2125=DIRECTION('',(-0.0895442184476238,-0.707106781186545,0.701414166482691));
#2126=DIRECTION('center_axis',(3.08785789536869E-30,-1.,-7.67899205503824E-30));
#2127=DIRECTION('ref_axis',(0.0190744456858049,-7.61869580920679E-30,0.999818066210938));
#2128=DIRECTION('center_axis',(-3.08785789536869E-30,1.,7.67899205503824E-30));
#2129=DIRECTION('ref_axis',(0.0190744456858049,0.,0.999818066210938));
#2130=DIRECTION('center_axis',(0.,1.,0.));
#2131=DIRECTION('ref_axis',(0.709955301105414,3.12947196516534E-30,-0.70424673973851));
#2132=DIRECTION('center_axis',(3.08785789536869E-30,-1.,-7.67899205503824E-30));
#2133=DIRECTION('ref_axis',(0.709955301105414,0.,-0.70424673973851));
#2134=DIRECTION('center_axis',(-3.08785789536869E-30,1.,7.67899205503824E-30));
#2135=DIRECTION('ref_axis',(0.709955301105414,7.60014620111581E-30,-0.70424673973851));
#2136=DIRECTION('center_axis',(0.,-1.,0.));
#2137=DIRECTION('ref_axis',(-0.709955301105422,0.,0.704246739738502));
#2138=DIRECTION('',(0.,1.,0.));
#2139=DIRECTION('center_axis',(-3.08785789536869E-30,1.,7.67899205503824E-30));
#2140=DIRECTION('ref_axis',(-0.709955301105422,0.,0.704246739738502));
#2141=DIRECTION('',(0.,-1.,0.));
#2142=DIRECTION('center_axis',(0.,-1.,0.));
#2143=DIRECTION('ref_axis',(-0.0190744456858033,0.,-0.999818066210938));
#2144=DIRECTION('',(0.,-1.,0.));
#2145=DIRECTION('center_axis',(3.08785789536869E-30,-1.,-7.67899205503824E-30));
#2146=DIRECTION('ref_axis',(0.386409612094129,0.,-0.922327280135021));
#2147=DIRECTION('center_axis',(0.,-1.,0.));
#2148=DIRECTION('ref_axis',(-0.00403656245336111,0.,0.999991853048594));
#2149=DIRECTION('',(0.,1.,0.));
#2150=DIRECTION('center_axis',(-3.08785789536869E-30,1.,7.67899205503824E-30));
#2151=DIRECTION('ref_axis',(-0.00403656245336493,0.,0.999991853048594));
#2152=DIRECTION('center_axis',(0.,-1.,0.));
#2153=DIRECTION('ref_axis',(-0.720465804462382,0.,-0.693490464678767));
#2154=DIRECTION('',(0.,-1.,0.));
#2155=DIRECTION('center_axis',(3.08785789536869E-30,-1.,-7.67899205503824E-30));
#2156=DIRECTION('ref_axis',(-0.378951017229397,0.,-0.925416731284239));
#2157=DIRECTION('center_axis',(0.,-1.,0.));
#2158=DIRECTION('ref_axis',(0.704246739738504,0.,0.709955301105421));
#2159=DIRECTION('',(0.,1.,0.));
#2160=DIRECTION('center_axis',(-3.08785789536869E-30,1.,7.67899205503824E-30));
#2161=DIRECTION('ref_axis',(0.704246739738502,0.,0.709955301105422));
#2162=DIRECTION('center_axis',(0.,-1.,0.));
#2163=DIRECTION('ref_axis',(-0.999818066210938,0.,0.0190744456858061));
#2164=DIRECTION('',(0.,-1.,0.));
#2165=DIRECTION('center_axis',(3.08785789536869E-30,-1.,-7.67899205503824E-30));
#2166=DIRECTION('ref_axis',(-0.785992947163559,2.32039067655905E-30,-0.618235462432513));
#2167=DIRECTION('center_axis',(3.08785789536869E-30,-1.,-7.67899205503824E-30));
#2168=DIRECTION('ref_axis',(-0.922327280135021,0.,-0.386409612094129));
#2169=DIRECTION('center_axis',(0.,-1.,0.));
#2170=DIRECTION('ref_axis',(0.999991853048594,0.,0.00403656245336561));
#2171=DIRECTION('',(0.,1.,0.));
#2172=DIRECTION('center_axis',(-3.08785789536869E-30,1.,7.67899205503824E-30));
#2173=DIRECTION('ref_axis',(0.790958384930314,7.14091156349304E-30,-0.611869948035062));
#2174=DIRECTION('center_axis',(-3.08785789536869E-30,1.,7.67899205503824E-30));
#2175=DIRECTION('ref_axis',(0.999991853048594,0.,0.00403656245336136));
#2176=DIRECTION('center_axis',(-3.08785789536869E-30,1.,7.67899205503824E-30));
#2177=DIRECTION('ref_axis',(0.78599294716356,0.,0.618235462432512));
#2178=DIRECTION('center_axis',(0.,-1.,0.));
#2179=DIRECTION('ref_axis',(-0.693490464678768,0.,0.720465804462381));
#2180=DIRECTION('',(0.,-1.,0.));
#2181=DIRECTION('center_axis',(3.08785789536869E-30,-1.,-7.67899205503824E-30));
#2182=DIRECTION('ref_axis',(-0.925416731284239,0.,0.378951017229396));
#2183=DIRECTION('center_axis',(3.08785789536869E-30,-1.,-7.67899205503824E-30));
#2184=DIRECTION('ref_axis',(-0.790958384930313,0.,0.611869948035063));
#2185=DIRECTION('center_axis',(3.08785789536869E-30,-1.,-7.67899205503824E-30));
#2186=DIRECTION('ref_axis',(0.999991853048594,3.05683600773142E-30,0.00403656245336403));
#2187=DIRECTION('center_axis',(-3.18726077674762E-30,1.,7.87580763885176E-30));
#2188=DIRECTION('ref_axis',(-0.999991853048594,-3.15544362088405E-30,-0.00403656245336403));
#2189=DIRECTION('center_axis',(-3.08785789536869E-30,1.,7.67899205503824E-30));
#2190=DIRECTION('ref_axis',(-0.999991853048594,-3.05683600773142E-30,-0.00403656245336403));
#2191=DIRECTION('center_axis',(-1.48895283683299E-31,1.,1.29321459872297E-31));
#2192=DIRECTION('ref_axis',(0.,0.,1.));
#2193=DIRECTION('center_axis',(1.48895283683299E-31,-1.,-1.29321459872297E-31));
#2194=DIRECTION('ref_axis',(5.82412078491894E-15,-1.29321459872296E-31,
1.));
#2195=DIRECTION('center_axis',(-1.48895283683299E-31,1.,1.29321459872297E-31));
#2196=DIRECTION('ref_axis',(5.82412078491894E-15,0.,1.));
#2197=DIRECTION('center_axis',(1.11022302462516E-15,-1.,-2.22044604925031E-15));
#2198=DIRECTION('ref_axis',(0.850420064270759,0.,0.526104280809154));
#2199=DIRECTION('center_axis',(1.48895283683299E-31,-1.,-1.29321459872297E-31));
#2200=DIRECTION('ref_axis',(0.850420064270759,0.,0.526104280809154));
#2201=DIRECTION('',(1.11022302462516E-15,-1.,-2.22044604925031E-15));
#2202=DIRECTION('center_axis',(3.08785789536869E-30,-1.,-7.67899205503824E-30));
#2203=DIRECTION('ref_axis',(0.850420064270759,0.,0.526104280809154));
#2204=DIRECTION('',(-1.11022302462516E-15,1.,2.22044604925031E-15));
#2205=DIRECTION('center_axis',(-1.48895283683299E-31,1.,1.29321459872297E-31));
#2206=DIRECTION('ref_axis',(-1.,-1.48895283683299E-31,0.));
#2207=DIRECTION('center_axis',(1.48895283683299E-31,-1.,-1.29321459872297E-31));
#2208=DIRECTION('ref_axis',(-0.850420064270761,0.,0.526104280809151));
#2209=DIRECTION('center_axis',(9.04796136993383E-32,-1.,-2.27554172226737E-32));
#2210=DIRECTION('ref_axis',(-0.24390243902439,0.,-0.969799773271758));
#2211=DIRECTION('center_axis',(9.04796136993383E-32,-1.,-2.27554172226737E-32));
#2212=DIRECTION('ref_axis',(-0.24390243902439,0.,-0.969799773271758));
#2213=DIRECTION('center_axis',(-1.11022302462516E-15,1.,2.22044604925031E-15));
#2214=DIRECTION('ref_axis',(-0.850420064270761,0.,0.526104280809151));
#2215=DIRECTION('center_axis',(3.08785789536869E-30,-1.,-7.67899205503824E-30));
#2216=DIRECTION('ref_axis',(-0.850420064270761,0.,0.526104280809151));
#2217=DIRECTION('',(-1.11022302462516E-15,1.,2.22044604925031E-15));
#2218=DIRECTION('center_axis',(1.,1.11022302462516E-15,1.11022302462516E-16));
#2219=DIRECTION('ref_axis',(1.11022302462514E-16,1.78126000623139E-15,-1.));
#2220=DIRECTION('',(-1.11022302462514E-16,-1.78126000623139E-15,1.));
#2221=DIRECTION('center_axis',(1.,1.11022302462516E-15,1.11022302462516E-16));
#2222=DIRECTION('ref_axis',(0.,-0.707106781186551,0.707106781186544));
#2223=DIRECTION('',(-1.11022302462516E-15,1.,2.22044604925031E-15));
#2224=DIRECTION('center_axis',(-1.,-1.11022302462516E-15,-1.11022302462516E-16));
#2225=DIRECTION('ref_axis',(0.,0.707106781186548,-0.707106781186548));
#2226=DIRECTION('',(1.11022302462514E-16,1.78126000623139E-15,-1.));
#2227=DIRECTION('',(0.,1.,0.));
#2228=DIRECTION('center_axis',(1.11022302462516E-16,7.67899205503824E-30,
-1.));
#2229=DIRECTION('ref_axis',(0.707106781186548,-0.707106781186548,0.));
#2230=DIRECTION('',(1.11022302462516E-16,7.67899205503824E-30,-1.));
#2231=DIRECTION('center_axis',(0.,0.,-1.));
#2232=DIRECTION('ref_axis',(1.,0.,0.));
#2233=DIRECTION('',(-1.11022302462516E-16,-7.67899205503824E-30,1.));
#2234=DIRECTION('center_axis',(3.08785789536869E-30,-1.,-7.67899205503824E-30));
#2235=DIRECTION('ref_axis',(0.,0.,1.));
#2236=DIRECTION('center_axis',(-3.08785789536869E-30,1.,7.67899205503824E-30));
#2237=DIRECTION('ref_axis',(-1.01241242471106E-30,-7.67899205503824E-30,
1.));
#2238=DIRECTION('center_axis',(3.08785789536869E-30,-1.,-7.67899205503824E-30));
#2239=DIRECTION('ref_axis',(-1.01241242471106E-30,0.,1.));
#2240=DIRECTION('center_axis',(1.,3.08785789536869E-30,1.11022302462514E-16));
#2241=DIRECTION('ref_axis',(0.,-0.707106781186551,0.707106781186544));
#2242=DIRECTION('center_axis',(1.,0.,0.));
#2243=DIRECTION('ref_axis',(0.,0.,1.));
#2244=DIRECTION('',(-1.,-3.08785789536869E-30,-1.11022302462514E-16));
#2245=DIRECTION('',(1.,3.08785789536869E-30,1.11022302462514E-16));
#2246=DIRECTION('center_axis',(-3.08785789536869E-30,1.,7.67899205503824E-30));
#2247=DIRECTION('ref_axis',(0.,0.,1.));
#2248=DIRECTION('center_axis',(0.,0.,1.));
#2249=DIRECTION('ref_axis',(-1.,0.,0.));
#2250=DIRECTION('center_axis',(-3.08785789536869E-30,1.,7.67899205503824E-30));
#2251=DIRECTION('ref_axis',(0.707106781186542,7.61331261195081E-30,-0.707106781186553));
#2252=DIRECTION('center_axis',(3.08785789536869E-30,-1.,-7.67899205503824E-30));
#2253=DIRECTION('ref_axis',(0.707106781186542,0.,-0.707106781186553));
#2254=DIRECTION('center_axis',(-1.11022302462516E-16,-7.67899205503824E-30,
1.));
#2255=DIRECTION('ref_axis',(-0.707106781186544,-0.707106781186551,0.));
#2256=DIRECTION('',(1.11022302462516E-16,7.67899205503824E-30,-1.));
#2257=DIRECTION('',(-1.11022302462516E-16,-7.67899205503824E-30,1.));
#2258=DIRECTION('center_axis',(-3.08785789536869E-30,1.,7.67899205503824E-30));
#2259=DIRECTION('ref_axis',(0.,0.,1.));
#2260=DIRECTION('center_axis',(1.,0.,0.));
#2261=DIRECTION('ref_axis',(0.,0.,1.));
#2262=DIRECTION('center_axis',(-3.08785789536869E-30,1.,7.67899205503824E-30));
#2263=DIRECTION('ref_axis',(-0.707106781186542,3.2464220976396E-30,-0.707106781186553));
#2264=DIRECTION('center_axis',(3.08785789536869E-30,-1.,-7.67899205503824E-30));
#2265=DIRECTION('ref_axis',(-0.707106781186542,0.,-0.707106781186553));
#2266=DIRECTION('center_axis',(1.,3.08785789536869E-30,1.11022302462514E-16));
#2267=DIRECTION('ref_axis',(0.,-0.707106781186551,0.707106781186544));
#2268=DIRECTION('',(-1.,-3.08785789536869E-30,-1.11022302462514E-16));
#2269=DIRECTION('',(1.,3.08785789536869E-30,1.11022302462514E-16));
#2270=DIRECTION('center_axis',(1.11022302462514E-16,2.22044604925031E-15,
-1.));
#2271=DIRECTION('ref_axis',(-1.,-7.0377459781293E-16,-1.11022302462516E-16));
#2272=DIRECTION('',(1.11022302462516E-15,-1.,-2.22044604925031E-15));
#2273=DIRECTION('',(-1.,-7.0377459781293E-16,-1.11022302462516E-16));
#2274=DIRECTION('center_axis',(-1.11022302462516E-15,1.,2.22044604925031E-15));
#2275=DIRECTION('ref_axis',(-0.707106781186548,0.,-0.707106781186548));
#2276=DIRECTION('',(-1.11022302462516E-15,1.,2.22044604925031E-15));
#2277=DIRECTION('center_axis',(0.,-1.,0.));
#2278=DIRECTION('ref_axis',(-1.,0.,0.));
#2279=DIRECTION('center_axis',(-1.,-1.11022302462516E-15,-1.11022302462516E-16));
#2280=DIRECTION('ref_axis',(-1.11022302462514E-16,-1.78126000623139E-15,
1.));
#2281=DIRECTION('',(-1.11022302462516E-15,1.,2.22044604925031E-15));
#2282=DIRECTION('',(-1.11022302462514E-16,-1.78126000623139E-15,1.));
#2283=DIRECTION('center_axis',(1.,1.11022302462516E-15,1.11022302462516E-16));
#2284=DIRECTION('ref_axis',(-7.065416064077E-16,0.707106781186549,-0.707106781186546));
#2285=DIRECTION('',(-4.58963377993401E-16,0.500000000000001,-0.866025403784438));
#2286=DIRECTION('',(-1.11022302462516E-15,1.,0.));
#2287=DIRECTION('',(-6.51259646631756E-16,0.499999999999999,0.866025403784439));
#2288=DIRECTION('',(4.58963377993401E-16,-0.500000000000001,0.866025403784438));
#2289=DIRECTION('',(1.11022302462516E-15,-1.,0.));
#2290=DIRECTION('',(6.51259646631756E-16,-0.499999999999999,-0.866025403784439));
#2291=DIRECTION('center_axis',(-1.11022302462516E-15,1.,2.22044604925031E-15));
#2292=DIRECTION('ref_axis',(-6.25637974942454E-15,-2.22044604925032E-15,
1.));
#2293=DIRECTION('center_axis',(7.0377459781293E-16,-1.,-1.78126000623139E-15));
#2294=DIRECTION('ref_axis',(-1.,0.,0.));
#2295=DIRECTION('',(-1.11022302462516E-15,1.,2.22044604925031E-15));
#2296=DIRECTION('center_axis',(7.0377459781293E-16,-1.,-1.78126000623139E-15));
#2297=DIRECTION('ref_axis',(-1.,0.,0.));
#2298=DIRECTION('center_axis',(1.,1.11022302462516E-15,1.11022302462516E-16));
#2299=DIRECTION('ref_axis',(1.11022302462514E-16,1.78126000623139E-15,-1.));
#2300=DIRECTION('center_axis',(-1.,-1.11022302462516E-15,-1.11022302462516E-16));
#2301=DIRECTION('ref_axis',(-1.11022302462516E-15,1.,0.));
#2302=DIRECTION('',(1.11022302462514E-16,1.78126000623139E-15,-1.));
#2303=DIRECTION('',(1.11022302462516E-15,-1.,-2.22044604925031E-15));
#2304=DIRECTION('center_axis',(-1.,-1.11022302462516E-15,-1.11022302462516E-16));
#2305=DIRECTION('ref_axis',(-7.065416064077E-16,0.707106781186549,-0.707106781186547));
#2306=DIRECTION('center_axis',(-1.11022302462516E-15,1.,2.22044604925031E-15));
#2307=DIRECTION('ref_axis',(0.707106781186548,0.,-0.707106781186548));
#2308=DIRECTION('',(-1.11022302462516E-15,1.,2.22044604925031E-15));
#2309=DIRECTION('center_axis',(0.,-1.,0.));
#2310=DIRECTION('ref_axis',(0.,0.,-1.));
#2311=DIRECTION('center_axis',(1.11022302462514E-16,2.22044604925031E-15,
-1.));
#2312=DIRECTION('ref_axis',(-1.,-7.0377459781293E-16,-1.11022302462516E-16));
#2313=DIRECTION('',(-1.,-7.0377459781293E-16,-1.11022302462516E-16));
#2314=DIRECTION('center_axis',(3.08785789536869E-30,-1.,-7.67899205503824E-30));
#2315=DIRECTION('ref_axis',(0.,0.,-1.));
#2316=DIRECTION('center_axis',(0.126634648160725,0.,-0.991949427080438));
#2317=DIRECTION('ref_axis',(0.,1.,0.));
#2318=DIRECTION('center_axis',(-0.579358465096104,-7.23930125723016E-15,
0.815072861112113));
#2319=DIRECTION('ref_axis',(0.815072861112113,0.,0.579358465096104));
#2320=DIRECTION('center_axis',(-3.08785789536869E-30,1.,7.67899205503824E-30));
#2321=DIRECTION('ref_axis',(-0.922327280135021,1.19220767182366E-31,-0.386409612094129));
#2322=DIRECTION('center_axis',(3.08785789536869E-30,-1.,-7.67899205503824E-30));
#2323=DIRECTION('ref_axis',(0.,0.,-1.));
#2324=DIRECTION('center_axis',(0.992939430760184,0.,-0.118622455048118));
#2325=DIRECTION('ref_axis',(0.,1.,0.));
#2326=DIRECTION('center_axis',(3.08785789536869E-30,-1.,-7.67899205503824E-30));
#2327=DIRECTION('ref_axis',(0.704246739738502,-3.27712726103162E-30,0.709955301105422));
#2328=DIRECTION('center_axis',(3.08785789536869E-30,-1.,-7.67899205503824E-30));
#2329=DIRECTION('ref_axis',(0.,0.,-1.));
#2330=DIRECTION('center_axis',(0.790958384930315,0.,-0.61186994803506));
#2331=DIRECTION('ref_axis',(0.,1.,0.));
#2332=DIRECTION('center_axis',(-3.08785789536869E-30,1.,7.67899205503824E-30));
#2333=DIRECTION('ref_axis',(-0.378951017229397,5.93612083662134E-30,-0.925416731284239));
#2334=DIRECTION('center_axis',(3.08785789536869E-30,-1.,-7.67899205503824E-30));
#2335=DIRECTION('ref_axis',(-0.00403656245336207,0.,0.999991853048594));
#2336=DIRECTION('center_axis',(0.785992947163557,0.,0.618235462432516));
#2337=DIRECTION('ref_axis',(0.,1.,0.));
#2338=DIRECTION('center_axis',(3.08785789536869E-30,-1.,-7.67899205503824E-30));
#2339=DIRECTION('ref_axis',(-0.00403656245336493,-7.69139382590489E-30,
0.999991853048594));
#2340=DIRECTION('center_axis',(3.08785789536869E-30,-1.,-7.67899205503824E-30));
#2341=DIRECTION('ref_axis',(0.,0.,-1.));
#2342=DIRECTION('center_axis',(0.991949427080437,0.,0.12663464816073));
#2343=DIRECTION('ref_axis',(0.,1.,0.));
#2344=DIRECTION('center_axis',(-3.08785789536869E-30,1.,7.67899205503824E-30));
#2345=DIRECTION('ref_axis',(0.386409612094129,8.27572182785306E-30,-0.922327280135021));
#2346=DIRECTION('center_axis',(3.08785789536869E-30,-1.,-7.67899205503824E-30));
#2347=DIRECTION('ref_axis',(0.,0.,-1.));
#2348=DIRECTION('center_axis',(0.118622455048118,0.,0.992939430760184));
#2349=DIRECTION('ref_axis',(0.,1.,0.));
#2350=DIRECTION('center_axis',(3.08785789536869E-30,-1.,-7.67899205503824E-30));
#2351=DIRECTION('ref_axis',(-0.709955301105422,-7.60014620111577E-30,0.704246739738502));
#2352=DIRECTION('center_axis',(3.08785789536869E-30,-1.,-7.67899205503824E-30));
#2353=DIRECTION('ref_axis',(0.,0.,-1.));
#2354=DIRECTION('center_axis',(0.611869948035065,0.,0.790958384930312));
#2355=DIRECTION('ref_axis',(0.,1.,0.));
#2356=DIRECTION('center_axis',(3.08785789536869E-30,-1.,-7.67899205503824E-30));
#2357=DIRECTION('ref_axis',(0.925416731284239,0.,-0.378951017229396));
#2358=DIRECTION('center_axis',(-3.08785789536869E-30,1.,7.67899205503824E-30));
#2359=DIRECTION('ref_axis',(0.925416731284239,5.76751721075551E-30,-0.378951017229396));
#2360=DIRECTION('center_axis',(3.08785789536869E-30,-1.,-7.67899205503824E-30));
#2361=DIRECTION('ref_axis',(0.,0.,-1.));
#2362=DIRECTION('center_axis',(-0.61823546243251,0.,0.785992947163561));
#2363=DIRECTION('ref_axis',(0.,1.,0.));
#2364=DIRECTION('center_axis',(-3.08785789536869E-30,1.,7.67899205503824E-30));
#2365=DIRECTION('ref_axis',(-0.999991853048594,0.,-0.00403656245336492));
#2366=DIRECTION('center_axis',(3.08785789536869E-30,-1.,-7.67899205503824E-30));
#2367=DIRECTION('ref_axis',(-0.999991853048594,-3.05683600773141E-30,-0.00403656245336492));
#2368=DIRECTION('center_axis',(3.08785789536869E-30,-1.,-7.67899205503824E-30));
#2369=DIRECTION('ref_axis',(0.,0.,-1.));
#2370=DIRECTION('center_axis',(-0.126634648160734,0.,0.991949427080437));
#2371=DIRECTION('ref_axis',(0.,1.,0.));
#2372=DIRECTION('center_axis',(3.08785789536869E-30,-1.,-7.67899205503824E-30));
#2373=DIRECTION('ref_axis',(0.922327280135021,0.,0.386409612094128));
#2374=DIRECTION('center_axis',(-3.08785789536869E-30,1.,7.67899205503824E-30));
#2375=DIRECTION('ref_axis',(0.922327280135021,-1.19220767182361E-31,0.386409612094128));
#2376=DIRECTION('center_axis',(3.08785789536869E-30,-1.,-7.67899205503824E-30));
#2377=DIRECTION('ref_axis',(0.,0.,-1.));
#2378=DIRECTION('center_axis',(-0.992939430760183,0.,0.118622455048119));
#2379=DIRECTION('ref_axis',(0.,1.,0.));
#2380=DIRECTION('center_axis',(-3.08785789536869E-30,1.,7.67899205503824E-30));
#2381=DIRECTION('ref_axis',(-0.704246739738507,0.,-0.709955301105417));
#2382=DIRECTION('center_axis',(3.08785789536869E-30,-1.,-7.67899205503824E-30));
#2383=DIRECTION('ref_axis',(-0.704246739738507,3.27712726103157E-30,-0.709955301105417));
#2384=DIRECTION('center_axis',(3.08785789536869E-30,-1.,-7.67899205503824E-30));
#2385=DIRECTION('ref_axis',(0.,0.,-1.));
#2386=DIRECTION('center_axis',(-0.790958384930312,0.,0.611869948035065));
#2387=DIRECTION('ref_axis',(0.,1.,0.));
#2388=DIRECTION('center_axis',(3.08785789536869E-30,-1.,-7.67899205503824E-30));
#2389=DIRECTION('ref_axis',(0.378951017229396,0.,0.925416731284239));
#2390=DIRECTION('center_axis',(-3.08785789536869E-30,1.,7.67899205503824E-30));
#2391=DIRECTION('ref_axis',(0.378951017229396,-5.93612083662134E-30,0.925416731284239));
#2392=DIRECTION('center_axis',(3.08785789536869E-30,-1.,-7.67899205503824E-30));
#2393=DIRECTION('ref_axis',(0.,0.,-1.));
#2394=DIRECTION('center_axis',(-0.78599294716356,0.,-0.618235462432512));
#2395=DIRECTION('ref_axis',(0.,1.,0.));
#2396=DIRECTION('center_axis',(-3.08785789536869E-30,1.,7.67899205503824E-30));
#2397=DIRECTION('ref_axis',(0.00403656245336314,0.,-0.999991853048594));
#2398=DIRECTION('center_axis',(3.08785789536869E-30,-1.,-7.67899205503824E-30));
#2399=DIRECTION('ref_axis',(0.00403656245336314,7.69139382590488E-30,-0.999991853048594));
#2400=DIRECTION('center_axis',(3.08785789536869E-30,-1.,-7.67899205503824E-30));
#2401=DIRECTION('ref_axis',(0.,0.,-1.));
#2402=DIRECTION('center_axis',(-0.991949427080437,0.,-0.126634648160735));
#2403=DIRECTION('ref_axis',(0.,1.,0.));
#2404=DIRECTION('center_axis',(3.08785789536869E-30,-1.,-7.67899205503824E-30));
#2405=DIRECTION('ref_axis',(-0.386409612094128,0.,0.922327280135021));
#2406=DIRECTION('center_axis',(-3.08785789536869E-30,1.,7.67899205503824E-30));
#2407=DIRECTION('ref_axis',(-0.386409612094128,-8.27572182785306E-30,0.922327280135021));
#2408=DIRECTION('center_axis',(3.08785789536869E-30,-1.,-7.67899205503824E-30));
#2409=DIRECTION('ref_axis',(0.,0.,-1.));
#2410=DIRECTION('center_axis',(-0.118622455048119,0.,-0.992939430760183));
#2411=DIRECTION('ref_axis',(0.,1.,0.));
#2412=DIRECTION('center_axis',(-3.08785789536869E-30,1.,7.67899205503824E-30));
#2413=DIRECTION('ref_axis',(0.709955301105416,0.,-0.704246739738508));
#2414=DIRECTION('center_axis',(3.08785789536869E-30,-1.,-7.67899205503824E-30));
#2415=DIRECTION('ref_axis',(0.709955301105416,7.6001462011158E-30,-0.704246739738508));
#2416=DIRECTION('center_axis',(3.08785789536869E-30,-1.,-7.67899205503824E-30));
#2417=DIRECTION('ref_axis',(0.,0.,-1.));
#2418=DIRECTION('center_axis',(-0.572759453744576,0.,-0.819723494933636));
#2419=DIRECTION('ref_axis',(0.,1.,0.));
#2420=DIRECTION('center_axis',(-3.08785789536869E-30,1.,7.67899205503824E-30));
#2421=DIRECTION('ref_axis',(-0.925416731284239,-5.76751721075552E-30,0.378951017229396));
#2422=DIRECTION('center_axis',(-3.08785789536869E-30,1.,7.67899205503824E-30));
#2423=DIRECTION('ref_axis',(0.,0.,1.));
#2424=DIRECTION('center_axis',(-0.611869948035065,0.,-0.790958384930312));
#2425=DIRECTION('ref_axis',(0.,1.,0.));
#2426=DIRECTION('center_axis',(3.08785789536869E-30,-1.,-7.67899205503824E-30));
#2427=DIRECTION('ref_axis',(0.,0.,-1.));
#2428=DIRECTION('center_axis',(0.585256926253177,-2.00365041866239E-15,
0.810847908224892));
#2429=DIRECTION('ref_axis',(0.810847908224892,0.,-0.585256926253177));
#2430=DIRECTION('center_axis',(3.08785789536869E-30,-1.,-7.67899205503824E-30));
#2431=DIRECTION('ref_axis',(0.999991853048594,3.05683600773144E-30,0.00403656245336137));
#2432=DIRECTION('center_axis',(0.591783877204717,0.,-0.806096670803541));
#2433=DIRECTION('ref_axis',(0.,1.,0.));
#2434=DIRECTION('center_axis',(3.08785789536869E-30,-1.,-7.67899205503824E-30));
#2435=DIRECTION('ref_axis',(0.,0.,-1.));
#2436=DIRECTION('center_axis',(3.08785789536869E-30,-1.,-7.67899205503824E-30));
#2437=DIRECTION('ref_axis',(0.,0.,-1.));
#2438=DIRECTION('center_axis',(0.618235462432512,0.,-0.78599294716356));
#2439=DIRECTION('ref_axis',(0.,1.,0.));
#2440=DIRECTION('center_axis',(-3.08785789536869E-30,1.,7.67899205503824E-30));
#2441=DIRECTION('ref_axis',(0.,0.,1.));
#2442=DIRECTION('center_axis',(0.,-1.,0.));
#2443=DIRECTION('ref_axis',(-0.999991853048594,0.,-0.00403656245336403));
#2444=DIRECTION('',(0.,1.,0.));
#2445=DIRECTION('center_axis',(-3.08785789536869E-30,1.,7.67899205503824E-30));
#2446=DIRECTION('ref_axis',(-0.999991853048594,-3.05683600773142E-30,-0.00403656245336403));
#2447=DIRECTION('center_axis',(-3.08785789536869E-30,1.,7.67899205503824E-30));
#2448=DIRECTION('ref_axis',(-0.999991853048594,-3.05683600773142E-30,-0.00403656245336403));
#2449=DIRECTION('center_axis',(-3.08785789536869E-30,1.,7.67899205503824E-30));
#2450=DIRECTION('ref_axis',(-0.999991853048594,-3.05683600773142E-30,-0.00403656245336403));
#2451=DIRECTION('center_axis',(3.08785789536869E-30,-1.,-7.67899205503824E-30));
#2452=DIRECTION('ref_axis',(0.999991853048594,3.05683600773142E-30,0.00403656245336403));
#2453=DIRECTION('center_axis',(0.,-1.,0.));
#2454=DIRECTION('ref_axis',(0.999818066210938,0.,-0.0190744456858036));
#2455=DIRECTION('',(0.,-1.,0.));
#2456=DIRECTION('',(0.,1.,0.));
#2457=DIRECTION('center_axis',(0.,-1.,0.));
#2458=DIRECTION('ref_axis',(-0.704246739738506,0.,-0.709955301105418));
#2459=DIRECTION('',(0.,-1.,0.));
#2460=DIRECTION('center_axis',(0.,-1.,0.));
#2461=DIRECTION('ref_axis',(0.720465804462382,0.,0.693490464678768));
#2462=DIRECTION('',(0.,1.,0.));
#2463=DIRECTION('center_axis',(0.,-1.,0.));
#2464=DIRECTION('ref_axis',(0.00403656245336334,0.,-0.999991853048594));
#2465=DIRECTION('',(0.,-1.,0.));
#2466=DIRECTION('center_axis',(0.,-1.,0.));
#2467=DIRECTION('ref_axis',(0.0190744456858049,0.,0.999818066210938));
#2468=DIRECTION('',(0.,1.,0.));
#2469=DIRECTION('center_axis',(0.,-1.,0.));
#2470=DIRECTION('ref_axis',(0.709955301105414,0.,-0.70424673973851));
#2471=DIRECTION('center_axis',(1.,1.11022302462516E-15,1.11022302462516E-16));
#2472=DIRECTION('ref_axis',(0.,0.,-1.));
#2473=DIRECTION('center_axis',(0.,0.,-1.));
#2474=DIRECTION('ref_axis',(-1.,0.,0.));
#2475=DIRECTION('center_axis',(-1.,-1.11022302462516E-15,-1.11022302462516E-16));
#2476=DIRECTION('ref_axis',(-7.28583859910259E-16,0.707106781186549,-0.707106781186546));
#2477=DIRECTION('center_axis',(-1.11022302462514E-16,-1.78126000623139E-15,
1.));
#2478=DIRECTION('ref_axis',(-0.707106781186547,0.707106781186547,0.));
#2479=DIRECTION('',(1.11022302462514E-16,1.78126000623139E-15,-1.));
#2480=DIRECTION('center_axis',(-1.,-1.11022302462516E-15,-1.11022302462516E-16));
#2481=DIRECTION('ref_axis',(0.,0.,1.));
#2482=DIRECTION('center_axis',(1.,1.11022302462516E-15,1.11022302462516E-16));
#2483=DIRECTION('ref_axis',(-7.28583859910259E-16,0.707106781186549,-0.707106781186547));
#2484=DIRECTION('center_axis',(0.,0.,-1.));
#2485=DIRECTION('ref_axis',(0.,1.,0.));
#2486=DIRECTION('center_axis',(1.11022302462514E-16,1.78126000623139E-15,
-1.));
#2487=DIRECTION('ref_axis',(0.707106781186556,0.707106781186539,0.));
#2488=DIRECTION('',(-1.11022302462514E-16,-1.78126000623139E-15,1.));
#2489=DIRECTION('center_axis',(-7.0377459781293E-16,1.,1.78126000623139E-15));
#2490=DIRECTION('ref_axis',(-1.,-7.0377459781293E-16,-1.11022302462516E-16));
#2491=DIRECTION('',(1.,7.0377459781293E-16,1.11022302462516E-16));
#2492=DIRECTION('center_axis',(-1.,-7.0377459781293E-16,-1.11022302462516E-16));
#2493=DIRECTION('ref_axis',(0.,0.707106781186546,-0.707106781186549));
#2494=DIRECTION('center_axis',(-1.,-7.0377459781293E-16,-1.11022302462516E-16));
#2495=DIRECTION('ref_axis',(0.,0.707106781186548,-0.707106781186548));
#2496=DIRECTION('',(1.,7.0377459781293E-16,1.11022302462516E-16));
#2497=DIRECTION('center_axis',(-7.0377459781293E-16,1.,1.78126000623139E-15));
#2498=DIRECTION('ref_axis',(-1.,-7.0377459781293E-16,-1.11022302462516E-16));
#2499=DIRECTION('center_axis',(0.,-1.,0.));
#2500=DIRECTION('ref_axis',(-0.999991853048594,0.,-0.0040365624533611));
#2501=DIRECTION('',(0.,1.,0.));
#2502=DIRECTION('center_axis',(3.08785789536869E-30,-1.,-7.67899205503824E-30));
#2503=DIRECTION('ref_axis',(0.999991853048594,3.05683600773142E-30,0.00403656245336403));
#2504=DIRECTION('center_axis',(-3.18726077674762E-30,1.,7.87580763885176E-30));
#2505=DIRECTION('ref_axis',(-0.999991853048594,-3.15544362088405E-30,-0.00403656245336403));
#2506=DIRECTION('center_axis',(0.,-1.,0.));
#2507=DIRECTION('ref_axis',(0.693490464678768,0.,-0.720465804462382));
#2508=DIRECTION('center_axis',(0.,-0.866025403784438,-0.500000000000001));
#2509=DIRECTION('ref_axis',(0.,0.500000000000001,-0.866025403784438));
#2510=DIRECTION('',(1.,0.,0.));
#2511=DIRECTION('',(1.,0.,0.));
#2512=DIRECTION('center_axis',(0.,-0.866025403784439,0.499999999999999));
#2513=DIRECTION('ref_axis',(0.,-0.499999999999999,-0.866025403784439));
#2514=DIRECTION('',(1.,0.,0.));
#2515=DIRECTION('center_axis',(0.,0.,1.));
#2516=DIRECTION('ref_axis',(0.,-1.,0.));
#2517=DIRECTION('',(1.,0.,0.));
#2518=DIRECTION('center_axis',(0.,0.866025403784438,0.500000000000001));
#2519=DIRECTION('ref_axis',(0.,-0.500000000000001,0.866025403784438));
#2520=DIRECTION('',(1.,0.,0.));
#2521=DIRECTION('center_axis',(0.,0.866025403784439,-0.499999999999999));
#2522=DIRECTION('ref_axis',(0.,0.499999999999999,0.866025403784439));
#2523=DIRECTION('',(1.,0.,0.));
#2524=DIRECTION('center_axis',(0.,0.,-1.));
#2525=DIRECTION('ref_axis',(0.,1.,0.));
#2526=DIRECTION('center_axis',(-1.,-1.11022302462516E-15,-1.11022302462516E-16));
#2527=DIRECTION('ref_axis',(-1.11022302462516E-15,1.,0.));
#2528=DIRECTION('center_axis',(-1.,-1.11022302462516E-15,-1.11022302462516E-16));
#2529=DIRECTION('ref_axis',(-1.11022302462516E-15,1.,0.));
#2530=DIRECTION('center_axis',(-1.,-1.11022302462516E-15,-1.11022302462516E-16));
#2531=DIRECTION('ref_axis',(-1.11022302462516E-15,1.,0.));
#2532=DIRECTION('center_axis',(-1.,-1.11022302462516E-15,-1.11022302462516E-16));
#2533=DIRECTION('ref_axis',(1.11022302462516E-15,-1.,-5.00744598826542E-15));
#2534=DIRECTION('center_axis',(-1.,-1.11022302462516E-15,-1.11022302462516E-16));
#2535=DIRECTION('ref_axis',(1.11022302462516E-15,-1.,1.20980294963545E-15));
#2536=DIRECTION('center_axis',(-1.11022302462516E-15,1.,2.22044604925031E-15));
#2537=DIRECTION('ref_axis',(-0.24390243902439,1.88260197155801E-15,-0.969799773271758));
#2538=DIRECTION('',(1.11022302462516E-15,-1.,-2.22044604925031E-15));
#2539=CARTESIAN_POINT('',(0.,0.,0.));
#2540=CARTESIAN_POINT('Origin',(69.2241263990153,50.5558428468474,134.868601407217));
#2541=CARTESIAN_POINT('',(69.2164357264408,50.5558428468474,134.868601407217));
#2542=CARTESIAN_POINT('',(69.2241263990153,50.4448443793325,134.710079167084));
#2543=CARTESIAN_POINT('Ctrl Pts',(69.2164357264408,50.5558428468474,134.868601407217));
#2544=CARTESIAN_POINT('Ctrl Pts',(69.2219380027391,50.5177173313267,134.81415252822));
#2545=CARTESIAN_POINT('Ctrl Pts',(69.2241263990153,50.4801347396393,134.760479024813));
#2546=CARTESIAN_POINT('Ctrl Pts',(69.2241263990153,50.4448443793325,134.710079167084));
#2547=CARTESIAN_POINT('',(67.2241263990153,50.5558428468474,134.868601407217));
#2548=CARTESIAN_POINT('',(69.2241263990153,50.5558428468474,134.868601407217));
#2549=CARTESIAN_POINT('',(67.2241263990153,49.4513808495481,133.291266207252));
#2550=CARTESIAN_POINT('',(67.2241263990153,50.4650036285118,134.738869558617));
#2551=CARTESIAN_POINT('',(69.2241263990153,49.4513808495481,133.291266207252));
#2552=CARTESIAN_POINT('',(68.2241263990153,49.4513808495481,133.291266207252));
#2553=CARTESIAN_POINT('',(69.2241263990153,50.1665870317705,134.312686490802));
#2554=CARTESIAN_POINT('Origin',(69.2241263990153,49.4513808495481,136.445936607182));
#2555=CARTESIAN_POINT('',(69.2241263990153,50.4487127277535,135.021599073263));
#2556=CARTESIAN_POINT('Origin',(68.4741263990153,50.4487127277535,135.021599073263));
#2557=CARTESIAN_POINT('',(69.2241263990153,49.4513808495481,136.445936607182));
#2558=CARTESIAN_POINT('',(69.2241263990153,47.9724459526266,138.558074532322));
#2559=CARTESIAN_POINT('',(67.2241263990153,49.4513808495481,136.445936607182));
#2560=CARTESIAN_POINT('',(68.2241263990153,49.4513808495481,136.445936607182));
#2561=CARTESIAN_POINT('',(67.2241263990153,49.9127726298621,135.7870008558));
#2562=CARTESIAN_POINT('Origin',(69.2241263990153,49.1519520697717,134.868601407217));
#2563=CARTESIAN_POINT('',(66.2241263990153,48.5093559986158,133.950879109055));
#2564=CARTESIAN_POINT('',(66.2241263990153,49.1519520697717,134.868601407217));
#2565=CARTESIAN_POINT('',(66.2241263990153,47.2329815567335,132.128027494024));
#2566=CARTESIAN_POINT('',(67.2241263990153,48.5093559986158,133.950879109055));
#2567=CARTESIAN_POINT('',(64.2241263990153,48.5093559986158,133.950879109055));
#2568=CARTESIAN_POINT('',(67.2241263990153,49.1519520697717,134.868601407217));
#2569=CARTESIAN_POINT('',(67.2241263990153,48.8306540341937,134.409740258136));
#2570=CARTESIAN_POINT('',(69.2241263990153,49.1519520697717,134.868601407217));
#2571=CARTESIAN_POINT('Origin',(69.2241263990153,49.1519520697717,134.868601407217));
#2572=CARTESIAN_POINT('',(64.2241263990153,49.1519520697717,134.868601407217));
#2573=CARTESIAN_POINT('',(64.2241263990153,48.5093559986158,133.950879109055));
#2574=CARTESIAN_POINT('',(64.2241263990153,49.141455201763,134.853610326093));
#2575=CARTESIAN_POINT('',(63.2241263990153,49.1519520697717,134.868601407217));
#2576=CARTESIAN_POINT('',(69.2241263990153,49.1519520697717,134.868601407217));
#2577=CARTESIAN_POINT('',(63.2241263990153,48.5093559986158,133.950879109055));
#2578=CARTESIAN_POINT('',(63.2241263990153,48.8306540341937,134.409740258136));
#2579=CARTESIAN_POINT('',(64.2241263990153,48.5093559986158,133.950879109055));
#2580=CARTESIAN_POINT('Origin',(69.2241263990153,48.5093559986158,135.786323705379));
#2581=CARTESIAN_POINT('',(66.2241263990153,48.5093559986158,135.786323705379));
#2582=CARTESIAN_POINT('',(66.2241263990153,48.7910687627274,135.383996182839));
#2583=CARTESIAN_POINT('',(67.2241263990153,48.5093559986158,135.786323705379));
#2584=CARTESIAN_POINT('',(67.2241263990153,48.5093559986158,135.786323705379));
#2585=CARTESIAN_POINT('',(64.2241263990153,48.5093559986158,135.786323705379));
#2586=CARTESIAN_POINT('Origin',(69.2241263990153,48.5093559986158,135.786323705379));
#2587=CARTESIAN_POINT('',(64.2241263990153,48.5093559986158,135.786323705379));
#2588=CARTESIAN_POINT('',(64.2241263990153,46.8825951176979,138.109579014907));
#2589=CARTESIAN_POINT('',(63.2241263990153,48.5093559986158,135.786323705379));
#2590=CARTESIAN_POINT('',(64.2241263990153,48.5093559986158,135.786323705379));
#2591=CARTESIAN_POINT('',(63.2241263990153,48.5093559986158,135.786323705379));
#2592=CARTESIAN_POINT('Origin',(64.2241263990153,47.1987127277535,134.868601407217));
#2593=CARTESIAN_POINT('Origin',(63.2241263990153,47.1987127277535,134.868601407217));
#2594=CARTESIAN_POINT('Origin',(64.2241263990153,47.1987127277535,134.868601407217));
#2595=CARTESIAN_POINT('Origin',(63.2241263990153,47.1987127277534,134.868601407217));
#2596=CARTESIAN_POINT('',(63.2241263990153,45.5821319740224,132.068601407217));
#2597=CARTESIAN_POINT('',(63.2241263990153,48.8152934814843,132.068601407217));
#2598=CARTESIAN_POINT('',(63.2241263990153,48.8152934814843,132.068601407217));
#2599=CARTESIAN_POINT('',(63.2241263990153,43.9655512202915,134.868601407217));
#2600=CARTESIAN_POINT('',(63.2241263990153,45.5821319740224,132.068601407217));
#2601=CARTESIAN_POINT('',(63.2241263990153,45.5821319740224,137.668601407217));
#2602=CARTESIAN_POINT('',(63.2241263990153,43.9655512202915,134.868601407217));
#2603=CARTESIAN_POINT('',(63.2241263990153,48.8152934814843,137.668601407217));
#2604=CARTESIAN_POINT('',(63.2241263990153,45.5821319740224,137.668601407217));
#2605=CARTESIAN_POINT('',(63.2241263990153,50.4318742352153,134.868601407217));
#2606=CARTESIAN_POINT('',(63.2241263990153,48.8152934814843,137.668601407217));
#2607=CARTESIAN_POINT('',(63.2241263990153,50.4318742352153,134.868601407217));
#2608=CARTESIAN_POINT('Origin',(66.2241263990153,43.1987127277535,130.868601407217));
#2609=CARTESIAN_POINT('',(66.2241263990154,51.6987127277535,136.951126853885));
#2610=CARTESIAN_POINT('',(66.2241263990153,53.1094251545193,137.95761348067));
#2611=CARTESIAN_POINT('Ctrl Pts',(66.2241263990153,51.6987127277534,136.951126853885));
#2612=CARTESIAN_POINT('Ctrl Pts',(66.2241263990153,51.8828597386764,136.951126853885));
#2613=CARTESIAN_POINT('Ctrl Pts',(66.2241263990153,52.099515203621,136.99461230731));
#2614=CARTESIAN_POINT('Ctrl Pts',(66.2241263990153,52.4405924050891,137.136946249053));
#2615=CARTESIAN_POINT('Ctrl Pts',(66.2241263990153,52.6250323505106,137.261442064993));
#2616=CARTESIAN_POINT('Ctrl Pts',(66.2241263990153,52.8876046409074,137.526308896344));
#2617=CARTESIAN_POINT('Ctrl Pts',(66.2241263990153,53.0115426332405,137.714128560666));
#2618=CARTESIAN_POINT('Ctrl Pts',(66.2241263990153,53.0919739352076,137.910259271071));
#2619=CARTESIAN_POINT('Ctrl Pts',(66.2241263990153,53.1009276255258,137.933635308903));
#2620=CARTESIAN_POINT('Ctrl Pts',(66.2241263990153,53.1094251545193,137.95761348067));
#2621=CARTESIAN_POINT('',(66.2241263990154,51.1987127277535,136.951126853885));
#2622=CARTESIAN_POINT('',(66.2241263990154,51.1987127277535,136.951126853885));
#2623=CARTESIAN_POINT('',(66.2241263990153,51.1987127277535,134.868601407217));
#2624=CARTESIAN_POINT('',(66.2241263990153,51.1987127277535,136.951126853885));
#2625=CARTESIAN_POINT('',(66.2241263990153,47.1987127277535,130.868601407217));
#2626=CARTESIAN_POINT('Origin',(66.2241263990153,47.1987127277535,134.868601407217));
#2627=CARTESIAN_POINT('',(66.2241263990153,42.1987127277535,130.868601407217));
#2628=CARTESIAN_POINT('',(66.2241263990153,43.1987127277535,130.868601407217));
#2629=CARTESIAN_POINT('',(66.2241263990153,40.1987127277535,128.868601407217));
#2630=CARTESIAN_POINT('Origin',(66.2241263990153,42.1987127277535,128.868601407217));
#2631=CARTESIAN_POINT('',(66.2241263990153,40.1987127277535,137.95761348067));
#2632=CARTESIAN_POINT('',(66.2241263990153,40.1987127277535,136.951126853885));
#2633=CARTESIAN_POINT('',(66.2241263990153,43.1987127277535,137.95761348067));
#2634=CARTESIAN_POINT('Origin',(66.2241263990153,47.1987127277535,134.868601407217));
#2635=CARTESIAN_POINT('Origin',(114.934168724716,35.9487127277535,122.612722299976));
#2636=CARTESIAN_POINT('',(92.453662710763,36.6987127277535,140.003202391758));
#2637=CARTESIAN_POINT('',(91.2672251333675,35.1987127277535,140.921007313811));
#2638=CARTESIAN_POINT('',(92.453662710763,36.6987127277535,140.003202391758));
#2639=CARTESIAN_POINT('',(85.2235771877196,35.1987127277535,126.162126422594));
#2640=CARTESIAN_POINT('Origin',(114.934168724716,35.1987127277535,122.612722299976));
#2641=CARTESIAN_POINT('',(86.7129863338599,36.6987127277535,125.984192740022));
#2642=CARTESIAN_POINT('',(85.2235771877196,35.1987127277535,126.162126422594));
#2643=CARTESIAN_POINT('Origin',(114.934168724716,36.6987127277535,122.612722299976));
#2644=CARTESIAN_POINT('Origin',(88.4988707861114,35.9487127277535,143.062552131934));
#2645=CARTESIAN_POINT('',(92.4288355219292,36.6987127277535,146.153729444096));
#2646=CARTESIAN_POINT('Origin',(88.4988707861114,36.6987127277535,143.062552131934));
#2647=CARTESIAN_POINT('',(91.2498461011839,35.1987127277535,145.226376250448));
#2648=CARTESIAN_POINT('',(92.4288355219292,36.6987127277535,146.153729444096));
#2649=CARTESIAN_POINT('Origin',(88.4988707861114,35.1987127277535,143.062552131934));
#2650=CARTESIAN_POINT('Origin',(114.768214574332,35.9487127277535,163.725129275046));
#2651=CARTESIAN_POINT('',(86.5751699263722,36.6987127277535,160.125937429065));
#2652=CARTESIAN_POINT('',(85.0872457857515,35.1987127277535,159.935985456824));
#2653=CARTESIAN_POINT('',(86.5751699263722,36.6987127277535,160.125937429065));
#2654=CARTESIAN_POINT('Origin',(114.768214574332,35.1987127277535,163.725129275046));
#2655=CARTESIAN_POINT('Origin',(114.768214574332,36.6987127277535,163.725129275046));
#2656=CARTESIAN_POINT('Origin',(81.61542279097,35.9487127277535,159.492764188261));
#2657=CARTESIAN_POINT('',(82.2085350662106,36.6987127277535,164.457461342062));
#2658=CARTESIAN_POINT('Origin',(81.61542279097,36.6987127277535,159.492764188261));
#2659=CARTESIAN_POINT('',(82.0306013836384,35.1987127277535,162.968052195922));
#2660=CARTESIAN_POINT('',(82.2085350662106,36.6987127277535,164.457461342062));
#2661=CARTESIAN_POINT('Origin',(81.61542279097,35.1987127277535,159.492764188261));
#2662=CARTESIAN_POINT('Origin',(85.5800055062567,35.9487127277535,192.678643732918));
#2663=CARTESIAN_POINT('',(68.189525414474,36.6987127277535,170.198137718965));
#2664=CARTESIAN_POINT('',(67.2717204924214,35.1987127277535,169.01170014157));
#2665=CARTESIAN_POINT('',(68.189525414474,36.6987127277535,170.198137718965));
#2666=CARTESIAN_POINT('Origin',(85.5800055062567,35.1987127277535,192.678643732918));
#2667=CARTESIAN_POINT('Origin',(85.5800055062567,36.6987127277535,192.678643732918));
#2668=CARTESIAN_POINT('Origin',(65.1301756742987,35.9487127277535,166.243345794313));
#2669=CARTESIAN_POINT('',(62.0389983621361,36.6987127277535,170.173310530131));
#2670=CARTESIAN_POINT('Origin',(65.1301756742987,36.6987127277535,166.243345794313));
#2671=CARTESIAN_POINT('',(62.9663515557849,35.1987127277535,168.994321109386));
#2672=CARTESIAN_POINT('',(62.0389983621361,36.6987127277535,170.173310530131));
#2673=CARTESIAN_POINT('Origin',(65.1301756742987,35.1987127277535,166.243345794313));
#2674=CARTESIAN_POINT('Origin',(44.4675985311861,35.9487127277535,192.512689582534));
#2675=CARTESIAN_POINT('',(48.0667903771679,36.6987127277535,164.319644934574));
#2676=CARTESIAN_POINT('',(48.256742349409,35.1987127277535,162.831720793953));
#2677=CARTESIAN_POINT('',(48.0667903771679,36.6987127277535,164.319644934574));
#2678=CARTESIAN_POINT('Origin',(44.4675985311861,35.1987127277535,192.512689582534));
#2679=CARTESIAN_POINT('Origin',(44.4675985311861,36.6987127277535,192.512689582534));
#2680=CARTESIAN_POINT('Origin',(48.6999636179716,35.9487127277535,159.359897799172));
#2681=CARTESIAN_POINT('',(43.7352664641707,36.6987127277535,159.953010074413));
#2682=CARTESIAN_POINT('Origin',(48.6999636179716,36.6987127277535,159.359897799172));
#2683=CARTESIAN_POINT('',(45.224675610311,35.1987127277535,159.77507639184));
#2684=CARTESIAN_POINT('',(43.7352664641707,36.6987127277535,159.953010074413));
#2685=CARTESIAN_POINT('Origin',(48.6999636179716,35.1987127277535,159.359897799172));
#2686=CARTESIAN_POINT('Origin',(15.5140840733148,35.9487127277535,163.324480514459));
#2687=CARTESIAN_POINT('',(37.9945900872676,36.6987127277535,145.934000422676));
#2688=CARTESIAN_POINT('',(39.181027664663,35.1987127277535,145.016195500623));
#2689=CARTESIAN_POINT('',(37.9945900872676,36.6987127277535,145.934000422676));
#2690=CARTESIAN_POINT('Origin',(15.5140840733148,35.1987127277535,163.324480514459));
#2691=CARTESIAN_POINT('Origin',(15.5140840733148,36.6987127277535,163.324480514459));
#2692=CARTESIAN_POINT('Origin',(41.9493820119191,35.9487127277535,142.874650682501));
#2693=CARTESIAN_POINT('',(38.0194172761013,36.6987127277535,139.783473370338));
#2694=CARTESIAN_POINT('Origin',(41.9493820119191,36.6987127277535,142.874650682501));
#2695=CARTESIAN_POINT('',(39.1984066968467,35.1987127277535,140.710826563987));
#2696=CARTESIAN_POINT('',(38.0194172761013,36.6987127277535,139.783473370338));
#2697=CARTESIAN_POINT('Origin',(41.9493820119191,35.1987127277535,142.874650682501));
#2698=CARTESIAN_POINT('Origin',(15.6800382236982,35.9487127277535,122.212073539388));
#2699=CARTESIAN_POINT('',(43.8730828716583,36.6987127277535,125.81126538537));
#2700=CARTESIAN_POINT('',(45.361007012279,35.1987127277535,126.001217357611));
#2701=CARTESIAN_POINT('',(43.8730828716583,36.6987127277535,125.81126538537));
#2702=CARTESIAN_POINT('Origin',(15.6800382236982,35.1987127277535,122.212073539388));
#2703=CARTESIAN_POINT('Origin',(15.6800382236982,36.6987127277535,122.212073539388));
#2704=CARTESIAN_POINT('Origin',(48.8328300070605,35.9487127277535,126.444438626174));
#2705=CARTESIAN_POINT('',(48.2397177318199,36.6987127277535,121.479741472373));
#2706=CARTESIAN_POINT('Origin',(48.8328300070605,36.6987127277535,126.444438626174));
#2707=CARTESIAN_POINT('',(48.4176514143921,35.1987127277535,122.969150618513));
#2708=CARTESIAN_POINT('',(48.2397177318199,36.6987127277535,121.479741472373));
#2709=CARTESIAN_POINT('Origin',(48.8328300070605,35.1987127277535,126.444438626174));
#2710=CARTESIAN_POINT('Origin',(44.8682472917738,35.9487127277535,93.2585590815168));
#2711=CARTESIAN_POINT('',(62.2587273835565,36.6987127277535,115.73906509547));
#2712=CARTESIAN_POINT('',(63.1765323056091,35.1987127277535,116.925502672865));
#2713=CARTESIAN_POINT('',(62.2587273835565,36.6987127277535,115.73906509547));
#2714=CARTESIAN_POINT('Origin',(44.8682472917738,35.1987127277535,93.2585590815168));
#2715=CARTESIAN_POINT('Origin',(44.8682472917738,36.6987127277535,93.2585590815168));
#2716=CARTESIAN_POINT('Origin',(65.3180771237319,35.9487127277535,119.693857020121));
#2717=CARTESIAN_POINT('',(68.4092544358944,36.6987127277535,115.763892284303));
#2718=CARTESIAN_POINT('Origin',(65.3180771237319,36.6987127277535,119.693857020121));
#2719=CARTESIAN_POINT('',(67.4819012422456,35.1987127277535,116.942881705049));
#2720=CARTESIAN_POINT('',(68.4092544358944,36.6987127277535,115.763892284303));
#2721=CARTESIAN_POINT('Origin',(65.3180771237319,35.1987127277535,119.693857020121));
#2722=CARTESIAN_POINT('Origin',(85.9806542668444,35.9487127277535,93.4245132319002));
#2723=CARTESIAN_POINT('',(82.3814624208626,36.6987127277535,121.61755787986));
#2724=CARTESIAN_POINT('',(82.1915104486216,35.1987127277535,123.105482020481));
#2725=CARTESIAN_POINT('',(82.3814624208626,36.6987127277535,121.61755787986));
#2726=CARTESIAN_POINT('Origin',(85.9806542668444,35.1987127277535,93.4245132319002));
#2727=CARTESIAN_POINT('Origin',(85.9806542668444,36.6987127277535,93.4245132319002));
#2728=CARTESIAN_POINT('Origin',(81.748289180059,35.9487127277535,126.577305015263));
#2729=CARTESIAN_POINT('Origin',(81.748289180059,36.6987127277535,126.577305015263));
#2730=CARTESIAN_POINT('Origin',(81.748289180059,35.1987127277535,126.577305015263));
#2731=CARTESIAN_POINT('Origin',(48.6999636179716,40.1987127277535,159.359897799172));
#2732=CARTESIAN_POINT('',(48.0667903771679,38.1987127277535,164.319644934574));
#2733=CARTESIAN_POINT('',(48.0667903771679,40.1987127277535,164.319644934574));
#2734=CARTESIAN_POINT('',(43.7352664641707,38.1987127277535,159.953010074413));
#2735=CARTESIAN_POINT('Origin',(48.6999636179716,38.1987127277535,159.359897799172));
#2736=CARTESIAN_POINT('',(43.7352664641707,40.1987127277535,159.953010074413));
#2737=CARTESIAN_POINT('Origin',(44.4675985311861,40.1987127277535,192.512689582534));
#2738=CARTESIAN_POINT('',(62.0389983621361,38.1987127277535,170.173310530131));
#2739=CARTESIAN_POINT('',(62.0389983621361,40.1987127277535,170.173310530131));
#2740=CARTESIAN_POINT('Origin',(44.4675985311861,38.1987127277535,192.512689582534));
#2741=CARTESIAN_POINT('Origin',(65.1301756742987,40.1987127277535,166.243345794313));
#2742=CARTESIAN_POINT('',(68.189525414474,38.1987127277535,170.198137718965));
#2743=CARTESIAN_POINT('',(68.189525414474,40.1987127277535,170.198137718965));
#2744=CARTESIAN_POINT('Origin',(65.1301756742987,38.1987127277535,166.243345794313));
#2745=CARTESIAN_POINT('Origin',(85.5800055062567,40.1987127277535,192.678643732918));
#2746=CARTESIAN_POINT('',(82.2085350662106,38.1987127277535,164.457461342062));
#2747=CARTESIAN_POINT('',(82.2085350662106,40.1987127277534,164.457461342062));
#2748=CARTESIAN_POINT('Origin',(85.5800055062567,38.1987127277535,192.678643732918));
#2749=CARTESIAN_POINT('Origin',(81.61542279097,40.1987127277534,159.492764188261));
#2750=CARTESIAN_POINT('',(86.5751699263722,38.1987127277535,160.125937429065));
#2751=CARTESIAN_POINT('',(86.5751699263722,40.1987127277534,160.125937429065));
#2752=CARTESIAN_POINT('Origin',(81.61542279097,38.1987127277535,159.492764188261));
#2753=CARTESIAN_POINT('Origin',(114.768214574332,40.1987127277534,163.725129275046));
#2754=CARTESIAN_POINT('',(92.4288355219292,38.1987127277535,146.153729444096));
#2755=CARTESIAN_POINT('',(92.4288355219292,40.1987127277535,146.153729444096));
#2756=CARTESIAN_POINT('',(91.6023303696217,38.1987127277535,147.258685898288));
#2757=CARTESIAN_POINT('Origin',(114.768214574332,38.1987127277535,163.725129275046));
#2758=CARTESIAN_POINT('Origin',(114.768214574332,38.1987127277535,163.725129275046));
#2759=CARTESIAN_POINT('Origin',(88.4988707861114,40.1987127277535,143.062552131934));
#2760=CARTESIAN_POINT('',(92.453662710763,38.1987127277535,140.003202391758));
#2761=CARTESIAN_POINT('',(92.453662710763,40.1987127277535,140.003202391758));
#2762=CARTESIAN_POINT('',(92.5531103272359,38.1987127277535,140.136267500668));
#2763=CARTESIAN_POINT('Origin',(88.4988707861114,38.1987127277535,143.062552131934));
#2764=CARTESIAN_POINT('',(92.5293541401291,38.1987127277535,146.021471517957));
#2765=CARTESIAN_POINT('Origin',(88.4988707861114,38.1987127277535,143.062552131934));
#2766=CARTESIAN_POINT('Origin',(88.4988707861114,38.1987127277535,143.062552131934));
#2767=CARTESIAN_POINT('Origin',(114.934168724716,40.1987127277535,122.612722299976));
#2768=CARTESIAN_POINT('',(86.7129863338599,38.1987127277535,125.984192740022));
#2769=CARTESIAN_POINT('',(86.7129863338599,40.1987127277535,125.984192740022));
#2770=CARTESIAN_POINT('',(91.6361048711319,38.1987127277535,138.891609520557));
#2771=CARTESIAN_POINT('Origin',(114.934168724716,38.1987127277535,122.612722299976));
#2772=CARTESIAN_POINT('Origin',(114.934168724716,38.1987127277535,122.612722299976));
#2773=CARTESIAN_POINT('Origin',(65.2241263990153,35.1987127277535,142.968601407217));
#2774=CARTESIAN_POINT('',(66.2241263990153,35.1987127277534,146.944780477631));
#2775=CARTESIAN_POINT('Origin',(65.2241263990153,35.1987127277535,142.968601407217));
#2776=CARTESIAN_POINT('',(91.3239137635836,35.1987127277535,143.07395568725));
#2777=CARTESIAN_POINT('Origin',(87.2239471660843,35.1987127277535,143.057405781191));
#2778=CARTESIAN_POINT('Origin',(65.2241263990153,51.6987127277535,142.968601407217));
#2779=CARTESIAN_POINT('',(66.3266655586986,53.1987127277535,138.502685218867));
#2780=CARTESIAN_POINT('Ctrl Pts',(66.2241263990153,53.1094251545193,137.95761348067));
#2781=CARTESIAN_POINT('Ctrl Pts',(66.2241263990153,53.143538962084,138.053875198405));
#2782=CARTESIAN_POINT('Ctrl Pts',(66.2333838659111,53.1670255457927,138.152339857924));
#2783=CARTESIAN_POINT('Ctrl Pts',(66.2702831090722,53.1935644514574,138.337003833506));
#2784=CARTESIAN_POINT('Ctrl Pts',(66.2948054408807,53.1987127277535,138.421001902895));
#2785=CARTESIAN_POINT('Ctrl Pts',(66.3266655586986,53.1987127277535,138.502685218867));
#2786=CARTESIAN_POINT('',(64.121587239332,53.1987127277535,138.502685218867));
#2787=CARTESIAN_POINT('Origin',(65.2241263990153,53.1987127277535,142.968601407217));
#2788=CARTESIAN_POINT('',(64.2241263990153,53.1094251545193,137.95761348067));
#2789=CARTESIAN_POINT('Ctrl Pts',(64.121587239332,53.1987127277535,138.502685218867));
#2790=CARTESIAN_POINT('Ctrl Pts',(64.161096634577,53.1987127277535,138.401390602379));
#2791=CARTESIAN_POINT('Ctrl Pts',(64.1892161211972,53.1907841276761,138.296830857925));
#2792=CARTESIAN_POINT('Ctrl Pts',(64.2183001396113,53.1569203444527,138.111885326042));
#2793=CARTESIAN_POINT('Ctrl Pts',(64.2241263990153,53.1364827685335,138.033964160607));
#2794=CARTESIAN_POINT('Ctrl Pts',(64.2241263990153,53.1094251545193,137.95761348067));
#2795=CARTESIAN_POINT('',(64.2241263990154,51.6987127277535,136.951126853885));
#2796=CARTESIAN_POINT('Ctrl Pts',(64.2241263990153,53.1094251545193,137.95761348067));
#2797=CARTESIAN_POINT('Ctrl Pts',(64.2241263990153,53.1009276255258,137.933635308903));
#2798=CARTESIAN_POINT('Ctrl Pts',(64.2241263990153,53.0919739352076,137.910259271071));
#2799=CARTESIAN_POINT('Ctrl Pts',(64.2241263990153,53.0115426332405,137.714128560666));
#2800=CARTESIAN_POINT('Ctrl Pts',(64.2241263990153,52.8876046409074,137.526308896344));
#2801=CARTESIAN_POINT('Ctrl Pts',(64.2241263990153,52.6250323505106,137.261442064993));
#2802=CARTESIAN_POINT('Ctrl Pts',(64.2241263990153,52.4405924050891,137.136946249053));
#2803=CARTESIAN_POINT('Ctrl Pts',(64.2241263990153,52.099515203621,136.99461230731));
#2804=CARTESIAN_POINT('Ctrl Pts',(64.2241263990153,51.8828597386765,136.951126853885));
#2805=CARTESIAN_POINT('Ctrl Pts',(64.2241263990153,51.6987127277535,136.951126853885));
#2806=CARTESIAN_POINT('Origin',(65.2241263990153,51.6987127277535,142.968601407217));
#2807=CARTESIAN_POINT('Origin',(62.7241263990153,43.1987127277534,137.95761348067));
#2808=CARTESIAN_POINT('',(63.3937692561582,53.1987127277534,139.299842389566));
#2809=CARTESIAN_POINT('Origin',(62.7241263990153,53.1987127277535,137.95761348067));
#2810=CARTESIAN_POINT('',(63.3937692561582,40.1987127277535,139.299842389566));
#2811=CARTESIAN_POINT('',(63.3937692561582,43.1987127277534,139.299842389566));
#2812=CARTESIAN_POINT('',(64.2241263990153,40.1987127277535,137.95761348067));
#2813=CARTESIAN_POINT('Origin',(62.7241263990153,40.1987127277535,137.95761348067));
#2814=CARTESIAN_POINT('',(64.2241263990153,43.1987127277534,137.95761348067));
#2815=CARTESIAN_POINT('Origin',(65.2241263990154,53.1987127277535,143.009864130551));
#2816=CARTESIAN_POINT('',(67.0544835418725,53.1987127277534,139.299842389566));
#2817=CARTESIAN_POINT('Origin',(67.7241263990153,53.1987127277535,137.95761348067));
#2818=CARTESIAN_POINT('',(66.2241263990153,53.1987127277535,146.944780477631));
#2819=CARTESIAN_POINT('Origin',(65.2241263990154,53.1987127277535,142.968601407217));
#2820=CARTESIAN_POINT('Origin',(65.2241263990154,53.1987127277535,142.968601407217));
#2821=CARTESIAN_POINT('Origin',(67.7241263990153,43.1987127277535,137.95761348067));
#2822=CARTESIAN_POINT('',(67.0544835418725,40.1987127277535,139.299842389566));
#2823=CARTESIAN_POINT('Origin',(67.7241263990153,40.1987127277535,137.95761348067));
#2824=CARTESIAN_POINT('',(67.0544835418725,43.1987127277534,139.299842389566));
#2825=CARTESIAN_POINT('Origin',(64.2241263990153,43.1987127277535,138.992422336803));
#2826=CARTESIAN_POINT('',(64.2241263990154,40.1987127277535,128.868601407217));
#2827=CARTESIAN_POINT('',(64.2241263990153,40.1987127277535,136.951126853885));
#2828=CARTESIAN_POINT('',(64.2241263990153,42.1987127277535,130.868601407217));
#2829=CARTESIAN_POINT('Origin',(64.2241263990153,42.1987127277535,128.868601407217));
#2830=CARTESIAN_POINT('',(64.2241263990153,47.1987127277535,130.868601407217));
#2831=CARTESIAN_POINT('',(64.2241263990153,43.1987127277535,130.868601407217));
#2832=CARTESIAN_POINT('',(64.2241263990153,51.1987127277535,134.868601407217));
#2833=CARTESIAN_POINT('Origin',(64.2241263990153,47.1987127277534,134.868601407217));
#2834=CARTESIAN_POINT('',(64.2241263990154,51.1987127277535,136.951126853885));
#2835=CARTESIAN_POINT('',(64.2241263990153,51.1987127277535,136.951126853885));
#2836=CARTESIAN_POINT('',(64.2241263990154,51.1987127277535,136.951126853885));
#2837=CARTESIAN_POINT('Origin',(59.2241263990153,42.1987127277534,136.918601407217));
#2838=CARTESIAN_POINT('',(61.2241263990153,42.1987127277534,138.363169831349));
#2839=CARTESIAN_POINT('',(61.2241263990153,42.1987127277534,131.618601407217));
#2840=CARTESIAN_POINT('',(61.2241263990153,42.1987127277534,136.918601407217));
#2841=CARTESIAN_POINT('',(59.2241263990153,40.1987127277535,131.618601407217));
#2842=CARTESIAN_POINT('Origin',(59.2241263990153,42.1987127277534,131.618601407217));
#2843=CARTESIAN_POINT('',(59.2241263990147,40.1987127277535,137.527094263053));
#2844=CARTESIAN_POINT('',(59.2241263990153,40.1987127277535,136.918601407217));
#2845=CARTESIAN_POINT('Ctrl Pts',(59.2241263990138,40.1987127277535,137.527094263052));
#2846=CARTESIAN_POINT('Ctrl Pts',(59.2262930610865,40.1987127277535,137.527930426679));
#2847=CARTESIAN_POINT('Ctrl Pts',(59.2284596574212,40.1987162485713,137.528766757662));
#2848=CARTESIAN_POINT('Ctrl Pts',(59.3794538206805,40.199206965655,137.587065682307));
#2849=CARTESIAN_POINT('Ctrl Pts',(59.5276976711586,40.2163013079447,137.645224603072));
#2850=CARTESIAN_POINT('Ctrl Pts',(59.8171181725915,40.2828970027948,137.760650163998));
#2851=CARTESIAN_POINT('Ctrl Pts',(59.9578964728461,40.3322132812315,137.817753778155));
#2852=CARTESIAN_POINT('Ctrl Pts',(60.3247926025603,40.5089885454213,137.968962676672));
#2853=CARTESIAN_POINT('Ctrl Pts',(60.5362360270987,40.6663511474904,138.058915573413));
#2854=CARTESIAN_POINT('Ctrl Pts',(60.8735919741891,41.0422812264161,138.205499978433));
#2855=CARTESIAN_POINT('Ctrl Pts',(61.0030183370447,41.2517177387069,138.263259336801));
#2856=CARTESIAN_POINT('Ctrl Pts',(61.1758482639369,41.7025623382263,138.341052827166));
#2857=CARTESIAN_POINT('Ctrl Pts',(61.2211595261245,41.9367162242866,138.36181700518));
#2858=CARTESIAN_POINT('Ctrl Pts',(61.2240795537669,42.1829025955316,138.363148470548));
#2859=CARTESIAN_POINT('Ctrl Pts',(61.2241263990153,42.1908095292876,138.363169831349));
#2860=CARTESIAN_POINT('Ctrl Pts',(61.2241263990153,42.1987127277539,138.363169831349));
#2861=CARTESIAN_POINT('Origin',(65.2241263990153,42.1987127277535,142.968601407217));
#2862=CARTESIAN_POINT('',(71.2241263990153,40.1987127277535,137.527094263052));
#2863=CARTESIAN_POINT('Origin',(65.2241263990153,40.1987127277535,142.968601407217));
#2864=CARTESIAN_POINT('',(69.2241263990153,42.1987127277535,138.363169831349));
#2865=CARTESIAN_POINT('Ctrl Pts',(71.2241263990169,40.1987127277535,137.527094263052));
#2866=CARTESIAN_POINT('Ctrl Pts',(71.2219597370059,40.1987127277535,137.527930426655));
#2867=CARTESIAN_POINT('Ctrl Pts',(71.2197931405538,40.1987162485715,137.528766757689));
#2868=CARTESIAN_POINT('Ctrl Pts',(71.0687989807794,40.1992069656435,137.587065680894));
#2869=CARTESIAN_POINT('Ctrl Pts',(70.9205551327349,40.216301307162,137.645224600765));
#2870=CARTESIAN_POINT('Ctrl Pts',(70.6311346349411,40.2828970000437,137.760650160176));
#2871=CARTESIAN_POINT('Ctrl Pts',(70.4903563367763,40.3322132768747,137.817753773438));
#2872=CARTESIAN_POINT('Ctrl Pts',(70.1234602076853,40.5089885374098,137.968962671534));
#2873=CARTESIAN_POINT('Ctrl Pts',(69.9120167817505,40.6663511381742,138.058915568776));
#2874=CARTESIAN_POINT('Ctrl Pts',(69.5746608316946,41.042281215166,138.205499974963));
#2875=CARTESIAN_POINT('Ctrl Pts',(69.4452344672861,41.2517177268025,138.263259333983));
#2876=CARTESIAN_POINT('Ctrl Pts',(69.2724045373596,41.7025623253997,138.341052825679));
#2877=CARTESIAN_POINT('Ctrl Pts',(69.2270932736216,41.9367162111652,138.361817004398));
#2878=CARTESIAN_POINT('Ctrl Pts',(69.2241732443155,42.1829025868089,138.363148470524));
#2879=CARTESIAN_POINT('Ctrl Pts',(69.2241263990153,42.1908095249282,138.363169831349));
#2880=CARTESIAN_POINT('Ctrl Pts',(69.2241263990153,42.1987127277539,138.363169831349));
#2881=CARTESIAN_POINT('Origin',(65.2241263990153,42.1987127277535,142.968601407217));
#2882=CARTESIAN_POINT('Origin',(67.2241263990153,42.1987127277535,128.868601407217));
#2883=CARTESIAN_POINT('',(68.4741263990153,42.1987127277535,130.868601407217));
#2884=CARTESIAN_POINT('',(68.4741263990153,40.1987127277535,128.868601407217));
#2885=CARTESIAN_POINT('Origin',(68.4741263990153,42.1987127277535,128.868601407217));
#2886=CARTESIAN_POINT('',(67.2241263990153,40.1987127277535,128.868601407217));
#2887=CARTESIAN_POINT('',(67.2241263990153,42.1987127277535,130.868601407217));
#2888=CARTESIAN_POINT('Origin',(68.4741263990153,42.1987127277535,131.618601407217));
#2889=CARTESIAN_POINT('',(69.2241263990153,42.1987127277535,131.618601407217));
#2890=CARTESIAN_POINT('',(71.2241263990153,40.1987127277535,131.618601407217));
#2891=CARTESIAN_POINT('Origin',(71.2241263990153,42.1987127277535,131.618601407217));
#2892=CARTESIAN_POINT('Origin',(68.4741263990153,40.1987127277535,131.618601407217));
#2893=CARTESIAN_POINT('Origin',(68.4741263990153,42.1987127277535,131.618601407217));
#2894=CARTESIAN_POINT('Origin',(71.2241263990153,42.1987127277535,140.665885619283));
#2895=CARTESIAN_POINT('',(71.2241263990153,40.1987127277535,140.665885619283));
#2896=CARTESIAN_POINT('',(69.2241263990153,42.1987127277535,140.665885619283));
#2897=CARTESIAN_POINT('Origin',(61.9741263990153,42.1987127277535,131.618601407217));
#2898=CARTESIAN_POINT('',(61.9741263990153,42.1987127277535,130.868601407217));
#2899=CARTESIAN_POINT('',(61.9741263990153,40.1987127277535,128.868601407217));
#2900=CARTESIAN_POINT('Origin',(61.9741263990153,42.1987127277535,128.868601407217));
#2901=CARTESIAN_POINT('Origin',(61.9741263990153,40.1987127277535,131.618601407217));
#2902=CARTESIAN_POINT('Origin',(61.9741263990153,42.1987127277535,131.618601407217));
#2903=CARTESIAN_POINT('Origin',(64.7241263990153,42.1987127277535,128.868601407217));
#2904=CARTESIAN_POINT('',(64.7241263990153,40.1987127277535,128.868601407217));
#2905=CARTESIAN_POINT('',(64.7241263990153,42.1987127277535,130.868601407217));
#2906=CARTESIAN_POINT('Origin',(64.2241263990153,43.1987127277535,130.868601407217));
#2907=CARTESIAN_POINT('',(61.9741263990153,47.1987127277535,130.868601407217));
#2908=CARTESIAN_POINT('',(61.9741263990153,43.1987127277535,130.868601407217));
#2909=CARTESIAN_POINT('',(64.7241263990153,47.1987127277535,130.868601407217));
#2910=CARTESIAN_POINT('Origin',(61.9741263990153,43.1987127277535,131.618601407217));
#2911=CARTESIAN_POINT('',(61.2241263990153,47.1987127277535,131.618601407217));
#2912=CARTESIAN_POINT('',(61.2241263990153,43.1987127277535,131.618601407217));
#2913=CARTESIAN_POINT('Origin',(61.9741263990153,47.1987127277535,131.618601407217));
#2914=CARTESIAN_POINT('Origin',(61.2241263990153,43.1987127277535,130.868601407217));
#2915=CARTESIAN_POINT('',(61.2241263990153,50.4487127277534,138.363169831349));
#2916=CARTESIAN_POINT('',(61.2241263990153,43.1987127277534,138.363169831349));
#2917=CARTESIAN_POINT('',(61.2241263990153,50.4487127277535,134.868601407217));
#2918=CARTESIAN_POINT('',(61.2241263990153,50.4487127277535,135.418601407217));
#2919=CARTESIAN_POINT('Origin',(61.2241263990153,47.1987127277534,134.868601407217));
#2920=CARTESIAN_POINT('',(61.2241263990153,43.9655512202915,134.868601407217));
#2921=CARTESIAN_POINT('',(61.2241263990153,45.5821319740224,132.068601407217));
#2922=CARTESIAN_POINT('',(61.2241263990153,44.7357218125087,133.534626811001));
#2923=CARTESIAN_POINT('',(61.2241263990153,48.8152934814843,132.068601407217));
#2924=CARTESIAN_POINT('',(61.2241263990153,44.390422350888,132.068601407217));
#2925=CARTESIAN_POINT('',(61.2241263990153,50.4318742352153,134.868601407217));
#2926=CARTESIAN_POINT('',(61.2241263990153,47.8534132661326,130.402576003432));
#2927=CARTESIAN_POINT('',(61.2241263990153,48.8152934814843,137.668601407217));
#2928=CARTESIAN_POINT('',(61.2241263990153,50.393754450567,134.934626811001));
#2929=CARTESIAN_POINT('',(61.2241263990153,45.5821319740224,137.668601407217));
#2930=CARTESIAN_POINT('',(61.2241263990153,46.0070031046189,137.668601407217));
#2931=CARTESIAN_POINT('',(61.2241263990153,43.8119613818053,134.602576003432));
#2932=CARTESIAN_POINT('Origin',(65.2241263990153,43.1987127277534,142.968601407217));
#2933=CARTESIAN_POINT('',(61.9741263990153,51.1987127277535,137.806479750378));
#2934=CARTESIAN_POINT('Origin',(65.2241263990154,51.1987127277534,142.968601407217));
#2935=CARTESIAN_POINT('Ctrl Pts',(61.9741263990153,51.1987127277535,137.806479750378));
#2936=CARTESIAN_POINT('Ctrl Pts',(61.8751034184077,51.1987127277535,137.868823241751));
#2937=CARTESIAN_POINT('Ctrl Pts',(61.7707806717025,51.1781507205344,137.938860223751));
#2938=CARTESIAN_POINT('Ctrl Pts',(61.5790538854213,51.0947366969874,138.076021366435));
#2939=CARTESIAN_POINT('Ctrl Pts',(61.4915448088825,51.0319981999601,138.143067685887));
#2940=CARTESIAN_POINT('Ctrl Pts',(61.3656261085215,50.8949588569157,138.243440305917));
#2941=CARTESIAN_POINT('Ctrl Pts',(61.313881264265,50.8168937403632,138.286492967309));
#2942=CARTESIAN_POINT('Ctrl Pts',(61.2430509804598,50.6410913622365,138.346567762818));
#2943=CARTESIAN_POINT('Ctrl Pts',(61.2241263990153,50.5431460967627,138.363169831349));
#2944=CARTESIAN_POINT('Ctrl Pts',(61.2241263990153,50.4487127277534,138.363169831349));
#2945=CARTESIAN_POINT('',(69.2241263990153,50.4487127277535,138.363169831349));
#2946=CARTESIAN_POINT('',(69.2241263990153,43.1987127277535,138.363169831349));
#2947=CARTESIAN_POINT('',(68.4741263990153,51.1987127277535,137.806479750378));
#2948=CARTESIAN_POINT('Ctrl Pts',(69.2241263990153,50.4487127277535,138.363169831349));
#2949=CARTESIAN_POINT('Ctrl Pts',(69.2241263990153,50.5104719996075,138.363169831349));
#2950=CARTESIAN_POINT('Ctrl Pts',(69.2159517618546,50.5768023031142,138.356031152857));
#2951=CARTESIAN_POINT('Ctrl Pts',(69.1829224638605,50.7023265366361,138.327652389773));
#2952=CARTESIAN_POINT('Ctrl Pts',(69.1581565013417,50.761575209944,138.306551477034));
#2953=CARTESIAN_POINT('Ctrl Pts',(69.0962431859001,50.8735218478057,138.254930466294));
#2954=CARTESIAN_POINT('Ctrl Pts',(69.0513639185007,50.9329271986665,138.2181793861));
#2955=CARTESIAN_POINT('Ctrl Pts',(68.9488859347786,51.0337513586588,138.137408716944));
#2956=CARTESIAN_POINT('Ctrl Pts',(68.8913006072458,51.0752664988735,138.093492451108));
#2957=CARTESIAN_POINT('Ctrl Pts',(68.7284819774071,51.1646823717752,137.973903428733));
#2958=CARTESIAN_POINT('Ctrl Pts',(68.6026232698632,51.1987127277537,137.887379593121));
#2959=CARTESIAN_POINT('Ctrl Pts',(68.4741263990139,51.1987127277535,137.806479750378));
#2960=CARTESIAN_POINT('Origin',(65.2241263990154,51.1987127277534,142.968601407217));
#2961=CARTESIAN_POINT('Origin',(69.2241263990153,43.1987127277535,138.363169831349));
#2962=CARTESIAN_POINT('Origin',(69.2241263990153,47.1987127277535,134.868601407217));
#2963=CARTESIAN_POINT('',(69.2241263990153,50.4487127277535,139.165885619283));
#2964=CARTESIAN_POINT('',(69.2241263990153,47.1987127277535,131.618601407217));
#2965=CARTESIAN_POINT('',(69.2241263990153,43.1987127277535,131.618601407217));
#2966=CARTESIAN_POINT('Origin',(69.2241263990153,47.1987127277535,134.868601407217));
#2967=CARTESIAN_POINT('Origin',(68.4741263990153,43.1987127277535,131.618601407217));
#2968=CARTESIAN_POINT('',(68.4741263990153,47.1987127277535,130.868601407217));
#2969=CARTESIAN_POINT('',(68.4741263990153,43.1987127277535,130.868601407217));
#2970=CARTESIAN_POINT('Origin',(68.4741263990153,47.1987127277535,131.618601407217));
#2971=CARTESIAN_POINT('Origin',(69.2241263990153,43.1987127277535,130.868601407217));
#2972=CARTESIAN_POINT('',(67.2241263990153,47.1987127277535,130.868601407217));
#2973=CARTESIAN_POINT('Origin',(114.768214574332,38.1987127277535,163.725129275046));
#2974=CARTESIAN_POINT('',(84.5912710722113,40.1987127277535,159.872668132743));
#2975=CARTESIAN_POINT('Origin',(84.5912710722113,38.1987127277535,159.872668132743));
#2976=CARTESIAN_POINT('',(89.9721846473974,40.1987127277535,146.099968968096));
#2977=CARTESIAN_POINT('Origin',(89.9721846473974,38.1987127277535,146.099968968096));
#2978=CARTESIAN_POINT('Origin',(114.768214574332,40.1987127277535,163.725129275046));
#2979=CARTESIAN_POINT('Origin',(81.61542279097,38.1987127277535,159.492764188261));
#2980=CARTESIAN_POINT('',(81.9712901561144,40.1987127277535,162.471582480541));
#2981=CARTESIAN_POINT('Origin',(81.9712901561144,38.1987127277535,162.471582480541));
#2982=CARTESIAN_POINT('Origin',(81.61542279097,40.1987127277535,159.492764188261));
#2983=CARTESIAN_POINT('Origin',(85.5800055062567,38.1987127277535,192.678643732918));
#2984=CARTESIAN_POINT('',(66.9657855184039,40.1987127277535,168.616220949104));
#2985=CARTESIAN_POINT('Origin',(66.9657855184039,38.1987127277535,168.616220949104));
#2986=CARTESIAN_POINT('Origin',(85.5800055062567,40.1987127277535,192.678643732918));
#2987=CARTESIAN_POINT('Origin',(65.1301756742987,38.1987127277535,166.243345794313));
#2988=CARTESIAN_POINT('',(63.2754692870011,40.1987127277535,168.601324635804));
#2989=CARTESIAN_POINT('Origin',(63.2754692870011,38.1987127277535,168.601324635804));
#2990=CARTESIAN_POINT('Origin',(65.1301756742987,40.1987127277535,166.243345794313));
#2991=CARTESIAN_POINT('Origin',(44.4675985311861,38.1987127277535,192.512689582534));
#2992=CARTESIAN_POINT('',(48.3200596734894,40.1987127277535,162.335746080413));
#2993=CARTESIAN_POINT('Origin',(48.3200596734894,38.1987127277535,162.335746080413));
#2994=CARTESIAN_POINT('Origin',(44.4675985311861,40.1987127277535,192.512689582534));
#2995=CARTESIAN_POINT('Origin',(48.6999636179716,38.1987127277535,159.359897799172));
#2996=CARTESIAN_POINT('',(45.721145325691,40.1987127277535,159.715765164316));
#2997=CARTESIAN_POINT('Origin',(45.721145325691,38.1987127277535,159.715765164316));
#2998=CARTESIAN_POINT('Origin',(48.6999636179716,40.1987127277535,159.359897799172));
#2999=CARTESIAN_POINT('Origin',(15.5140840733148,38.1987127277535,163.324480514459));
#3000=CARTESIAN_POINT('',(39.5765068571282,40.1987127277535,144.710260526606));
#3001=CARTESIAN_POINT('',(37.9945900872676,38.1987127277535,145.934000422676));
#3002=CARTESIAN_POINT('Origin',(39.5765068571282,38.1987127277535,144.710260526606));
#3003=CARTESIAN_POINT('Origin',(15.5140840733148,38.1987127277535,163.324480514459));
#3004=CARTESIAN_POINT('Origin',(15.5140840733148,40.1987127277535,163.324480514459));
#3005=CARTESIAN_POINT('Origin',(41.9493820119191,38.1987127277535,142.874650682501));
#3006=CARTESIAN_POINT('',(39.5914031704285,40.1987127277535,141.019944295203));
#3007=CARTESIAN_POINT('',(38.0194172761013,38.1987127277535,139.783473370338));
#3008=CARTESIAN_POINT('Origin',(39.5914031704285,38.1987127277535,141.019944295203));
#3009=CARTESIAN_POINT('Origin',(41.9493820119191,38.1987127277535,142.874650682501));
#3010=CARTESIAN_POINT('Origin',(41.9493820119191,40.1987127277535,142.874650682501));
#3011=CARTESIAN_POINT('Origin',(15.6800382236982,38.1987127277535,122.212073539388));
#3012=CARTESIAN_POINT('',(45.8569817258192,40.1987127277535,126.064534681691));
#3013=CARTESIAN_POINT('',(43.8730828716583,38.1987127277535,125.81126538537));
#3014=CARTESIAN_POINT('Origin',(45.8569817258192,38.1987127277535,126.064534681691));
#3015=CARTESIAN_POINT('Origin',(15.6800382236982,38.1987127277535,122.212073539388));
#3016=CARTESIAN_POINT('Origin',(15.6800382236982,40.1987127277535,122.212073539388));
#3017=CARTESIAN_POINT('Origin',(48.8328300070605,38.1987127277535,126.444438626174));
#3018=CARTESIAN_POINT('',(48.4769626419162,40.1987127277535,123.465620333893));
#3019=CARTESIAN_POINT('',(48.2397177318199,38.1987127277535,121.479741472373));
#3020=CARTESIAN_POINT('Origin',(48.4769626419162,38.1987127277535,123.465620333893));
#3021=CARTESIAN_POINT('Origin',(48.8328300070605,38.1987127277535,126.444438626174));
#3022=CARTESIAN_POINT('Origin',(48.8328300070605,40.1987127277535,126.444438626174));
#3023=CARTESIAN_POINT('Origin',(44.8682472917738,38.1987127277535,93.2585590815168));
#3024=CARTESIAN_POINT('',(63.4824672796267,40.1987127277535,117.32098186533));
#3025=CARTESIAN_POINT('',(62.2587273835565,38.1987127277535,115.73906509547));
#3026=CARTESIAN_POINT('Origin',(63.4824672796267,38.1987127277535,117.32098186533));
#3027=CARTESIAN_POINT('Origin',(44.8682472917738,38.1987127277535,93.2585590815168));
#3028=CARTESIAN_POINT('Origin',(44.8682472917738,40.1987127277535,93.2585590815168));
#3029=CARTESIAN_POINT('Origin',(65.3180771237319,38.1987127277535,119.693857020121));
#3030=CARTESIAN_POINT('',(67.1727835110294,40.1987127277535,117.33587817863));
#3031=CARTESIAN_POINT('',(68.4092544358944,38.1987127277535,115.763892284303));
#3032=CARTESIAN_POINT('Origin',(67.1727835110294,38.1987127277535,117.33587817863));
#3033=CARTESIAN_POINT('Origin',(65.3180771237319,38.1987127277535,119.693857020121));
#3034=CARTESIAN_POINT('Origin',(65.3180771237319,40.1987127277535,119.693857020121));
#3035=CARTESIAN_POINT('Origin',(85.9806542668444,38.1987127277535,93.4245132319002));
#3036=CARTESIAN_POINT('',(82.1281931245412,40.1987127277535,123.601456734021));
#3037=CARTESIAN_POINT('',(82.3814624208626,38.1987127277535,121.61755787986));
#3038=CARTESIAN_POINT('Origin',(82.1281931245412,38.1987127277535,123.601456734021));
#3039=CARTESIAN_POINT('Origin',(85.9806542668444,38.1987127277535,93.4245132319002));
#3040=CARTESIAN_POINT('Origin',(85.9806542668444,40.1987127277535,93.4245132319002));
#3041=CARTESIAN_POINT('Origin',(81.748289180059,38.1987127277535,126.577305015263));
#3042=CARTESIAN_POINT('',(84.7271074723396,40.1987127277535,126.221437650118));
#3043=CARTESIAN_POINT('Origin',(84.7271074723396,38.1987127277535,126.221437650118));
#3044=CARTESIAN_POINT('Origin',(81.748289180059,38.1987127277535,126.577305015263));
#3045=CARTESIAN_POINT('Origin',(81.748289180059,40.1987127277535,126.577305015263));
#3046=CARTESIAN_POINT('Origin',(114.934168724716,38.1987127277535,122.612722299976));
#3047=CARTESIAN_POINT('',(89.9966578812646,40.1987127277535,140.037128428046));
#3048=CARTESIAN_POINT('Origin',(89.9966578812646,38.1987127277535,140.037128428046));
#3049=CARTESIAN_POINT('Origin',(114.934168724716,40.1987127277535,122.612722299976));
#3050=CARTESIAN_POINT('Origin',(114.934168724716,38.1987127277535,122.612722299976));
#3051=CARTESIAN_POINT('',(90.8868140999909,40.198621995231,141.215285854451));
#3052=CARTESIAN_POINT('Ctrl Pts',(89.9966578812646,40.1987127277535,140.037128428046));
#3053=CARTESIAN_POINT('Ctrl Pts',(90.1806582059065,40.1987127277535,140.206046580943));
#3054=CARTESIAN_POINT('Ctrl Pts',(90.3493532930634,40.1969926298679,140.391867875407));
#3055=CARTESIAN_POINT('Ctrl Pts',(90.6478780697325,40.1967695266199,140.788754261963));
#3056=CARTESIAN_POINT('Ctrl Pts',(90.7770312675632,40.1981768349814,140.996993928408));
#3057=CARTESIAN_POINT('Ctrl Pts',(90.8868140999909,40.198621995231,141.215285854451));
#3058=CARTESIAN_POINT('Origin',(90.8717459409024,38.1987127277535,141.226942287829));
#3059=CARTESIAN_POINT('Origin',(88.4988707861114,38.1987127277535,143.062552131934));
#3060=CARTESIAN_POINT('',(90.9314145107861,40.1987127277534,141.306781353174));
#3061=CARTESIAN_POINT('Origin',(90.9314145107861,38.1987127277535,141.306781353174));
#3062=CARTESIAN_POINT('',(90.917160798522,40.1987127277534,144.837903763548));
#3063=CARTESIAN_POINT('Origin',(88.4988707861114,40.1987127277535,143.062552131934));
#3064=CARTESIAN_POINT('Origin',(90.917160798522,38.1987127277535,144.837903763548));
#3065=CARTESIAN_POINT('Origin',(88.4988707861114,38.1987127277535,143.062552131934));
#3066=CARTESIAN_POINT('Ctrl Pts',(90.8868140999909,40.198621995231,141.215285854451));
#3067=CARTESIAN_POINT('Ctrl Pts',(90.9020524451065,40.1986837854523,141.245585744073));
#3068=CARTESIAN_POINT('Ctrl Pts',(90.9169206995362,40.1987127277535,141.276086401676));
#3069=CARTESIAN_POINT('Ctrl Pts',(90.9314145107861,40.1987127277535,141.306781353174));
#3070=CARTESIAN_POINT('Origin',(88.4988707861114,38.1987127277535,143.062552131934));
#3071=CARTESIAN_POINT('',(90.8718231925785,40.198621995231,144.929036218892));
#3072=CARTESIAN_POINT('Ctrl Pts',(90.917160798522,40.1987127277535,144.837903763548));
#3073=CARTESIAN_POINT('Ctrl Pts',(90.9024242066024,40.1987127277535,144.868471269219));
#3074=CARTESIAN_POINT('Ctrl Pts',(90.8873103944268,40.1986838043716,144.898851097299));
#3075=CARTESIAN_POINT('Ctrl Pts',(90.8718231925785,40.198621995231,144.929036218892));
#3076=CARTESIAN_POINT('Origin',(90.8568496276021,38.1987127277535,144.917258519231));
#3077=CARTESIAN_POINT('Origin',(114.768214574332,38.1987127277535,163.725129275046));
#3078=CARTESIAN_POINT('Ctrl Pts',(90.8718231925785,40.198621995231,144.929036218892));
#3079=CARTESIAN_POINT('Ctrl Pts',(90.7718808157925,40.1982231270246,145.123827558552));
#3080=CARTESIAN_POINT('Ctrl Pts',(90.656234482557,40.1969764380534,145.310842463775));
#3081=CARTESIAN_POINT('Ctrl Pts',(90.3618546845451,40.1967576489059,145.710662920912));
#3082=CARTESIAN_POINT('Ctrl Pts',(90.176514301586,40.1987127277535,145.915405368365));
#3083=CARTESIAN_POINT('Ctrl Pts',(89.9721846473974,40.1987127277535,146.099968968096));
#3084=CARTESIAN_POINT('Origin',(87.2239471660843,40.1987127277535,143.057405781191));
#3085=CARTESIAN_POINT('',(91.3239137635836,40.1987127277535,143.07395568725));
#3086=CARTESIAN_POINT('',(91.3239137635836,40.1987127277535,143.07395568725));
#3087=CARTESIAN_POINT('Origin',(87.2239471660843,40.1987127277535,143.057405781191));
#3088=CARTESIAN_POINT('Origin',(87.2239471660843,40.1987127277535,143.057405781191));
#3089=CARTESIAN_POINT('Origin',(87.2239471660843,40.1987127277535,143.057405781191));
#3090=CARTESIAN_POINT('Origin',(65.2241263990153,40.1987127277535,142.968601407217));
#3091=CARTESIAN_POINT('Origin',(15.6800382236982,40.1987127277535,122.212073539388));
#3092=CARTESIAN_POINT('',(38.0194172761013,40.1987127277535,139.783473370338));
#3093=CARTESIAN_POINT('',(43.8730828716583,40.1987127277535,125.81126538537));
#3094=CARTESIAN_POINT('Origin',(48.8328300070605,40.1987127277535,126.444438626174));
#3095=CARTESIAN_POINT('',(48.2397177318199,40.1987127277535,121.479741472373));
#3096=CARTESIAN_POINT('Origin',(44.8682472917738,40.1987127277535,93.2585590815168));
#3097=CARTESIAN_POINT('',(62.2587273835565,40.1987127277535,115.73906509547));
#3098=CARTESIAN_POINT('Origin',(65.3180771237319,40.1987127277535,119.693857020121));
#3099=CARTESIAN_POINT('',(68.4092544358944,40.1987127277535,115.763892284303));
#3100=CARTESIAN_POINT('Origin',(85.9806542668444,40.1987127277535,93.4245132319002));
#3101=CARTESIAN_POINT('',(82.3814624208626,40.1987127277535,121.61755787986));
#3102=CARTESIAN_POINT('Origin',(81.748289180059,40.1987127277535,126.577305015263));
#3103=CARTESIAN_POINT('Origin',(61.9741263990153,47.1987127277534,134.868601407217));
#3104=CARTESIAN_POINT('',(61.9741263990153,51.1987127277535,134.868601407217));
#3105=CARTESIAN_POINT('Origin',(61.9741263990153,50.4487127277535,134.868601407217));
#3106=CARTESIAN_POINT('Origin',(61.9741263990153,47.1987127277534,134.868601407217));
#3107=CARTESIAN_POINT('Origin',(61.9741263990153,50.4487127277535,135.418601407217));
#3108=CARTESIAN_POINT('',(61.9741263990153,51.1987127277535,135.418601407217));
#3109=CARTESIAN_POINT('Origin',(68.4741263990153,47.1987127277535,134.868601407217));
#3110=CARTESIAN_POINT('',(68.4741263990153,51.1987127277535,134.868601407217));
#3111=CARTESIAN_POINT('Origin',(68.4741263990153,47.1987127277535,134.868601407217));
#3112=CARTESIAN_POINT('Origin',(68.4741263990153,50.4487127277535,134.868601407217));
#3113=CARTESIAN_POINT('Origin',(68.4741263990153,50.4487127277535,139.165885619283));
#3114=CARTESIAN_POINT('',(68.4741263990153,51.1987127277534,139.165885619283));
#3115=CARTESIAN_POINT('Origin',(65.2241263990153,51.1987127277534,139.968601407217));
#3116=CARTESIAN_POINT('',(67.2241263990153,51.1987127277535,134.868601407217));
#3117=CARTESIAN_POINT('Origin',(67.2241263990153,47.1987127277535,134.868601407217));
#3118=CARTESIAN_POINT('Origin',(64.7241263990153,47.1987127277534,134.868601407217));
#3119=CARTESIAN_POINT('',(64.7241263990153,51.1987127277535,134.868601407217));
#3120=CARTESIAN_POINT('Origin',(65.2241263990153,51.1987127277534,139.968601407217));
#3121=CARTESIAN_POINT('Origin',(41.9493820119191,40.1987127277535,142.874650682501));
#3122=CARTESIAN_POINT('',(37.9945900872676,40.1987127277535,145.934000422676));
#3123=CARTESIAN_POINT('Origin',(65.2241263990153,40.1987127277535,142.968601407217));
#3124=CARTESIAN_POINT('Origin',(65.2241263990153,40.1987127277535,142.968601407217));
#3125=CARTESIAN_POINT('Origin',(15.5140840733148,40.1987127277535,163.324480514459));
#3126=CARTESIAN_POINT('Origin',(61.2241263990153,43.9655512202915,134.868601407217));
#3127=CARTESIAN_POINT('',(61.2241263990153,43.9655512202915,134.868601407217));
#3128=CARTESIAN_POINT('',(61.2241263990153,45.5821319740224,132.068601407217));
#3129=CARTESIAN_POINT('Origin',(61.2241263990153,45.5821319740224,137.668601407217));
#3130=CARTESIAN_POINT('',(61.2241263990153,45.5821319740224,137.668601407217));
#3131=CARTESIAN_POINT('Origin',(61.2241263990153,48.8152934814843,137.668601407217));
#3132=CARTESIAN_POINT('',(61.2241263990153,48.8152934814843,137.668601407217));
#3133=CARTESIAN_POINT('Origin',(61.2241263990153,50.4318742352153,134.868601407217));
#3134=CARTESIAN_POINT('',(61.2241263990153,50.4318742352153,134.868601407217));
#3135=CARTESIAN_POINT('Origin',(61.2241263990153,48.8152934814843,132.068601407217));
#3136=CARTESIAN_POINT('',(61.2241263990153,48.8152934814843,132.068601407217));
#3137=CARTESIAN_POINT('Origin',(61.2241263990153,45.5821319740224,132.068601407217));
#3138=CARTESIAN_POINT('Origin',(67.2241263990153,47.1987127277535,134.868601407217));
#3139=CARTESIAN_POINT('Origin',(67.2241263990153,47.1987127277535,134.868601407217));
#3140=CARTESIAN_POINT('Origin',(67.2241263990153,47.1987127277535,134.868601407217));
#3141=CARTESIAN_POINT('Origin',(68.2241263990153,47.1987127277535,134.868601407217));
#3142=CARTESIAN_POINT('Origin',(64.2241263990153,47.1987127277535,134.868601407217));
#3143=CARTESIAN_POINT('Origin',(65.2241263990153,43.1987127277534,142.968601407217));
#3144=CARTESIAN_POINT('',(66.2241263990153,43.1987127277534,146.944780477631));
#3145=UNCERTAINTY_MEASURE_WITH_UNIT(LENGTH_MEASURE(0.01),#3149,
'DISTANCE_ACCURACY_VALUE',
'Maximum model space distance between geometric entities at asserted c
onnectivities');
#3146=UNCERTAINTY_MEASURE_WITH_UNIT(LENGTH_MEASURE(0.01),#3149,
'DISTANCE_ACCURACY_VALUE',
'Maximum model space distance between geometric entities at asserted c
onnectivities');
#3147=(
GEOMETRIC_REPRESENTATION_CONTEXT(3)
GLOBAL_UNCERTAINTY_ASSIGNED_CONTEXT((#3145))
GLOBAL_UNIT_ASSIGNED_CONTEXT((#3149,#3151,#3152))
REPRESENTATION_CONTEXT('','3D')
);
#3148=(
GEOMETRIC_REPRESENTATION_CONTEXT(3)
GLOBAL_UNCERTAINTY_ASSIGNED_CONTEXT((#3146))
GLOBAL_UNIT_ASSIGNED_CONTEXT((#3149,#3151,#3152))
REPRESENTATION_CONTEXT('','3D')
);
#3149=(
LENGTH_UNIT()
NAMED_UNIT(*)
SI_UNIT(.MILLI.,.METRE.)
);
#3150=(
LENGTH_UNIT()
NAMED_UNIT(*)
SI_UNIT($,.METRE.)
);
#3151=(
NAMED_UNIT(*)
PLANE_ANGLE_UNIT()
SI_UNIT($,.RADIAN.)
);
#3152=(
NAMED_UNIT(*)
SI_UNIT($,.STERADIAN.)
SOLID_ANGLE_UNIT()
);
#3153=SHAPE_DEFINITION_REPRESENTATION(#3154,#3155);
#3154=PRODUCT_DEFINITION_SHAPE('',$,#3157);
#3155=SHAPE_REPRESENTATION('',(#1724),#3147);
#3156=PRODUCT_DEFINITION_CONTEXT('part definition',#3161,'design');
#3157=PRODUCT_DEFINITION('Hand Crank','Hand Crank v3',#3158,#3156);
#3158=PRODUCT_DEFINITION_FORMATION('',$,#3163);
#3159=PRODUCT_RELATED_PRODUCT_CATEGORY('Hand Crank v3','Hand Crank v3',
(#3163));
#3160=APPLICATION_PROTOCOL_DEFINITION('international standard',
'automotive_design',2009,#3161);
#3161=APPLICATION_CONTEXT(
'Core Data for Automotive Mechanical Design Process');
#3162=PRODUCT_CONTEXT('part definition',#3161,'mechanical');
#3163=PRODUCT('Hand Crank','Hand Crank v3',$,(#3162));
#3164=PRESENTATION_STYLE_ASSIGNMENT((#3166));
#3165=PRESENTATION_STYLE_ASSIGNMENT((#3167));
#3166=SURFACE_STYLE_USAGE(.BOTH.,#3168);
#3167=SURFACE_STYLE_USAGE(.BOTH.,#3169);
#3168=SURFACE_SIDE_STYLE('',(#3170));
#3169=SURFACE_SIDE_STYLE('',(#3171));
#3170=SURFACE_STYLE_FILL_AREA(#3172);
#3171=SURFACE_STYLE_FILL_AREA(#3173);
#3172=FILL_AREA_STYLE('Steel - Satin',(#3174));
#3173=FILL_AREA_STYLE('ABS (Red)',(#3175));
#3174=FILL_AREA_STYLE_COLOUR('Steel - Satin',#3176);
#3175=FILL_AREA_STYLE_COLOUR('ABS (Red)',#3177);
#3176=COLOUR_RGB('Steel - Satin',0.627450980392157,0.627450980392157,0.627450980392157);
#3177=COLOUR_RGB('ABS (Red)',1.,0.,0.);
ENDSEC;
END-ISO-10303-21;
