ISO-10303-21;
HEADER;
/* Generated by software containing ST-Developer
 * from STEP Tools, Inc. (www.steptools.com) 
 */

FILE_DESCRIPTION(
/* description */ (''),
/* implementation_level */ '2;1');

FILE_NAME(
/* name */ 'Long Wire Guide Mount.step',
/* time_stamp */ '2026-08-01T11:41:37-07:00',
/* author */ (''),
/* organization */ (''),
/* preprocessor_version */ 'ST-DEVELOPER v20.1',
/* originating_system */ 'Autodesk Translation Framework v15.8.0.0',
/* authorisation */ '');

FILE_SCHEMA (('AUTOMOTIVE_DESIGN { 1 0 10303 214 3 1 1 }'));
ENDSEC;

DATA;
#10=MECHANICAL_DESIGN_GEOMETRIC_PRESENTATION_REPRESENTATION('',(#13),#8164);
#11=SHAPE_REPRESENTATION_RELATIONSHIP('SRR','None',#8171,#12);
#12=ADVANCED_BREP_SHAPE_REPRESENTATION('',(#14),#8163);
#13=STYLED_ITEM('',(#8181),#14);
#14=MANIFOLD_SOLID_BREP('Body1',#3939);
#15=CONICAL_SURFACE('',#4286,2.24999999999999,0.785398163397445);
#16=FACE_BOUND('',#1034,.T.);
#17=FACE_BOUND('',#1125,.T.);
#18=FACE_BOUND('',#1130,.T.);
#19=FACE_BOUND('',#1131,.T.);
#20=FACE_BOUND('',#1132,.T.);
#21=FACE_BOUND('',#1133,.T.);
#22=FACE_BOUND('',#1134,.T.);
#23=FACE_BOUND('',#1135,.T.);
#24=FACE_BOUND('',#1136,.T.);
#25=FACE_BOUND('',#1141,.T.);
#26=FACE_BOUND('',#1143,.T.);
#27=FACE_BOUND('',#1151,.T.);
#28=FACE_BOUND('',#1152,.T.);
#29=FACE_BOUND('',#1153,.T.);
#30=FACE_BOUND('',#1154,.T.);
#31=FACE_BOUND('',#1194,.T.);
#32=FACE_BOUND('',#1195,.T.);
#33=FACE_BOUND('',#1196,.T.);
#34=FACE_BOUND('',#1197,.T.);
#35=FACE_BOUND('',#1198,.T.);
#36=FACE_BOUND('',#1214,.T.);
#37=FACE_BOUND('',#1217,.T.);
#38=FACE_BOUND('',#1220,.T.);
#39=FACE_BOUND('',#1223,.T.);
#40=FACE_BOUND('',#1227,.T.);
#41=FACE_BOUND('',#1231,.T.);
#42=FACE_BOUND('',#1235,.T.);
#43=FACE_BOUND('',#1261,.T.);
#44=FACE_BOUND('',#1262,.T.);
#45=FACE_BOUND('',#1263,.T.);
#46=FACE_BOUND('',#1264,.T.);
#47=SPHERICAL_SURFACE('',#4006,1.5);
#48=SPHERICAL_SURFACE('',#4011,1.5);
#49=SPHERICAL_SURFACE('',#4060,1.5);
#50=SPHERICAL_SURFACE('',#4064,1.49999999999999);
#51=SPHERICAL_SURFACE('',#4068,1.5);
#52=SPHERICAL_SURFACE('',#4072,1.5);
#53=SPHERICAL_SURFACE('',#4076,1.5);
#54=SPHERICAL_SURFACE('',#4081,1.5);
#55=SPHERICAL_SURFACE('',#4088,1.5);
#56=SPHERICAL_SURFACE('',#4093,1.5);
#57=SPHERICAL_SURFACE('',#4098,1.5);
#58=SPHERICAL_SURFACE('',#4102,1.5);
#59=SPHERICAL_SURFACE('',#4108,1.5);
#60=SPHERICAL_SURFACE('',#4112,1.5);
#61=SPHERICAL_SURFACE('',#4117,1.49999999999999);
#62=SPHERICAL_SURFACE('',#4122,1.5);
#63=SPHERICAL_SURFACE('',#4127,1.5);
#64=SPHERICAL_SURFACE('',#4132,1.50000000000003);
#65=SPHERICAL_SURFACE('',#4137,1.5);
#66=SPHERICAL_SURFACE('',#4208,1.5);
#67=SPHERICAL_SURFACE('',#4210,1.5);
#68=TOROIDAL_SURFACE('',#3974,3.,1.5);
#69=TOROIDAL_SURFACE('',#3999,3.,1.5);
#70=TOROIDAL_SURFACE('',#4001,3.,1.5);
#71=TOROIDAL_SURFACE('',#4013,3.,1.5);
#72=TOROIDAL_SURFACE('',#4033,3.,1.5);
#73=TOROIDAL_SURFACE('',#4049,3.,1.5);
#74=TOROIDAL_SURFACE('',#4144,3.00000000000001,1.5);
#75=TOROIDAL_SURFACE('',#4196,3.,1.5);
#76=TOROIDAL_SURFACE('',#4203,3.,1.5);
#77=TOROIDAL_SURFACE('',#4247,3.00000000000001,1.5);
#78=TOROIDAL_SURFACE('',#4282,3.,1.5);
#79=TOROIDAL_SURFACE('',#4289,3.00000000000001,1.5);
#80=TOROIDAL_SURFACE('',#4293,2.99999999999999,1.5);
#81=TOROIDAL_SURFACE('',#4300,3.00000000000001,1.5);
#82=TOROIDAL_SURFACE('',#4306,3.,1.5);
#83=TOROIDAL_SURFACE('',#4311,3.00000000000001,1.5);
#84=TOROIDAL_SURFACE('',#4364,5.5,0.5);
#85=TOROIDAL_SURFACE('',#4368,4.5,0.5);
#86=TOROIDAL_SURFACE('',#4373,5.5,0.5);
#87=TOROIDAL_SURFACE('',#4377,4.5,0.5);
#88=TOROIDAL_SURFACE('',#4382,5.5,0.5);
#89=TOROIDAL_SURFACE('',#4386,4.5,0.5);
#90=PLANE('',#3962);
#91=PLANE('',#3976);
#92=PLANE('',#3986);
#93=PLANE('',#3998);
#94=PLANE('',#4023);
#95=PLANE('',#4027);
#96=PLANE('',#4041);
#97=PLANE('',#4055);
#98=PLANE('',#4212);
#99=PLANE('',#4213);
#100=PLANE('',#4214);
#101=PLANE('',#4215);
#102=PLANE('',#4216);
#103=PLANE('',#4222);
#104=PLANE('',#4223);
#105=PLANE('',#4225);
#106=PLANE('',#4235);
#107=PLANE('',#4236);
#108=PLANE('',#4237);
#109=PLANE('',#4242);
#110=PLANE('',#4244);
#111=PLANE('',#4245);
#112=PLANE('',#4246);
#113=PLANE('',#4252);
#114=PLANE('',#4259);
#115=PLANE('',#4287);
#116=PLANE('',#4288);
#117=PLANE('',#4319);
#118=PLANE('',#4320);
#119=PLANE('',#4321);
#120=PLANE('',#4322);
#121=PLANE('',#4331);
#122=PLANE('',#4332);
#123=PLANE('',#4333);
#124=PLANE('',#4334);
#125=PLANE('',#4335);
#126=PLANE('',#4336);
#127=PLANE('',#4337);
#128=PLANE('',#4338);
#129=PLANE('',#4339);
#130=PLANE('',#4340);
#131=PLANE('',#4341);
#132=PLANE('',#4342);
#133=PLANE('',#4343);
#134=PLANE('',#4347);
#135=PLANE('',#4352);
#136=PLANE('',#4357);
#137=PLANE('',#4362);
#138=PLANE('',#4371);
#139=PLANE('',#4380);
#140=PLANE('',#4389);
#141=PLANE('',#4391);
#142=PLANE('',#4397);
#143=PLANE('',#4402);
#144=PLANE('',#4403);
#145=PLANE('',#4405);
#146=PLANE('',#4406);
#147=PLANE('',#4408);
#148=PLANE('',#4409);
#149=PLANE('',#4411);
#150=PLANE('',#4412);
#151=PLANE('',#4414);
#152=PLANE('',#4415);
#153=PLANE('',#4416);
#154=LINE('',#5632,#397);
#155=LINE('',#5633,#398);
#156=LINE('',#5659,#399);
#157=LINE('',#5662,#400);
#158=LINE('',#5664,#401);
#159=LINE('',#5942,#402);
#160=LINE('',#5945,#403);
#161=LINE('',#5950,#404);
#162=LINE('',#5953,#405);
#163=LINE('',#6194,#406);
#164=LINE('',#6197,#407);
#165=LINE('',#6200,#408);
#166=LINE('',#6202,#409);
#167=LINE('',#6204,#410);
#168=LINE('',#6206,#411);
#169=LINE('',#6210,#412);
#170=LINE('',#6218,#413);
#171=LINE('',#6222,#414);
#172=LINE('',#6226,#415);
#173=LINE('',#6730,#416);
#174=LINE('',#6732,#417);
#175=LINE('',#6734,#418);
#176=LINE('',#6736,#419);
#177=LINE('',#6749,#420);
#178=LINE('',#6877,#421);
#179=LINE('',#6880,#422);
#180=LINE('',#6883,#423);
#181=LINE('',#6885,#424);
#182=LINE('',#6887,#425);
#183=LINE('',#6888,#426);
#184=LINE('',#6893,#427);
#185=LINE('',#6904,#428);
#186=LINE('',#6906,#429);
#187=LINE('',#6907,#430);
#188=LINE('',#6980,#431);
#189=LINE('',#6981,#432);
#190=LINE('',#7023,#433);
#191=LINE('',#7026,#434);
#192=LINE('',#7029,#435);
#193=LINE('',#7030,#436);
#194=LINE('',#7033,#437);
#195=LINE('',#7037,#438);
#196=LINE('',#7039,#439);
#197=LINE('',#7082,#440);
#198=LINE('',#7116,#441);
#199=LINE('',#7118,#442);
#200=LINE('',#7119,#443);
#201=LINE('',#7122,#444);
#202=LINE('',#7125,#445);
#203=LINE('',#7165,#446);
#204=LINE('',#7166,#447);
#205=LINE('',#7170,#448);
#206=LINE('',#7193,#449);
#207=LINE('',#7203,#450);
#208=LINE('',#7205,#451);
#209=LINE('',#7221,#452);
#210=LINE('',#7222,#453);
#211=LINE('',#7270,#454);
#212=LINE('',#7273,#455);
#213=LINE('',#7284,#456);
#214=LINE('',#7285,#457);
#215=LINE('',#7287,#458);
#216=LINE('',#7288,#459);
#217=LINE('',#7322,#460);
#218=LINE('',#7323,#461);
#219=LINE('',#7325,#462);
#220=LINE('',#7326,#463);
#221=LINE('',#7331,#464);
#222=LINE('',#7332,#465);
#223=LINE('',#7334,#466);
#224=LINE('',#7335,#467);
#225=LINE('',#7337,#468);
#226=LINE('',#7338,#469);
#227=LINE('',#7343,#470);
#228=LINE('',#7344,#471);
#229=LINE('',#7349,#472);
#230=LINE('',#7350,#473);
#231=LINE('',#7352,#474);
#232=LINE('',#7353,#475);
#233=LINE('',#7355,#476);
#234=LINE('',#7356,#477);
#235=LINE('',#7359,#478);
#236=LINE('',#7361,#479);
#237=LINE('',#7366,#480);
#238=LINE('',#7367,#481);
#239=LINE('',#7372,#482);
#240=LINE('',#7373,#483);
#241=LINE('',#7378,#484);
#242=LINE('',#7379,#485);
#243=LINE('',#7415,#486);
#244=LINE('',#7416,#487);
#245=LINE('',#7418,#488);
#246=LINE('',#7419,#489);
#247=LINE('',#7421,#490);
#248=LINE('',#7426,#491);
#249=LINE('',#7427,#492);
#250=LINE('',#7432,#493);
#251=LINE('',#7433,#494);
#252=LINE('',#7457,#495);
#253=LINE('',#7459,#496);
#254=LINE('',#7460,#497);
#255=LINE('',#7465,#498);
#256=LINE('',#7466,#499);
#257=LINE('',#7468,#500);
#258=LINE('',#7469,#501);
#259=LINE('',#7474,#502);
#260=LINE('',#7475,#503);
#261=LINE('',#7477,#504);
#262=LINE('',#7478,#505);
#263=LINE('',#7480,#506);
#264=LINE('',#7527,#507);
#265=LINE('',#7528,#508);
#266=LINE('',#7545,#509);
#267=LINE('',#7550,#510);
#268=LINE('',#7551,#511);
#269=LINE('',#7568,#512);
#270=LINE('',#7569,#513);
#271=LINE('',#7591,#514);
#272=LINE('',#7593,#515);
#273=LINE('',#7595,#516);
#274=LINE('',#7597,#517);
#275=LINE('',#7599,#518);
#276=LINE('',#7601,#519);
#277=LINE('',#7604,#520);
#278=LINE('',#7605,#521);
#279=LINE('',#7606,#522);
#280=LINE('',#7609,#523);
#281=LINE('',#7613,#524);
#282=LINE('',#7617,#525);
#283=LINE('',#7621,#526);
#284=LINE('',#7625,#527);
#285=LINE('',#7634,#528);
#286=LINE('',#7637,#529);
#287=LINE('',#7640,#530);
#288=LINE('',#7643,#531);
#289=LINE('',#7646,#532);
#290=LINE('',#7649,#533);
#291=LINE('',#7652,#534);
#292=LINE('',#7655,#535);
#293=LINE('',#7660,#536);
#294=LINE('',#7663,#537);
#295=LINE('',#7670,#538);
#296=LINE('',#7674,#539);
#297=LINE('',#7678,#540);
#298=LINE('',#7681,#541);
#299=LINE('',#7693,#542);
#300=LINE('',#7695,#543);
#301=LINE('',#7698,#544);
#302=LINE('',#7700,#545);
#303=LINE('',#7701,#546);
#304=LINE('',#7703,#547);
#305=LINE('',#7705,#548);
#306=LINE('',#7707,#549);
#307=LINE('',#7708,#550);
#308=LINE('',#7718,#551);
#309=LINE('',#7720,#552);
#310=LINE('',#7721,#553);
#311=LINE('',#7725,#554);
#312=LINE('',#7728,#555);
#313=LINE('',#7731,#556);
#314=LINE('',#7734,#557);
#315=LINE('',#7755,#558);
#316=LINE('',#7758,#559);
#317=LINE('',#7795,#560);
#318=LINE('',#7798,#561);
#319=LINE('',#7802,#562);
#320=LINE('',#7836,#563);
#321=LINE('',#7837,#564);
#322=LINE('',#7839,#565);
#323=LINE('',#7843,#566);
#324=LINE('',#7849,#567);
#325=LINE('',#7850,#568);
#326=LINE('',#7852,#569);
#327=LINE('',#7853,#570);
#328=LINE('',#7868,#571);
#329=LINE('',#7873,#572);
#330=LINE('',#7874,#573);
#331=LINE('',#7881,#574);
#332=LINE('',#7916,#575);
#333=LINE('',#7918,#576);
#334=LINE('',#7919,#577);
#335=LINE('',#7922,#578);
#336=LINE('',#7927,#579);
#337=LINE('',#7930,#580);
#338=LINE('',#7932,#581);
#339=LINE('',#7942,#582);
#340=LINE('',#7944,#583);
#341=LINE('',#7948,#584);
#342=LINE('',#7950,#585);
#343=LINE('',#7954,#586);
#344=LINE('',#7956,#587);
#345=LINE('',#7960,#588);
#346=LINE('',#7962,#589);
#347=LINE('',#7974,#590);
#348=LINE('',#7976,#591);
#349=LINE('',#7978,#592);
#350=LINE('',#7979,#593);
#351=LINE('',#7982,#594);
#352=LINE('',#7984,#595);
#353=LINE('',#7985,#596);
#354=LINE('',#7989,#597);
#355=LINE('',#7991,#598);
#356=LINE('',#7993,#599);
#357=LINE('',#7994,#600);
#358=LINE('',#7997,#601);
#359=LINE('',#7999,#602);
#360=LINE('',#8000,#603);
#361=LINE('',#8004,#604);
#362=LINE('',#8006,#605);
#363=LINE('',#8008,#606);
#364=LINE('',#8009,#607);
#365=LINE('',#8012,#608);
#366=LINE('',#8014,#609);
#367=LINE('',#8015,#610);
#368=LINE('',#8019,#611);
#369=LINE('',#8021,#612);
#370=LINE('',#8023,#613);
#371=LINE('',#8024,#614);
#372=LINE('',#8027,#615);
#373=LINE('',#8029,#616);
#374=LINE('',#8030,#617);
#375=LINE('',#8096,#618);
#376=LINE('',#8098,#619);
#377=LINE('',#8100,#620);
#378=LINE('',#8121,#621);
#379=LINE('',#8125,#622);
#380=LINE('',#8127,#623);
#381=LINE('',#8129,#624);
#382=LINE('',#8131,#625);
#383=LINE('',#8133,#626);
#384=LINE('',#8134,#627);
#385=LINE('',#8136,#628);
#386=LINE('',#8139,#629);
#387=LINE('',#8140,#630);
#388=LINE('',#8142,#631);
#389=LINE('',#8145,#632);
#390=LINE('',#8146,#633);
#391=LINE('',#8148,#634);
#392=LINE('',#8151,#635);
#393=LINE('',#8152,#636);
#394=LINE('',#8154,#637);
#395=LINE('',#8157,#638);
#396=LINE('',#8159,#639);
#397=VECTOR('',#4429,10.);
#398=VECTOR('',#4430,10.);
#399=VECTOR('',#4437,10.);
#400=VECTOR('',#4440,10.);
#401=VECTOR('',#4443,10.);
#402=VECTOR('',#4464,10.);
#403=VECTOR('',#4467,10.);
#404=VECTOR('',#4474,10.);
#405=VECTOR('',#4477,10.);
#406=VECTOR('',#4492,10.);
#407=VECTOR('',#4495,10.);
#408=VECTOR('',#4498,10.);
#409=VECTOR('',#4499,10.);
#410=VECTOR('',#4500,10.);
#411=VECTOR('',#4501,10.);
#412=VECTOR('',#4504,10.);
#413=VECTOR('',#4507,10.);
#414=VECTOR('',#4510,10.);
#415=VECTOR('',#4515,10.);
#416=VECTOR('',#4530,10.);
#417=VECTOR('',#4531,10.);
#418=VECTOR('',#4532,10.);
#419=VECTOR('',#4533,10.);
#420=VECTOR('',#4546,10.);
#421=VECTOR('',#4579,10.);
#422=VECTOR('',#4584,10.);
#423=VECTOR('',#4587,10.);
#424=VECTOR('',#4588,10.);
#425=VECTOR('',#4589,10.);
#426=VECTOR('',#4590,10.);
#427=VECTOR('',#4595,10.);
#428=VECTOR('',#4600,10.);
#429=VECTOR('',#4601,10.);
#430=VECTOR('',#4602,10.);
#431=VECTOR('',#4613,10.);
#432=VECTOR('',#4614,10.);
#433=VECTOR('',#4629,10.);
#434=VECTOR('',#4632,10.);
#435=VECTOR('',#4635,10.);
#436=VECTOR('',#4636,10.);
#437=VECTOR('',#4639,10.);
#438=VECTOR('',#4644,10.);
#439=VECTOR('',#4647,10.);
#440=VECTOR('',#4664,10.);
#441=VECTOR('',#4669,10.);
#442=VECTOR('',#4670,10.);
#443=VECTOR('',#4671,10.);
#444=VECTOR('',#4674,10.);
#445=VECTOR('',#4679,10.);
#446=VECTOR('',#4734,10.);
#447=VECTOR('',#4735,10.);
#448=VECTOR('',#4740,10.);
#449=VECTOR('',#4769,10.);
#450=VECTOR('',#4780,10.);
#451=VECTOR('',#4781,10.);
#452=VECTOR('',#4802,10.);
#453=VECTOR('',#4803,10.);
#454=VECTOR('',#4856,10.);
#455=VECTOR('',#4859,10.);
#456=VECTOR('',#4872,10.);
#457=VECTOR('',#4873,10.);
#458=VECTOR('',#4876,10.);
#459=VECTOR('',#4877,10.);
#460=VECTOR('',#4884,10.);
#461=VECTOR('',#4885,10.);
#462=VECTOR('',#4888,10.);
#463=VECTOR('',#4889,10.);
#464=VECTOR('',#4894,10.);
#465=VECTOR('',#4895,10.);
#466=VECTOR('',#4898,10.);
#467=VECTOR('',#4899,10.);
#468=VECTOR('',#4902,10.);
#469=VECTOR('',#4903,10.);
#470=VECTOR('',#4908,10.);
#471=VECTOR('',#4909,10.);
#472=VECTOR('',#4914,10.);
#473=VECTOR('',#4915,10.);
#474=VECTOR('',#4918,10.);
#475=VECTOR('',#4919,10.);
#476=VECTOR('',#4922,10.);
#477=VECTOR('',#4923,10.);
#478=VECTOR('',#4928,10.);
#479=VECTOR('',#4931,10.);
#480=VECTOR('',#4936,10.);
#481=VECTOR('',#4937,10.);
#482=VECTOR('',#4942,10.);
#483=VECTOR('',#4943,10.);
#484=VECTOR('',#4948,10.);
#485=VECTOR('',#4949,10.);
#486=VECTOR('',#4956,10.);
#487=VECTOR('',#4957,10.);
#488=VECTOR('',#4960,10.);
#489=VECTOR('',#4961,10.);
#490=VECTOR('',#4964,10.);
#491=VECTOR('',#4969,10.);
#492=VECTOR('',#4970,10.);
#493=VECTOR('',#4975,10.);
#494=VECTOR('',#4976,10.);
#495=VECTOR('',#4983,10.);
#496=VECTOR('',#4986,10.);
#497=VECTOR('',#4987,10.);
#498=VECTOR('',#4992,10.);
#499=VECTOR('',#4993,10.);
#500=VECTOR('',#4996,10.);
#501=VECTOR('',#4997,10.);
#502=VECTOR('',#5002,10.);
#503=VECTOR('',#5003,10.);
#504=VECTOR('',#5006,10.);
#505=VECTOR('',#5007,10.);
#506=VECTOR('',#5010,10.);
#507=VECTOR('',#5015,10.);
#508=VECTOR('',#5016,10.);
#509=VECTOR('',#5027,10.);
#510=VECTOR('',#5032,10.);
#511=VECTOR('',#5033,10.);
#512=VECTOR('',#5044,10.);
#513=VECTOR('',#5045,10.);
#514=VECTOR('',#5056,10.);
#515=VECTOR('',#5059,10.);
#516=VECTOR('',#5062,10.);
#517=VECTOR('',#5065,10.);
#518=VECTOR('',#5068,10.);
#519=VECTOR('',#5069,10.);
#520=VECTOR('',#5072,10.);
#521=VECTOR('',#5073,10.);
#522=VECTOR('',#5074,10.);
#523=VECTOR('',#5075,10.);
#524=VECTOR('',#5078,10.);
#525=VECTOR('',#5081,10.);
#526=VECTOR('',#5084,10.);
#527=VECTOR('',#5091,10.);
#528=VECTOR('',#5100,10.);
#529=VECTOR('',#5103,10.);
#530=VECTOR('',#5104,10.);
#531=VECTOR('',#5107,10.);
#532=VECTOR('',#5108,10.);
#533=VECTOR('',#5111,10.);
#534=VECTOR('',#5112,10.);
#535=VECTOR('',#5115,10.);
#536=VECTOR('',#5120,10.);
#537=VECTOR('',#5125,10.);
#538=VECTOR('',#5132,10.);
#539=VECTOR('',#5135,10.);
#540=VECTOR('',#5138,10.);
#541=VECTOR('',#5141,10.);
#542=VECTOR('',#5160,10.);
#543=VECTOR('',#5163,10.);
#544=VECTOR('',#5166,10.);
#545=VECTOR('',#5167,10.);
#546=VECTOR('',#5168,10.);
#547=VECTOR('',#5169,10.);
#548=VECTOR('',#5170,10.);
#549=VECTOR('',#5171,10.);
#550=VECTOR('',#5172,10.);
#551=VECTOR('',#5183,10.);
#552=VECTOR('',#5186,10.);
#553=VECTOR('',#5187,10.);
#554=VECTOR('',#5192,10.);
#555=VECTOR('',#5195,10.);
#556=VECTOR('',#5198,10.);
#557=VECTOR('',#5201,10.);
#558=VECTOR('',#5208,10.);
#559=VECTOR('',#5211,10.);
#560=VECTOR('',#5222,10.);
#561=VECTOR('',#5225,10.);
#562=VECTOR('',#5230,10.);
#563=VECTOR('',#5237,10.);
#564=VECTOR('',#5238,10.);
#565=VECTOR('',#5241,10.);
#566=VECTOR('',#5246,10.);
#567=VECTOR('',#5255,10.);
#568=VECTOR('',#5256,10.);
#569=VECTOR('',#5259,10.);
#570=VECTOR('',#5260,10.);
#571=VECTOR('',#5283,10.);
#572=VECTOR('',#5288,10.);
#573=VECTOR('',#5289,10.);
#574=VECTOR('',#5302,10.);
#575=VECTOR('',#5319,10.);
#576=VECTOR('',#5322,10.);
#577=VECTOR('',#5323,10.);
#578=VECTOR('',#5326,10.);
#579=VECTOR('',#5333,10.);
#580=VECTOR('',#5338,10.);
#581=VECTOR('',#5341,10.);
#582=VECTOR('',#5350,10.);
#583=VECTOR('',#5351,10.);
#584=VECTOR('',#5354,10.);
#585=VECTOR('',#5355,10.);
#586=VECTOR('',#5358,10.);
#587=VECTOR('',#5359,10.);
#588=VECTOR('',#5362,10.);
#589=VECTOR('',#5363,10.);
#590=VECTOR('',#5380,10.);
#591=VECTOR('',#5381,10.);
#592=VECTOR('',#5382,10.);
#593=VECTOR('',#5383,10.);
#594=VECTOR('',#5386,10.);
#595=VECTOR('',#5387,10.);
#596=VECTOR('',#5388,10.);
#597=VECTOR('',#5391,10.);
#598=VECTOR('',#5392,10.);
#599=VECTOR('',#5393,10.);
#600=VECTOR('',#5394,10.);
#601=VECTOR('',#5397,10.);
#602=VECTOR('',#5398,10.);
#603=VECTOR('',#5399,10.);
#604=VECTOR('',#5402,10.);
#605=VECTOR('',#5403,10.);
#606=VECTOR('',#5404,10.);
#607=VECTOR('',#5405,10.);
#608=VECTOR('',#5408,10.);
#609=VECTOR('',#5409,10.);
#610=VECTOR('',#5410,10.);
#611=VECTOR('',#5413,10.);
#612=VECTOR('',#5414,10.);
#613=VECTOR('',#5415,10.);
#614=VECTOR('',#5416,10.);
#615=VECTOR('',#5419,10.);
#616=VECTOR('',#5420,10.);
#617=VECTOR('',#5421,10.);
#618=VECTOR('',#5520,2.5175);
#619=VECTOR('',#5523,2.8);
#620=VECTOR('',#5526,2.8);
#621=VECTOR('',#5529,2.8);
#622=VECTOR('',#5536,3.9);
#623=VECTOR('',#5539,3.9);
#624=VECTOR('',#5542,3.9);
#625=VECTOR('',#5545,3.9);
#626=VECTOR('',#5548,10.);
#627=VECTOR('',#5549,10.);
#628=VECTOR('',#5552,10.);
#629=VECTOR('',#5557,10.);
#630=VECTOR('',#5558,10.);
#631=VECTOR('',#5561,10.);
#632=VECTOR('',#5566,10.);
#633=VECTOR('',#5567,10.);
#634=VECTOR('',#5570,10.);
#635=VECTOR('',#5575,10.);
#636=VECTOR('',#5576,10.);
#637=VECTOR('',#5579,10.);
#638=VECTOR('',#5584,10.);
#639=VECTOR('',#5587,10.);
#640=CYLINDRICAL_SURFACE('',#3956,1.5);
#641=CYLINDRICAL_SURFACE('',#3960,1.5);
#642=CYLINDRICAL_SURFACE('',#3971,1.5);
#643=CYLINDRICAL_SURFACE('',#3984,1.5);
#644=CYLINDRICAL_SURFACE('',#3991,1.5);
#645=CYLINDRICAL_SURFACE('',#4004,1.5);
#646=CYLINDRICAL_SURFACE('',#4019,1.5);
#647=CYLINDRICAL_SURFACE('',#4022,1.5);
#648=CYLINDRICAL_SURFACE('',#4025,1.5);
#649=CYLINDRICAL_SURFACE('',#4031,1.5);
#650=CYLINDRICAL_SURFACE('',#4039,1.5);
#651=CYLINDRICAL_SURFACE('',#4042,1.5);
#652=CYLINDRICAL_SURFACE('',#4044,1.5);
#653=CYLINDRICAL_SURFACE('',#4052,1.5);
#654=CYLINDRICAL_SURFACE('',#4056,1.5);
#655=CYLINDRICAL_SURFACE('',#4058,1.5);
#656=CYLINDRICAL_SURFACE('',#4080,1.5);
#657=CYLINDRICAL_SURFACE('',#4085,1.5);
#658=CYLINDRICAL_SURFACE('',#4086,1.5);
#659=CYLINDRICAL_SURFACE('',#4101,1.5);
#660=CYLINDRICAL_SURFACE('',#4106,1.5);
#661=CYLINDRICAL_SURFACE('',#4116,1.5);
#662=CYLINDRICAL_SURFACE('',#4141,1.5);
#663=CYLINDRICAL_SURFACE('',#4148,1.5);
#664=CYLINDRICAL_SURFACE('',#4150,1.5);
#665=CYLINDRICAL_SURFACE('',#4153,1.5);
#666=CYLINDRICAL_SURFACE('',#4154,1.5);
#667=CYLINDRICAL_SURFACE('',#4155,1.5);
#668=CYLINDRICAL_SURFACE('',#4157,1.5);
#669=CYLINDRICAL_SURFACE('',#4158,1.5);
#670=CYLINDRICAL_SURFACE('',#4159,1.5);
#671=CYLINDRICAL_SURFACE('',#4161,1.5);
#672=CYLINDRICAL_SURFACE('',#4163,1.5);
#673=CYLINDRICAL_SURFACE('',#4164,1.5);
#674=CYLINDRICAL_SURFACE('',#4165,1.5);
#675=CYLINDRICAL_SURFACE('',#4167,1.5);
#676=CYLINDRICAL_SURFACE('',#4168,1.5);
#677=CYLINDRICAL_SURFACE('',#4170,1.5);
#678=CYLINDRICAL_SURFACE('',#4172,1.5);
#679=CYLINDRICAL_SURFACE('',#4176,1.5);
#680=CYLINDRICAL_SURFACE('',#4177,1.5);
#681=CYLINDRICAL_SURFACE('',#4178,1.5);
#682=CYLINDRICAL_SURFACE('',#4179,1.5);
#683=CYLINDRICAL_SURFACE('',#4181,1.5);
#684=CYLINDRICAL_SURFACE('',#4185,1.5);
#685=CYLINDRICAL_SURFACE('',#4186,1.5);
#686=CYLINDRICAL_SURFACE('',#4187,1.5);
#687=CYLINDRICAL_SURFACE('',#4189,1.5);
#688=CYLINDRICAL_SURFACE('',#4190,1.5);
#689=CYLINDRICAL_SURFACE('',#4192,1.5);
#690=CYLINDRICAL_SURFACE('',#4193,1.5);
#691=CYLINDRICAL_SURFACE('',#4195,1.5);
#692=CYLINDRICAL_SURFACE('',#4200,1.5);
#693=CYLINDRICAL_SURFACE('',#4201,1.5);
#694=CYLINDRICAL_SURFACE('',#4206,1.5);
#695=CYLINDRICAL_SURFACE('',#4224,1.5);
#696=CYLINDRICAL_SURFACE('',#4233,1.5);
#697=CYLINDRICAL_SURFACE('',#4250,1.5);
#698=CYLINDRICAL_SURFACE('',#4251,1.5);
#699=CYLINDRICAL_SURFACE('',#4257,1.5);
#700=CYLINDRICAL_SURFACE('',#4258,1.5);
#701=CYLINDRICAL_SURFACE('',#4260,1.5);
#702=CYLINDRICAL_SURFACE('',#4262,1.5);
#703=CYLINDRICAL_SURFACE('',#4266,1.5);
#704=CYLINDRICAL_SURFACE('',#4268,1.5);
#705=CYLINDRICAL_SURFACE('',#4272,1.5);
#706=CYLINDRICAL_SURFACE('',#4274,1.5);
#707=CYLINDRICAL_SURFACE('',#4278,1.5);
#708=CYLINDRICAL_SURFACE('',#4279,1.5);
#709=CYLINDRICAL_SURFACE('',#4280,1.5);
#710=CYLINDRICAL_SURFACE('',#4285,1.5);
#711=CYLINDRICAL_SURFACE('',#4297,1.5);
#712=CYLINDRICAL_SURFACE('',#4298,1.5);
#713=CYLINDRICAL_SURFACE('',#4303,1.5);
#714=CYLINDRICAL_SURFACE('',#4304,1.5);
#715=CYLINDRICAL_SURFACE('',#4308,1.5);
#716=CYLINDRICAL_SURFACE('',#4313,1.5);
#717=CYLINDRICAL_SURFACE('',#4314,1.5);
#718=CYLINDRICAL_SURFACE('',#4315,1.5);
#719=CYLINDRICAL_SURFACE('',#4317,1.5);
#720=CYLINDRICAL_SURFACE('',#4344,2.00000000000001);
#721=CYLINDRICAL_SURFACE('',#4349,2.00000000000001);
#722=CYLINDRICAL_SURFACE('',#4354,2.00000000000001);
#723=CYLINDRICAL_SURFACE('',#4359,2.00000000000001);
#724=CYLINDRICAL_SURFACE('',#4392,2.5175);
#725=CYLINDRICAL_SURFACE('',#4393,2.8);
#726=CYLINDRICAL_SURFACE('',#4394,2.8);
#727=CYLINDRICAL_SURFACE('',#4395,2.8);
#728=CYLINDRICAL_SURFACE('',#4398,3.9);
#729=CYLINDRICAL_SURFACE('',#4399,3.9);
#730=CYLINDRICAL_SURFACE('',#4400,3.9);
#731=CYLINDRICAL_SURFACE('',#4401,3.9);
#732=CYLINDRICAL_SURFACE('',#4404,1.5);
#733=CYLINDRICAL_SURFACE('',#4407,1.5);
#734=CYLINDRICAL_SURFACE('',#4410,1.5);
#735=CYLINDRICAL_SURFACE('',#4413,1.5);
#736=FACE_OUTER_BOUND('',#985,.T.);
#737=FACE_OUTER_BOUND('',#986,.T.);
#738=FACE_OUTER_BOUND('',#987,.T.);
#739=FACE_OUTER_BOUND('',#988,.T.);
#740=FACE_OUTER_BOUND('',#989,.T.);
#741=FACE_OUTER_BOUND('',#990,.T.);
#742=FACE_OUTER_BOUND('',#991,.T.);
#743=FACE_OUTER_BOUND('',#992,.T.);
#744=FACE_OUTER_BOUND('',#993,.T.);
#745=FACE_OUTER_BOUND('',#994,.T.);
#746=FACE_OUTER_BOUND('',#995,.T.);
#747=FACE_OUTER_BOUND('',#996,.T.);
#748=FACE_OUTER_BOUND('',#997,.T.);
#749=FACE_OUTER_BOUND('',#998,.T.);
#750=FACE_OUTER_BOUND('',#999,.T.);
#751=FACE_OUTER_BOUND('',#1000,.T.);
#752=FACE_OUTER_BOUND('',#1001,.T.);
#753=FACE_OUTER_BOUND('',#1002,.T.);
#754=FACE_OUTER_BOUND('',#1003,.T.);
#755=FACE_OUTER_BOUND('',#1004,.T.);
#756=FACE_OUTER_BOUND('',#1005,.T.);
#757=FACE_OUTER_BOUND('',#1006,.T.);
#758=FACE_OUTER_BOUND('',#1007,.T.);
#759=FACE_OUTER_BOUND('',#1008,.T.);
#760=FACE_OUTER_BOUND('',#1009,.T.);
#761=FACE_OUTER_BOUND('',#1010,.T.);
#762=FACE_OUTER_BOUND('',#1011,.T.);
#763=FACE_OUTER_BOUND('',#1012,.T.);
#764=FACE_OUTER_BOUND('',#1013,.T.);
#765=FACE_OUTER_BOUND('',#1014,.T.);
#766=FACE_OUTER_BOUND('',#1015,.T.);
#767=FACE_OUTER_BOUND('',#1016,.T.);
#768=FACE_OUTER_BOUND('',#1017,.T.);
#769=FACE_OUTER_BOUND('',#1018,.T.);
#770=FACE_OUTER_BOUND('',#1019,.T.);
#771=FACE_OUTER_BOUND('',#1020,.T.);
#772=FACE_OUTER_BOUND('',#1021,.T.);
#773=FACE_OUTER_BOUND('',#1022,.T.);
#774=FACE_OUTER_BOUND('',#1023,.T.);
#775=FACE_OUTER_BOUND('',#1024,.T.);
#776=FACE_OUTER_BOUND('',#1025,.T.);
#777=FACE_OUTER_BOUND('',#1026,.T.);
#778=FACE_OUTER_BOUND('',#1027,.T.);
#779=FACE_OUTER_BOUND('',#1028,.T.);
#780=FACE_OUTER_BOUND('',#1029,.T.);
#781=FACE_OUTER_BOUND('',#1030,.T.);
#782=FACE_OUTER_BOUND('',#1031,.T.);
#783=FACE_OUTER_BOUND('',#1032,.T.);
#784=FACE_OUTER_BOUND('',#1033,.T.);
#785=FACE_OUTER_BOUND('',#1035,.T.);
#786=FACE_OUTER_BOUND('',#1036,.T.);
#787=FACE_OUTER_BOUND('',#1037,.T.);
#788=FACE_OUTER_BOUND('',#1038,.T.);
#789=FACE_OUTER_BOUND('',#1039,.T.);
#790=FACE_OUTER_BOUND('',#1040,.T.);
#791=FACE_OUTER_BOUND('',#1041,.T.);
#792=FACE_OUTER_BOUND('',#1042,.T.);
#793=FACE_OUTER_BOUND('',#1043,.T.);
#794=FACE_OUTER_BOUND('',#1044,.T.);
#795=FACE_OUTER_BOUND('',#1045,.T.);
#796=FACE_OUTER_BOUND('',#1046,.T.);
#797=FACE_OUTER_BOUND('',#1047,.T.);
#798=FACE_OUTER_BOUND('',#1048,.T.);
#799=FACE_OUTER_BOUND('',#1049,.T.);
#800=FACE_OUTER_BOUND('',#1050,.T.);
#801=FACE_OUTER_BOUND('',#1051,.T.);
#802=FACE_OUTER_BOUND('',#1052,.T.);
#803=FACE_OUTER_BOUND('',#1053,.T.);
#804=FACE_OUTER_BOUND('',#1054,.T.);
#805=FACE_OUTER_BOUND('',#1055,.T.);
#806=FACE_OUTER_BOUND('',#1056,.T.);
#807=FACE_OUTER_BOUND('',#1057,.T.);
#808=FACE_OUTER_BOUND('',#1058,.T.);
#809=FACE_OUTER_BOUND('',#1059,.T.);
#810=FACE_OUTER_BOUND('',#1060,.T.);
#811=FACE_OUTER_BOUND('',#1061,.T.);
#812=FACE_OUTER_BOUND('',#1062,.T.);
#813=FACE_OUTER_BOUND('',#1063,.T.);
#814=FACE_OUTER_BOUND('',#1064,.T.);
#815=FACE_OUTER_BOUND('',#1065,.T.);
#816=FACE_OUTER_BOUND('',#1066,.T.);
#817=FACE_OUTER_BOUND('',#1067,.T.);
#818=FACE_OUTER_BOUND('',#1068,.T.);
#819=FACE_OUTER_BOUND('',#1069,.T.);
#820=FACE_OUTER_BOUND('',#1070,.T.);
#821=FACE_OUTER_BOUND('',#1071,.T.);
#822=FACE_OUTER_BOUND('',#1072,.T.);
#823=FACE_OUTER_BOUND('',#1073,.T.);
#824=FACE_OUTER_BOUND('',#1074,.T.);
#825=FACE_OUTER_BOUND('',#1075,.T.);
#826=FACE_OUTER_BOUND('',#1076,.T.);
#827=FACE_OUTER_BOUND('',#1077,.T.);
#828=FACE_OUTER_BOUND('',#1078,.T.);
#829=FACE_OUTER_BOUND('',#1079,.T.);
#830=FACE_OUTER_BOUND('',#1080,.T.);
#831=FACE_OUTER_BOUND('',#1081,.T.);
#832=FACE_OUTER_BOUND('',#1082,.T.);
#833=FACE_OUTER_BOUND('',#1083,.T.);
#834=FACE_OUTER_BOUND('',#1084,.T.);
#835=FACE_OUTER_BOUND('',#1085,.T.);
#836=FACE_OUTER_BOUND('',#1086,.T.);
#837=FACE_OUTER_BOUND('',#1087,.T.);
#838=FACE_OUTER_BOUND('',#1088,.T.);
#839=FACE_OUTER_BOUND('',#1089,.T.);
#840=FACE_OUTER_BOUND('',#1090,.T.);
#841=FACE_OUTER_BOUND('',#1091,.T.);
#842=FACE_OUTER_BOUND('',#1092,.T.);
#843=FACE_OUTER_BOUND('',#1093,.T.);
#844=FACE_OUTER_BOUND('',#1094,.T.);
#845=FACE_OUTER_BOUND('',#1095,.T.);
#846=FACE_OUTER_BOUND('',#1096,.T.);
#847=FACE_OUTER_BOUND('',#1097,.T.);
#848=FACE_OUTER_BOUND('',#1098,.T.);
#849=FACE_OUTER_BOUND('',#1099,.T.);
#850=FACE_OUTER_BOUND('',#1100,.T.);
#851=FACE_OUTER_BOUND('',#1101,.T.);
#852=FACE_OUTER_BOUND('',#1102,.T.);
#853=FACE_OUTER_BOUND('',#1103,.T.);
#854=FACE_OUTER_BOUND('',#1104,.T.);
#855=FACE_OUTER_BOUND('',#1105,.T.);
#856=FACE_OUTER_BOUND('',#1106,.T.);
#857=FACE_OUTER_BOUND('',#1107,.T.);
#858=FACE_OUTER_BOUND('',#1108,.T.);
#859=FACE_OUTER_BOUND('',#1109,.T.);
#860=FACE_OUTER_BOUND('',#1110,.T.);
#861=FACE_OUTER_BOUND('',#1111,.T.);
#862=FACE_OUTER_BOUND('',#1112,.T.);
#863=FACE_OUTER_BOUND('',#1113,.T.);
#864=FACE_OUTER_BOUND('',#1114,.T.);
#865=FACE_OUTER_BOUND('',#1115,.T.);
#866=FACE_OUTER_BOUND('',#1116,.T.);
#867=FACE_OUTER_BOUND('',#1117,.T.);
#868=FACE_OUTER_BOUND('',#1118,.T.);
#869=FACE_OUTER_BOUND('',#1119,.T.);
#870=FACE_OUTER_BOUND('',#1120,.T.);
#871=FACE_OUTER_BOUND('',#1121,.T.);
#872=FACE_OUTER_BOUND('',#1122,.T.);
#873=FACE_OUTER_BOUND('',#1123,.T.);
#874=FACE_OUTER_BOUND('',#1124,.T.);
#875=FACE_OUTER_BOUND('',#1126,.T.);
#876=FACE_OUTER_BOUND('',#1127,.T.);
#877=FACE_OUTER_BOUND('',#1128,.T.);
#878=FACE_OUTER_BOUND('',#1129,.T.);
#879=FACE_OUTER_BOUND('',#1137,.T.);
#880=FACE_OUTER_BOUND('',#1138,.T.);
#881=FACE_OUTER_BOUND('',#1139,.T.);
#882=FACE_OUTER_BOUND('',#1140,.T.);
#883=FACE_OUTER_BOUND('',#1142,.T.);
#884=FACE_OUTER_BOUND('',#1144,.T.);
#885=FACE_OUTER_BOUND('',#1145,.T.);
#886=FACE_OUTER_BOUND('',#1146,.T.);
#887=FACE_OUTER_BOUND('',#1147,.T.);
#888=FACE_OUTER_BOUND('',#1148,.T.);
#889=FACE_OUTER_BOUND('',#1149,.T.);
#890=FACE_OUTER_BOUND('',#1150,.T.);
#891=FACE_OUTER_BOUND('',#1155,.T.);
#892=FACE_OUTER_BOUND('',#1156,.T.);
#893=FACE_OUTER_BOUND('',#1157,.T.);
#894=FACE_OUTER_BOUND('',#1158,.T.);
#895=FACE_OUTER_BOUND('',#1159,.T.);
#896=FACE_OUTER_BOUND('',#1160,.T.);
#897=FACE_OUTER_BOUND('',#1161,.T.);
#898=FACE_OUTER_BOUND('',#1162,.T.);
#899=FACE_OUTER_BOUND('',#1163,.T.);
#900=FACE_OUTER_BOUND('',#1164,.T.);
#901=FACE_OUTER_BOUND('',#1165,.T.);
#902=FACE_OUTER_BOUND('',#1166,.T.);
#903=FACE_OUTER_BOUND('',#1167,.T.);
#904=FACE_OUTER_BOUND('',#1168,.T.);
#905=FACE_OUTER_BOUND('',#1169,.T.);
#906=FACE_OUTER_BOUND('',#1170,.T.);
#907=FACE_OUTER_BOUND('',#1171,.T.);
#908=FACE_OUTER_BOUND('',#1172,.T.);
#909=FACE_OUTER_BOUND('',#1173,.T.);
#910=FACE_OUTER_BOUND('',#1174,.T.);
#911=FACE_OUTER_BOUND('',#1175,.T.);
#912=FACE_OUTER_BOUND('',#1176,.T.);
#913=FACE_OUTER_BOUND('',#1177,.T.);
#914=FACE_OUTER_BOUND('',#1178,.T.);
#915=FACE_OUTER_BOUND('',#1179,.T.);
#916=FACE_OUTER_BOUND('',#1180,.T.);
#917=FACE_OUTER_BOUND('',#1181,.T.);
#918=FACE_OUTER_BOUND('',#1182,.T.);
#919=FACE_OUTER_BOUND('',#1183,.T.);
#920=FACE_OUTER_BOUND('',#1184,.T.);
#921=FACE_OUTER_BOUND('',#1185,.T.);
#922=FACE_OUTER_BOUND('',#1186,.T.);
#923=FACE_OUTER_BOUND('',#1187,.T.);
#924=FACE_OUTER_BOUND('',#1188,.T.);
#925=FACE_OUTER_BOUND('',#1189,.T.);
#926=FACE_OUTER_BOUND('',#1190,.T.);
#927=FACE_OUTER_BOUND('',#1191,.T.);
#928=FACE_OUTER_BOUND('',#1192,.T.);
#929=FACE_OUTER_BOUND('',#1193,.T.);
#930=FACE_OUTER_BOUND('',#1199,.T.);
#931=FACE_OUTER_BOUND('',#1200,.T.);
#932=FACE_OUTER_BOUND('',#1201,.T.);
#933=FACE_OUTER_BOUND('',#1202,.T.);
#934=FACE_OUTER_BOUND('',#1203,.T.);
#935=FACE_OUTER_BOUND('',#1204,.T.);
#936=FACE_OUTER_BOUND('',#1205,.T.);
#937=FACE_OUTER_BOUND('',#1206,.T.);
#938=FACE_OUTER_BOUND('',#1207,.T.);
#939=FACE_OUTER_BOUND('',#1208,.T.);
#940=FACE_OUTER_BOUND('',#1209,.T.);
#941=FACE_OUTER_BOUND('',#1210,.T.);
#942=FACE_OUTER_BOUND('',#1211,.T.);
#943=FACE_OUTER_BOUND('',#1212,.T.);
#944=FACE_OUTER_BOUND('',#1213,.T.);
#945=FACE_OUTER_BOUND('',#1215,.T.);
#946=FACE_OUTER_BOUND('',#1216,.T.);
#947=FACE_OUTER_BOUND('',#1218,.T.);
#948=FACE_OUTER_BOUND('',#1219,.T.);
#949=FACE_OUTER_BOUND('',#1221,.T.);
#950=FACE_OUTER_BOUND('',#1222,.T.);
#951=FACE_OUTER_BOUND('',#1224,.T.);
#952=FACE_OUTER_BOUND('',#1225,.T.);
#953=FACE_OUTER_BOUND('',#1226,.T.);
#954=FACE_OUTER_BOUND('',#1228,.T.);
#955=FACE_OUTER_BOUND('',#1229,.T.);
#956=FACE_OUTER_BOUND('',#1230,.T.);
#957=FACE_OUTER_BOUND('',#1232,.T.);
#958=FACE_OUTER_BOUND('',#1233,.T.);
#959=FACE_OUTER_BOUND('',#1234,.T.);
#960=FACE_OUTER_BOUND('',#1236,.T.);
#961=FACE_OUTER_BOUND('',#1237,.T.);
#962=FACE_OUTER_BOUND('',#1238,.T.);
#963=FACE_OUTER_BOUND('',#1239,.T.);
#964=FACE_OUTER_BOUND('',#1240,.T.);
#965=FACE_OUTER_BOUND('',#1241,.T.);
#966=FACE_OUTER_BOUND('',#1242,.T.);
#967=FACE_OUTER_BOUND('',#1243,.T.);
#968=FACE_OUTER_BOUND('',#1244,.T.);
#969=FACE_OUTER_BOUND('',#1245,.T.);
#970=FACE_OUTER_BOUND('',#1246,.T.);
#971=FACE_OUTER_BOUND('',#1247,.T.);
#972=FACE_OUTER_BOUND('',#1248,.T.);
#973=FACE_OUTER_BOUND('',#1249,.T.);
#974=FACE_OUTER_BOUND('',#1250,.T.);
#975=FACE_OUTER_BOUND('',#1251,.T.);
#976=FACE_OUTER_BOUND('',#1252,.T.);
#977=FACE_OUTER_BOUND('',#1253,.T.);
#978=FACE_OUTER_BOUND('',#1254,.T.);
#979=FACE_OUTER_BOUND('',#1255,.T.);
#980=FACE_OUTER_BOUND('',#1256,.T.);
#981=FACE_OUTER_BOUND('',#1257,.T.);
#982=FACE_OUTER_BOUND('',#1258,.T.);
#983=FACE_OUTER_BOUND('',#1259,.T.);
#984=FACE_OUTER_BOUND('',#1260,.T.);
#985=EDGE_LOOP('',(#2499,#2500,#2501,#2502));
#986=EDGE_LOOP('',(#2503,#2504,#2505,#2506));
#987=EDGE_LOOP('',(#2507,#2508,#2509));
#988=EDGE_LOOP('',(#2510,#2511,#2512,#2513));
#989=EDGE_LOOP('',(#2514,#2515,#2516,#2517));
#990=EDGE_LOOP('',(#2518,#2519,#2520));
#991=EDGE_LOOP('',(#2521,#2522,#2523,#2524));
#992=EDGE_LOOP('',(#2525,#2526,#2527,#2528));
#993=EDGE_LOOP('',(#2529,#2530,#2531,#2532));
#994=EDGE_LOOP('',(#2533,#2534,#2535,#2536));
#995=EDGE_LOOP('',(#2537,#2538,#2539,#2540,#2541));
#996=EDGE_LOOP('',(#2542,#2543,#2544,#2545));
#997=EDGE_LOOP('',(#2546,#2547,#2548,#2549,#2550));
#998=EDGE_LOOP('',(#2551,#2552,#2553,#2554,#2555));
#999=EDGE_LOOP('',(#2556,#2557,#2558,#2559));
#1000=EDGE_LOOP('',(#2560,#2561,#2562,#2563,#2564,#2565));
#1001=EDGE_LOOP('',(#2566,#2567,#2568));
#1002=EDGE_LOOP('',(#2569,#2570,#2571,#2572,#2573));
#1003=EDGE_LOOP('',(#2574,#2575,#2576,#2577));
#1004=EDGE_LOOP('',(#2578,#2579,#2580,#2581));
#1005=EDGE_LOOP('',(#2582,#2583,#2584));
#1006=EDGE_LOOP('',(#2585,#2586,#2587,#2588));
#1007=EDGE_LOOP('',(#2589,#2590,#2591,#2592));
#1008=EDGE_LOOP('',(#2593,#2594,#2595,#2596));
#1009=EDGE_LOOP('',(#2597,#2598,#2599,#2600,#2601,#2602,#2603,#2604,#2605,
#2606,#2607,#2608,#2609,#2610,#2611,#2612));
#1010=EDGE_LOOP('',(#2613,#2614,#2615,#2616,#2617));
#1011=EDGE_LOOP('',(#2618,#2619,#2620,#2621));
#1012=EDGE_LOOP('',(#2622,#2623,#2624,#2625,#2626,#2627,#2628,#2629,#2630));
#1013=EDGE_LOOP('',(#2631,#2632,#2633,#2634));
#1014=EDGE_LOOP('',(#2635,#2636,#2637,#2638,#2639));
#1015=EDGE_LOOP('',(#2640,#2641,#2642,#2643,#2644));
#1016=EDGE_LOOP('',(#2645,#2646,#2647,#2648));
#1017=EDGE_LOOP('',(#2649,#2650,#2651,#2652));
#1018=EDGE_LOOP('',(#2653,#2654,#2655,#2656));
#1019=EDGE_LOOP('',(#2657,#2658,#2659,#2660,#2661));
#1020=EDGE_LOOP('',(#2662,#2663,#2664,#2665,#2666,#2667,#2668));
#1021=EDGE_LOOP('',(#2669,#2670,#2671,#2672,#2673));
#1022=EDGE_LOOP('',(#2674,#2675,#2676,#2677));
#1023=EDGE_LOOP('',(#2678,#2679,#2680,#2681,#2682));
#1024=EDGE_LOOP('',(#2683,#2684,#2685));
#1025=EDGE_LOOP('',(#2686,#2687,#2688,#2689));
#1026=EDGE_LOOP('',(#2690,#2691,#2692));
#1027=EDGE_LOOP('',(#2693,#2694,#2695,#2696));
#1028=EDGE_LOOP('',(#2697,#2698,#2699,#2700));
#1029=EDGE_LOOP('',(#2701,#2702,#2703,#2704));
#1030=EDGE_LOOP('',(#2705,#2706,#2707,#2708));
#1031=EDGE_LOOP('',(#2709,#2710,#2711,#2712));
#1032=EDGE_LOOP('',(#2713,#2714,#2715,#2716));
#1033=EDGE_LOOP('',(#2717,#2718,#2719,#2720,#2721,#2722));
#1034=EDGE_LOOP('',(#2723));
#1035=EDGE_LOOP('',(#2724,#2725,#2726,#2727));
#1036=EDGE_LOOP('',(#2728,#2729,#2730,#2731,#2732,#2733,#2734));
#1037=EDGE_LOOP('',(#2735,#2736,#2737,#2738,#2739,#2740,#2741,#2742,#2743,
#2744,#2745,#2746,#2747));
#1038=EDGE_LOOP('',(#2748,#2749,#2750));
#1039=EDGE_LOOP('',(#2751,#2752,#2753,#2754));
#1040=EDGE_LOOP('',(#2755,#2756,#2757,#2758));
#1041=EDGE_LOOP('',(#2759,#2760,#2761));
#1042=EDGE_LOOP('',(#2762,#2763,#2764,#2765,#2766));
#1043=EDGE_LOOP('',(#2767,#2768,#2769,#2770));
#1044=EDGE_LOOP('',(#2771,#2772,#2773,#2774));
#1045=EDGE_LOOP('',(#2775,#2776,#2777,#2778));
#1046=EDGE_LOOP('',(#2779,#2780,#2781));
#1047=EDGE_LOOP('',(#2782,#2783,#2784,#2785));
#1048=EDGE_LOOP('',(#2786,#2787,#2788,#2789));
#1049=EDGE_LOOP('',(#2790,#2791,#2792));
#1050=EDGE_LOOP('',(#2793,#2794,#2795,#2796));
#1051=EDGE_LOOP('',(#2797,#2798,#2799,#2800,#2801));
#1052=EDGE_LOOP('',(#2802,#2803,#2804,#2805,#2806,#2807,#2808,#2809,#2810));
#1053=EDGE_LOOP('',(#2811,#2812,#2813));
#1054=EDGE_LOOP('',(#2814,#2815,#2816));
#1055=EDGE_LOOP('',(#2817,#2818,#2819));
#1056=EDGE_LOOP('',(#2820,#2821,#2822));
#1057=EDGE_LOOP('',(#2823,#2824,#2825));
#1058=EDGE_LOOP('',(#2826,#2827,#2828,#2829));
#1059=EDGE_LOOP('',(#2830,#2831,#2832));
#1060=EDGE_LOOP('',(#2833,#2834,#2835,#2836));
#1061=EDGE_LOOP('',(#2837,#2838,#2839,#2840));
#1062=EDGE_LOOP('',(#2841,#2842,#2843,#2844));
#1063=EDGE_LOOP('',(#2845,#2846,#2847,#2848));
#1064=EDGE_LOOP('',(#2849,#2850,#2851));
#1065=EDGE_LOOP('',(#2852,#2853,#2854,#2855));
#1066=EDGE_LOOP('',(#2856,#2857,#2858));
#1067=EDGE_LOOP('',(#2859,#2860,#2861,#2862));
#1068=EDGE_LOOP('',(#2863,#2864,#2865,#2866));
#1069=EDGE_LOOP('',(#2867,#2868,#2869));
#1070=EDGE_LOOP('',(#2870,#2871,#2872,#2873));
#1071=EDGE_LOOP('',(#2874,#2875,#2876,#2877));
#1072=EDGE_LOOP('',(#2878,#2879,#2880,#2881));
#1073=EDGE_LOOP('',(#2882,#2883,#2884,#2885));
#1074=EDGE_LOOP('',(#2886,#2887,#2888,#2889));
#1075=EDGE_LOOP('',(#2890,#2891,#2892));
#1076=EDGE_LOOP('',(#2893,#2894,#2895,#2896));
#1077=EDGE_LOOP('',(#2897,#2898,#2899,#2900,#2901));
#1078=EDGE_LOOP('',(#2902,#2903,#2904,#2905));
#1079=EDGE_LOOP('',(#2906,#2907,#2908,#2909));
#1080=EDGE_LOOP('',(#2910,#2911,#2912,#2913));
#1081=EDGE_LOOP('',(#2914,#2915,#2916,#2917));
#1082=EDGE_LOOP('',(#2918,#2919,#2920,#2921));
#1083=EDGE_LOOP('',(#2922,#2923,#2924,#2925));
#1084=EDGE_LOOP('',(#2926,#2927,#2928,#2929));
#1085=EDGE_LOOP('',(#2930,#2931,#2932,#2933));
#1086=EDGE_LOOP('',(#2934,#2935,#2936,#2937));
#1087=EDGE_LOOP('',(#2938,#2939,#2940,#2941));
#1088=EDGE_LOOP('',(#2942,#2943,#2944,#2945));
#1089=EDGE_LOOP('',(#2946,#2947,#2948,#2949));
#1090=EDGE_LOOP('',(#2950,#2951,#2952,#2953));
#1091=EDGE_LOOP('',(#2954,#2955,#2956,#2957));
#1092=EDGE_LOOP('',(#2958,#2959,#2960,#2961));
#1093=EDGE_LOOP('',(#2962,#2963,#2964,#2965));
#1094=EDGE_LOOP('',(#2966,#2967,#2968,#2969));
#1095=EDGE_LOOP('',(#2970,#2971,#2972,#2973));
#1096=EDGE_LOOP('',(#2974,#2975,#2976,#2977));
#1097=EDGE_LOOP('',(#2978,#2979,#2980,#2981));
#1098=EDGE_LOOP('',(#2982,#2983,#2984,#2985));
#1099=EDGE_LOOP('',(#2986,#2987,#2988,#2989));
#1100=EDGE_LOOP('',(#2990,#2991,#2992,#2993));
#1101=EDGE_LOOP('',(#2994,#2995,#2996,#2997));
#1102=EDGE_LOOP('',(#2998,#2999,#3000,#3001));
#1103=EDGE_LOOP('',(#3002,#3003,#3004,#3005));
#1104=EDGE_LOOP('',(#3006,#3007,#3008,#3009));
#1105=EDGE_LOOP('',(#3010,#3011,#3012,#3013));
#1106=EDGE_LOOP('',(#3014,#3015,#3016,#3017));
#1107=EDGE_LOOP('',(#3018,#3019,#3020,#3021));
#1108=EDGE_LOOP('',(#3022,#3023,#3024,#3025));
#1109=EDGE_LOOP('',(#3026,#3027,#3028));
#1110=EDGE_LOOP('',(#3029,#3030,#3031,#3032,#3033));
#1111=EDGE_LOOP('',(#3034,#3035,#3036,#3037));
#1112=EDGE_LOOP('',(#3038,#3039,#3040,#3041));
#1113=EDGE_LOOP('',(#3042,#3043,#3044,#3045));
#1114=EDGE_LOOP('',(#3046,#3047,#3048,#3049));
#1115=EDGE_LOOP('',(#3050,#3051,#3052,#3053));
#1116=EDGE_LOOP('',(#3054,#3055,#3056,#3057));
#1117=EDGE_LOOP('',(#3058,#3059,#3060));
#1118=EDGE_LOOP('',(#3061,#3062,#3063));
#1119=EDGE_LOOP('',(#3064,#3065,#3066));
#1120=EDGE_LOOP('',(#3067,#3068,#3069,#3070));
#1121=EDGE_LOOP('',(#3071,#3072,#3073,#3074));
#1122=EDGE_LOOP('',(#3075,#3076,#3077,#3078));
#1123=EDGE_LOOP('',(#3079,#3080,#3081,#3082));
#1124=EDGE_LOOP('',(#3083,#3084,#3085,#3086,#3087,#3088,#3089,#3090,#3091,
#3092,#3093,#3094,#3095,#3096,#3097,#3098,#3099,#3100));
#1125=EDGE_LOOP('',(#3101,#3102,#3103,#3104,#3105,#3106,#3107,#3108));
#1126=EDGE_LOOP('',(#3109,#3110,#3111,#3112));
#1127=EDGE_LOOP('',(#3113,#3114,#3115,#3116,#3117));
#1128=EDGE_LOOP('',(#3118,#3119,#3120,#3121));
#1129=EDGE_LOOP('',(#3122,#3123,#3124,#3125,#3126,#3127,#3128));
#1130=EDGE_LOOP('',(#3129));
#1131=EDGE_LOOP('',(#3130));
#1132=EDGE_LOOP('',(#3131,#3132,#3133));
#1133=EDGE_LOOP('',(#3134,#3135,#3136));
#1134=EDGE_LOOP('',(#3137,#3138,#3139));
#1135=EDGE_LOOP('',(#3140,#3141,#3142));
#1136=EDGE_LOOP('',(#3143));
#1137=EDGE_LOOP('',(#3144,#3145,#3146,#3147));
#1138=EDGE_LOOP('',(#3148,#3149,#3150,#3151));
#1139=EDGE_LOOP('',(#3152,#3153,#3154,#3155));
#1140=EDGE_LOOP('',(#3156,#3157,#3158,#3159,#3160,#3161));
#1141=EDGE_LOOP('',(#3162,#3163,#3164,#3165,#3166,#3167,#3168,#3169));
#1142=EDGE_LOOP('',(#3170,#3171,#3172,#3173));
#1143=EDGE_LOOP('',(#3174));
#1144=EDGE_LOOP('',(#3175,#3176,#3177,#3178));
#1145=EDGE_LOOP('',(#3179,#3180,#3181,#3182));
#1146=EDGE_LOOP('',(#3183,#3184,#3185,#3186));
#1147=EDGE_LOOP('',(#3187,#3188,#3189,#3190));
#1148=EDGE_LOOP('',(#3191,#3192,#3193,#3194));
#1149=EDGE_LOOP('',(#3195,#3196,#3197,#3198,#3199));
#1150=EDGE_LOOP('',(#3200,#3201,#3202,#3203,#3204,#3205,#3206,#3207,#3208,
#3209,#3210,#3211));
#1151=EDGE_LOOP('',(#3212));
#1152=EDGE_LOOP('',(#3213));
#1153=EDGE_LOOP('',(#3214));
#1154=EDGE_LOOP('',(#3215));
#1155=EDGE_LOOP('',(#3216,#3217,#3218,#3219));
#1156=EDGE_LOOP('',(#3220,#3221,#3222,#3223,#3224));
#1157=EDGE_LOOP('',(#3225,#3226,#3227,#3228));
#1158=EDGE_LOOP('',(#3229,#3230,#3231,#3232));
#1159=EDGE_LOOP('',(#3233,#3234,#3235,#3236));
#1160=EDGE_LOOP('',(#3237,#3238,#3239,#3240));
#1161=EDGE_LOOP('',(#3241,#3242,#3243,#3244));
#1162=EDGE_LOOP('',(#3245,#3246,#3247,#3248));
#1163=EDGE_LOOP('',(#3249,#3250,#3251,#3252));
#1164=EDGE_LOOP('',(#3253,#3254,#3255,#3256));
#1165=EDGE_LOOP('',(#3257,#3258,#3259,#3260));
#1166=EDGE_LOOP('',(#3261,#3262,#3263,#3264));
#1167=EDGE_LOOP('',(#3265,#3266,#3267,#3268));
#1168=EDGE_LOOP('',(#3269,#3270,#3271,#3272));
#1169=EDGE_LOOP('',(#3273,#3274,#3275,#3276));
#1170=EDGE_LOOP('',(#3277,#3278,#3279,#3280));
#1171=EDGE_LOOP('',(#3281,#3282,#3283,#3284));
#1172=EDGE_LOOP('',(#3285,#3286,#3287,#3288));
#1173=EDGE_LOOP('',(#3289,#3290,#3291,#3292));
#1174=EDGE_LOOP('',(#3293,#3294,#3295,#3296));
#1175=EDGE_LOOP('',(#3297,#3298,#3299,#3300));
#1176=EDGE_LOOP('',(#3301,#3302,#3303,#3304));
#1177=EDGE_LOOP('',(#3305,#3306,#3307,#3308));
#1178=EDGE_LOOP('',(#3309,#3310,#3311,#3312));
#1179=EDGE_LOOP('',(#3313,#3314,#3315,#3316));
#1180=EDGE_LOOP('',(#3317,#3318,#3319,#3320));
#1181=EDGE_LOOP('',(#3321,#3322,#3323,#3324));
#1182=EDGE_LOOP('',(#3325,#3326,#3327,#3328));
#1183=EDGE_LOOP('',(#3329,#3330,#3331,#3332));
#1184=EDGE_LOOP('',(#3333,#3334,#3335,#3336));
#1185=EDGE_LOOP('',(#3337,#3338,#3339,#3340));
#1186=EDGE_LOOP('',(#3341,#3342,#3343,#3344));
#1187=EDGE_LOOP('',(#3345,#3346,#3347,#3348));
#1188=EDGE_LOOP('',(#3349,#3350,#3351,#3352));
#1189=EDGE_LOOP('',(#3353,#3354,#3355,#3356));
#1190=EDGE_LOOP('',(#3357,#3358,#3359,#3360,#3361));
#1191=EDGE_LOOP('',(#3362,#3363,#3364,#3365));
#1192=EDGE_LOOP('',(#3366,#3367,#3368,#3369));
#1193=EDGE_LOOP('',(#3370,#3371,#3372,#3373,#3374,#3375,#3376,#3377,#3378,
#3379,#3380,#3381,#3382,#3383,#3384,#3385));
#1194=EDGE_LOOP('',(#3386,#3387,#3388,#3389,#3390,#3391));
#1195=EDGE_LOOP('',(#3392,#3393,#3394));
#1196=EDGE_LOOP('',(#3395,#3396,#3397));
#1197=EDGE_LOOP('',(#3398,#3399,#3400));
#1198=EDGE_LOOP('',(#3401));
#1199=EDGE_LOOP('',(#3402,#3403,#3404,#3405));
#1200=EDGE_LOOP('',(#3406,#3407,#3408,#3409));
#1201=EDGE_LOOP('',(#3410,#3411,#3412,#3413));
#1202=EDGE_LOOP('',(#3414,#3415,#3416,#3417));
#1203=EDGE_LOOP('',(#3418,#3419,#3420,#3421));
#1204=EDGE_LOOP('',(#3422,#3423,#3424,#3425));
#1205=EDGE_LOOP('',(#3426,#3427,#3428,#3429));
#1206=EDGE_LOOP('',(#3430,#3431,#3432,#3433));
#1207=EDGE_LOOP('',(#3434,#3435,#3436,#3437));
#1208=EDGE_LOOP('',(#3438,#3439,#3440,#3441));
#1209=EDGE_LOOP('',(#3442,#3443,#3444,#3445));
#1210=EDGE_LOOP('',(#3446,#3447,#3448,#3449));
#1211=EDGE_LOOP('',(#3450,#3451,#3452,#3453));
#1212=EDGE_LOOP('',(#3454,#3455,#3456,#3457));
#1213=EDGE_LOOP('',(#3458));
#1214=EDGE_LOOP('',(#3459,#3460,#3461));
#1215=EDGE_LOOP('',(#3462,#3463,#3464,#3465));
#1216=EDGE_LOOP('',(#3466));
#1217=EDGE_LOOP('',(#3467,#3468,#3469));
#1218=EDGE_LOOP('',(#3470,#3471,#3472,#3473));
#1219=EDGE_LOOP('',(#3474));
#1220=EDGE_LOOP('',(#3475,#3476,#3477));
#1221=EDGE_LOOP('',(#3478,#3479,#3480,#3481));
#1222=EDGE_LOOP('',(#3482));
#1223=EDGE_LOOP('',(#3483,#3484,#3485));
#1224=EDGE_LOOP('',(#3486,#3487,#3488,#3489,#3490));
#1225=EDGE_LOOP('',(#3491,#3492,#3493,#3494,#3495));
#1226=EDGE_LOOP('',(#3496));
#1227=EDGE_LOOP('',(#3497));
#1228=EDGE_LOOP('',(#3498,#3499,#3500,#3501,#3502));
#1229=EDGE_LOOP('',(#3503,#3504,#3505,#3506,#3507));
#1230=EDGE_LOOP('',(#3508));
#1231=EDGE_LOOP('',(#3509));
#1232=EDGE_LOOP('',(#3510,#3511,#3512,#3513,#3514));
#1233=EDGE_LOOP('',(#3515,#3516,#3517,#3518,#3519));
#1234=EDGE_LOOP('',(#3520));
#1235=EDGE_LOOP('',(#3521));
#1236=EDGE_LOOP('',(#3522,#3523,#3524,#3525));
#1237=EDGE_LOOP('',(#3526,#3527,#3528,#3529));
#1238=EDGE_LOOP('',(#3530,#3531,#3532,#3533));
#1239=EDGE_LOOP('',(#3534,#3535,#3536,#3537,#3538,#3539));
#1240=EDGE_LOOP('',(#3540,#3541,#3542,#3543));
#1241=EDGE_LOOP('',(#3544));
#1242=EDGE_LOOP('',(#3545,#3546,#3547,#3548));
#1243=EDGE_LOOP('',(#3549,#3550,#3551,#3552));
#1244=EDGE_LOOP('',(#3553,#3554,#3555,#3556));
#1245=EDGE_LOOP('',(#3557,#3558,#3559,#3560));
#1246=EDGE_LOOP('',(#3561,#3562,#3563,#3564));
#1247=EDGE_LOOP('',(#3565,#3566,#3567,#3568));
#1248=EDGE_LOOP('',(#3569,#3570,#3571,#3572));
#1249=EDGE_LOOP('',(#3573,#3574,#3575,#3576));
#1250=EDGE_LOOP('',(#3577,#3578,#3579,#3580));
#1251=EDGE_LOOP('',(#3581,#3582,#3583,#3584));
#1252=EDGE_LOOP('',(#3585,#3586,#3587,#3588));
#1253=EDGE_LOOP('',(#3589,#3590,#3591,#3592));
#1254=EDGE_LOOP('',(#3593,#3594,#3595,#3596));
#1255=EDGE_LOOP('',(#3597,#3598,#3599,#3600));
#1256=EDGE_LOOP('',(#3601,#3602,#3603,#3604));
#1257=EDGE_LOOP('',(#3605,#3606,#3607,#3608,#3609,#3610));
#1258=EDGE_LOOP('',(#3611,#3612,#3613,#3614,#3615,#3616));
#1259=EDGE_LOOP('',(#3617,#3618,#3619,#3620,#3621));
#1260=EDGE_LOOP('',(#3622,#3623,#3624,#3625,#3626,#3627,#3628,#3629,#3630,
#3631,#3632));
#1261=EDGE_LOOP('',(#3633,#3634,#3635));
#1262=EDGE_LOOP('',(#3636,#3637,#3638));
#1263=EDGE_LOOP('',(#3639,#3640,#3641));
#1264=EDGE_LOOP('',(#3642,#3643,#3644));
#1265=B_SPLINE_CURVE_WITH_KNOTS('',3,(#5617,#5618,#5619,#5620,#5621,#5622,
#5623,#5624,#5625,#5626),.UNSPECIFIED.,.F.,.F.,(4,2,2,2,4),(0.,0.0376895578402866,
0.0987571802321266,0.223487066346161,0.224725756727213),.UNSPECIFIED.);
#1266=B_SPLINE_CURVE_WITH_KNOTS('',3,(#5693,#5694,#5695,#5696,#5697,#5698),
 .UNSPECIFIED.,.F.,.F.,(4,2,4),(-0.199607489121342,0.,0.000785478302875279),
 .UNSPECIFIED.);
#1267=B_SPLINE_CURVE_WITH_KNOTS('',3,(#5699,#5700,#5701,#5702,#5703,#5704),
 .UNSPECIFIED.,.F.,.F.,(4,2,4),(-0.000785478302875279,0.,0.199607489121342),
 .UNSPECIFIED.);
#1268=B_SPLINE_CURVE_WITH_KNOTS('',3,(#5725,#5726,#5727,#5728),
 .UNSPECIFIED.,.F.,.F.,(4,4),(0.151172499385539,0.243703199959171),
 .UNSPECIFIED.);
#1269=B_SPLINE_CURVE_WITH_KNOTS('',3,(#5731,#5732,#5733,#5734),
 .UNSPECIFIED.,.F.,.F.,(4,4),(-0.243703199959171,-0.151172499385539),
 .UNSPECIFIED.);
#1270=B_SPLINE_CURVE_WITH_KNOTS('',3,(#5756,#5757,#5758,#5759,#5760),
 .UNSPECIFIED.,.F.,.F.,(4,1,4),(-2.8119508557697,-1.40597542788485,0.),
 .UNSPECIFIED.);
#1271=B_SPLINE_CURVE_WITH_KNOTS('',3,(#5763,#5764,#5765,#5766,#5767),
 .UNSPECIFIED.,.F.,.F.,(4,1,4),(0.,1.40597542788485,2.8119508557697),
 .UNSPECIFIED.);
#1272=B_SPLINE_CURVE_WITH_KNOTS('',3,(#5785,#5786,#5787,#5788),
 .UNSPECIFIED.,.F.,.F.,(4,4),(-0.155427115975554,0.),.UNSPECIFIED.);
#1273=B_SPLINE_CURVE_WITH_KNOTS('',3,(#5791,#5792,#5793,#5794),
 .UNSPECIFIED.,.F.,.F.,(4,4),(0.,0.155427115975554),.UNSPECIFIED.);
#1274=B_SPLINE_CURVE_WITH_KNOTS('',3,(#5823,#5824,#5825,#5826,#5827),
 .UNSPECIFIED.,.F.,.F.,(4,1,4),(0.164581742969873,0.242713534157664,0.320845325345455),
 .UNSPECIFIED.);
#1275=B_SPLINE_CURVE_WITH_KNOTS('',3,(#5828,#5829,#5830,#5831,#5832),
 .UNSPECIFIED.,.F.,.F.,(4,1,4),(-0.320845325345455,-0.242713534157664,-0.164581742969873),
 .UNSPECIFIED.);
#1276=B_SPLINE_CURVE_WITH_KNOTS('',3,(#5849,#5850,#5851,#5852),
 .UNSPECIFIED.,.F.,.F.,(4,4),(-0.191163060615576,-5.73145933723781E-15),
 .UNSPECIFIED.);
#1277=B_SPLINE_CURVE_WITH_KNOTS('',3,(#5854,#5855,#5856,#5857),
 .UNSPECIFIED.,.F.,.F.,(4,4),(5.73145933723781E-15,0.129796062057011),
 .UNSPECIFIED.);
#1278=B_SPLINE_CURVE_WITH_KNOTS('',3,(#5858,#5859,#5860,#5861),
 .UNSPECIFIED.,.F.,.F.,(4,4),(0.129793722468965,0.191163060615576),
 .UNSPECIFIED.);
#1279=B_SPLINE_CURVE_WITH_KNOTS('',3,(#5890,#5891,#5892,#5893,#5894),
 .UNSPECIFIED.,.F.,.F.,(4,1,4),(-0.320925150589736,-0.227063343848344,-0.156666988792301),
 .UNSPECIFIED.);
#1280=B_SPLINE_CURVE_WITH_KNOTS('',3,(#5895,#5896,#5897,#5898,#5899),
 .UNSPECIFIED.,.F.,.F.,(4,1,4),(0.156666988792301,0.227063343848344,0.320925150289368),
 .UNSPECIFIED.);
#1281=B_SPLINE_CURVE_WITH_KNOTS('',3,(#5926,#5927,#5928,#5929,#5930),
 .UNSPECIFIED.,.F.,.F.,(4,1,4),(-2.44527612741081,-2.2971707926519,-2.18609179158271),
 .UNSPECIFIED.);
#1282=B_SPLINE_CURVE_WITH_KNOTS('',3,(#5933,#5934,#5935,#5936,#5937),
 .UNSPECIFIED.,.F.,.F.,(4,1,4),(2.18609179158271,2.2971707926519,2.34355850195253),
 .UNSPECIFIED.);
#1283=B_SPLINE_CURVE_WITH_KNOTS('',3,(#5972,#5973,#5974,#5975),
 .UNSPECIFIED.,.F.,.F.,(4,4),(-0.483525304606624,-0.454586427639855),
 .UNSPECIFIED.);
#1284=B_SPLINE_CURVE_WITH_KNOTS('',3,(#5997,#5998,#5999,#6000),
 .UNSPECIFIED.,.F.,.F.,(4,4),(0.0162719236070967,0.254870874450033),
 .UNSPECIFIED.);
#1285=B_SPLINE_CURVE_WITH_KNOTS('',3,(#6003,#6004,#6005,#6006),
 .UNSPECIFIED.,.F.,.F.,(4,4),(-0.254870874450033,-2.06844503037736E-15),
 .UNSPECIFIED.);
#1286=B_SPLINE_CURVE_WITH_KNOTS('',3,(#6031,#6032,#6033,#6034),
 .UNSPECIFIED.,.F.,.F.,(4,4),(0.00157097315857963,0.251767430571991),
 .UNSPECIFIED.);
#1287=B_SPLINE_CURVE_WITH_KNOTS('',3,(#6037,#6038,#6039,#6040),
 .UNSPECIFIED.,.F.,.F.,(4,4),(-0.251767430571991,-0.00157097315857963),
 .UNSPECIFIED.);
#1288=B_SPLINE_CURVE_WITH_KNOTS('',3,(#6064,#6065,#6066,#6067),
 .UNSPECIFIED.,.F.,.F.,(4,4),(-0.139331289671826,-1.67758450087031E-15),
 .UNSPECIFIED.);
#1289=B_SPLINE_CURVE_WITH_KNOTS('',3,(#6068,#6069,#6070,#6071),
 .UNSPECIFIED.,.F.,.F.,(4,4),(1.67758450087031E-15,0.139331289671826),
 .UNSPECIFIED.);
#1290=B_SPLINE_CURVE_WITH_KNOTS('',3,(#6113,#6114,#6115,#6116,#6117,#6118,
#6119,#6120,#6121,#6122),.UNSPECIFIED.,.F.,.F.,(4,1,1,1,1,2,4),(0.,0.121141384979463,
0.242282769958926,0.363424154938388,0.484565539917851,0.605706924897314,
0.606656471460648),.UNSPECIFIED.);
#1291=B_SPLINE_CURVE_WITH_KNOTS('',3,(#6123,#6124,#6125,#6126,#6127,#6128,
#6129,#6130,#6131,#6132),.UNSPECIFIED.,.F.,.F.,(4,2,1,1,1,1,4),(-0.606656471460648,
-0.605706924897314,-0.484565539917851,-0.363424154938388,-0.242282769958926,
-0.121141384979463,0.),.UNSPECIFIED.);
#1292=B_SPLINE_CURVE_WITH_KNOTS('',3,(#6154,#6155,#6156,#6157),
 .UNSPECIFIED.,.F.,.F.,(4,4),(-0.00626207827461862,0.),.UNSPECIFIED.);
#1293=B_SPLINE_CURVE_WITH_KNOTS('',3,(#6160,#6161,#6162,#6163),
 .UNSPECIFIED.,.F.,.F.,(4,4),(0.,0.00626207827461862),.UNSPECIFIED.);
#1294=B_SPLINE_CURVE_WITH_KNOTS('',3,(#6184,#6185,#6186,#6187),
 .UNSPECIFIED.,.F.,.F.,(4,4),(-0.013501091640399,0.),.UNSPECIFIED.);
#1295=B_SPLINE_CURVE_WITH_KNOTS('',3,(#6188,#6189,#6190,#6191),
 .UNSPECIFIED.,.F.,.F.,(4,4),(0.,0.013501091640399),.UNSPECIFIED.);
#1296=B_SPLINE_CURVE_WITH_KNOTS('',3,(#6213,#6214,#6215,#6216),
 .UNSPECIFIED.,.F.,.F.,(4,4),(-0.810635464514162,-0.594583633553776),
 .UNSPECIFIED.);
#1297=B_SPLINE_CURVE_WITH_KNOTS('',3,(#6253,#6254,#6255,#6256),
 .UNSPECIFIED.,.F.,.F.,(4,4),(0.458987320339789,3.75193927289312),
 .UNSPECIFIED.);
#1298=B_SPLINE_CURVE_WITH_KNOTS('',3,(#6259,#6260,#6261,#6262),
 .UNSPECIFIED.,.F.,.F.,(4,4),(-3.75193927289312,-0.251134975543561),
 .UNSPECIFIED.);
#1299=B_SPLINE_CURVE_WITH_KNOTS('',3,(#6280,#6281,#6282,#6283),
 .UNSPECIFIED.,.F.,.F.,(4,4),(0.149814114564889,4.14854193016966),
 .UNSPECIFIED.);
#1300=B_SPLINE_CURVE_WITH_KNOTS('',3,(#6285,#6286,#6287,#6288),
 .UNSPECIFIED.,.F.,.F.,(4,4),(-0.241730267391914,-0.108708991203262),
 .UNSPECIFIED.);
#1301=B_SPLINE_CURVE_WITH_KNOTS('',3,(#6290,#6291,#6292,#6293),
 .UNSPECIFIED.,.F.,.F.,(4,4),(-0.396836445216579,0.),.UNSPECIFIED.);
#1302=B_SPLINE_CURVE_WITH_KNOTS('',3,(#6295,#6296,#6297,#6298),
 .UNSPECIFIED.,.F.,.F.,(4,4),(0.,0.310475563333145),.UNSPECIFIED.);
#1303=B_SPLINE_CURVE_WITH_KNOTS('',3,(#6300,#6301,#6302,#6303),
 .UNSPECIFIED.,.F.,.F.,(4,4),(0.,0.130180728040885),.UNSPECIFIED.);
#1304=B_SPLINE_CURVE_WITH_KNOTS('',3,(#6304,#6305,#6306,#6307,#6308),
 .UNSPECIFIED.,.F.,.F.,(4,1,4),(1.11958720632478E-15,0.0829233980434137,
0.193487928767964),.UNSPECIFIED.);
#1305=B_SPLINE_CURVE_WITH_KNOTS('',3,(#6343,#6344,#6345,#6346,#6347,#6348,
#6349),.UNSPECIFIED.,.F.,.F.,(4,3,4),(0.212084329674892,0.226039527405476,
0.228163894686175),.UNSPECIFIED.);
#1306=B_SPLINE_CURVE_WITH_KNOTS('',3,(#6351,#6352,#6353,#6354,#6355,#6356,
#6357,#6358),.UNSPECIFIED.,.F.,.F.,(4,1,1,2,4),(-5.58781291685234,-3.36207190933107,
-2.24138127288738,0.,0.00628153800955571),.UNSPECIFIED.);
#1307=B_SPLINE_CURVE_WITH_KNOTS('',3,(#6360,#6361,#6362,#6363,#6364,#6365,
#6366,#6367),.UNSPECIFIED.,.F.,.F.,(4,2,1,1,4),(-0.00628153800955571,0.,
2.24138127288738,3.36207190933107,5.58781291685234),.UNSPECIFIED.);
#1308=B_SPLINE_CURVE_WITH_KNOTS('',3,(#6368,#6369,#6370,#6371,#6372,#6373,
#6374,#6375,#6376,#6377,#6378,#6379,#6380,#6381,#6382,#6383,#6384,#6385,
#6386,#6387,#6388,#6389,#6390,#6391,#6392,#6393,#6394,#6395,#6396,#6397,
#6398),.UNSPECIFIED.,.F.,.F.,(4,3,3,3,3,3,3,3,3,3,4),(-0.000554357706143524,
1.22731685925359E-16,0.0179084361445877,0.0362352184441209,0.0400032466521968,
0.0582765360313119,0.0765879645400543,0.0799972177151565,0.098313438375946,
0.116394369044021,0.134475299712095),.UNSPECIFIED.);
#1309=B_SPLINE_CURVE_WITH_KNOTS('',3,(#6415,#6416,#6417,#6418),
 .UNSPECIFIED.,.F.,.F.,(4,4),(-4.1525586798755,-0.149814114831892),
 .UNSPECIFIED.);
#1310=B_SPLINE_CURVE_WITH_KNOTS('',3,(#6419,#6420,#6421,#6422,#6423,#6424,
#6425,#6426,#6427,#6428,#6429,#6430,#6431,#6432,#6433,#6434,#6435,#6436,
#6437,#6438,#6439,#6440),.UNSPECIFIED.,.F.,.F.,(4,3,3,3,3,3,3,4),(-0.0873801251065561,
-0.0869761426156589,-0.0687187125997372,-0.0502594859091799,-0.0437237854974238,
-0.0253547079137436,-0.00723049398141851,-0.004311275031799),
 .UNSPECIFIED.);
#1311=B_SPLINE_CURVE_WITH_KNOTS('',3,(#6462,#6463,#6464,#6465),
 .UNSPECIFIED.,.F.,.F.,(4,4),(0.108708991203263,0.241730267391914),
 .UNSPECIFIED.);
#1312=B_SPLINE_CURVE_WITH_KNOTS('',3,(#6485,#6486,#6487,#6488),
 .UNSPECIFIED.,.F.,.F.,(4,4),(0.594583633553776,0.810635464514162),
 .UNSPECIFIED.);
#1313=B_SPLINE_CURVE_WITH_KNOTS('',3,(#6508,#6509,#6510,#6511),
 .UNSPECIFIED.,.F.,.F.,(4,4),(0.689427132945453,0.760069442306268),
 .UNSPECIFIED.);
#1314=B_SPLINE_CURVE_WITH_KNOTS('',3,(#6512,#6513,#6514,#6515),
 .UNSPECIFIED.,.F.,.F.,(4,4),(-0.760069442306268,-0.689427132945453),
 .UNSPECIFIED.);
#1315=B_SPLINE_CURVE_WITH_KNOTS('',3,(#6539,#6540,#6541,#6542,#6543),
 .UNSPECIFIED.,.F.,.F.,(4,1,4),(-4.39120919343981E-16,0.089643948356475,
0.17928789671295),.UNSPECIFIED.);
#1316=B_SPLINE_CURVE_WITH_KNOTS('',3,(#6544,#6545,#6546,#6547,#6548),
 .UNSPECIFIED.,.F.,.F.,(4,1,4),(-0.17928789671295,-0.089643948356475,4.39120919343981E-16),
 .UNSPECIFIED.);
#1317=B_SPLINE_CURVE_WITH_KNOTS('',3,(#6671,#6672,#6673,#6674,#6675,#6676,
#6677,#6678,#6679,#6680,#6681,#6682,#6683,#6684),.UNSPECIFIED.,.F.,.F.,
(4,2,2,2,2,2,4),(-0.00054087081241908,0.,0.0169125892676179,0.04348243229227,
0.0660929494416246,0.0931138284417589,0.117900408754882),.UNSPECIFIED.);
#1318=B_SPLINE_CURVE_WITH_KNOTS('',3,(#6685,#6686,#6687,#6688,#6689,#6690,
#6691,#6692,#6693),.UNSPECIFIED.,.F.,.F.,(4,1,1,1,1,1,4),(-6.84054406673963E-7,
0.0174008444160741,0.0263832740996239,0.0443481334667236,0.0712954225173731,
0.0982427115680226,0.152137289669322),.UNSPECIFIED.);
#1319=B_SPLINE_CURVE_WITH_KNOTS('',3,(#6695,#6696,#6697,#6698,#6699,#6700,
#6701,#6702,#6703),.UNSPECIFIED.,.F.,.F.,(4,1,1,1,1,1,4),(-0.152137289669322,
-0.0982427115680226,-0.0712954225173731,-0.0443481334667236,-0.0263832740996239,
-0.0174008444160741,3.68114089053323E-5),.UNSPECIFIED.);
#1320=B_SPLINE_CURVE_WITH_KNOTS('',3,(#6704,#6705,#6706,#6707,#6708,#6709,
#6710,#6711,#6712,#6713,#6714,#6715,#6716,#6717,#6718,#6719,#6720,#6721,
#6722),.UNSPECIFIED.,.F.,.F.,(4,1,1,1,1,1,1,1,1,1,1,1,1,1,1,1,4),(3.68114089053323E-5,
0.000564014951025621,0.00954644463457546,0.0162832668972378,0.0171253696800706,
0.0179674724629034,0.019651678028569,0.0230200891599002,0.0247042947255658,
0.0263885002912314,0.0297569114225626,0.0314411169882282,0.0331253225538938,
0.0348095281195594,0.0356516309023922,0.0360726822938086,0.036493733685225),
 .UNSPECIFIED.);
#1321=B_SPLINE_CURVE_WITH_KNOTS('',3,(#6725,#6726,#6727,#6728),
 .UNSPECIFIED.,.F.,.F.,(4,4),(1.02501685873121,1.04933742860113),
 .UNSPECIFIED.);
#1322=B_SPLINE_CURVE_WITH_KNOTS('',3,(#6737,#6738,#6739,#6740),
 .UNSPECIFIED.,.F.,.F.,(4,4),(-0.250935566475503,-0.0708506275496611),
 .UNSPECIFIED.);
#1323=B_SPLINE_CURVE_WITH_KNOTS('',3,(#6779,#6780,#6781,#6782),
 .UNSPECIFIED.,.F.,.F.,(4,4),(0.,0.396836445573785),.UNSPECIFIED.);
#1324=B_SPLINE_CURVE_WITH_KNOTS('',3,(#6818,#6819,#6820,#6821,#6822),
 .UNSPECIFIED.,.F.,.F.,(4,1,4),(-0.193487928767964,-0.0829233980434137,
-1.11958720632478E-15),.UNSPECIFIED.);
#1325=B_SPLINE_CURVE_WITH_KNOTS('',3,(#6844,#6845,#6846,#6847),
 .UNSPECIFIED.,.F.,.F.,(4,4),(-0.310475563333145,0.),.UNSPECIFIED.);
#1326=B_SPLINE_CURVE_WITH_KNOTS('',3,(#6869,#6870,#6871,#6872),
 .UNSPECIFIED.,.F.,.F.,(4,4),(-0.130180728040885,0.),.UNSPECIFIED.);
#1327=B_SPLINE_CURVE_WITH_KNOTS('',3,(#6897,#6898,#6899,#6900,#6901,#6902),
 .UNSPECIFIED.,.F.,.F.,(4,2,4),(0.383724093539248,2.41801781146035,2.42066558430999),
 .UNSPECIFIED.);
#1328=B_SPLINE_CURVE_WITH_KNOTS('',3,(#6925,#6926,#6927,#6928),
 .UNSPECIFIED.,.F.,.F.,(4,4),(0.135286140795124,0.280739171908956),
 .UNSPECIFIED.);
#1329=B_SPLINE_CURVE_WITH_KNOTS('',3,(#6930,#6931,#6932,#6933),
 .UNSPECIFIED.,.F.,.F.,(4,4),(0.0708506275496611,0.319748858060998),
 .UNSPECIFIED.);
#1330=B_SPLINE_CURVE_WITH_KNOTS('',3,(#6934,#6935,#6936,#6937,#6938,#6939),
 .UNSPECIFIED.,.F.,.F.,(4,2,4),(-2.42066558430999,-2.41801781146035,-0.383724093539248),
 .UNSPECIFIED.);
#1331=B_SPLINE_CURVE_WITH_KNOTS('',3,(#7404,#7405,#7406,#7407,#7408,#7409,
#7410,#7411,#7412,#7413),.UNSPECIFIED.,.F.,.F.,(4,2,2,2,4),(-0.21611525762439,
-0.215221497263145,-0.106518982924204,-0.0456596863821164,0.),
 .UNSPECIFIED.);
#1332=B_SPLINE_CURVE_WITH_KNOTS('',3,(#7535,#7536,#7537,#7538,#7539,#7540,
#7541,#7542),.UNSPECIFIED.,.F.,.F.,(4,2,2,4),(0.758298360057765,0.815645779979768,
0.87299319990177,1.04933742860113),.UNSPECIFIED.);
#1333=B_SPLINE_CURVE_WITH_KNOTS('',3,(#7555,#7556,#7557,#7558,#7559,#7560,
#7561,#7562),.UNSPECIFIED.,.F.,.F.,(4,2,2,4),(0.,0.176344228699363,0.233691648621365,
0.291039068543368),.UNSPECIFIED.);
#1334=B_SPLINE_CURVE_WITH_KNOTS('',3,(#8101,#8102,#8103,#8104,#8105,#8106,
#8107,#8108,#8109,#8110,#8111,#8112,#8113,#8114,#8115,#8116,#8117,#8118),
 .UNSPECIFIED.,.F.,.F.,(4,2,2,2,2,2,2,2,4),(0.300452285724072,0.337293933539095,
0.39659756584178,0.455901198144465,0.483791901087701,0.511682604030936,
0.542664404230172,0.573646204429408,0.655303602523256),.UNSPECIFIED.);
#1335=ELLIPSE('',#3954,3.35410196624968,1.5);
#1336=ELLIPSE('',#3955,4.24264068711929,3.);
#1337=ELLIPSE('',#3958,1.94785930633717,1.5);
#1338=ELLIPSE('',#3959,1.94785930633715,1.5);
#1339=ELLIPSE('',#3961,3.15836324615634,1.5);
#1340=ELLIPSE('',#3973,3.35410196624969,1.50000000000001);
#1341=ELLIPSE('',#3990,4.04930996269553,3.);
#1342=ELLIPSE('',#4029,3.35410196624969,1.49999999999999);
#1343=ELLIPSE('',#4030,3.35410196624969,1.5);
#1344=ELLIPSE('',#4037,3.35410196624969,1.5);
#1345=ELLIPSE('',#4038,3.35410196624969,1.5);
#1346=ELLIPSE('',#4047,3.35410196624969,1.5);
#1347=ELLIPSE('',#4048,3.35410196624969,1.5);
#1348=ELLIPSE('',#4054,3.35410196624969,1.5);
#1349=ELLIPSE('',#4107,2.12132034355966,1.5);
#1350=ELLIPSE('',#4142,2.59807621135422,1.5);
#1351=ELLIPSE('',#4151,3.35410196624967,1.5);
#1352=ELLIPSE('',#4152,3.35410196624968,1.50000000000023);
#1353=ELLIPSE('',#4160,2.59807621135368,1.5);
#1354=ELLIPSE('',#4162,2.22304929673711,1.5);
#1355=ELLIPSE('',#4169,2.59807621135461,1.5);
#1356=ELLIPSE('',#4171,2.59807621135366,1.5);
#1357=ELLIPSE('',#4174,5.19615242271048,3.);
#1358=ELLIPSE('',#4175,4.50000000000446,1.49999999999999);
#1359=ELLIPSE('',#4180,2.33470740662609,1.5);
#1360=ELLIPSE('',#4183,4.49999999999472,1.5);
#1361=ELLIPSE('',#4184,5.19615242270206,3.);
#1362=ELLIPSE('',#4188,2.3353797105745,1.5);
#1363=ELLIPSE('',#4191,2.59807621135369,1.5);
#1364=ELLIPSE('',#4217,2.59807621135368,1.5);
#1365=ELLIPSE('',#4219,2.22304929673493,1.5);
#1366=ELLIPSE('',#4220,2.59807621135296,1.5);
#1367=ELLIPSE('',#4221,2.59807621135426,1.5);
#1368=ELLIPSE('',#4228,2.02465498134777,1.5);
#1369=ELLIPSE('',#4229,2.02465498134777,1.5);
#1370=ELLIPSE('',#4230,2.02465498134777,1.5);
#1371=ELLIPSE('',#4231,2.02465498134777,1.5);
#1372=ELLIPSE('',#4264,2.00444324012219,1.5);
#1373=ELLIPSE('',#4265,2.00444324012217,1.50000000000007);
#1374=ELLIPSE('',#4270,3.35410196624967,1.5);
#1375=ELLIPSE('',#4271,3.35410196624968,1.50000000000002);
#1376=ELLIPSE('',#4276,3.3541019662497,1.5);
#1377=ELLIPSE('',#4277,3.3541019662497,1.49999999999967);
#1378=ELLIPSE('',#4299,2.12132034355964,1.5);
#1379=ELLIPSE('',#4310,3.10594770947375,1.5);
#1380=ELLIPSE('',#4316,1.62358830043858,1.5);
#1381=ELLIPSE('',#4318,3.15836324615635,1.5);
#1382=ELLIPSE('',#4325,2.02465498134777,1.5);
#1383=ELLIPSE('',#4326,2.02465498134777,1.5);
#1384=ELLIPSE('',#4327,2.02465498134777,1.5);
#1385=ELLIPSE('',#4328,2.02465498134777,1.5);
#1386=ELLIPSE('',#4329,2.02465498134777,1.5);
#1387=CIRCLE('',#3953,1.5);
#1388=CIRCLE('',#3957,1.49999999999999);
#1389=CIRCLE('',#3963,1.50000000000002);
#1390=CIRCLE('',#3964,1.50000000000004);
#1391=CIRCLE('',#3965,1.50000000000001);
#1392=CIRCLE('',#3966,1.5);
#1393=CIRCLE('',#3967,1.49999999999998);
#1394=CIRCLE('',#3968,1.5);
#1395=CIRCLE('',#3969,1.5);
#1396=CIRCLE('',#3970,1.49999999999999);
#1397=CIRCLE('',#3972,1.5);
#1398=CIRCLE('',#3975,3.);
#1399=CIRCLE('',#3977,3.);
#1400=CIRCLE('',#3978,1.50000000000001);
#1401=CIRCLE('',#3979,1.5);
#1402=CIRCLE('',#3980,1.5);
#1403=CIRCLE('',#3981,1.5);
#1404=CIRCLE('',#3982,1.49999999999999);
#1405=CIRCLE('',#3983,1.50000000000023);
#1406=CIRCLE('',#3985,1.5);
#1407=CIRCLE('',#3987,3.00000000000001);
#1408=CIRCLE('',#3988,3.);
#1409=CIRCLE('',#3989,2.99999999999999);
#1410=CIRCLE('',#3992,1.5);
#1411=CIRCLE('',#3993,1.49999999999999);
#1412=CIRCLE('',#3994,1.50000000000001);
#1413=CIRCLE('',#3995,1.5);
#1414=CIRCLE('',#3996,1.5);
#1415=CIRCLE('',#3997,1.49999999999999);
#1416=CIRCLE('',#4000,1.49999999999999);
#1417=CIRCLE('',#4002,1.49999999999999);
#1418=CIRCLE('',#4003,1.5);
#1419=CIRCLE('',#4005,1.5);
#1420=CIRCLE('',#4007,1.5);
#1421=CIRCLE('',#4008,1.5);
#1422=CIRCLE('',#4009,1.5);
#1423=CIRCLE('',#4010,1.5);
#1424=CIRCLE('',#4012,1.5);
#1425=CIRCLE('',#4014,3.);
#1426=CIRCLE('',#4015,1.5);
#1427=CIRCLE('',#4016,1.49999999999998);
#1428=CIRCLE('',#4017,1.5);
#1429=CIRCLE('',#4018,1.5);
#1430=CIRCLE('',#4020,1.50000000000154);
#1431=CIRCLE('',#4021,1.5);
#1432=CIRCLE('',#4024,2.5175);
#1433=CIRCLE('',#4026,1.5);
#1434=CIRCLE('',#4028,1.5);
#1435=CIRCLE('',#4032,1.5);
#1436=CIRCLE('',#4034,1.5);
#1437=CIRCLE('',#4035,3.);
#1438=CIRCLE('',#4036,1.5);
#1439=CIRCLE('',#4040,1.5);
#1440=CIRCLE('',#4043,1.5);
#1441=CIRCLE('',#4045,1.49999999999999);
#1442=CIRCLE('',#4046,1.50000000000002);
#1443=CIRCLE('',#4050,1.5);
#1444=CIRCLE('',#4051,1.5);
#1445=CIRCLE('',#4053,1.5);
#1446=CIRCLE('',#4057,1.5);
#1447=CIRCLE('',#4059,1.5);
#1448=CIRCLE('',#4061,1.5);
#1449=CIRCLE('',#4062,1.5);
#1450=CIRCLE('',#4063,1.49999999999999);
#1451=CIRCLE('',#4065,1.5);
#1452=CIRCLE('',#4066,1.49999999999999);
#1453=CIRCLE('',#4067,1.5);
#1454=CIRCLE('',#4069,1.5);
#1455=CIRCLE('',#4070,1.5);
#1456=CIRCLE('',#4071,1.49999999999999);
#1457=CIRCLE('',#4073,1.50000000000002);
#1458=CIRCLE('',#4074,1.5);
#1459=CIRCLE('',#4075,1.50000000000002);
#1460=CIRCLE('',#4077,1.5);
#1461=CIRCLE('',#4078,1.5);
#1462=CIRCLE('',#4079,1.5);
#1463=CIRCLE('',#4082,1.5);
#1464=CIRCLE('',#4083,1.5);
#1465=CIRCLE('',#4084,1.49999999999999);
#1466=CIRCLE('',#4087,1.5);
#1467=CIRCLE('',#4089,1.5);
#1468=CIRCLE('',#4090,1.5);
#1469=CIRCLE('',#4091,1.5);
#1470=CIRCLE('',#4092,1.5);
#1471=CIRCLE('',#4094,1.50000000000001);
#1472=CIRCLE('',#4095,1.5);
#1473=CIRCLE('',#4096,1.5);
#1474=CIRCLE('',#4097,1.5);
#1475=CIRCLE('',#4099,1.5);
#1476=CIRCLE('',#4100,1.5);
#1477=CIRCLE('',#4103,1.49999999999999);
#1478=CIRCLE('',#4104,1.5);
#1479=CIRCLE('',#4105,1.5);
#1480=CIRCLE('',#4109,1.5);
#1481=CIRCLE('',#4110,1.5);
#1482=CIRCLE('',#4111,1.49999999999999);
#1483=CIRCLE('',#4113,1.5);
#1484=CIRCLE('',#4114,1.5);
#1485=CIRCLE('',#4115,1.5);
#1486=CIRCLE('',#4118,1.5);
#1487=CIRCLE('',#4119,1.49999999999999);
#1488=CIRCLE('',#4120,1.5);
#1489=CIRCLE('',#4121,1.5);
#1490=CIRCLE('',#4123,1.5);
#1491=CIRCLE('',#4124,1.5);
#1492=CIRCLE('',#4125,1.50000000000001);
#1493=CIRCLE('',#4126,1.5);
#1494=CIRCLE('',#4128,1.5);
#1495=CIRCLE('',#4129,1.5);
#1496=CIRCLE('',#4130,1.50000000000001);
#1497=CIRCLE('',#4131,1.5);
#1498=CIRCLE('',#4133,1.50000000000001);
#1499=CIRCLE('',#4134,1.50000000000003);
#1500=CIRCLE('',#4135,1.5);
#1501=CIRCLE('',#4136,1.5);
#1502=CIRCLE('',#4138,1.50000000000001);
#1503=CIRCLE('',#4139,1.5);
#1504=CIRCLE('',#4140,1.49999999999999);
#1505=CIRCLE('',#4143,1.50000000000001);
#1506=CIRCLE('',#4145,1.50000000000001);
#1507=CIRCLE('',#4146,1.50000000000001);
#1508=CIRCLE('',#4147,3.00000000000002);
#1509=CIRCLE('',#4149,1.50000000000001);
#1510=CIRCLE('',#4156,1.5);
#1511=CIRCLE('',#4166,1.5);
#1512=CIRCLE('',#4173,1.5);
#1513=CIRCLE('',#4182,1.5);
#1514=CIRCLE('',#4194,1.50000000000001);
#1515=CIRCLE('',#4197,1.50000000000002);
#1516=CIRCLE('',#4198,1.5);
#1517=CIRCLE('',#4199,3.);
#1518=CIRCLE('',#4202,1.5);
#1519=CIRCLE('',#4204,1.5);
#1520=CIRCLE('',#4205,3.);
#1521=CIRCLE('',#4207,1.49999999999999);
#1522=CIRCLE('',#4209,1.50000000000001);
#1523=CIRCLE('',#4211,1.5);
#1524=CIRCLE('',#4218,2.99999999999999);
#1525=CIRCLE('',#4226,5.5);
#1526=CIRCLE('',#4227,5.5);
#1527=CIRCLE('',#4232,5.5);
#1528=CIRCLE('',#4234,1.5);
#1529=CIRCLE('',#4238,3.00000000000001);
#1530=CIRCLE('',#4239,3.00000000000001);
#1531=CIRCLE('',#4240,3.);
#1532=CIRCLE('',#4241,3.);
#1533=CIRCLE('',#4243,2.5175);
#1534=CIRCLE('',#4248,1.5);
#1535=CIRCLE('',#4249,1.5);
#1536=CIRCLE('',#4253,3.9);
#1537=CIRCLE('',#4254,3.9);
#1538=CIRCLE('',#4255,3.9);
#1539=CIRCLE('',#4256,3.9);
#1540=CIRCLE('',#4261,1.5);
#1541=CIRCLE('',#4263,1.5);
#1542=CIRCLE('',#4267,1.49999999999999);
#1543=CIRCLE('',#4269,1.5);
#1544=CIRCLE('',#4273,1.5);
#1545=CIRCLE('',#4275,1.5);
#1546=CIRCLE('',#4281,1.49999999999999);
#1547=CIRCLE('',#4283,1.50000000000001);
#1548=CIRCLE('',#4284,1.93933982822016);
#1549=CIRCLE('',#4290,1.5);
#1550=CIRCLE('',#4291,1.5);
#1551=CIRCLE('',#4292,1.5);
#1552=CIRCLE('',#4294,1.5);
#1553=CIRCLE('',#4295,1.49999999999999);
#1554=CIRCLE('',#4296,1.5);
#1555=CIRCLE('',#4301,1.5);
#1556=CIRCLE('',#4302,1.5);
#1557=CIRCLE('',#4305,1.5);
#1558=CIRCLE('',#4307,1.5);
#1559=CIRCLE('',#4309,1.5);
#1560=CIRCLE('',#4312,1.5);
#1561=CIRCLE('',#4323,2.8);
#1562=CIRCLE('',#4324,2.8);
#1563=CIRCLE('',#4330,2.8);
#1564=CIRCLE('',#4345,2.00000000000001);
#1565=CIRCLE('',#4346,2.00000000000001);
#1566=CIRCLE('',#4348,3.9);
#1567=CIRCLE('',#4350,2.00000000000001);
#1568=CIRCLE('',#4351,2.00000000000001);
#1569=CIRCLE('',#4353,3.9);
#1570=CIRCLE('',#4355,2.00000000000001);
#1571=CIRCLE('',#4356,2.00000000000001);
#1572=CIRCLE('',#4358,3.9);
#1573=CIRCLE('',#4360,2.00000000000001);
#1574=CIRCLE('',#4361,2.00000000000001);
#1575=CIRCLE('',#4363,3.9);
#1576=CIRCLE('',#4365,5.);
#1577=CIRCLE('',#4366,5.);
#1578=CIRCLE('',#4367,0.5);
#1579=CIRCLE('',#4369,4.5);
#1580=CIRCLE('',#4370,0.5);
#1581=CIRCLE('',#4372,2.8);
#1582=CIRCLE('',#4374,5.);
#1583=CIRCLE('',#4375,5.);
#1584=CIRCLE('',#4376,0.5);
#1585=CIRCLE('',#4378,4.5);
#1586=CIRCLE('',#4379,0.5);
#1587=CIRCLE('',#4381,2.8);
#1588=CIRCLE('',#4383,5.);
#1589=CIRCLE('',#4384,5.);
#1590=CIRCLE('',#4385,0.5);
#1591=CIRCLE('',#4387,4.5);
#1592=CIRCLE('',#4388,0.5);
#1593=CIRCLE('',#4390,2.8);
#1594=CIRCLE('',#4396,2.8);
#1595=VERTEX_POINT('',#5611);
#1596=VERTEX_POINT('',#5612);
#1597=VERTEX_POINT('',#5614);
#1598=VERTEX_POINT('',#5616);
#1599=VERTEX_POINT('',#5629);
#1600=VERTEX_POINT('',#5630);
#1601=VERTEX_POINT('',#5654);
#1602=VERTEX_POINT('',#5658);
#1603=VERTEX_POINT('',#5660);
#1604=VERTEX_POINT('',#5689);
#1605=VERTEX_POINT('',#5690);
#1606=VERTEX_POINT('',#5692);
#1607=VERTEX_POINT('',#5721);
#1608=VERTEX_POINT('',#5722);
#1609=VERTEX_POINT('',#5724);
#1610=VERTEX_POINT('',#5729);
#1611=VERTEX_POINT('',#5755);
#1612=VERTEX_POINT('',#5761);
#1613=VERTEX_POINT('',#5784);
#1614=VERTEX_POINT('',#5789);
#1615=VERTEX_POINT('',#5820);
#1616=VERTEX_POINT('',#5821);
#1617=VERTEX_POINT('',#5853);
#1618=VERTEX_POINT('',#5887);
#1619=VERTEX_POINT('',#5888);
#1620=VERTEX_POINT('',#5925);
#1621=VERTEX_POINT('',#5931);
#1622=VERTEX_POINT('',#5939);
#1623=VERTEX_POINT('',#5941);
#1624=VERTEX_POINT('',#5943);
#1625=VERTEX_POINT('',#5949);
#1626=VERTEX_POINT('',#5951);
#1627=VERTEX_POINT('',#5970);
#1628=VERTEX_POINT('',#5996);
#1629=VERTEX_POINT('',#6001);
#1630=VERTEX_POINT('',#6027);
#1631=VERTEX_POINT('',#6028);
#1632=VERTEX_POINT('',#6030);
#1633=VERTEX_POINT('',#6035);
#1634=VERTEX_POINT('',#6061);
#1635=VERTEX_POINT('',#6062);
#1636=VERTEX_POINT('',#6112);
#1637=VERTEX_POINT('',#6153);
#1638=VERTEX_POINT('',#6158);
#1639=VERTEX_POINT('',#6193);
#1640=VERTEX_POINT('',#6195);
#1641=VERTEX_POINT('',#6199);
#1642=VERTEX_POINT('',#6201);
#1643=VERTEX_POINT('',#6203);
#1644=VERTEX_POINT('',#6205);
#1645=VERTEX_POINT('',#6207);
#1646=VERTEX_POINT('',#6209);
#1647=VERTEX_POINT('',#6211);
#1648=VERTEX_POINT('',#6217);
#1649=VERTEX_POINT('',#6219);
#1650=VERTEX_POINT('',#6221);
#1651=VERTEX_POINT('',#6225);
#1652=VERTEX_POINT('',#6252);
#1653=VERTEX_POINT('',#6257);
#1654=VERTEX_POINT('',#6279);
#1655=VERTEX_POINT('',#6284);
#1656=VERTEX_POINT('',#6289);
#1657=VERTEX_POINT('',#6294);
#1658=VERTEX_POINT('',#6299);
#1659=VERTEX_POINT('',#6341);
#1660=VERTEX_POINT('',#6342);
#1661=VERTEX_POINT('',#6350);
#1662=VERTEX_POINT('',#6359);
#1663=VERTEX_POINT('',#6461);
#1664=VERTEX_POINT('',#6483);
#1665=VERTEX_POINT('',#6505);
#1666=VERTEX_POINT('',#6506);
#1667=VERTEX_POINT('',#6536);
#1668=VERTEX_POINT('',#6537);
#1669=VERTEX_POINT('',#6669);
#1670=VERTEX_POINT('',#6670);
#1671=VERTEX_POINT('',#6694);
#1672=VERTEX_POINT('',#6724);
#1673=VERTEX_POINT('',#6729);
#1674=VERTEX_POINT('',#6731);
#1675=VERTEX_POINT('',#6733);
#1676=VERTEX_POINT('',#6735);
#1677=VERTEX_POINT('',#6744);
#1678=VERTEX_POINT('',#6748);
#1679=VERTEX_POINT('',#6752);
#1680=VERTEX_POINT('',#6754);
#1681=VERTEX_POINT('',#6777);
#1682=VERTEX_POINT('',#6786);
#1683=VERTEX_POINT('',#6788);
#1684=VERTEX_POINT('',#6816);
#1685=VERTEX_POINT('',#6843);
#1686=VERTEX_POINT('',#6874);
#1687=VERTEX_POINT('',#6876);
#1688=VERTEX_POINT('',#6882);
#1689=VERTEX_POINT('',#6884);
#1690=VERTEX_POINT('',#6886);
#1691=VERTEX_POINT('',#6889);
#1692=VERTEX_POINT('',#6892);
#1693=VERTEX_POINT('',#6896);
#1694=VERTEX_POINT('',#6903);
#1695=VERTEX_POINT('',#6905);
#1696=VERTEX_POINT('',#6924);
#1697=VERTEX_POINT('',#6929);
#1698=VERTEX_POINT('',#6970);
#1699=VERTEX_POINT('',#6971);
#1700=VERTEX_POINT('',#6973);
#1701=VERTEX_POINT('',#6977);
#1702=VERTEX_POINT('',#6978);
#1703=VERTEX_POINT('',#6983);
#1704=VERTEX_POINT('',#6984);
#1705=VERTEX_POINT('',#7018);
#1706=VERTEX_POINT('',#7022);
#1707=VERTEX_POINT('',#7024);
#1708=VERTEX_POINT('',#7028);
#1709=VERTEX_POINT('',#7032);
#1710=VERTEX_POINT('',#7036);
#1711=VERTEX_POINT('',#7070);
#1712=VERTEX_POINT('',#7072);
#1713=VERTEX_POINT('',#7076);
#1714=VERTEX_POINT('',#7080);
#1715=VERTEX_POINT('',#7115);
#1716=VERTEX_POINT('',#7117);
#1717=VERTEX_POINT('',#7121);
#1718=VERTEX_POINT('',#7126);
#1719=VERTEX_POINT('',#7129);
#1720=VERTEX_POINT('',#7130);
#1721=VERTEX_POINT('',#7132);
#1722=VERTEX_POINT('',#7136);
#1723=VERTEX_POINT('',#7138);
#1724=VERTEX_POINT('',#7142);
#1725=VERTEX_POINT('',#7143);
#1726=VERTEX_POINT('',#7145);
#1727=VERTEX_POINT('',#7154);
#1728=VERTEX_POINT('',#7159);
#1729=VERTEX_POINT('',#7161);
#1730=VERTEX_POINT('',#7168);
#1731=VERTEX_POINT('',#7172);
#1732=VERTEX_POINT('',#7173);
#1733=VERTEX_POINT('',#7175);
#1734=VERTEX_POINT('',#7177);
#1735=VERTEX_POINT('',#7181);
#1736=VERTEX_POINT('',#7182);
#1737=VERTEX_POINT('',#7185);
#1738=VERTEX_POINT('',#7189);
#1739=VERTEX_POINT('',#7195);
#1740=VERTEX_POINT('',#7196);
#1741=VERTEX_POINT('',#7198);
#1742=VERTEX_POINT('',#7202);
#1743=VERTEX_POINT('',#7204);
#1744=VERTEX_POINT('',#7208);
#1745=VERTEX_POINT('',#7209);
#1746=VERTEX_POINT('',#7214);
#1747=VERTEX_POINT('',#7215);
#1748=VERTEX_POINT('',#7217);
#1749=VERTEX_POINT('',#7224);
#1750=VERTEX_POINT('',#7225);
#1751=VERTEX_POINT('',#7227);
#1752=VERTEX_POINT('',#7229);
#1753=VERTEX_POINT('',#7233);
#1754=VERTEX_POINT('',#7234);
#1755=VERTEX_POINT('',#7236);
#1756=VERTEX_POINT('',#7241);
#1757=VERTEX_POINT('',#7242);
#1758=VERTEX_POINT('',#7244);
#1759=VERTEX_POINT('',#7246);
#1760=VERTEX_POINT('',#7250);
#1761=VERTEX_POINT('',#7251);
#1762=VERTEX_POINT('',#7253);
#1763=VERTEX_POINT('',#7255);
#1764=VERTEX_POINT('',#7259);
#1765=VERTEX_POINT('',#7260);
#1766=VERTEX_POINT('',#7262);
#1767=VERTEX_POINT('',#7266);
#1768=VERTEX_POINT('',#7267);
#1769=VERTEX_POINT('',#7269);
#1770=VERTEX_POINT('',#7271);
#1771=VERTEX_POINT('',#7275);
#1772=VERTEX_POINT('',#7277);
#1773=VERTEX_POINT('',#7281);
#1774=VERTEX_POINT('',#7282);
#1775=VERTEX_POINT('',#7328);
#1776=VERTEX_POINT('',#7329);
#1777=VERTEX_POINT('',#7340);
#1778=VERTEX_POINT('',#7341);
#1779=VERTEX_POINT('',#7346);
#1780=VERTEX_POINT('',#7347);
#1781=VERTEX_POINT('',#7363);
#1782=VERTEX_POINT('',#7364);
#1783=VERTEX_POINT('',#7369);
#1784=VERTEX_POINT('',#7370);
#1785=VERTEX_POINT('',#7375);
#1786=VERTEX_POINT('',#7376);
#1787=VERTEX_POINT('',#7400);
#1788=VERTEX_POINT('',#7402);
#1789=VERTEX_POINT('',#7423);
#1790=VERTEX_POINT('',#7424);
#1791=VERTEX_POINT('',#7429);
#1792=VERTEX_POINT('',#7430);
#1793=VERTEX_POINT('',#7462);
#1794=VERTEX_POINT('',#7463);
#1795=VERTEX_POINT('',#7471);
#1796=VERTEX_POINT('',#7472);
#1797=VERTEX_POINT('',#7530);
#1798=VERTEX_POINT('',#7532);
#1799=VERTEX_POINT('',#7534);
#1800=VERTEX_POINT('',#7547);
#1801=VERTEX_POINT('',#7548);
#1802=VERTEX_POINT('',#7553);
#1803=VERTEX_POINT('',#7554);
#1804=VERTEX_POINT('',#7566);
#1805=VERTEX_POINT('',#7600);
#1806=VERTEX_POINT('',#7602);
#1807=VERTEX_POINT('',#7607);
#1808=VERTEX_POINT('',#7608);
#1809=VERTEX_POINT('',#7610);
#1810=VERTEX_POINT('',#7612);
#1811=VERTEX_POINT('',#7614);
#1812=VERTEX_POINT('',#7616);
#1813=VERTEX_POINT('',#7618);
#1814=VERTEX_POINT('',#7620);
#1815=VERTEX_POINT('',#7628);
#1816=VERTEX_POINT('',#7630);
#1817=VERTEX_POINT('',#7632);
#1818=VERTEX_POINT('',#7633);
#1819=VERTEX_POINT('',#7635);
#1820=VERTEX_POINT('',#7638);
#1821=VERTEX_POINT('',#7639);
#1822=VERTEX_POINT('',#7641);
#1823=VERTEX_POINT('',#7644);
#1824=VERTEX_POINT('',#7645);
#1825=VERTEX_POINT('',#7647);
#1826=VERTEX_POINT('',#7650);
#1827=VERTEX_POINT('',#7651);
#1828=VERTEX_POINT('',#7653);
#1829=VERTEX_POINT('',#7656);
#1830=VERTEX_POINT('',#7659);
#1831=VERTEX_POINT('',#7666);
#1832=VERTEX_POINT('',#7667);
#1833=VERTEX_POINT('',#7669);
#1834=VERTEX_POINT('',#7671);
#1835=VERTEX_POINT('',#7673);
#1836=VERTEX_POINT('',#7675);
#1837=VERTEX_POINT('',#7677);
#1838=VERTEX_POINT('',#7679);
#1839=VERTEX_POINT('',#7683);
#1840=VERTEX_POINT('',#7689);
#1841=VERTEX_POINT('',#7697);
#1842=VERTEX_POINT('',#7699);
#1843=VERTEX_POINT('',#7702);
#1844=VERTEX_POINT('',#7704);
#1845=VERTEX_POINT('',#7706);
#1846=VERTEX_POINT('',#7709);
#1847=VERTEX_POINT('',#7711);
#1848=VERTEX_POINT('',#7713);
#1849=VERTEX_POINT('',#7715);
#1850=VERTEX_POINT('',#7724);
#1851=VERTEX_POINT('',#7726);
#1852=VERTEX_POINT('',#7730);
#1853=VERTEX_POINT('',#7732);
#1854=VERTEX_POINT('',#7754);
#1855=VERTEX_POINT('',#7756);
#1856=VERTEX_POINT('',#7794);
#1857=VERTEX_POINT('',#7796);
#1858=VERTEX_POINT('',#7800);
#1859=VERTEX_POINT('',#7841);
#1860=VERTEX_POINT('',#7845);
#1861=VERTEX_POINT('',#7858);
#1862=VERTEX_POINT('',#7862);
#1863=VERTEX_POINT('',#7864);
#1864=VERTEX_POINT('',#7870);
#1865=VERTEX_POINT('',#7871);
#1866=VERTEX_POINT('',#7910);
#1867=VERTEX_POINT('',#7921);
#1868=VERTEX_POINT('',#7925);
#1869=VERTEX_POINT('',#7934);
#1870=VERTEX_POINT('',#7935);
#1871=VERTEX_POINT('',#7937);
#1872=VERTEX_POINT('',#7939);
#1873=VERTEX_POINT('',#7941);
#1874=VERTEX_POINT('',#7943);
#1875=VERTEX_POINT('',#7946);
#1876=VERTEX_POINT('',#7947);
#1877=VERTEX_POINT('',#7949);
#1878=VERTEX_POINT('',#7952);
#1879=VERTEX_POINT('',#7953);
#1880=VERTEX_POINT('',#7955);
#1881=VERTEX_POINT('',#7958);
#1882=VERTEX_POINT('',#7959);
#1883=VERTEX_POINT('',#7961);
#1884=VERTEX_POINT('',#7964);
#1885=VERTEX_POINT('',#7972);
#1886=VERTEX_POINT('',#7973);
#1887=VERTEX_POINT('',#7975);
#1888=VERTEX_POINT('',#7977);
#1889=VERTEX_POINT('',#7981);
#1890=VERTEX_POINT('',#7983);
#1891=VERTEX_POINT('',#7987);
#1892=VERTEX_POINT('',#7988);
#1893=VERTEX_POINT('',#7990);
#1894=VERTEX_POINT('',#7992);
#1895=VERTEX_POINT('',#7996);
#1896=VERTEX_POINT('',#7998);
#1897=VERTEX_POINT('',#8002);
#1898=VERTEX_POINT('',#8003);
#1899=VERTEX_POINT('',#8005);
#1900=VERTEX_POINT('',#8007);
#1901=VERTEX_POINT('',#8011);
#1902=VERTEX_POINT('',#8013);
#1903=VERTEX_POINT('',#8017);
#1904=VERTEX_POINT('',#8018);
#1905=VERTEX_POINT('',#8020);
#1906=VERTEX_POINT('',#8022);
#1907=VERTEX_POINT('',#8026);
#1908=VERTEX_POINT('',#8028);
#1909=VERTEX_POINT('',#8035);
#1910=VERTEX_POINT('',#8041);
#1911=VERTEX_POINT('',#8047);
#1912=VERTEX_POINT('',#8053);
#1913=VERTEX_POINT('',#8056);
#1914=VERTEX_POINT('',#8057);
#1915=VERTEX_POINT('',#8062);
#1916=VERTEX_POINT('',#8066);
#1917=VERTEX_POINT('',#8069);
#1918=VERTEX_POINT('',#8070);
#1919=VERTEX_POINT('',#8075);
#1920=VERTEX_POINT('',#8079);
#1921=VERTEX_POINT('',#8082);
#1922=VERTEX_POINT('',#8083);
#1923=VERTEX_POINT('',#8088);
#1924=VERTEX_POINT('',#8092);
#1925=VERTEX_POINT('',#8120);
#1926=EDGE_CURVE('',#1595,#1596,#1387,.T.);
#1927=EDGE_CURVE('',#1596,#1597,#1335,.T.);
#1928=EDGE_CURVE('',#1597,#1598,#1265,.F.);
#1929=EDGE_CURVE('',#1598,#1595,#1336,.T.);
#1930=EDGE_CURVE('',#1599,#1600,#1388,.T.);
#1931=EDGE_CURVE('',#1600,#1596,#154,.T.);
#1932=EDGE_CURVE('',#1595,#1599,#155,.T.);
#1933=EDGE_CURVE('',#1599,#1601,#1337,.T.);
#1934=EDGE_CURVE('',#1601,#1600,#1338,.T.);
#1935=EDGE_CURVE('',#1599,#1602,#156,.T.);
#1936=EDGE_CURVE('',#1603,#1602,#1339,.T.);
#1937=EDGE_CURVE('',#1603,#1601,#157,.T.);
#1938=EDGE_CURVE('',#1598,#1602,#158,.T.);
#1939=EDGE_CURVE('',#1604,#1605,#1389,.T.);
#1940=EDGE_CURVE('',#1605,#1606,#1266,.T.);
#1941=EDGE_CURVE('',#1606,#1604,#1267,.T.);
#1942=EDGE_CURVE('',#1607,#1608,#1390,.T.);
#1943=EDGE_CURVE('',#1608,#1609,#1268,.T.);
#1944=EDGE_CURVE('',#1609,#1610,#1391,.T.);
#1945=EDGE_CURVE('',#1610,#1607,#1269,.T.);
#1946=EDGE_CURVE('',#1607,#1611,#1270,.T.);
#1947=EDGE_CURVE('',#1611,#1612,#1392,.T.);
#1948=EDGE_CURVE('',#1612,#1608,#1271,.T.);
#1949=EDGE_CURVE('',#1611,#1613,#1272,.T.);
#1950=EDGE_CURVE('',#1613,#1614,#1393,.T.);
#1951=EDGE_CURVE('',#1614,#1612,#1273,.T.);
#1952=EDGE_CURVE('',#1615,#1616,#1394,.T.);
#1953=EDGE_CURVE('',#1616,#1614,#1274,.T.);
#1954=EDGE_CURVE('',#1613,#1615,#1275,.T.);
#1955=EDGE_CURVE('',#1609,#1605,#1276,.T.);
#1956=EDGE_CURVE('',#1604,#1617,#1277,.T.);
#1957=EDGE_CURVE('',#1617,#1610,#1278,.T.);
#1958=EDGE_CURVE('',#1618,#1619,#1395,.T.);
#1959=EDGE_CURVE('',#1619,#1616,#1279,.T.);
#1960=EDGE_CURVE('',#1615,#1618,#1280,.T.);
#1961=EDGE_CURVE('',#1619,#1620,#1281,.T.);
#1962=EDGE_CURVE('',#1620,#1621,#1396,.T.);
#1963=EDGE_CURVE('',#1621,#1614,#1282,.T.);
#1964=EDGE_CURVE('',#1615,#1622,#1397,.F.);
#1965=EDGE_CURVE('',#1622,#1623,#159,.T.);
#1966=EDGE_CURVE('',#1624,#1623,#1340,.T.);
#1967=EDGE_CURVE('',#1618,#1624,#160,.T.);
#1968=EDGE_CURVE('',#1611,#1622,#1398,.T.);
#1969=EDGE_CURVE('',#1625,#1607,#161,.T.);
#1970=EDGE_CURVE('',#1626,#1625,#1399,.T.);
#1971=EDGE_CURVE('',#1623,#1626,#162,.T.);
#1972=EDGE_CURVE('',#1605,#1627,#1400,.T.);
#1973=EDGE_CURVE('',#1627,#1606,#1283,.T.);
#1974=EDGE_CURVE('',#1609,#1628,#1284,.T.);
#1975=EDGE_CURVE('',#1628,#1629,#1401,.T.);
#1976=EDGE_CURVE('',#1629,#1627,#1285,.T.);
#1977=EDGE_CURVE('',#1630,#1631,#1402,.T.);
#1978=EDGE_CURVE('',#1631,#1632,#1286,.T.);
#1979=EDGE_CURVE('',#1632,#1633,#1403,.T.);
#1980=EDGE_CURVE('',#1633,#1630,#1287,.T.);
#1981=EDGE_CURVE('',#1634,#1635,#1404,.T.);
#1982=EDGE_CURVE('',#1635,#1633,#1288,.T.);
#1983=EDGE_CURVE('',#1632,#1634,#1289,.T.);
#1984=EDGE_CURVE('',#1634,#1636,#1290,.T.);
#1985=EDGE_CURVE('',#1636,#1635,#1291,.T.);
#1986=EDGE_CURVE('',#1630,#1637,#1292,.T.);
#1987=EDGE_CURVE('',#1637,#1638,#1405,.T.);
#1988=EDGE_CURVE('',#1638,#1631,#1293,.T.);
#1989=EDGE_CURVE('',#1637,#1629,#1294,.T.);
#1990=EDGE_CURVE('',#1628,#1638,#1295,.T.);
#1991=EDGE_CURVE('',#1629,#1639,#163,.T.);
#1992=EDGE_CURVE('',#1639,#1640,#1406,.T.);
#1993=EDGE_CURVE('',#1640,#1627,#164,.T.);
#1994=EDGE_CURVE('',#1641,#1633,#165,.T.);
#1995=EDGE_CURVE('',#1642,#1641,#166,.T.);
#1996=EDGE_CURVE('',#1643,#1642,#167,.T.);
#1997=EDGE_CURVE('',#1644,#1643,#168,.T.);
#1998=EDGE_CURVE('',#1645,#1644,#1407,.T.);
#1999=EDGE_CURVE('',#1646,#1645,#169,.T.);
#2000=EDGE_CURVE('',#1647,#1646,#1408,.T.);
#2001=EDGE_CURVE('',#1620,#1647,#1296,.T.);
#2002=EDGE_CURVE('',#1648,#1620,#170,.T.);
#2003=EDGE_CURVE('',#1649,#1648,#1409,.T.);
#2004=EDGE_CURVE('',#1650,#1649,#171,.T.);
#2005=EDGE_CURVE('',#1639,#1650,#1341,.T.);
#2006=EDGE_CURVE('',#1636,#1651,#172,.T.);
#2007=EDGE_CURVE('',#1651,#1641,#1410,.F.);
#2008=EDGE_CURVE('',#1634,#1652,#1297,.T.);
#2009=EDGE_CURVE('',#1652,#1653,#1411,.T.);
#2010=EDGE_CURVE('',#1653,#1636,#1298,.T.);
#2011=EDGE_CURVE('',#1654,#1631,#1299,.T.);
#2012=EDGE_CURVE('',#1655,#1654,#1300,.T.);
#2013=EDGE_CURVE('',#1656,#1655,#1301,.T.);
#2014=EDGE_CURVE('',#1657,#1656,#1302,.T.);
#2015=EDGE_CURVE('',#1658,#1657,#1303,.T.);
#2016=EDGE_CURVE('',#1652,#1658,#1304,.T.);
#2017=EDGE_CURVE('',#1659,#1660,#1305,.T.);
#2018=EDGE_CURVE('',#1660,#1661,#1306,.T.);
#2019=EDGE_CURVE('',#1661,#1662,#1307,.T.);
#2020=EDGE_CURVE('',#1662,#1659,#1308,.T.);
#2021=EDGE_CURVE('',#1638,#1660,#1309,.T.);
#2022=EDGE_CURVE('',#1654,#1659,#1310,.T.);
#2023=EDGE_CURVE('',#1662,#1663,#1311,.T.);
#2024=EDGE_CURVE('',#1655,#1663,#1412,.T.);
#2025=EDGE_CURVE('',#1647,#1664,#1413,.T.);
#2026=EDGE_CURVE('',#1664,#1621,#1312,.T.);
#2027=EDGE_CURVE('',#1665,#1666,#1414,.T.);
#2028=EDGE_CURVE('',#1666,#1664,#1313,.T.);
#2029=EDGE_CURVE('',#1647,#1665,#1314,.T.);
#2030=EDGE_CURVE('',#1667,#1668,#1415,.T.);
#2031=EDGE_CURVE('',#1668,#1666,#1315,.T.);
#2032=EDGE_CURVE('',#1665,#1667,#1316,.T.);
#2033=EDGE_CURVE('',#1669,#1670,#1317,.T.);
#2034=EDGE_CURVE('',#1669,#1668,#1318,.T.);
#2035=EDGE_CURVE('',#1667,#1671,#1319,.T.);
#2036=EDGE_CURVE('',#1671,#1670,#1320,.T.);
#2037=EDGE_CURVE('',#1670,#1672,#1321,.T.);
#2038=EDGE_CURVE('',#1673,#1672,#173,.T.);
#2039=EDGE_CURVE('',#1674,#1673,#174,.T.);
#2040=EDGE_CURVE('',#1675,#1674,#175,.T.);
#2041=EDGE_CURVE('',#1676,#1675,#176,.T.);
#2042=EDGE_CURVE('',#1669,#1676,#1322,.T.);
#2043=EDGE_CURVE('',#1671,#1646,#1416,.T.);
#2044=EDGE_CURVE('',#1677,#1671,#1417,.T.);
#2045=EDGE_CURVE('',#1677,#1672,#1418,.T.);
#2046=EDGE_CURVE('',#1618,#1678,#177,.T.);
#2047=EDGE_CURVE('',#1678,#1648,#1419,.T.);
#2048=EDGE_CURVE('',#1679,#1656,#1420,.T.);
#2049=EDGE_CURVE('',#1680,#1656,#1421,.F.);
#2050=EDGE_CURVE('',#1679,#1680,#1422,.F.);
#2051=EDGE_CURVE('',#1655,#1681,#1423,.T.);
#2052=EDGE_CURVE('',#1681,#1680,#1323,.T.);
#2053=EDGE_CURVE('',#1663,#1681,#1424,.T.);
#2054=EDGE_CURVE('',#1680,#1682,#1425,.T.);
#2055=EDGE_CURVE('',#1682,#1683,#1426,.T.);
#2056=EDGE_CURVE('',#1679,#1683,#1427,.T.);
#2057=EDGE_CURVE('',#1658,#1684,#1428,.T.);
#2058=EDGE_CURVE('',#1684,#1653,#1324,.T.);
#2059=EDGE_CURVE('',#1679,#1685,#1325,.T.);
#2060=EDGE_CURVE('',#1685,#1657,#1429,.T.);
#2061=EDGE_CURVE('',#1685,#1684,#1326,.T.);
#2062=EDGE_CURVE('',#1685,#1686,#1430,.T.);
#2063=EDGE_CURVE('',#1686,#1687,#178,.T.);
#2064=EDGE_CURVE('',#1687,#1684,#1431,.T.);
#2065=EDGE_CURVE('',#1683,#1686,#179,.T.);
#2066=EDGE_CURVE('',#1688,#1681,#180,.T.);
#2067=EDGE_CURVE('',#1689,#1688,#181,.T.);
#2068=EDGE_CURVE('',#1690,#1689,#182,.T.);
#2069=EDGE_CURVE('',#1682,#1690,#183,.T.);
#2070=EDGE_CURVE('',#1691,#1691,#1432,.T.);
#2071=EDGE_CURVE('',#1663,#1692,#184,.T.);
#2072=EDGE_CURVE('',#1692,#1688,#1433,.F.);
#2073=EDGE_CURVE('',#1693,#1661,#1327,.T.);
#2074=EDGE_CURVE('',#1694,#1693,#185,.T.);
#2075=EDGE_CURVE('',#1695,#1694,#186,.T.);
#2076=EDGE_CURVE('',#1692,#1695,#187,.T.);
#2077=EDGE_CURVE('',#1696,#1666,#1328,.T.);
#2078=EDGE_CURVE('',#1697,#1696,#1329,.T.);
#2079=EDGE_CURVE('',#1661,#1697,#1330,.T.);
#2080=EDGE_CURVE('',#1698,#1699,#1434,.T.);
#2081=EDGE_CURVE('',#1699,#1700,#1342,.T.);
#2082=EDGE_CURVE('',#1700,#1698,#1343,.T.);
#2083=EDGE_CURVE('',#1701,#1702,#1435,.T.);
#2084=EDGE_CURVE('',#1702,#1699,#188,.T.);
#2085=EDGE_CURVE('',#1698,#1701,#189,.T.);
#2086=EDGE_CURVE('',#1703,#1704,#1436,.T.);
#2087=EDGE_CURVE('',#1704,#1702,#1437,.T.);
#2088=EDGE_CURVE('',#1701,#1703,#1438,.T.);
#2089=EDGE_CURVE('',#1703,#1705,#1344,.T.);
#2090=EDGE_CURVE('',#1705,#1704,#1345,.T.);
#2091=EDGE_CURVE('',#1706,#1701,#190,.T.);
#2092=EDGE_CURVE('',#1707,#1706,#1439,.T.);
#2093=EDGE_CURVE('',#1707,#1705,#191,.T.);
#2094=EDGE_CURVE('',#1708,#1698,#192,.T.);
#2095=EDGE_CURVE('',#1706,#1708,#193,.T.);
#2096=EDGE_CURVE('',#1700,#1709,#194,.T.);
#2097=EDGE_CURVE('',#1709,#1708,#1440,.F.);
#2098=EDGE_CURVE('',#1699,#1710,#195,.T.);
#2099=EDGE_CURVE('',#1710,#1678,#1441,.F.);
#2100=EDGE_CURVE('',#1678,#1700,#196,.T.);
#2101=EDGE_CURVE('',#1711,#1625,#1442,.T.);
#2102=EDGE_CURVE('',#1625,#1712,#1346,.T.);
#2103=EDGE_CURVE('',#1712,#1711,#1347,.T.);
#2104=EDGE_CURVE('',#1713,#1626,#1443,.T.);
#2105=EDGE_CURVE('',#1711,#1713,#1444,.T.);
#2106=EDGE_CURVE('',#1714,#1623,#1445,.T.);
#2107=EDGE_CURVE('',#1713,#1714,#197,.T.);
#2108=EDGE_CURVE('',#1714,#1624,#1348,.T.);
#2109=EDGE_CURVE('',#1713,#1715,#198,.T.);
#2110=EDGE_CURVE('',#1716,#1715,#199,.T.);
#2111=EDGE_CURVE('',#1714,#1716,#200,.T.);
#2112=EDGE_CURVE('',#1712,#1717,#201,.T.);
#2113=EDGE_CURVE('',#1715,#1717,#1446,.T.);
#2114=EDGE_CURVE('',#1712,#1606,#202,.T.);
#2115=EDGE_CURVE('',#1617,#1718,#1447,.T.);
#2116=EDGE_CURVE('',#1719,#1720,#1448,.F.);
#2117=EDGE_CURVE('',#1721,#1719,#1449,.F.);
#2118=EDGE_CURVE('',#1720,#1721,#1450,.F.);
#2119=EDGE_CURVE('',#1722,#1674,#1451,.F.);
#2120=EDGE_CURVE('',#1723,#1722,#1452,.F.);
#2121=EDGE_CURVE('',#1674,#1723,#1453,.F.);
#2122=EDGE_CURVE('',#1724,#1725,#1454,.F.);
#2123=EDGE_CURVE('',#1726,#1724,#1455,.F.);
#2124=EDGE_CURVE('',#1725,#1726,#1456,.F.);
#2125=EDGE_CURVE('',#1697,#1676,#1457,.T.);
#2126=EDGE_CURVE('',#1693,#1676,#1458,.T.);
#2127=EDGE_CURVE('',#1693,#1697,#1459,.T.);
#2128=EDGE_CURVE('',#1675,#1694,#1460,.T.);
#2129=EDGE_CURVE('',#1675,#1727,#1461,.T.);
#2130=EDGE_CURVE('',#1727,#1694,#1462,.T.);
#2131=EDGE_CURVE('',#1728,#1642,#1463,.F.);
#2132=EDGE_CURVE('',#1729,#1728,#1464,.F.);
#2133=EDGE_CURVE('',#1642,#1729,#1465,.F.);
#2134=EDGE_CURVE('',#1728,#1724,#203,.T.);
#2135=EDGE_CURVE('',#1725,#1729,#204,.T.);
#2136=EDGE_CURVE('',#1730,#1643,#1466,.T.);
#2137=EDGE_CURVE('',#1729,#1730,#205,.T.);
#2138=EDGE_CURVE('',#1731,#1732,#1467,.F.);
#2139=EDGE_CURVE('',#1733,#1731,#1468,.T.);
#2140=EDGE_CURVE('',#1734,#1733,#1469,.F.);
#2141=EDGE_CURVE('',#1732,#1734,#1470,.T.);
#2142=EDGE_CURVE('',#1735,#1736,#1471,.F.);
#2143=EDGE_CURVE('',#1695,#1735,#1472,.T.);
#2144=EDGE_CURVE('',#1737,#1695,#1473,.F.);
#2145=EDGE_CURVE('',#1736,#1737,#1474,.T.);
#2146=EDGE_CURVE('',#1738,#1651,#1475,.F.);
#2147=EDGE_CURVE('',#1641,#1738,#1476,.F.);
#2148=EDGE_CURVE('',#1738,#1728,#206,.T.);
#2149=EDGE_CURVE('',#1739,#1740,#1477,.F.);
#2150=EDGE_CURVE('',#1741,#1739,#1478,.F.);
#2151=EDGE_CURVE('',#1740,#1741,#1479,.F.);
#2152=EDGE_CURVE('',#1742,#1741,#207,.T.);
#2153=EDGE_CURVE('',#1739,#1743,#208,.T.);
#2154=EDGE_CURVE('',#1743,#1742,#1349,.T.);
#2155=EDGE_CURVE('',#1744,#1745,#1480,.F.);
#2156=EDGE_CURVE('',#1688,#1744,#1481,.T.);
#2157=EDGE_CURVE('',#1745,#1692,#1482,.T.);
#2158=EDGE_CURVE('',#1746,#1747,#1483,.F.);
#2159=EDGE_CURVE('',#1748,#1746,#1484,.F.);
#2160=EDGE_CURVE('',#1747,#1748,#1485,.F.);
#2161=EDGE_CURVE('',#1651,#1748,#209,.T.);
#2162=EDGE_CURVE('',#1746,#1738,#210,.T.);
#2163=EDGE_CURVE('',#1749,#1750,#1486,.F.);
#2164=EDGE_CURVE('',#1751,#1749,#1487,.T.);
#2165=EDGE_CURVE('',#1752,#1751,#1488,.F.);
#2166=EDGE_CURVE('',#1750,#1752,#1489,.T.);
#2167=EDGE_CURVE('',#1753,#1754,#1490,.F.);
#2168=EDGE_CURVE('',#1755,#1753,#1491,.T.);
#2169=EDGE_CURVE('',#1689,#1755,#1492,.F.);
#2170=EDGE_CURVE('',#1754,#1689,#1493,.T.);
#2171=EDGE_CURVE('',#1756,#1757,#1494,.F.);
#2172=EDGE_CURVE('',#1758,#1756,#1495,.T.);
#2173=EDGE_CURVE('',#1759,#1758,#1496,.F.);
#2174=EDGE_CURVE('',#1757,#1759,#1497,.T.);
#2175=EDGE_CURVE('',#1760,#1761,#1498,.F.);
#2176=EDGE_CURVE('',#1762,#1760,#1499,.T.);
#2177=EDGE_CURVE('',#1763,#1762,#1500,.F.);
#2178=EDGE_CURVE('',#1761,#1763,#1501,.T.);
#2179=EDGE_CURVE('',#1764,#1765,#1502,.F.);
#2180=EDGE_CURVE('',#1766,#1764,#1503,.F.);
#2181=EDGE_CURVE('',#1765,#1766,#1504,.F.);
#2182=EDGE_CURVE('',#1767,#1768,#1350,.T.);
#2183=EDGE_CURVE('',#1768,#1769,#211,.T.);
#2184=EDGE_CURVE('',#1769,#1770,#1505,.T.);
#2185=EDGE_CURVE('',#1770,#1767,#212,.T.);
#2186=EDGE_CURVE('',#1771,#1687,#1506,.F.);
#2187=EDGE_CURVE('',#1772,#1771,#1507,.T.);
#2188=EDGE_CURVE('',#1772,#1653,#1508,.T.);
#2189=EDGE_CURVE('',#1773,#1774,#1509,.T.);
#2190=EDGE_CURVE('',#1774,#1772,#213,.T.);
#2191=EDGE_CURVE('',#1771,#1773,#214,.T.);
#2192=EDGE_CURVE('',#1764,#1771,#215,.T.);
#2193=EDGE_CURVE('',#1687,#1766,#216,.T.);
#2194=EDGE_CURVE('',#1769,#1774,#1351,.T.);
#2195=EDGE_CURVE('',#1773,#1770,#1352,.T.);
#2196=EDGE_CURVE('',#1769,#1758,#217,.T.);
#2197=EDGE_CURVE('',#1756,#1774,#218,.T.);
#2198=EDGE_CURVE('',#1761,#1770,#219,.T.);
#2199=EDGE_CURVE('',#1773,#1760,#220,.T.);
#2200=EDGE_CURVE('',#1775,#1776,#1510,.T.);
#2201=EDGE_CURVE('',#1776,#1765,#221,.T.);
#2202=EDGE_CURVE('',#1766,#1775,#222,.T.);
#2203=EDGE_CURVE('',#1765,#1762,#223,.T.);
#2204=EDGE_CURVE('',#1760,#1764,#224,.T.);
#2205=EDGE_CURVE('',#1753,#1763,#225,.T.);
#2206=EDGE_CURVE('',#1762,#1755,#226,.T.);
#2207=EDGE_CURVE('',#1777,#1778,#1353,.T.);
#2208=EDGE_CURVE('',#1778,#1761,#227,.T.);
#2209=EDGE_CURVE('',#1763,#1777,#228,.T.);
#2210=EDGE_CURVE('',#1779,#1780,#1354,.T.);
#2211=EDGE_CURVE('',#1780,#1759,#229,.T.);
#2212=EDGE_CURVE('',#1758,#1779,#230,.T.);
#2213=EDGE_CURVE('',#1759,#1751,#231,.T.);
#2214=EDGE_CURVE('',#1749,#1757,#232,.T.);
#2215=EDGE_CURVE('',#1757,#1747,#233,.T.);
#2216=EDGE_CURVE('',#1748,#1756,#234,.T.);
#2217=EDGE_CURVE('',#1776,#1690,#1511,.T.);
#2218=EDGE_CURVE('',#1755,#1776,#235,.T.);
#2219=EDGE_CURVE('',#1744,#1754,#236,.T.);
#2220=EDGE_CURVE('',#1781,#1782,#1355,.T.);
#2221=EDGE_CURVE('',#1782,#1753,#237,.T.);
#2222=EDGE_CURVE('',#1754,#1781,#238,.T.);
#2223=EDGE_CURVE('',#1783,#1784,#1356,.T.);
#2224=EDGE_CURVE('',#1784,#1752,#239,.T.);
#2225=EDGE_CURVE('',#1751,#1783,#240,.T.);
#2226=EDGE_CURVE('',#1785,#1786,#1512,.T.);
#2227=EDGE_CURVE('',#1786,#1750,#241,.T.);
#2228=EDGE_CURVE('',#1752,#1785,#242,.T.);
#2229=EDGE_CURVE('',#1787,#1786,#1357,.T.);
#2230=EDGE_CURVE('',#1785,#1788,#1358,.T.);
#2231=EDGE_CURVE('',#1788,#1787,#1331,.T.);
#2232=EDGE_CURVE('',#1750,#1739,#243,.T.);
#2233=EDGE_CURVE('',#1740,#1749,#244,.T.);
#2234=EDGE_CURVE('',#1747,#1740,#245,.T.);
#2235=EDGE_CURVE('',#1741,#1746,#246,.T.);
#2236=EDGE_CURVE('',#1735,#1745,#247,.T.);
#2237=EDGE_CURVE('',#1789,#1790,#1359,.T.);
#2238=EDGE_CURVE('',#1790,#1744,#248,.T.);
#2239=EDGE_CURVE('',#1745,#1789,#249,.T.);
#2240=EDGE_CURVE('',#1791,#1792,#1513,.T.);
#2241=EDGE_CURVE('',#1792,#1733,#250,.T.);
#2242=EDGE_CURVE('',#1731,#1791,#251,.T.);
#2243=EDGE_CURVE('',#1788,#1792,#1360,.T.);
#2244=EDGE_CURVE('',#1791,#1787,#1361,.T.);
#2245=EDGE_CURVE('',#1727,#1737,#252,.T.);
#2246=EDGE_CURVE('',#1734,#1736,#253,.T.);
#2247=EDGE_CURVE('',#1737,#1732,#254,.T.);
#2248=EDGE_CURVE('',#1793,#1794,#1362,.T.);
#2249=EDGE_CURVE('',#1794,#1735,#255,.T.);
#2250=EDGE_CURVE('',#1736,#1793,#256,.T.);
#2251=EDGE_CURVE('',#1743,#1726,#257,.T.);
#2252=EDGE_CURVE('',#1724,#1742,#258,.T.);
#2253=EDGE_CURVE('',#1795,#1796,#1363,.T.);
#2254=EDGE_CURVE('',#1796,#1734,#259,.T.);
#2255=EDGE_CURVE('',#1733,#1795,#260,.T.);
#2256=EDGE_CURVE('',#1732,#1723,#261,.T.);
#2257=EDGE_CURVE('',#1722,#1731,#262,.T.);
#2258=EDGE_CURVE('',#1723,#1727,#263,.T.);
#2259=EDGE_CURVE('',#1696,#1668,#1514,.T.);
#2260=EDGE_CURVE('',#1719,#1725,#264,.T.);
#2261=EDGE_CURVE('',#1726,#1721,#265,.T.);
#2262=EDGE_CURVE('',#1797,#1673,#1515,.T.);
#2263=EDGE_CURVE('',#1673,#1798,#1516,.T.);
#2264=EDGE_CURVE('',#1798,#1799,#1332,.F.);
#2265=EDGE_CURVE('',#1799,#1797,#1517,.T.);
#2266=EDGE_CURVE('',#1797,#1722,#266,.T.);
#2267=EDGE_CURVE('',#1800,#1801,#1518,.T.);
#2268=EDGE_CURVE('',#1801,#1720,#267,.T.);
#2269=EDGE_CURVE('',#1721,#1800,#268,.T.);
#2270=EDGE_CURVE('',#1802,#1803,#1333,.F.);
#2271=EDGE_CURVE('',#1803,#1801,#1519,.T.);
#2272=EDGE_CURVE('',#1800,#1802,#1520,.T.);
#2273=EDGE_CURVE('',#1804,#1730,#1521,.T.);
#2274=EDGE_CURVE('',#1730,#1719,#269,.T.);
#2275=EDGE_CURVE('',#1720,#1804,#270,.T.);
#2276=EDGE_CURVE('',#1775,#1690,#1522,.T.);
#2277=EDGE_CURVE('',#1804,#1643,#1523,.T.);
#2278=EDGE_CURVE('',#1778,#1767,#271,.T.);
#2279=EDGE_CURVE('',#1782,#1777,#272,.T.);
#2280=EDGE_CURVE('',#1790,#1781,#273,.T.);
#2281=EDGE_CURVE('',#1794,#1789,#274,.T.);
#2282=EDGE_CURVE('',#1796,#1793,#275,.T.);
#2283=EDGE_CURVE('',#1805,#1795,#276,.T.);
#2284=EDGE_CURVE('',#1806,#1805,#1364,.T.);
#2285=EDGE_CURVE('',#1784,#1806,#277,.T.);
#2286=EDGE_CURVE('',#1780,#1783,#278,.T.);
#2287=EDGE_CURVE('',#1768,#1779,#279,.T.);
#2288=EDGE_CURVE('',#1807,#1808,#280,.T.);
#2289=EDGE_CURVE('',#1809,#1807,#1524,.T.);
#2290=EDGE_CURVE('',#1810,#1809,#281,.T.);
#2291=EDGE_CURVE('',#1811,#1810,#1365,.T.);
#2292=EDGE_CURVE('',#1812,#1811,#282,.T.);
#2293=EDGE_CURVE('',#1813,#1812,#1366,.T.);
#2294=EDGE_CURVE('',#1814,#1813,#283,.T.);
#2295=EDGE_CURVE('',#1808,#1814,#1367,.T.);
#2296=EDGE_CURVE('',#1775,#1683,#284,.T.);
#2297=EDGE_CURVE('',#1815,#1815,#1525,.T.);
#2298=EDGE_CURVE('',#1816,#1816,#1526,.T.);
#2299=EDGE_CURVE('',#1817,#1818,#285,.T.);
#2300=EDGE_CURVE('',#1818,#1819,#1368,.T.);
#2301=EDGE_CURVE('',#1819,#1817,#286,.T.);
#2302=EDGE_CURVE('',#1820,#1821,#287,.T.);
#2303=EDGE_CURVE('',#1821,#1822,#1369,.T.);
#2304=EDGE_CURVE('',#1822,#1820,#288,.T.);
#2305=EDGE_CURVE('',#1823,#1824,#289,.T.);
#2306=EDGE_CURVE('',#1824,#1825,#1370,.T.);
#2307=EDGE_CURVE('',#1825,#1823,#290,.T.);
#2308=EDGE_CURVE('',#1826,#1827,#291,.T.);
#2309=EDGE_CURVE('',#1827,#1828,#1371,.T.);
#2310=EDGE_CURVE('',#1828,#1826,#292,.T.);
#2311=EDGE_CURVE('',#1829,#1829,#1527,.T.);
#2312=EDGE_CURVE('',#1804,#1830,#293,.T.);
#2313=EDGE_CURVE('',#1830,#1644,#1528,.T.);
#2314=EDGE_CURVE('',#1830,#1801,#294,.T.);
#2315=EDGE_CURVE('',#1831,#1832,#1529,.T.);
#2316=EDGE_CURVE('',#1833,#1831,#295,.T.);
#2317=EDGE_CURVE('',#1834,#1833,#1530,.T.);
#2318=EDGE_CURVE('',#1835,#1834,#296,.T.);
#2319=EDGE_CURVE('',#1836,#1835,#1531,.T.);
#2320=EDGE_CURVE('',#1837,#1836,#297,.T.);
#2321=EDGE_CURVE('',#1838,#1837,#1532,.T.);
#2322=EDGE_CURVE('',#1832,#1838,#298,.T.);
#2323=EDGE_CURVE('',#1839,#1839,#1533,.T.);
#2324=EDGE_CURVE('',#1840,#1830,#1534,.F.);
#2325=EDGE_CURVE('',#1645,#1840,#1535,.T.);
#2326=EDGE_CURVE('',#1803,#1840,#299,.T.);
#2327=EDGE_CURVE('',#1840,#1677,#300,.T.);
#2328=EDGE_CURVE('',#1841,#1624,#301,.T.);
#2329=EDGE_CURVE('',#1842,#1841,#302,.T.);
#2330=EDGE_CURVE('',#1601,#1842,#303,.T.);
#2331=EDGE_CURVE('',#1603,#1843,#304,.T.);
#2332=EDGE_CURVE('',#1844,#1843,#305,.T.);
#2333=EDGE_CURVE('',#1845,#1844,#306,.T.);
#2334=EDGE_CURVE('',#1709,#1845,#307,.T.);
#2335=EDGE_CURVE('',#1846,#1846,#1536,.T.);
#2336=EDGE_CURVE('',#1847,#1847,#1537,.T.);
#2337=EDGE_CURVE('',#1848,#1848,#1538,.T.);
#2338=EDGE_CURVE('',#1849,#1849,#1539,.T.);
#2339=EDGE_CURVE('',#1677,#1798,#308,.T.);
#2340=EDGE_CURVE('',#1785,#1806,#309,.T.);
#2341=EDGE_CURVE('',#1805,#1792,#310,.T.);
#2342=EDGE_CURVE('',#1810,#1850,#311,.T.);
#2343=EDGE_CURVE('',#1850,#1851,#1540,.T.);
#2344=EDGE_CURVE('',#1851,#1811,#312,.T.);
#2345=EDGE_CURVE('',#1596,#1852,#313,.T.);
#2346=EDGE_CURVE('',#1852,#1853,#1541,.T.);
#2347=EDGE_CURVE('',#1853,#1597,#314,.T.);
#2348=EDGE_CURVE('',#1850,#1853,#1372,.T.);
#2349=EDGE_CURVE('',#1852,#1851,#1373,.T.);
#2350=EDGE_CURVE('',#1814,#1854,#315,.T.);
#2351=EDGE_CURVE('',#1854,#1855,#1542,.T.);
#2352=EDGE_CURVE('',#1855,#1808,#316,.T.);
#2353=EDGE_CURVE('',#1716,#1841,#1543,.T.);
#2354=EDGE_CURVE('',#1854,#1841,#1374,.T.);
#2355=EDGE_CURVE('',#1716,#1855,#1375,.T.);
#2356=EDGE_CURVE('',#1812,#1856,#317,.T.);
#2357=EDGE_CURVE('',#1856,#1857,#1544,.T.);
#2358=EDGE_CURVE('',#1857,#1813,#318,.T.);
#2359=EDGE_CURVE('',#1842,#1858,#1545,.T.);
#2360=EDGE_CURVE('',#1858,#1600,#319,.T.);
#2361=EDGE_CURVE('',#1856,#1858,#1376,.T.);
#2362=EDGE_CURVE('',#1842,#1857,#1377,.T.);
#2363=EDGE_CURVE('',#1856,#1851,#320,.T.);
#2364=EDGE_CURVE('',#1852,#1858,#321,.T.);
#2365=EDGE_CURVE('',#1854,#1857,#322,.T.);
#2366=EDGE_CURVE('',#1715,#1859,#1546,.T.);
#2367=EDGE_CURVE('',#1859,#1855,#323,.T.);
#2368=EDGE_CURVE('',#1717,#1860,#1547,.T.);
#2369=EDGE_CURVE('',#1860,#1859,#1548,.T.);
#2370=EDGE_CURVE('',#1717,#1853,#324,.T.);
#2371=EDGE_CURVE('',#1850,#1860,#325,.T.);
#2372=EDGE_CURVE('',#1860,#1809,#326,.T.);
#2373=EDGE_CURVE('',#1859,#1807,#327,.T.);
#2374=EDGE_CURVE('',#1845,#1833,#1549,.T.);
#2375=EDGE_CURVE('',#1861,#1845,#1550,.F.);
#2376=EDGE_CURVE('',#1834,#1861,#1551,.T.);
#2377=EDGE_CURVE('',#1862,#1835,#1552,.T.);
#2378=EDGE_CURVE('',#1863,#1862,#1553,.F.);
#2379=EDGE_CURVE('',#1836,#1863,#1554,.T.);
#2380=EDGE_CURVE('',#1861,#1862,#328,.T.);
#2381=EDGE_CURVE('',#1864,#1865,#1378,.T.);
#2382=EDGE_CURVE('',#1865,#1863,#329,.T.);
#2383=EDGE_CURVE('',#1862,#1864,#330,.T.);
#2384=EDGE_CURVE('',#1831,#1709,#1555,.T.);
#2385=EDGE_CURVE('',#1708,#1832,#1556,.T.);
#2386=EDGE_CURVE('',#1707,#1837,#1557,.T.);
#2387=EDGE_CURVE('',#1863,#1707,#331,.T.);
#2388=EDGE_CURVE('',#1706,#1838,#1558,.T.);
#2389=EDGE_CURVE('',#1866,#1650,#1559,.T.);
#2390=EDGE_CURVE('',#1640,#1866,#1379,.F.);
#2391=EDGE_CURVE('',#1649,#1710,#1560,.T.);
#2392=EDGE_CURVE('',#1710,#1866,#332,.T.);
#2393=EDGE_CURVE('',#1705,#1640,#333,.T.);
#2394=EDGE_CURVE('',#1866,#1704,#334,.T.);
#2395=EDGE_CURVE('',#1867,#1861,#335,.T.);
#2396=EDGE_CURVE('',#1844,#1867,#1380,.T.);
#2397=EDGE_CURVE('',#1868,#1843,#1381,.T.);
#2398=EDGE_CURVE('',#1868,#1867,#336,.T.);
#2399=EDGE_CURVE('',#1864,#1867,#337,.T.);
#2400=EDGE_CURVE('',#1868,#1865,#338,.F.);
#2401=EDGE_CURVE('',#1869,#1870,#1561,.T.);
#2402=EDGE_CURVE('',#1870,#1871,#1562,.T.);
#2403=EDGE_CURVE('',#1871,#1872,#1382,.T.);
#2404=EDGE_CURVE('',#1872,#1873,#339,.T.);
#2405=EDGE_CURVE('',#1873,#1874,#340,.T.);
#2406=EDGE_CURVE('',#1874,#1869,#1383,.T.);
#2407=EDGE_CURVE('',#1875,#1876,#341,.T.);
#2408=EDGE_CURVE('',#1876,#1877,#342,.T.);
#2409=EDGE_CURVE('',#1877,#1875,#1384,.T.);
#2410=EDGE_CURVE('',#1878,#1879,#343,.T.);
#2411=EDGE_CURVE('',#1879,#1880,#344,.T.);
#2412=EDGE_CURVE('',#1880,#1878,#1385,.T.);
#2413=EDGE_CURVE('',#1881,#1882,#345,.T.);
#2414=EDGE_CURVE('',#1882,#1883,#346,.T.);
#2415=EDGE_CURVE('',#1883,#1881,#1386,.T.);
#2416=EDGE_CURVE('',#1884,#1884,#1563,.T.);
#2417=EDGE_CURVE('',#1885,#1886,#347,.T.);
#2418=EDGE_CURVE('',#1885,#1887,#348,.T.);
#2419=EDGE_CURVE('',#1888,#1887,#349,.T.);
#2420=EDGE_CURVE('',#1888,#1886,#350,.T.);
#2421=EDGE_CURVE('',#1886,#1889,#351,.T.);
#2422=EDGE_CURVE('',#1890,#1888,#352,.T.);
#2423=EDGE_CURVE('',#1889,#1890,#353,.T.);
#2424=EDGE_CURVE('',#1891,#1892,#354,.T.);
#2425=EDGE_CURVE('',#1891,#1893,#355,.T.);
#2426=EDGE_CURVE('',#1894,#1893,#356,.T.);
#2427=EDGE_CURVE('',#1894,#1892,#357,.T.);
#2428=EDGE_CURVE('',#1892,#1895,#358,.T.);
#2429=EDGE_CURVE('',#1896,#1894,#359,.T.);
#2430=EDGE_CURVE('',#1895,#1896,#360,.T.);
#2431=EDGE_CURVE('',#1897,#1898,#361,.T.);
#2432=EDGE_CURVE('',#1897,#1899,#362,.T.);
#2433=EDGE_CURVE('',#1900,#1899,#363,.T.);
#2434=EDGE_CURVE('',#1900,#1898,#364,.T.);
#2435=EDGE_CURVE('',#1898,#1901,#365,.T.);
#2436=EDGE_CURVE('',#1902,#1900,#366,.T.);
#2437=EDGE_CURVE('',#1901,#1902,#367,.T.);
#2438=EDGE_CURVE('',#1903,#1904,#368,.T.);
#2439=EDGE_CURVE('',#1903,#1905,#369,.T.);
#2440=EDGE_CURVE('',#1906,#1905,#370,.T.);
#2441=EDGE_CURVE('',#1906,#1904,#371,.T.);
#2442=EDGE_CURVE('',#1904,#1907,#372,.T.);
#2443=EDGE_CURVE('',#1908,#1906,#373,.T.);
#2444=EDGE_CURVE('',#1907,#1908,#374,.T.);
#2445=EDGE_CURVE('',#1885,#1889,#1564,.T.);
#2446=EDGE_CURVE('',#1890,#1887,#1565,.T.);
#2447=EDGE_CURVE('',#1909,#1909,#1566,.T.);
#2448=EDGE_CURVE('',#1891,#1895,#1567,.T.);
#2449=EDGE_CURVE('',#1896,#1893,#1568,.T.);
#2450=EDGE_CURVE('',#1910,#1910,#1569,.T.);
#2451=EDGE_CURVE('',#1897,#1901,#1570,.T.);
#2452=EDGE_CURVE('',#1902,#1899,#1571,.T.);
#2453=EDGE_CURVE('',#1911,#1911,#1572,.T.);
#2454=EDGE_CURVE('',#1903,#1907,#1573,.T.);
#2455=EDGE_CURVE('',#1908,#1905,#1574,.T.);
#2456=EDGE_CURVE('',#1912,#1912,#1575,.T.);
#2457=EDGE_CURVE('',#1913,#1914,#1576,.T.);
#2458=EDGE_CURVE('',#1914,#1913,#1577,.T.);
#2459=EDGE_CURVE('',#1914,#1815,#1578,.T.);
#2460=EDGE_CURVE('',#1915,#1915,#1579,.T.);
#2461=EDGE_CURVE('',#1915,#1913,#1580,.T.);
#2462=EDGE_CURVE('',#1916,#1916,#1581,.T.);
#2463=EDGE_CURVE('',#1917,#1918,#1582,.T.);
#2464=EDGE_CURVE('',#1918,#1917,#1583,.T.);
#2465=EDGE_CURVE('',#1918,#1829,#1584,.T.);
#2466=EDGE_CURVE('',#1919,#1919,#1585,.T.);
#2467=EDGE_CURVE('',#1919,#1917,#1586,.T.);
#2468=EDGE_CURVE('',#1920,#1920,#1587,.T.);
#2469=EDGE_CURVE('',#1921,#1922,#1588,.T.);
#2470=EDGE_CURVE('',#1922,#1921,#1589,.T.);
#2471=EDGE_CURVE('',#1922,#1816,#1590,.T.);
#2472=EDGE_CURVE('',#1923,#1923,#1591,.T.);
#2473=EDGE_CURVE('',#1923,#1921,#1592,.T.);
#2474=EDGE_CURVE('',#1924,#1924,#1593,.T.);
#2475=EDGE_CURVE('',#1691,#1839,#375,.T.);
#2476=EDGE_CURVE('',#1920,#1884,#376,.T.);
#2477=EDGE_CURVE('',#1916,#1870,#377,.T.);
#2478=EDGE_CURVE('',#1871,#1869,#1334,.T.);
#2479=EDGE_CURVE('',#1924,#1925,#378,.T.);
#2480=EDGE_CURVE('',#1925,#1925,#1594,.T.);
#2481=EDGE_CURVE('',#1846,#1909,#379,.T.);
#2482=EDGE_CURVE('',#1847,#1911,#380,.T.);
#2483=EDGE_CURVE('',#1848,#1910,#381,.T.);
#2484=EDGE_CURVE('',#1849,#1912,#382,.T.);
#2485=EDGE_CURVE('',#1883,#1819,#383,.T.);
#2486=EDGE_CURVE('',#1882,#1817,#384,.T.);
#2487=EDGE_CURVE('',#1881,#1818,#385,.T.);
#2488=EDGE_CURVE('',#1880,#1822,#386,.T.);
#2489=EDGE_CURVE('',#1879,#1820,#387,.T.);
#2490=EDGE_CURVE('',#1878,#1821,#388,.T.);
#2491=EDGE_CURVE('',#1877,#1825,#389,.T.);
#2492=EDGE_CURVE('',#1876,#1823,#390,.T.);
#2493=EDGE_CURVE('',#1875,#1824,#391,.T.);
#2494=EDGE_CURVE('',#1874,#1828,#392,.T.);
#2495=EDGE_CURVE('',#1873,#1826,#393,.T.);
#2496=EDGE_CURVE('',#1872,#1827,#394,.T.);
#2497=EDGE_CURVE('',#1787,#1799,#395,.T.);
#2498=EDGE_CURVE('',#1802,#1743,#396,.T.);
#2499=ORIENTED_EDGE('',*,*,#1926,.T.);
#2500=ORIENTED_EDGE('',*,*,#1927,.T.);
#2501=ORIENTED_EDGE('',*,*,#1928,.T.);
#2502=ORIENTED_EDGE('',*,*,#1929,.T.);
#2503=ORIENTED_EDGE('',*,*,#1930,.T.);
#2504=ORIENTED_EDGE('',*,*,#1931,.T.);
#2505=ORIENTED_EDGE('',*,*,#1926,.F.);
#2506=ORIENTED_EDGE('',*,*,#1932,.T.);
#2507=ORIENTED_EDGE('',*,*,#1930,.F.);
#2508=ORIENTED_EDGE('',*,*,#1933,.T.);
#2509=ORIENTED_EDGE('',*,*,#1934,.T.);
#2510=ORIENTED_EDGE('',*,*,#1933,.F.);
#2511=ORIENTED_EDGE('',*,*,#1935,.T.);
#2512=ORIENTED_EDGE('',*,*,#1936,.F.);
#2513=ORIENTED_EDGE('',*,*,#1937,.T.);
#2514=ORIENTED_EDGE('',*,*,#1932,.F.);
#2515=ORIENTED_EDGE('',*,*,#1929,.F.);
#2516=ORIENTED_EDGE('',*,*,#1938,.T.);
#2517=ORIENTED_EDGE('',*,*,#1935,.F.);
#2518=ORIENTED_EDGE('',*,*,#1939,.T.);
#2519=ORIENTED_EDGE('',*,*,#1940,.T.);
#2520=ORIENTED_EDGE('',*,*,#1941,.T.);
#2521=ORIENTED_EDGE('',*,*,#1942,.T.);
#2522=ORIENTED_EDGE('',*,*,#1943,.T.);
#2523=ORIENTED_EDGE('',*,*,#1944,.T.);
#2524=ORIENTED_EDGE('',*,*,#1945,.T.);
#2525=ORIENTED_EDGE('',*,*,#1942,.F.);
#2526=ORIENTED_EDGE('',*,*,#1946,.T.);
#2527=ORIENTED_EDGE('',*,*,#1947,.T.);
#2528=ORIENTED_EDGE('',*,*,#1948,.T.);
#2529=ORIENTED_EDGE('',*,*,#1947,.F.);
#2530=ORIENTED_EDGE('',*,*,#1949,.T.);
#2531=ORIENTED_EDGE('',*,*,#1950,.T.);
#2532=ORIENTED_EDGE('',*,*,#1951,.T.);
#2533=ORIENTED_EDGE('',*,*,#1952,.T.);
#2534=ORIENTED_EDGE('',*,*,#1953,.T.);
#2535=ORIENTED_EDGE('',*,*,#1950,.F.);
#2536=ORIENTED_EDGE('',*,*,#1954,.T.);
#2537=ORIENTED_EDGE('',*,*,#1944,.F.);
#2538=ORIENTED_EDGE('',*,*,#1955,.T.);
#2539=ORIENTED_EDGE('',*,*,#1939,.F.);
#2540=ORIENTED_EDGE('',*,*,#1956,.T.);
#2541=ORIENTED_EDGE('',*,*,#1957,.T.);
#2542=ORIENTED_EDGE('',*,*,#1958,.T.);
#2543=ORIENTED_EDGE('',*,*,#1959,.T.);
#2544=ORIENTED_EDGE('',*,*,#1952,.F.);
#2545=ORIENTED_EDGE('',*,*,#1960,.T.);
#2546=ORIENTED_EDGE('',*,*,#1953,.F.);
#2547=ORIENTED_EDGE('',*,*,#1959,.F.);
#2548=ORIENTED_EDGE('',*,*,#1961,.T.);
#2549=ORIENTED_EDGE('',*,*,#1962,.T.);
#2550=ORIENTED_EDGE('',*,*,#1963,.T.);
#2551=ORIENTED_EDGE('',*,*,#1960,.F.);
#2552=ORIENTED_EDGE('',*,*,#1964,.T.);
#2553=ORIENTED_EDGE('',*,*,#1965,.T.);
#2554=ORIENTED_EDGE('',*,*,#1966,.F.);
#2555=ORIENTED_EDGE('',*,*,#1967,.F.);
#2556=ORIENTED_EDGE('',*,*,#1954,.F.);
#2557=ORIENTED_EDGE('',*,*,#1949,.F.);
#2558=ORIENTED_EDGE('',*,*,#1968,.T.);
#2559=ORIENTED_EDGE('',*,*,#1964,.F.);
#2560=ORIENTED_EDGE('',*,*,#1946,.F.);
#2561=ORIENTED_EDGE('',*,*,#1969,.F.);
#2562=ORIENTED_EDGE('',*,*,#1970,.F.);
#2563=ORIENTED_EDGE('',*,*,#1971,.F.);
#2564=ORIENTED_EDGE('',*,*,#1965,.F.);
#2565=ORIENTED_EDGE('',*,*,#1968,.F.);
#2566=ORIENTED_EDGE('',*,*,#1940,.F.);
#2567=ORIENTED_EDGE('',*,*,#1972,.T.);
#2568=ORIENTED_EDGE('',*,*,#1973,.T.);
#2569=ORIENTED_EDGE('',*,*,#1955,.F.);
#2570=ORIENTED_EDGE('',*,*,#1974,.T.);
#2571=ORIENTED_EDGE('',*,*,#1975,.T.);
#2572=ORIENTED_EDGE('',*,*,#1976,.T.);
#2573=ORIENTED_EDGE('',*,*,#1972,.F.);
#2574=ORIENTED_EDGE('',*,*,#1977,.T.);
#2575=ORIENTED_EDGE('',*,*,#1978,.T.);
#2576=ORIENTED_EDGE('',*,*,#1979,.T.);
#2577=ORIENTED_EDGE('',*,*,#1980,.T.);
#2578=ORIENTED_EDGE('',*,*,#1981,.T.);
#2579=ORIENTED_EDGE('',*,*,#1982,.T.);
#2580=ORIENTED_EDGE('',*,*,#1979,.F.);
#2581=ORIENTED_EDGE('',*,*,#1983,.T.);
#2582=ORIENTED_EDGE('',*,*,#1981,.F.);
#2583=ORIENTED_EDGE('',*,*,#1984,.T.);
#2584=ORIENTED_EDGE('',*,*,#1985,.T.);
#2585=ORIENTED_EDGE('',*,*,#1977,.F.);
#2586=ORIENTED_EDGE('',*,*,#1986,.T.);
#2587=ORIENTED_EDGE('',*,*,#1987,.T.);
#2588=ORIENTED_EDGE('',*,*,#1988,.T.);
#2589=ORIENTED_EDGE('',*,*,#1987,.F.);
#2590=ORIENTED_EDGE('',*,*,#1989,.T.);
#2591=ORIENTED_EDGE('',*,*,#1975,.F.);
#2592=ORIENTED_EDGE('',*,*,#1990,.T.);
#2593=ORIENTED_EDGE('',*,*,#1976,.F.);
#2594=ORIENTED_EDGE('',*,*,#1991,.T.);
#2595=ORIENTED_EDGE('',*,*,#1992,.T.);
#2596=ORIENTED_EDGE('',*,*,#1993,.T.);
#2597=ORIENTED_EDGE('',*,*,#1989,.F.);
#2598=ORIENTED_EDGE('',*,*,#1986,.F.);
#2599=ORIENTED_EDGE('',*,*,#1980,.F.);
#2600=ORIENTED_EDGE('',*,*,#1994,.F.);
#2601=ORIENTED_EDGE('',*,*,#1995,.F.);
#2602=ORIENTED_EDGE('',*,*,#1996,.F.);
#2603=ORIENTED_EDGE('',*,*,#1997,.F.);
#2604=ORIENTED_EDGE('',*,*,#1998,.F.);
#2605=ORIENTED_EDGE('',*,*,#1999,.F.);
#2606=ORIENTED_EDGE('',*,*,#2000,.F.);
#2607=ORIENTED_EDGE('',*,*,#2001,.F.);
#2608=ORIENTED_EDGE('',*,*,#2002,.F.);
#2609=ORIENTED_EDGE('',*,*,#2003,.F.);
#2610=ORIENTED_EDGE('',*,*,#2004,.F.);
#2611=ORIENTED_EDGE('',*,*,#2005,.F.);
#2612=ORIENTED_EDGE('',*,*,#1991,.F.);
#2613=ORIENTED_EDGE('',*,*,#1982,.F.);
#2614=ORIENTED_EDGE('',*,*,#1985,.F.);
#2615=ORIENTED_EDGE('',*,*,#2006,.T.);
#2616=ORIENTED_EDGE('',*,*,#2007,.T.);
#2617=ORIENTED_EDGE('',*,*,#1994,.T.);
#2618=ORIENTED_EDGE('',*,*,#1984,.F.);
#2619=ORIENTED_EDGE('',*,*,#2008,.T.);
#2620=ORIENTED_EDGE('',*,*,#2009,.T.);
#2621=ORIENTED_EDGE('',*,*,#2010,.T.);
#2622=ORIENTED_EDGE('',*,*,#1983,.F.);
#2623=ORIENTED_EDGE('',*,*,#1978,.F.);
#2624=ORIENTED_EDGE('',*,*,#2011,.F.);
#2625=ORIENTED_EDGE('',*,*,#2012,.F.);
#2626=ORIENTED_EDGE('',*,*,#2013,.F.);
#2627=ORIENTED_EDGE('',*,*,#2014,.F.);
#2628=ORIENTED_EDGE('',*,*,#2015,.F.);
#2629=ORIENTED_EDGE('',*,*,#2016,.F.);
#2630=ORIENTED_EDGE('',*,*,#2008,.F.);
#2631=ORIENTED_EDGE('',*,*,#2017,.T.);
#2632=ORIENTED_EDGE('',*,*,#2018,.T.);
#2633=ORIENTED_EDGE('',*,*,#2019,.T.);
#2634=ORIENTED_EDGE('',*,*,#2020,.T.);
#2635=ORIENTED_EDGE('',*,*,#1988,.F.);
#2636=ORIENTED_EDGE('',*,*,#2021,.T.);
#2637=ORIENTED_EDGE('',*,*,#2017,.F.);
#2638=ORIENTED_EDGE('',*,*,#2022,.F.);
#2639=ORIENTED_EDGE('',*,*,#2011,.T.);
#2640=ORIENTED_EDGE('',*,*,#2020,.F.);
#2641=ORIENTED_EDGE('',*,*,#2023,.T.);
#2642=ORIENTED_EDGE('',*,*,#2024,.F.);
#2643=ORIENTED_EDGE('',*,*,#2012,.T.);
#2644=ORIENTED_EDGE('',*,*,#2022,.T.);
#2645=ORIENTED_EDGE('',*,*,#2025,.T.);
#2646=ORIENTED_EDGE('',*,*,#2026,.T.);
#2647=ORIENTED_EDGE('',*,*,#1962,.F.);
#2648=ORIENTED_EDGE('',*,*,#2001,.T.);
#2649=ORIENTED_EDGE('',*,*,#2027,.T.);
#2650=ORIENTED_EDGE('',*,*,#2028,.T.);
#2651=ORIENTED_EDGE('',*,*,#2025,.F.);
#2652=ORIENTED_EDGE('',*,*,#2029,.T.);
#2653=ORIENTED_EDGE('',*,*,#2030,.T.);
#2654=ORIENTED_EDGE('',*,*,#2031,.T.);
#2655=ORIENTED_EDGE('',*,*,#2027,.F.);
#2656=ORIENTED_EDGE('',*,*,#2032,.T.);
#2657=ORIENTED_EDGE('',*,*,#2033,.F.);
#2658=ORIENTED_EDGE('',*,*,#2034,.T.);
#2659=ORIENTED_EDGE('',*,*,#2030,.F.);
#2660=ORIENTED_EDGE('',*,*,#2035,.T.);
#2661=ORIENTED_EDGE('',*,*,#2036,.T.);
#2662=ORIENTED_EDGE('',*,*,#2033,.T.);
#2663=ORIENTED_EDGE('',*,*,#2037,.T.);
#2664=ORIENTED_EDGE('',*,*,#2038,.F.);
#2665=ORIENTED_EDGE('',*,*,#2039,.F.);
#2666=ORIENTED_EDGE('',*,*,#2040,.F.);
#2667=ORIENTED_EDGE('',*,*,#2041,.F.);
#2668=ORIENTED_EDGE('',*,*,#2042,.F.);
#2669=ORIENTED_EDGE('',*,*,#2035,.F.);
#2670=ORIENTED_EDGE('',*,*,#2032,.F.);
#2671=ORIENTED_EDGE('',*,*,#2029,.F.);
#2672=ORIENTED_EDGE('',*,*,#2000,.T.);
#2673=ORIENTED_EDGE('',*,*,#2043,.F.);
#2674=ORIENTED_EDGE('',*,*,#2036,.F.);
#2675=ORIENTED_EDGE('',*,*,#2044,.F.);
#2676=ORIENTED_EDGE('',*,*,#2045,.T.);
#2677=ORIENTED_EDGE('',*,*,#2037,.F.);
#2678=ORIENTED_EDGE('',*,*,#1961,.F.);
#2679=ORIENTED_EDGE('',*,*,#1958,.F.);
#2680=ORIENTED_EDGE('',*,*,#2046,.T.);
#2681=ORIENTED_EDGE('',*,*,#2047,.T.);
#2682=ORIENTED_EDGE('',*,*,#2002,.T.);
#2683=ORIENTED_EDGE('',*,*,#2048,.T.);
#2684=ORIENTED_EDGE('',*,*,#2049,.F.);
#2685=ORIENTED_EDGE('',*,*,#2050,.F.);
#2686=ORIENTED_EDGE('',*,*,#2049,.T.);
#2687=ORIENTED_EDGE('',*,*,#2013,.T.);
#2688=ORIENTED_EDGE('',*,*,#2051,.T.);
#2689=ORIENTED_EDGE('',*,*,#2052,.T.);
#2690=ORIENTED_EDGE('',*,*,#2024,.T.);
#2691=ORIENTED_EDGE('',*,*,#2053,.T.);
#2692=ORIENTED_EDGE('',*,*,#2051,.F.);
#2693=ORIENTED_EDGE('',*,*,#2050,.T.);
#2694=ORIENTED_EDGE('',*,*,#2054,.T.);
#2695=ORIENTED_EDGE('',*,*,#2055,.T.);
#2696=ORIENTED_EDGE('',*,*,#2056,.F.);
#2697=ORIENTED_EDGE('',*,*,#2057,.T.);
#2698=ORIENTED_EDGE('',*,*,#2058,.T.);
#2699=ORIENTED_EDGE('',*,*,#2009,.F.);
#2700=ORIENTED_EDGE('',*,*,#2016,.T.);
#2701=ORIENTED_EDGE('',*,*,#2048,.F.);
#2702=ORIENTED_EDGE('',*,*,#2059,.T.);
#2703=ORIENTED_EDGE('',*,*,#2060,.T.);
#2704=ORIENTED_EDGE('',*,*,#2014,.T.);
#2705=ORIENTED_EDGE('',*,*,#2060,.F.);
#2706=ORIENTED_EDGE('',*,*,#2061,.T.);
#2707=ORIENTED_EDGE('',*,*,#2057,.F.);
#2708=ORIENTED_EDGE('',*,*,#2015,.T.);
#2709=ORIENTED_EDGE('',*,*,#2061,.F.);
#2710=ORIENTED_EDGE('',*,*,#2062,.T.);
#2711=ORIENTED_EDGE('',*,*,#2063,.T.);
#2712=ORIENTED_EDGE('',*,*,#2064,.T.);
#2713=ORIENTED_EDGE('',*,*,#2059,.F.);
#2714=ORIENTED_EDGE('',*,*,#2056,.T.);
#2715=ORIENTED_EDGE('',*,*,#2065,.T.);
#2716=ORIENTED_EDGE('',*,*,#2062,.F.);
#2717=ORIENTED_EDGE('',*,*,#2054,.F.);
#2718=ORIENTED_EDGE('',*,*,#2052,.F.);
#2719=ORIENTED_EDGE('',*,*,#2066,.F.);
#2720=ORIENTED_EDGE('',*,*,#2067,.F.);
#2721=ORIENTED_EDGE('',*,*,#2068,.F.);
#2722=ORIENTED_EDGE('',*,*,#2069,.F.);
#2723=ORIENTED_EDGE('',*,*,#2070,.T.);
#2724=ORIENTED_EDGE('',*,*,#2053,.F.);
#2725=ORIENTED_EDGE('',*,*,#2071,.T.);
#2726=ORIENTED_EDGE('',*,*,#2072,.T.);
#2727=ORIENTED_EDGE('',*,*,#2066,.T.);
#2728=ORIENTED_EDGE('',*,*,#2019,.F.);
#2729=ORIENTED_EDGE('',*,*,#2073,.F.);
#2730=ORIENTED_EDGE('',*,*,#2074,.F.);
#2731=ORIENTED_EDGE('',*,*,#2075,.F.);
#2732=ORIENTED_EDGE('',*,*,#2076,.F.);
#2733=ORIENTED_EDGE('',*,*,#2071,.F.);
#2734=ORIENTED_EDGE('',*,*,#2023,.F.);
#2735=ORIENTED_EDGE('',*,*,#1951,.F.);
#2736=ORIENTED_EDGE('',*,*,#1963,.F.);
#2737=ORIENTED_EDGE('',*,*,#2026,.F.);
#2738=ORIENTED_EDGE('',*,*,#2028,.F.);
#2739=ORIENTED_EDGE('',*,*,#2077,.F.);
#2740=ORIENTED_EDGE('',*,*,#2078,.F.);
#2741=ORIENTED_EDGE('',*,*,#2079,.F.);
#2742=ORIENTED_EDGE('',*,*,#2018,.F.);
#2743=ORIENTED_EDGE('',*,*,#2021,.F.);
#2744=ORIENTED_EDGE('',*,*,#1990,.F.);
#2745=ORIENTED_EDGE('',*,*,#1974,.F.);
#2746=ORIENTED_EDGE('',*,*,#1943,.F.);
#2747=ORIENTED_EDGE('',*,*,#1948,.F.);
#2748=ORIENTED_EDGE('',*,*,#2080,.T.);
#2749=ORIENTED_EDGE('',*,*,#2081,.T.);
#2750=ORIENTED_EDGE('',*,*,#2082,.T.);
#2751=ORIENTED_EDGE('',*,*,#2083,.T.);
#2752=ORIENTED_EDGE('',*,*,#2084,.T.);
#2753=ORIENTED_EDGE('',*,*,#2080,.F.);
#2754=ORIENTED_EDGE('',*,*,#2085,.T.);
#2755=ORIENTED_EDGE('',*,*,#2086,.T.);
#2756=ORIENTED_EDGE('',*,*,#2087,.T.);
#2757=ORIENTED_EDGE('',*,*,#2083,.F.);
#2758=ORIENTED_EDGE('',*,*,#2088,.T.);
#2759=ORIENTED_EDGE('',*,*,#2089,.T.);
#2760=ORIENTED_EDGE('',*,*,#2090,.T.);
#2761=ORIENTED_EDGE('',*,*,#2086,.F.);
#2762=ORIENTED_EDGE('',*,*,#2089,.F.);
#2763=ORIENTED_EDGE('',*,*,#2088,.F.);
#2764=ORIENTED_EDGE('',*,*,#2091,.F.);
#2765=ORIENTED_EDGE('',*,*,#2092,.F.);
#2766=ORIENTED_EDGE('',*,*,#2093,.T.);
#2767=ORIENTED_EDGE('',*,*,#2085,.F.);
#2768=ORIENTED_EDGE('',*,*,#2094,.F.);
#2769=ORIENTED_EDGE('',*,*,#2095,.F.);
#2770=ORIENTED_EDGE('',*,*,#2091,.T.);
#2771=ORIENTED_EDGE('',*,*,#2082,.F.);
#2772=ORIENTED_EDGE('',*,*,#2096,.T.);
#2773=ORIENTED_EDGE('',*,*,#2097,.T.);
#2774=ORIENTED_EDGE('',*,*,#2094,.T.);
#2775=ORIENTED_EDGE('',*,*,#2081,.F.);
#2776=ORIENTED_EDGE('',*,*,#2098,.T.);
#2777=ORIENTED_EDGE('',*,*,#2099,.T.);
#2778=ORIENTED_EDGE('',*,*,#2100,.T.);
#2779=ORIENTED_EDGE('',*,*,#2101,.T.);
#2780=ORIENTED_EDGE('',*,*,#2102,.T.);
#2781=ORIENTED_EDGE('',*,*,#2103,.T.);
#2782=ORIENTED_EDGE('',*,*,#2104,.T.);
#2783=ORIENTED_EDGE('',*,*,#1970,.T.);
#2784=ORIENTED_EDGE('',*,*,#2101,.F.);
#2785=ORIENTED_EDGE('',*,*,#2105,.T.);
#2786=ORIENTED_EDGE('',*,*,#2106,.T.);
#2787=ORIENTED_EDGE('',*,*,#1971,.T.);
#2788=ORIENTED_EDGE('',*,*,#2104,.F.);
#2789=ORIENTED_EDGE('',*,*,#2107,.T.);
#2790=ORIENTED_EDGE('',*,*,#2106,.F.);
#2791=ORIENTED_EDGE('',*,*,#2108,.T.);
#2792=ORIENTED_EDGE('',*,*,#1966,.T.);
#2793=ORIENTED_EDGE('',*,*,#2107,.F.);
#2794=ORIENTED_EDGE('',*,*,#2109,.T.);
#2795=ORIENTED_EDGE('',*,*,#2110,.F.);
#2796=ORIENTED_EDGE('',*,*,#2111,.F.);
#2797=ORIENTED_EDGE('',*,*,#2105,.F.);
#2798=ORIENTED_EDGE('',*,*,#2103,.F.);
#2799=ORIENTED_EDGE('',*,*,#2112,.T.);
#2800=ORIENTED_EDGE('',*,*,#2113,.F.);
#2801=ORIENTED_EDGE('',*,*,#2109,.F.);
#2802=ORIENTED_EDGE('',*,*,#1941,.F.);
#2803=ORIENTED_EDGE('',*,*,#2114,.F.);
#2804=ORIENTED_EDGE('',*,*,#2102,.F.);
#2805=ORIENTED_EDGE('',*,*,#1969,.T.);
#2806=ORIENTED_EDGE('',*,*,#1945,.F.);
#2807=ORIENTED_EDGE('',*,*,#1957,.F.);
#2808=ORIENTED_EDGE('',*,*,#2115,.T.);
#2809=ORIENTED_EDGE('',*,*,#2115,.F.);
#2810=ORIENTED_EDGE('',*,*,#1956,.F.);
#2811=ORIENTED_EDGE('',*,*,#2116,.F.);
#2812=ORIENTED_EDGE('',*,*,#2117,.F.);
#2813=ORIENTED_EDGE('',*,*,#2118,.F.);
#2814=ORIENTED_EDGE('',*,*,#2119,.F.);
#2815=ORIENTED_EDGE('',*,*,#2120,.F.);
#2816=ORIENTED_EDGE('',*,*,#2121,.F.);
#2817=ORIENTED_EDGE('',*,*,#2122,.F.);
#2818=ORIENTED_EDGE('',*,*,#2123,.F.);
#2819=ORIENTED_EDGE('',*,*,#2124,.F.);
#2820=ORIENTED_EDGE('',*,*,#2125,.T.);
#2821=ORIENTED_EDGE('',*,*,#2126,.F.);
#2822=ORIENTED_EDGE('',*,*,#2127,.T.);
#2823=ORIENTED_EDGE('',*,*,#2128,.F.);
#2824=ORIENTED_EDGE('',*,*,#2129,.T.);
#2825=ORIENTED_EDGE('',*,*,#2130,.T.);
#2826=ORIENTED_EDGE('',*,*,#2126,.T.);
#2827=ORIENTED_EDGE('',*,*,#2041,.T.);
#2828=ORIENTED_EDGE('',*,*,#2128,.T.);
#2829=ORIENTED_EDGE('',*,*,#2074,.T.);
#2830=ORIENTED_EDGE('',*,*,#2131,.F.);
#2831=ORIENTED_EDGE('',*,*,#2132,.F.);
#2832=ORIENTED_EDGE('',*,*,#2133,.F.);
#2833=ORIENTED_EDGE('',*,*,#2132,.T.);
#2834=ORIENTED_EDGE('',*,*,#2134,.T.);
#2835=ORIENTED_EDGE('',*,*,#2122,.T.);
#2836=ORIENTED_EDGE('',*,*,#2135,.T.);
#2837=ORIENTED_EDGE('',*,*,#2136,.T.);
#2838=ORIENTED_EDGE('',*,*,#1996,.T.);
#2839=ORIENTED_EDGE('',*,*,#2133,.T.);
#2840=ORIENTED_EDGE('',*,*,#2137,.T.);
#2841=ORIENTED_EDGE('',*,*,#2138,.F.);
#2842=ORIENTED_EDGE('',*,*,#2139,.F.);
#2843=ORIENTED_EDGE('',*,*,#2140,.F.);
#2844=ORIENTED_EDGE('',*,*,#2141,.F.);
#2845=ORIENTED_EDGE('',*,*,#2142,.F.);
#2846=ORIENTED_EDGE('',*,*,#2143,.F.);
#2847=ORIENTED_EDGE('',*,*,#2144,.F.);
#2848=ORIENTED_EDGE('',*,*,#2145,.F.);
#2849=ORIENTED_EDGE('',*,*,#2146,.F.);
#2850=ORIENTED_EDGE('',*,*,#2147,.F.);
#2851=ORIENTED_EDGE('',*,*,#2007,.F.);
#2852=ORIENTED_EDGE('',*,*,#2147,.T.);
#2853=ORIENTED_EDGE('',*,*,#2148,.T.);
#2854=ORIENTED_EDGE('',*,*,#2131,.T.);
#2855=ORIENTED_EDGE('',*,*,#1995,.T.);
#2856=ORIENTED_EDGE('',*,*,#2149,.F.);
#2857=ORIENTED_EDGE('',*,*,#2150,.F.);
#2858=ORIENTED_EDGE('',*,*,#2151,.F.);
#2859=ORIENTED_EDGE('',*,*,#2152,.T.);
#2860=ORIENTED_EDGE('',*,*,#2150,.T.);
#2861=ORIENTED_EDGE('',*,*,#2153,.T.);
#2862=ORIENTED_EDGE('',*,*,#2154,.T.);
#2863=ORIENTED_EDGE('',*,*,#2155,.F.);
#2864=ORIENTED_EDGE('',*,*,#2156,.F.);
#2865=ORIENTED_EDGE('',*,*,#2072,.F.);
#2866=ORIENTED_EDGE('',*,*,#2157,.F.);
#2867=ORIENTED_EDGE('',*,*,#2158,.F.);
#2868=ORIENTED_EDGE('',*,*,#2159,.F.);
#2869=ORIENTED_EDGE('',*,*,#2160,.F.);
#2870=ORIENTED_EDGE('',*,*,#2146,.T.);
#2871=ORIENTED_EDGE('',*,*,#2161,.T.);
#2872=ORIENTED_EDGE('',*,*,#2159,.T.);
#2873=ORIENTED_EDGE('',*,*,#2162,.T.);
#2874=ORIENTED_EDGE('',*,*,#2163,.F.);
#2875=ORIENTED_EDGE('',*,*,#2164,.F.);
#2876=ORIENTED_EDGE('',*,*,#2165,.F.);
#2877=ORIENTED_EDGE('',*,*,#2166,.F.);
#2878=ORIENTED_EDGE('',*,*,#2167,.F.);
#2879=ORIENTED_EDGE('',*,*,#2168,.F.);
#2880=ORIENTED_EDGE('',*,*,#2169,.F.);
#2881=ORIENTED_EDGE('',*,*,#2170,.F.);
#2882=ORIENTED_EDGE('',*,*,#2171,.F.);
#2883=ORIENTED_EDGE('',*,*,#2172,.F.);
#2884=ORIENTED_EDGE('',*,*,#2173,.F.);
#2885=ORIENTED_EDGE('',*,*,#2174,.F.);
#2886=ORIENTED_EDGE('',*,*,#2175,.F.);
#2887=ORIENTED_EDGE('',*,*,#2176,.F.);
#2888=ORIENTED_EDGE('',*,*,#2177,.F.);
#2889=ORIENTED_EDGE('',*,*,#2178,.F.);
#2890=ORIENTED_EDGE('',*,*,#2179,.F.);
#2891=ORIENTED_EDGE('',*,*,#2180,.F.);
#2892=ORIENTED_EDGE('',*,*,#2181,.F.);
#2893=ORIENTED_EDGE('',*,*,#2182,.T.);
#2894=ORIENTED_EDGE('',*,*,#2183,.T.);
#2895=ORIENTED_EDGE('',*,*,#2184,.T.);
#2896=ORIENTED_EDGE('',*,*,#2185,.T.);
#2897=ORIENTED_EDGE('',*,*,#2058,.F.);
#2898=ORIENTED_EDGE('',*,*,#2064,.F.);
#2899=ORIENTED_EDGE('',*,*,#2186,.F.);
#2900=ORIENTED_EDGE('',*,*,#2187,.F.);
#2901=ORIENTED_EDGE('',*,*,#2188,.T.);
#2902=ORIENTED_EDGE('',*,*,#2189,.T.);
#2903=ORIENTED_EDGE('',*,*,#2190,.T.);
#2904=ORIENTED_EDGE('',*,*,#2187,.T.);
#2905=ORIENTED_EDGE('',*,*,#2191,.T.);
#2906=ORIENTED_EDGE('',*,*,#2180,.T.);
#2907=ORIENTED_EDGE('',*,*,#2192,.T.);
#2908=ORIENTED_EDGE('',*,*,#2186,.T.);
#2909=ORIENTED_EDGE('',*,*,#2193,.T.);
#2910=ORIENTED_EDGE('',*,*,#2184,.F.);
#2911=ORIENTED_EDGE('',*,*,#2194,.T.);
#2912=ORIENTED_EDGE('',*,*,#2189,.F.);
#2913=ORIENTED_EDGE('',*,*,#2195,.T.);
#2914=ORIENTED_EDGE('',*,*,#2194,.F.);
#2915=ORIENTED_EDGE('',*,*,#2196,.T.);
#2916=ORIENTED_EDGE('',*,*,#2172,.T.);
#2917=ORIENTED_EDGE('',*,*,#2197,.T.);
#2918=ORIENTED_EDGE('',*,*,#2175,.T.);
#2919=ORIENTED_EDGE('',*,*,#2198,.T.);
#2920=ORIENTED_EDGE('',*,*,#2195,.F.);
#2921=ORIENTED_EDGE('',*,*,#2199,.T.);
#2922=ORIENTED_EDGE('',*,*,#2200,.T.);
#2923=ORIENTED_EDGE('',*,*,#2201,.T.);
#2924=ORIENTED_EDGE('',*,*,#2181,.T.);
#2925=ORIENTED_EDGE('',*,*,#2202,.T.);
#2926=ORIENTED_EDGE('',*,*,#2179,.T.);
#2927=ORIENTED_EDGE('',*,*,#2203,.T.);
#2928=ORIENTED_EDGE('',*,*,#2176,.T.);
#2929=ORIENTED_EDGE('',*,*,#2204,.T.);
#2930=ORIENTED_EDGE('',*,*,#2168,.T.);
#2931=ORIENTED_EDGE('',*,*,#2205,.T.);
#2932=ORIENTED_EDGE('',*,*,#2177,.T.);
#2933=ORIENTED_EDGE('',*,*,#2206,.T.);
#2934=ORIENTED_EDGE('',*,*,#2207,.T.);
#2935=ORIENTED_EDGE('',*,*,#2208,.T.);
#2936=ORIENTED_EDGE('',*,*,#2178,.T.);
#2937=ORIENTED_EDGE('',*,*,#2209,.T.);
#2938=ORIENTED_EDGE('',*,*,#2210,.T.);
#2939=ORIENTED_EDGE('',*,*,#2211,.T.);
#2940=ORIENTED_EDGE('',*,*,#2173,.T.);
#2941=ORIENTED_EDGE('',*,*,#2212,.T.);
#2942=ORIENTED_EDGE('',*,*,#2174,.T.);
#2943=ORIENTED_EDGE('',*,*,#2213,.T.);
#2944=ORIENTED_EDGE('',*,*,#2164,.T.);
#2945=ORIENTED_EDGE('',*,*,#2214,.T.);
#2946=ORIENTED_EDGE('',*,*,#2171,.T.);
#2947=ORIENTED_EDGE('',*,*,#2215,.T.);
#2948=ORIENTED_EDGE('',*,*,#2160,.T.);
#2949=ORIENTED_EDGE('',*,*,#2216,.T.);
#2950=ORIENTED_EDGE('',*,*,#2217,.T.);
#2951=ORIENTED_EDGE('',*,*,#2068,.T.);
#2952=ORIENTED_EDGE('',*,*,#2169,.T.);
#2953=ORIENTED_EDGE('',*,*,#2218,.T.);
#2954=ORIENTED_EDGE('',*,*,#2156,.T.);
#2955=ORIENTED_EDGE('',*,*,#2219,.T.);
#2956=ORIENTED_EDGE('',*,*,#2170,.T.);
#2957=ORIENTED_EDGE('',*,*,#2067,.T.);
#2958=ORIENTED_EDGE('',*,*,#2220,.T.);
#2959=ORIENTED_EDGE('',*,*,#2221,.T.);
#2960=ORIENTED_EDGE('',*,*,#2167,.T.);
#2961=ORIENTED_EDGE('',*,*,#2222,.T.);
#2962=ORIENTED_EDGE('',*,*,#2223,.T.);
#2963=ORIENTED_EDGE('',*,*,#2224,.T.);
#2964=ORIENTED_EDGE('',*,*,#2165,.T.);
#2965=ORIENTED_EDGE('',*,*,#2225,.T.);
#2966=ORIENTED_EDGE('',*,*,#2226,.T.);
#2967=ORIENTED_EDGE('',*,*,#2227,.T.);
#2968=ORIENTED_EDGE('',*,*,#2166,.T.);
#2969=ORIENTED_EDGE('',*,*,#2228,.T.);
#2970=ORIENTED_EDGE('',*,*,#2229,.T.);
#2971=ORIENTED_EDGE('',*,*,#2226,.F.);
#2972=ORIENTED_EDGE('',*,*,#2230,.T.);
#2973=ORIENTED_EDGE('',*,*,#2231,.T.);
#2974=ORIENTED_EDGE('',*,*,#2163,.T.);
#2975=ORIENTED_EDGE('',*,*,#2232,.T.);
#2976=ORIENTED_EDGE('',*,*,#2149,.T.);
#2977=ORIENTED_EDGE('',*,*,#2233,.T.);
#2978=ORIENTED_EDGE('',*,*,#2158,.T.);
#2979=ORIENTED_EDGE('',*,*,#2234,.T.);
#2980=ORIENTED_EDGE('',*,*,#2151,.T.);
#2981=ORIENTED_EDGE('',*,*,#2235,.T.);
#2982=ORIENTED_EDGE('',*,*,#2143,.T.);
#2983=ORIENTED_EDGE('',*,*,#2236,.T.);
#2984=ORIENTED_EDGE('',*,*,#2157,.T.);
#2985=ORIENTED_EDGE('',*,*,#2076,.T.);
#2986=ORIENTED_EDGE('',*,*,#2237,.T.);
#2987=ORIENTED_EDGE('',*,*,#2238,.T.);
#2988=ORIENTED_EDGE('',*,*,#2155,.T.);
#2989=ORIENTED_EDGE('',*,*,#2239,.T.);
#2990=ORIENTED_EDGE('',*,*,#2240,.T.);
#2991=ORIENTED_EDGE('',*,*,#2241,.T.);
#2992=ORIENTED_EDGE('',*,*,#2139,.T.);
#2993=ORIENTED_EDGE('',*,*,#2242,.T.);
#2994=ORIENTED_EDGE('',*,*,#2243,.T.);
#2995=ORIENTED_EDGE('',*,*,#2240,.F.);
#2996=ORIENTED_EDGE('',*,*,#2244,.T.);
#2997=ORIENTED_EDGE('',*,*,#2231,.F.);
#2998=ORIENTED_EDGE('',*,*,#2144,.T.);
#2999=ORIENTED_EDGE('',*,*,#2075,.T.);
#3000=ORIENTED_EDGE('',*,*,#2130,.F.);
#3001=ORIENTED_EDGE('',*,*,#2245,.T.);
#3002=ORIENTED_EDGE('',*,*,#2141,.T.);
#3003=ORIENTED_EDGE('',*,*,#2246,.T.);
#3004=ORIENTED_EDGE('',*,*,#2145,.T.);
#3005=ORIENTED_EDGE('',*,*,#2247,.T.);
#3006=ORIENTED_EDGE('',*,*,#2248,.T.);
#3007=ORIENTED_EDGE('',*,*,#2249,.T.);
#3008=ORIENTED_EDGE('',*,*,#2142,.T.);
#3009=ORIENTED_EDGE('',*,*,#2250,.T.);
#3010=ORIENTED_EDGE('',*,*,#2251,.T.);
#3011=ORIENTED_EDGE('',*,*,#2123,.T.);
#3012=ORIENTED_EDGE('',*,*,#2252,.T.);
#3013=ORIENTED_EDGE('',*,*,#2154,.F.);
#3014=ORIENTED_EDGE('',*,*,#2253,.T.);
#3015=ORIENTED_EDGE('',*,*,#2254,.T.);
#3016=ORIENTED_EDGE('',*,*,#2140,.T.);
#3017=ORIENTED_EDGE('',*,*,#2255,.T.);
#3018=ORIENTED_EDGE('',*,*,#2138,.T.);
#3019=ORIENTED_EDGE('',*,*,#2256,.T.);
#3020=ORIENTED_EDGE('',*,*,#2120,.T.);
#3021=ORIENTED_EDGE('',*,*,#2257,.T.);
#3022=ORIENTED_EDGE('',*,*,#2129,.F.);
#3023=ORIENTED_EDGE('',*,*,#2040,.T.);
#3024=ORIENTED_EDGE('',*,*,#2121,.T.);
#3025=ORIENTED_EDGE('',*,*,#2258,.T.);
#3026=ORIENTED_EDGE('',*,*,#2127,.F.);
#3027=ORIENTED_EDGE('',*,*,#2073,.T.);
#3028=ORIENTED_EDGE('',*,*,#2079,.T.);
#3029=ORIENTED_EDGE('',*,*,#2034,.F.);
#3030=ORIENTED_EDGE('',*,*,#2042,.T.);
#3031=ORIENTED_EDGE('',*,*,#2125,.F.);
#3032=ORIENTED_EDGE('',*,*,#2078,.T.);
#3033=ORIENTED_EDGE('',*,*,#2259,.T.);
#3034=ORIENTED_EDGE('',*,*,#2117,.T.);
#3035=ORIENTED_EDGE('',*,*,#2260,.T.);
#3036=ORIENTED_EDGE('',*,*,#2124,.T.);
#3037=ORIENTED_EDGE('',*,*,#2261,.T.);
#3038=ORIENTED_EDGE('',*,*,#2262,.T.);
#3039=ORIENTED_EDGE('',*,*,#2263,.T.);
#3040=ORIENTED_EDGE('',*,*,#2264,.T.);
#3041=ORIENTED_EDGE('',*,*,#2265,.T.);
#3042=ORIENTED_EDGE('',*,*,#2119,.T.);
#3043=ORIENTED_EDGE('',*,*,#2039,.T.);
#3044=ORIENTED_EDGE('',*,*,#2262,.F.);
#3045=ORIENTED_EDGE('',*,*,#2266,.T.);
#3046=ORIENTED_EDGE('',*,*,#2267,.T.);
#3047=ORIENTED_EDGE('',*,*,#2268,.T.);
#3048=ORIENTED_EDGE('',*,*,#2118,.T.);
#3049=ORIENTED_EDGE('',*,*,#2269,.T.);
#3050=ORIENTED_EDGE('',*,*,#2270,.T.);
#3051=ORIENTED_EDGE('',*,*,#2271,.T.);
#3052=ORIENTED_EDGE('',*,*,#2267,.F.);
#3053=ORIENTED_EDGE('',*,*,#2272,.T.);
#3054=ORIENTED_EDGE('',*,*,#2273,.T.);
#3055=ORIENTED_EDGE('',*,*,#2274,.T.);
#3056=ORIENTED_EDGE('',*,*,#2116,.T.);
#3057=ORIENTED_EDGE('',*,*,#2275,.T.);
#3058=ORIENTED_EDGE('',*,*,#2200,.F.);
#3059=ORIENTED_EDGE('',*,*,#2276,.T.);
#3060=ORIENTED_EDGE('',*,*,#2217,.F.);
#3061=ORIENTED_EDGE('',*,*,#2031,.F.);
#3062=ORIENTED_EDGE('',*,*,#2259,.F.);
#3063=ORIENTED_EDGE('',*,*,#2077,.T.);
#3064=ORIENTED_EDGE('',*,*,#2136,.F.);
#3065=ORIENTED_EDGE('',*,*,#2273,.F.);
#3066=ORIENTED_EDGE('',*,*,#2277,.T.);
#3067=ORIENTED_EDGE('',*,*,#2185,.F.);
#3068=ORIENTED_EDGE('',*,*,#2198,.F.);
#3069=ORIENTED_EDGE('',*,*,#2208,.F.);
#3070=ORIENTED_EDGE('',*,*,#2278,.T.);
#3071=ORIENTED_EDGE('',*,*,#2209,.F.);
#3072=ORIENTED_EDGE('',*,*,#2205,.F.);
#3073=ORIENTED_EDGE('',*,*,#2221,.F.);
#3074=ORIENTED_EDGE('',*,*,#2279,.T.);
#3075=ORIENTED_EDGE('',*,*,#2222,.F.);
#3076=ORIENTED_EDGE('',*,*,#2219,.F.);
#3077=ORIENTED_EDGE('',*,*,#2238,.F.);
#3078=ORIENTED_EDGE('',*,*,#2280,.T.);
#3079=ORIENTED_EDGE('',*,*,#2239,.F.);
#3080=ORIENTED_EDGE('',*,*,#2236,.F.);
#3081=ORIENTED_EDGE('',*,*,#2249,.F.);
#3082=ORIENTED_EDGE('',*,*,#2281,.T.);
#3083=ORIENTED_EDGE('',*,*,#2207,.F.);
#3084=ORIENTED_EDGE('',*,*,#2279,.F.);
#3085=ORIENTED_EDGE('',*,*,#2220,.F.);
#3086=ORIENTED_EDGE('',*,*,#2280,.F.);
#3087=ORIENTED_EDGE('',*,*,#2237,.F.);
#3088=ORIENTED_EDGE('',*,*,#2281,.F.);
#3089=ORIENTED_EDGE('',*,*,#2248,.F.);
#3090=ORIENTED_EDGE('',*,*,#2282,.F.);
#3091=ORIENTED_EDGE('',*,*,#2253,.F.);
#3092=ORIENTED_EDGE('',*,*,#2283,.F.);
#3093=ORIENTED_EDGE('',*,*,#2284,.F.);
#3094=ORIENTED_EDGE('',*,*,#2285,.F.);
#3095=ORIENTED_EDGE('',*,*,#2223,.F.);
#3096=ORIENTED_EDGE('',*,*,#2286,.F.);
#3097=ORIENTED_EDGE('',*,*,#2210,.F.);
#3098=ORIENTED_EDGE('',*,*,#2287,.F.);
#3099=ORIENTED_EDGE('',*,*,#2182,.F.);
#3100=ORIENTED_EDGE('',*,*,#2278,.F.);
#3101=ORIENTED_EDGE('',*,*,#2288,.F.);
#3102=ORIENTED_EDGE('',*,*,#2289,.F.);
#3103=ORIENTED_EDGE('',*,*,#2290,.F.);
#3104=ORIENTED_EDGE('',*,*,#2291,.F.);
#3105=ORIENTED_EDGE('',*,*,#2292,.F.);
#3106=ORIENTED_EDGE('',*,*,#2293,.F.);
#3107=ORIENTED_EDGE('',*,*,#2294,.F.);
#3108=ORIENTED_EDGE('',*,*,#2295,.F.);
#3109=ORIENTED_EDGE('',*,*,#2250,.F.);
#3110=ORIENTED_EDGE('',*,*,#2246,.F.);
#3111=ORIENTED_EDGE('',*,*,#2254,.F.);
#3112=ORIENTED_EDGE('',*,*,#2282,.T.);
#3113=ORIENTED_EDGE('',*,*,#2202,.F.);
#3114=ORIENTED_EDGE('',*,*,#2193,.F.);
#3115=ORIENTED_EDGE('',*,*,#2063,.F.);
#3116=ORIENTED_EDGE('',*,*,#2065,.F.);
#3117=ORIENTED_EDGE('',*,*,#2296,.F.);
#3118=ORIENTED_EDGE('',*,*,#2276,.F.);
#3119=ORIENTED_EDGE('',*,*,#2296,.T.);
#3120=ORIENTED_EDGE('',*,*,#2055,.F.);
#3121=ORIENTED_EDGE('',*,*,#2069,.T.);
#3122=ORIENTED_EDGE('',*,*,#2010,.F.);
#3123=ORIENTED_EDGE('',*,*,#2188,.F.);
#3124=ORIENTED_EDGE('',*,*,#2190,.F.);
#3125=ORIENTED_EDGE('',*,*,#2197,.F.);
#3126=ORIENTED_EDGE('',*,*,#2216,.F.);
#3127=ORIENTED_EDGE('',*,*,#2161,.F.);
#3128=ORIENTED_EDGE('',*,*,#2006,.F.);
#3129=ORIENTED_EDGE('',*,*,#2297,.F.);
#3130=ORIENTED_EDGE('',*,*,#2298,.F.);
#3131=ORIENTED_EDGE('',*,*,#2299,.T.);
#3132=ORIENTED_EDGE('',*,*,#2300,.T.);
#3133=ORIENTED_EDGE('',*,*,#2301,.T.);
#3134=ORIENTED_EDGE('',*,*,#2302,.T.);
#3135=ORIENTED_EDGE('',*,*,#2303,.T.);
#3136=ORIENTED_EDGE('',*,*,#2304,.T.);
#3137=ORIENTED_EDGE('',*,*,#2305,.T.);
#3138=ORIENTED_EDGE('',*,*,#2306,.T.);
#3139=ORIENTED_EDGE('',*,*,#2307,.T.);
#3140=ORIENTED_EDGE('',*,*,#2308,.T.);
#3141=ORIENTED_EDGE('',*,*,#2309,.T.);
#3142=ORIENTED_EDGE('',*,*,#2310,.T.);
#3143=ORIENTED_EDGE('',*,*,#2311,.F.);
#3144=ORIENTED_EDGE('',*,*,#2277,.F.);
#3145=ORIENTED_EDGE('',*,*,#2312,.T.);
#3146=ORIENTED_EDGE('',*,*,#2313,.T.);
#3147=ORIENTED_EDGE('',*,*,#1997,.T.);
#3148=ORIENTED_EDGE('',*,*,#2275,.F.);
#3149=ORIENTED_EDGE('',*,*,#2268,.F.);
#3150=ORIENTED_EDGE('',*,*,#2314,.F.);
#3151=ORIENTED_EDGE('',*,*,#2312,.F.);
#3152=ORIENTED_EDGE('',*,*,#2135,.F.);
#3153=ORIENTED_EDGE('',*,*,#2260,.F.);
#3154=ORIENTED_EDGE('',*,*,#2274,.F.);
#3155=ORIENTED_EDGE('',*,*,#2137,.F.);
#3156=ORIENTED_EDGE('',*,*,#2152,.F.);
#3157=ORIENTED_EDGE('',*,*,#2252,.F.);
#3158=ORIENTED_EDGE('',*,*,#2134,.F.);
#3159=ORIENTED_EDGE('',*,*,#2148,.F.);
#3160=ORIENTED_EDGE('',*,*,#2162,.F.);
#3161=ORIENTED_EDGE('',*,*,#2235,.F.);
#3162=ORIENTED_EDGE('',*,*,#2315,.F.);
#3163=ORIENTED_EDGE('',*,*,#2316,.F.);
#3164=ORIENTED_EDGE('',*,*,#2317,.F.);
#3165=ORIENTED_EDGE('',*,*,#2318,.F.);
#3166=ORIENTED_EDGE('',*,*,#2319,.F.);
#3167=ORIENTED_EDGE('',*,*,#2320,.F.);
#3168=ORIENTED_EDGE('',*,*,#2321,.F.);
#3169=ORIENTED_EDGE('',*,*,#2322,.F.);
#3170=ORIENTED_EDGE('',*,*,#2191,.F.);
#3171=ORIENTED_EDGE('',*,*,#2192,.F.);
#3172=ORIENTED_EDGE('',*,*,#2204,.F.);
#3173=ORIENTED_EDGE('',*,*,#2199,.F.);
#3174=ORIENTED_EDGE('',*,*,#2323,.T.);
#3175=ORIENTED_EDGE('',*,*,#2201,.F.);
#3176=ORIENTED_EDGE('',*,*,#2218,.F.);
#3177=ORIENTED_EDGE('',*,*,#2206,.F.);
#3178=ORIENTED_EDGE('',*,*,#2203,.F.);
#3179=ORIENTED_EDGE('',*,*,#2214,.F.);
#3180=ORIENTED_EDGE('',*,*,#2233,.F.);
#3181=ORIENTED_EDGE('',*,*,#2234,.F.);
#3182=ORIENTED_EDGE('',*,*,#2215,.F.);
#3183=ORIENTED_EDGE('',*,*,#2245,.F.);
#3184=ORIENTED_EDGE('',*,*,#2258,.F.);
#3185=ORIENTED_EDGE('',*,*,#2256,.F.);
#3186=ORIENTED_EDGE('',*,*,#2247,.F.);
#3187=ORIENTED_EDGE('',*,*,#1998,.T.);
#3188=ORIENTED_EDGE('',*,*,#2313,.F.);
#3189=ORIENTED_EDGE('',*,*,#2324,.F.);
#3190=ORIENTED_EDGE('',*,*,#2325,.F.);
#3191=ORIENTED_EDGE('',*,*,#2271,.F.);
#3192=ORIENTED_EDGE('',*,*,#2326,.T.);
#3193=ORIENTED_EDGE('',*,*,#2324,.T.);
#3194=ORIENTED_EDGE('',*,*,#2314,.T.);
#3195=ORIENTED_EDGE('',*,*,#2044,.T.);
#3196=ORIENTED_EDGE('',*,*,#2043,.T.);
#3197=ORIENTED_EDGE('',*,*,#1999,.T.);
#3198=ORIENTED_EDGE('',*,*,#2325,.T.);
#3199=ORIENTED_EDGE('',*,*,#2327,.T.);
#3200=ORIENTED_EDGE('',*,*,#1967,.T.);
#3201=ORIENTED_EDGE('',*,*,#2328,.F.);
#3202=ORIENTED_EDGE('',*,*,#2329,.F.);
#3203=ORIENTED_EDGE('',*,*,#2330,.F.);
#3204=ORIENTED_EDGE('',*,*,#1937,.F.);
#3205=ORIENTED_EDGE('',*,*,#2331,.T.);
#3206=ORIENTED_EDGE('',*,*,#2332,.F.);
#3207=ORIENTED_EDGE('',*,*,#2333,.F.);
#3208=ORIENTED_EDGE('',*,*,#2334,.F.);
#3209=ORIENTED_EDGE('',*,*,#2096,.F.);
#3210=ORIENTED_EDGE('',*,*,#2100,.F.);
#3211=ORIENTED_EDGE('',*,*,#2046,.F.);
#3212=ORIENTED_EDGE('',*,*,#2335,.T.);
#3213=ORIENTED_EDGE('',*,*,#2336,.T.);
#3214=ORIENTED_EDGE('',*,*,#2337,.T.);
#3215=ORIENTED_EDGE('',*,*,#2338,.T.);
#3216=ORIENTED_EDGE('',*,*,#2263,.F.);
#3217=ORIENTED_EDGE('',*,*,#2038,.T.);
#3218=ORIENTED_EDGE('',*,*,#2045,.F.);
#3219=ORIENTED_EDGE('',*,*,#2339,.T.);
#3220=ORIENTED_EDGE('',*,*,#2230,.F.);
#3221=ORIENTED_EDGE('',*,*,#2340,.T.);
#3222=ORIENTED_EDGE('',*,*,#2284,.T.);
#3223=ORIENTED_EDGE('',*,*,#2341,.T.);
#3224=ORIENTED_EDGE('',*,*,#2243,.F.);
#3225=ORIENTED_EDGE('',*,*,#2241,.F.);
#3226=ORIENTED_EDGE('',*,*,#2341,.F.);
#3227=ORIENTED_EDGE('',*,*,#2283,.T.);
#3228=ORIENTED_EDGE('',*,*,#2255,.F.);
#3229=ORIENTED_EDGE('',*,*,#2291,.T.);
#3230=ORIENTED_EDGE('',*,*,#2342,.T.);
#3231=ORIENTED_EDGE('',*,*,#2343,.T.);
#3232=ORIENTED_EDGE('',*,*,#2344,.T.);
#3233=ORIENTED_EDGE('',*,*,#1927,.F.);
#3234=ORIENTED_EDGE('',*,*,#2345,.T.);
#3235=ORIENTED_EDGE('',*,*,#2346,.T.);
#3236=ORIENTED_EDGE('',*,*,#2347,.T.);
#3237=ORIENTED_EDGE('',*,*,#2343,.F.);
#3238=ORIENTED_EDGE('',*,*,#2348,.T.);
#3239=ORIENTED_EDGE('',*,*,#2346,.F.);
#3240=ORIENTED_EDGE('',*,*,#2349,.T.);
#3241=ORIENTED_EDGE('',*,*,#2295,.T.);
#3242=ORIENTED_EDGE('',*,*,#2350,.T.);
#3243=ORIENTED_EDGE('',*,*,#2351,.T.);
#3244=ORIENTED_EDGE('',*,*,#2352,.T.);
#3245=ORIENTED_EDGE('',*,*,#2108,.F.);
#3246=ORIENTED_EDGE('',*,*,#2111,.T.);
#3247=ORIENTED_EDGE('',*,*,#2353,.T.);
#3248=ORIENTED_EDGE('',*,*,#2328,.T.);
#3249=ORIENTED_EDGE('',*,*,#2351,.F.);
#3250=ORIENTED_EDGE('',*,*,#2354,.T.);
#3251=ORIENTED_EDGE('',*,*,#2353,.F.);
#3252=ORIENTED_EDGE('',*,*,#2355,.T.);
#3253=ORIENTED_EDGE('',*,*,#2293,.T.);
#3254=ORIENTED_EDGE('',*,*,#2356,.T.);
#3255=ORIENTED_EDGE('',*,*,#2357,.T.);
#3256=ORIENTED_EDGE('',*,*,#2358,.T.);
#3257=ORIENTED_EDGE('',*,*,#1934,.F.);
#3258=ORIENTED_EDGE('',*,*,#2330,.T.);
#3259=ORIENTED_EDGE('',*,*,#2359,.T.);
#3260=ORIENTED_EDGE('',*,*,#2360,.T.);
#3261=ORIENTED_EDGE('',*,*,#2357,.F.);
#3262=ORIENTED_EDGE('',*,*,#2361,.T.);
#3263=ORIENTED_EDGE('',*,*,#2359,.F.);
#3264=ORIENTED_EDGE('',*,*,#2362,.T.);
#3265=ORIENTED_EDGE('',*,*,#2361,.F.);
#3266=ORIENTED_EDGE('',*,*,#2363,.T.);
#3267=ORIENTED_EDGE('',*,*,#2349,.F.);
#3268=ORIENTED_EDGE('',*,*,#2364,.T.);
#3269=ORIENTED_EDGE('',*,*,#2354,.F.);
#3270=ORIENTED_EDGE('',*,*,#2365,.T.);
#3271=ORIENTED_EDGE('',*,*,#2362,.F.);
#3272=ORIENTED_EDGE('',*,*,#2329,.T.);
#3273=ORIENTED_EDGE('',*,*,#2366,.T.);
#3274=ORIENTED_EDGE('',*,*,#2367,.T.);
#3275=ORIENTED_EDGE('',*,*,#2355,.F.);
#3276=ORIENTED_EDGE('',*,*,#2110,.T.);
#3277=ORIENTED_EDGE('',*,*,#2366,.F.);
#3278=ORIENTED_EDGE('',*,*,#2113,.T.);
#3279=ORIENTED_EDGE('',*,*,#2368,.T.);
#3280=ORIENTED_EDGE('',*,*,#2369,.T.);
#3281=ORIENTED_EDGE('',*,*,#2368,.F.);
#3282=ORIENTED_EDGE('',*,*,#2370,.T.);
#3283=ORIENTED_EDGE('',*,*,#2348,.F.);
#3284=ORIENTED_EDGE('',*,*,#2371,.T.);
#3285=ORIENTED_EDGE('',*,*,#2369,.F.);
#3286=ORIENTED_EDGE('',*,*,#2372,.T.);
#3287=ORIENTED_EDGE('',*,*,#2289,.T.);
#3288=ORIENTED_EDGE('',*,*,#2373,.F.);
#3289=ORIENTED_EDGE('',*,*,#2371,.F.);
#3290=ORIENTED_EDGE('',*,*,#2342,.F.);
#3291=ORIENTED_EDGE('',*,*,#2290,.T.);
#3292=ORIENTED_EDGE('',*,*,#2372,.F.);
#3293=ORIENTED_EDGE('',*,*,#2344,.F.);
#3294=ORIENTED_EDGE('',*,*,#2363,.F.);
#3295=ORIENTED_EDGE('',*,*,#2356,.F.);
#3296=ORIENTED_EDGE('',*,*,#2292,.T.);
#3297=ORIENTED_EDGE('',*,*,#2317,.T.);
#3298=ORIENTED_EDGE('',*,*,#2374,.F.);
#3299=ORIENTED_EDGE('',*,*,#2375,.F.);
#3300=ORIENTED_EDGE('',*,*,#2376,.F.);
#3301=ORIENTED_EDGE('',*,*,#2319,.T.);
#3302=ORIENTED_EDGE('',*,*,#2377,.F.);
#3303=ORIENTED_EDGE('',*,*,#2378,.F.);
#3304=ORIENTED_EDGE('',*,*,#2379,.F.);
#3305=ORIENTED_EDGE('',*,*,#2377,.T.);
#3306=ORIENTED_EDGE('',*,*,#2318,.T.);
#3307=ORIENTED_EDGE('',*,*,#2376,.T.);
#3308=ORIENTED_EDGE('',*,*,#2380,.T.);
#3309=ORIENTED_EDGE('',*,*,#2381,.T.);
#3310=ORIENTED_EDGE('',*,*,#2382,.T.);
#3311=ORIENTED_EDGE('',*,*,#2378,.T.);
#3312=ORIENTED_EDGE('',*,*,#2383,.T.);
#3313=ORIENTED_EDGE('',*,*,#2097,.F.);
#3314=ORIENTED_EDGE('',*,*,#2384,.F.);
#3315=ORIENTED_EDGE('',*,*,#2315,.T.);
#3316=ORIENTED_EDGE('',*,*,#2385,.F.);
#3317=ORIENTED_EDGE('',*,*,#2384,.T.);
#3318=ORIENTED_EDGE('',*,*,#2334,.T.);
#3319=ORIENTED_EDGE('',*,*,#2374,.T.);
#3320=ORIENTED_EDGE('',*,*,#2316,.T.);
#3321=ORIENTED_EDGE('',*,*,#2386,.T.);
#3322=ORIENTED_EDGE('',*,*,#2320,.T.);
#3323=ORIENTED_EDGE('',*,*,#2379,.T.);
#3324=ORIENTED_EDGE('',*,*,#2387,.T.);
#3325=ORIENTED_EDGE('',*,*,#2388,.T.);
#3326=ORIENTED_EDGE('',*,*,#2321,.T.);
#3327=ORIENTED_EDGE('',*,*,#2386,.F.);
#3328=ORIENTED_EDGE('',*,*,#2092,.T.);
#3329=ORIENTED_EDGE('',*,*,#2385,.T.);
#3330=ORIENTED_EDGE('',*,*,#2322,.T.);
#3331=ORIENTED_EDGE('',*,*,#2388,.F.);
#3332=ORIENTED_EDGE('',*,*,#2095,.T.);
#3333=ORIENTED_EDGE('',*,*,#2005,.T.);
#3334=ORIENTED_EDGE('',*,*,#2389,.F.);
#3335=ORIENTED_EDGE('',*,*,#2390,.F.);
#3336=ORIENTED_EDGE('',*,*,#1992,.F.);
#3337=ORIENTED_EDGE('',*,*,#2099,.F.);
#3338=ORIENTED_EDGE('',*,*,#2391,.F.);
#3339=ORIENTED_EDGE('',*,*,#2003,.T.);
#3340=ORIENTED_EDGE('',*,*,#2047,.F.);
#3341=ORIENTED_EDGE('',*,*,#2391,.T.);
#3342=ORIENTED_EDGE('',*,*,#2392,.T.);
#3343=ORIENTED_EDGE('',*,*,#2389,.T.);
#3344=ORIENTED_EDGE('',*,*,#2004,.T.);
#3345=ORIENTED_EDGE('',*,*,#2090,.F.);
#3346=ORIENTED_EDGE('',*,*,#2393,.T.);
#3347=ORIENTED_EDGE('',*,*,#2390,.T.);
#3348=ORIENTED_EDGE('',*,*,#2394,.T.);
#3349=ORIENTED_EDGE('',*,*,#2395,.T.);
#3350=ORIENTED_EDGE('',*,*,#2375,.T.);
#3351=ORIENTED_EDGE('',*,*,#2333,.T.);
#3352=ORIENTED_EDGE('',*,*,#2396,.T.);
#3353=ORIENTED_EDGE('',*,*,#2332,.T.);
#3354=ORIENTED_EDGE('',*,*,#2397,.F.);
#3355=ORIENTED_EDGE('',*,*,#2398,.T.);
#3356=ORIENTED_EDGE('',*,*,#2396,.F.);
#3357=ORIENTED_EDGE('',*,*,#2087,.F.);
#3358=ORIENTED_EDGE('',*,*,#2394,.F.);
#3359=ORIENTED_EDGE('',*,*,#2392,.F.);
#3360=ORIENTED_EDGE('',*,*,#2098,.F.);
#3361=ORIENTED_EDGE('',*,*,#2084,.F.);
#3362=ORIENTED_EDGE('',*,*,#2383,.F.);
#3363=ORIENTED_EDGE('',*,*,#2380,.F.);
#3364=ORIENTED_EDGE('',*,*,#2395,.F.);
#3365=ORIENTED_EDGE('',*,*,#2399,.F.);
#3366=ORIENTED_EDGE('',*,*,#2398,.F.);
#3367=ORIENTED_EDGE('',*,*,#2400,.T.);
#3368=ORIENTED_EDGE('',*,*,#2381,.F.);
#3369=ORIENTED_EDGE('',*,*,#2399,.T.);
#3370=ORIENTED_EDGE('',*,*,#1973,.F.);
#3371=ORIENTED_EDGE('',*,*,#1993,.F.);
#3372=ORIENTED_EDGE('',*,*,#2393,.F.);
#3373=ORIENTED_EDGE('',*,*,#2093,.F.);
#3374=ORIENTED_EDGE('',*,*,#2387,.F.);
#3375=ORIENTED_EDGE('',*,*,#2382,.F.);
#3376=ORIENTED_EDGE('',*,*,#2400,.F.);
#3377=ORIENTED_EDGE('',*,*,#2397,.T.);
#3378=ORIENTED_EDGE('',*,*,#2331,.F.);
#3379=ORIENTED_EDGE('',*,*,#1936,.T.);
#3380=ORIENTED_EDGE('',*,*,#1938,.F.);
#3381=ORIENTED_EDGE('',*,*,#1928,.F.);
#3382=ORIENTED_EDGE('',*,*,#2347,.F.);
#3383=ORIENTED_EDGE('',*,*,#2370,.F.);
#3384=ORIENTED_EDGE('',*,*,#2112,.F.);
#3385=ORIENTED_EDGE('',*,*,#2114,.T.);
#3386=ORIENTED_EDGE('',*,*,#2401,.T.);
#3387=ORIENTED_EDGE('',*,*,#2402,.T.);
#3388=ORIENTED_EDGE('',*,*,#2403,.T.);
#3389=ORIENTED_EDGE('',*,*,#2404,.T.);
#3390=ORIENTED_EDGE('',*,*,#2405,.T.);
#3391=ORIENTED_EDGE('',*,*,#2406,.T.);
#3392=ORIENTED_EDGE('',*,*,#2407,.T.);
#3393=ORIENTED_EDGE('',*,*,#2408,.T.);
#3394=ORIENTED_EDGE('',*,*,#2409,.T.);
#3395=ORIENTED_EDGE('',*,*,#2410,.T.);
#3396=ORIENTED_EDGE('',*,*,#2411,.T.);
#3397=ORIENTED_EDGE('',*,*,#2412,.T.);
#3398=ORIENTED_EDGE('',*,*,#2413,.T.);
#3399=ORIENTED_EDGE('',*,*,#2414,.T.);
#3400=ORIENTED_EDGE('',*,*,#2415,.T.);
#3401=ORIENTED_EDGE('',*,*,#2416,.T.);
#3402=ORIENTED_EDGE('',*,*,#2211,.F.);
#3403=ORIENTED_EDGE('',*,*,#2286,.T.);
#3404=ORIENTED_EDGE('',*,*,#2225,.F.);
#3405=ORIENTED_EDGE('',*,*,#2213,.F.);
#3406=ORIENTED_EDGE('',*,*,#2224,.F.);
#3407=ORIENTED_EDGE('',*,*,#2285,.T.);
#3408=ORIENTED_EDGE('',*,*,#2340,.F.);
#3409=ORIENTED_EDGE('',*,*,#2228,.F.);
#3410=ORIENTED_EDGE('',*,*,#2183,.F.);
#3411=ORIENTED_EDGE('',*,*,#2287,.T.);
#3412=ORIENTED_EDGE('',*,*,#2212,.F.);
#3413=ORIENTED_EDGE('',*,*,#2196,.F.);
#3414=ORIENTED_EDGE('',*,*,#2367,.F.);
#3415=ORIENTED_EDGE('',*,*,#2373,.T.);
#3416=ORIENTED_EDGE('',*,*,#2288,.T.);
#3417=ORIENTED_EDGE('',*,*,#2352,.F.);
#3418=ORIENTED_EDGE('',*,*,#2350,.F.);
#3419=ORIENTED_EDGE('',*,*,#2294,.T.);
#3420=ORIENTED_EDGE('',*,*,#2358,.F.);
#3421=ORIENTED_EDGE('',*,*,#2365,.F.);
#3422=ORIENTED_EDGE('',*,*,#2417,.F.);
#3423=ORIENTED_EDGE('',*,*,#2418,.T.);
#3424=ORIENTED_EDGE('',*,*,#2419,.F.);
#3425=ORIENTED_EDGE('',*,*,#2420,.T.);
#3426=ORIENTED_EDGE('',*,*,#2421,.F.);
#3427=ORIENTED_EDGE('',*,*,#2420,.F.);
#3428=ORIENTED_EDGE('',*,*,#2422,.F.);
#3429=ORIENTED_EDGE('',*,*,#2423,.F.);
#3430=ORIENTED_EDGE('',*,*,#2424,.F.);
#3431=ORIENTED_EDGE('',*,*,#2425,.T.);
#3432=ORIENTED_EDGE('',*,*,#2426,.F.);
#3433=ORIENTED_EDGE('',*,*,#2427,.T.);
#3434=ORIENTED_EDGE('',*,*,#2428,.F.);
#3435=ORIENTED_EDGE('',*,*,#2427,.F.);
#3436=ORIENTED_EDGE('',*,*,#2429,.F.);
#3437=ORIENTED_EDGE('',*,*,#2430,.F.);
#3438=ORIENTED_EDGE('',*,*,#2431,.F.);
#3439=ORIENTED_EDGE('',*,*,#2432,.T.);
#3440=ORIENTED_EDGE('',*,*,#2433,.F.);
#3441=ORIENTED_EDGE('',*,*,#2434,.T.);
#3442=ORIENTED_EDGE('',*,*,#2435,.F.);
#3443=ORIENTED_EDGE('',*,*,#2434,.F.);
#3444=ORIENTED_EDGE('',*,*,#2436,.F.);
#3445=ORIENTED_EDGE('',*,*,#2437,.F.);
#3446=ORIENTED_EDGE('',*,*,#2438,.F.);
#3447=ORIENTED_EDGE('',*,*,#2439,.T.);
#3448=ORIENTED_EDGE('',*,*,#2440,.F.);
#3449=ORIENTED_EDGE('',*,*,#2441,.T.);
#3450=ORIENTED_EDGE('',*,*,#2442,.F.);
#3451=ORIENTED_EDGE('',*,*,#2441,.F.);
#3452=ORIENTED_EDGE('',*,*,#2443,.F.);
#3453=ORIENTED_EDGE('',*,*,#2444,.F.);
#3454=ORIENTED_EDGE('',*,*,#2418,.F.);
#3455=ORIENTED_EDGE('',*,*,#2445,.T.);
#3456=ORIENTED_EDGE('',*,*,#2423,.T.);
#3457=ORIENTED_EDGE('',*,*,#2446,.T.);
#3458=ORIENTED_EDGE('',*,*,#2447,.F.);
#3459=ORIENTED_EDGE('',*,*,#2417,.T.);
#3460=ORIENTED_EDGE('',*,*,#2421,.T.);
#3461=ORIENTED_EDGE('',*,*,#2445,.F.);
#3462=ORIENTED_EDGE('',*,*,#2425,.F.);
#3463=ORIENTED_EDGE('',*,*,#2448,.T.);
#3464=ORIENTED_EDGE('',*,*,#2430,.T.);
#3465=ORIENTED_EDGE('',*,*,#2449,.T.);
#3466=ORIENTED_EDGE('',*,*,#2450,.F.);
#3467=ORIENTED_EDGE('',*,*,#2424,.T.);
#3468=ORIENTED_EDGE('',*,*,#2428,.T.);
#3469=ORIENTED_EDGE('',*,*,#2448,.F.);
#3470=ORIENTED_EDGE('',*,*,#2432,.F.);
#3471=ORIENTED_EDGE('',*,*,#2451,.T.);
#3472=ORIENTED_EDGE('',*,*,#2437,.T.);
#3473=ORIENTED_EDGE('',*,*,#2452,.T.);
#3474=ORIENTED_EDGE('',*,*,#2453,.F.);
#3475=ORIENTED_EDGE('',*,*,#2431,.T.);
#3476=ORIENTED_EDGE('',*,*,#2435,.T.);
#3477=ORIENTED_EDGE('',*,*,#2451,.F.);
#3478=ORIENTED_EDGE('',*,*,#2439,.F.);
#3479=ORIENTED_EDGE('',*,*,#2454,.T.);
#3480=ORIENTED_EDGE('',*,*,#2444,.T.);
#3481=ORIENTED_EDGE('',*,*,#2455,.T.);
#3482=ORIENTED_EDGE('',*,*,#2456,.F.);
#3483=ORIENTED_EDGE('',*,*,#2438,.T.);
#3484=ORIENTED_EDGE('',*,*,#2442,.T.);
#3485=ORIENTED_EDGE('',*,*,#2454,.F.);
#3486=ORIENTED_EDGE('',*,*,#2457,.F.);
#3487=ORIENTED_EDGE('',*,*,#2458,.F.);
#3488=ORIENTED_EDGE('',*,*,#2459,.T.);
#3489=ORIENTED_EDGE('',*,*,#2297,.T.);
#3490=ORIENTED_EDGE('',*,*,#2459,.F.);
#3491=ORIENTED_EDGE('',*,*,#2460,.T.);
#3492=ORIENTED_EDGE('',*,*,#2461,.T.);
#3493=ORIENTED_EDGE('',*,*,#2457,.T.);
#3494=ORIENTED_EDGE('',*,*,#2458,.T.);
#3495=ORIENTED_EDGE('',*,*,#2461,.F.);
#3496=ORIENTED_EDGE('',*,*,#2460,.F.);
#3497=ORIENTED_EDGE('',*,*,#2462,.T.);
#3498=ORIENTED_EDGE('',*,*,#2463,.F.);
#3499=ORIENTED_EDGE('',*,*,#2464,.F.);
#3500=ORIENTED_EDGE('',*,*,#2465,.T.);
#3501=ORIENTED_EDGE('',*,*,#2311,.T.);
#3502=ORIENTED_EDGE('',*,*,#2465,.F.);
#3503=ORIENTED_EDGE('',*,*,#2466,.T.);
#3504=ORIENTED_EDGE('',*,*,#2467,.T.);
#3505=ORIENTED_EDGE('',*,*,#2463,.T.);
#3506=ORIENTED_EDGE('',*,*,#2464,.T.);
#3507=ORIENTED_EDGE('',*,*,#2467,.F.);
#3508=ORIENTED_EDGE('',*,*,#2466,.F.);
#3509=ORIENTED_EDGE('',*,*,#2468,.T.);
#3510=ORIENTED_EDGE('',*,*,#2469,.F.);
#3511=ORIENTED_EDGE('',*,*,#2470,.F.);
#3512=ORIENTED_EDGE('',*,*,#2471,.T.);
#3513=ORIENTED_EDGE('',*,*,#2298,.T.);
#3514=ORIENTED_EDGE('',*,*,#2471,.F.);
#3515=ORIENTED_EDGE('',*,*,#2472,.T.);
#3516=ORIENTED_EDGE('',*,*,#2473,.T.);
#3517=ORIENTED_EDGE('',*,*,#2469,.T.);
#3518=ORIENTED_EDGE('',*,*,#2470,.T.);
#3519=ORIENTED_EDGE('',*,*,#2473,.F.);
#3520=ORIENTED_EDGE('',*,*,#2472,.F.);
#3521=ORIENTED_EDGE('',*,*,#2474,.T.);
#3522=ORIENTED_EDGE('',*,*,#1931,.F.);
#3523=ORIENTED_EDGE('',*,*,#2360,.F.);
#3524=ORIENTED_EDGE('',*,*,#2364,.F.);
#3525=ORIENTED_EDGE('',*,*,#2345,.F.);
#3526=ORIENTED_EDGE('',*,*,#2070,.F.);
#3527=ORIENTED_EDGE('',*,*,#2475,.T.);
#3528=ORIENTED_EDGE('',*,*,#2323,.F.);
#3529=ORIENTED_EDGE('',*,*,#2475,.F.);
#3530=ORIENTED_EDGE('',*,*,#2468,.F.);
#3531=ORIENTED_EDGE('',*,*,#2476,.T.);
#3532=ORIENTED_EDGE('',*,*,#2416,.F.);
#3533=ORIENTED_EDGE('',*,*,#2476,.F.);
#3534=ORIENTED_EDGE('',*,*,#2462,.F.);
#3535=ORIENTED_EDGE('',*,*,#2477,.T.);
#3536=ORIENTED_EDGE('',*,*,#2401,.F.);
#3537=ORIENTED_EDGE('',*,*,#2478,.F.);
#3538=ORIENTED_EDGE('',*,*,#2402,.F.);
#3539=ORIENTED_EDGE('',*,*,#2477,.F.);
#3540=ORIENTED_EDGE('',*,*,#2474,.F.);
#3541=ORIENTED_EDGE('',*,*,#2479,.T.);
#3542=ORIENTED_EDGE('',*,*,#2480,.T.);
#3543=ORIENTED_EDGE('',*,*,#2479,.F.);
#3544=ORIENTED_EDGE('',*,*,#2480,.F.);
#3545=ORIENTED_EDGE('',*,*,#2335,.F.);
#3546=ORIENTED_EDGE('',*,*,#2481,.T.);
#3547=ORIENTED_EDGE('',*,*,#2447,.T.);
#3548=ORIENTED_EDGE('',*,*,#2481,.F.);
#3549=ORIENTED_EDGE('',*,*,#2336,.F.);
#3550=ORIENTED_EDGE('',*,*,#2482,.T.);
#3551=ORIENTED_EDGE('',*,*,#2453,.T.);
#3552=ORIENTED_EDGE('',*,*,#2482,.F.);
#3553=ORIENTED_EDGE('',*,*,#2337,.F.);
#3554=ORIENTED_EDGE('',*,*,#2483,.T.);
#3555=ORIENTED_EDGE('',*,*,#2450,.T.);
#3556=ORIENTED_EDGE('',*,*,#2483,.F.);
#3557=ORIENTED_EDGE('',*,*,#2338,.F.);
#3558=ORIENTED_EDGE('',*,*,#2484,.T.);
#3559=ORIENTED_EDGE('',*,*,#2456,.T.);
#3560=ORIENTED_EDGE('',*,*,#2484,.F.);
#3561=ORIENTED_EDGE('',*,*,#2301,.F.);
#3562=ORIENTED_EDGE('',*,*,#2485,.F.);
#3563=ORIENTED_EDGE('',*,*,#2414,.F.);
#3564=ORIENTED_EDGE('',*,*,#2486,.T.);
#3565=ORIENTED_EDGE('',*,*,#2299,.F.);
#3566=ORIENTED_EDGE('',*,*,#2486,.F.);
#3567=ORIENTED_EDGE('',*,*,#2413,.F.);
#3568=ORIENTED_EDGE('',*,*,#2487,.T.);
#3569=ORIENTED_EDGE('',*,*,#2300,.F.);
#3570=ORIENTED_EDGE('',*,*,#2487,.F.);
#3571=ORIENTED_EDGE('',*,*,#2415,.F.);
#3572=ORIENTED_EDGE('',*,*,#2485,.T.);
#3573=ORIENTED_EDGE('',*,*,#2304,.F.);
#3574=ORIENTED_EDGE('',*,*,#2488,.F.);
#3575=ORIENTED_EDGE('',*,*,#2411,.F.);
#3576=ORIENTED_EDGE('',*,*,#2489,.T.);
#3577=ORIENTED_EDGE('',*,*,#2302,.F.);
#3578=ORIENTED_EDGE('',*,*,#2489,.F.);
#3579=ORIENTED_EDGE('',*,*,#2410,.F.);
#3580=ORIENTED_EDGE('',*,*,#2490,.T.);
#3581=ORIENTED_EDGE('',*,*,#2303,.F.);
#3582=ORIENTED_EDGE('',*,*,#2490,.F.);
#3583=ORIENTED_EDGE('',*,*,#2412,.F.);
#3584=ORIENTED_EDGE('',*,*,#2488,.T.);
#3585=ORIENTED_EDGE('',*,*,#2307,.F.);
#3586=ORIENTED_EDGE('',*,*,#2491,.F.);
#3587=ORIENTED_EDGE('',*,*,#2408,.F.);
#3588=ORIENTED_EDGE('',*,*,#2492,.T.);
#3589=ORIENTED_EDGE('',*,*,#2305,.F.);
#3590=ORIENTED_EDGE('',*,*,#2492,.F.);
#3591=ORIENTED_EDGE('',*,*,#2407,.F.);
#3592=ORIENTED_EDGE('',*,*,#2493,.T.);
#3593=ORIENTED_EDGE('',*,*,#2306,.F.);
#3594=ORIENTED_EDGE('',*,*,#2493,.F.);
#3595=ORIENTED_EDGE('',*,*,#2409,.F.);
#3596=ORIENTED_EDGE('',*,*,#2491,.T.);
#3597=ORIENTED_EDGE('',*,*,#2310,.F.);
#3598=ORIENTED_EDGE('',*,*,#2494,.F.);
#3599=ORIENTED_EDGE('',*,*,#2405,.F.);
#3600=ORIENTED_EDGE('',*,*,#2495,.T.);
#3601=ORIENTED_EDGE('',*,*,#2308,.F.);
#3602=ORIENTED_EDGE('',*,*,#2495,.F.);
#3603=ORIENTED_EDGE('',*,*,#2404,.F.);
#3604=ORIENTED_EDGE('',*,*,#2496,.T.);
#3605=ORIENTED_EDGE('',*,*,#2478,.T.);
#3606=ORIENTED_EDGE('',*,*,#2406,.F.);
#3607=ORIENTED_EDGE('',*,*,#2494,.T.);
#3608=ORIENTED_EDGE('',*,*,#2309,.F.);
#3609=ORIENTED_EDGE('',*,*,#2496,.F.);
#3610=ORIENTED_EDGE('',*,*,#2403,.F.);
#3611=ORIENTED_EDGE('',*,*,#2265,.F.);
#3612=ORIENTED_EDGE('',*,*,#2497,.F.);
#3613=ORIENTED_EDGE('',*,*,#2244,.F.);
#3614=ORIENTED_EDGE('',*,*,#2242,.F.);
#3615=ORIENTED_EDGE('',*,*,#2257,.F.);
#3616=ORIENTED_EDGE('',*,*,#2266,.F.);
#3617=ORIENTED_EDGE('',*,*,#2251,.F.);
#3618=ORIENTED_EDGE('',*,*,#2498,.F.);
#3619=ORIENTED_EDGE('',*,*,#2272,.F.);
#3620=ORIENTED_EDGE('',*,*,#2269,.F.);
#3621=ORIENTED_EDGE('',*,*,#2261,.F.);
#3622=ORIENTED_EDGE('',*,*,#2229,.F.);
#3623=ORIENTED_EDGE('',*,*,#2497,.T.);
#3624=ORIENTED_EDGE('',*,*,#2264,.F.);
#3625=ORIENTED_EDGE('',*,*,#2339,.F.);
#3626=ORIENTED_EDGE('',*,*,#2327,.F.);
#3627=ORIENTED_EDGE('',*,*,#2326,.F.);
#3628=ORIENTED_EDGE('',*,*,#2270,.F.);
#3629=ORIENTED_EDGE('',*,*,#2498,.T.);
#3630=ORIENTED_EDGE('',*,*,#2153,.F.);
#3631=ORIENTED_EDGE('',*,*,#2232,.F.);
#3632=ORIENTED_EDGE('',*,*,#2227,.F.);
#3633=ORIENTED_EDGE('',*,*,#2419,.T.);
#3634=ORIENTED_EDGE('',*,*,#2446,.F.);
#3635=ORIENTED_EDGE('',*,*,#2422,.T.);
#3636=ORIENTED_EDGE('',*,*,#2426,.T.);
#3637=ORIENTED_EDGE('',*,*,#2449,.F.);
#3638=ORIENTED_EDGE('',*,*,#2429,.T.);
#3639=ORIENTED_EDGE('',*,*,#2433,.T.);
#3640=ORIENTED_EDGE('',*,*,#2452,.F.);
#3641=ORIENTED_EDGE('',*,*,#2436,.T.);
#3642=ORIENTED_EDGE('',*,*,#2440,.T.);
#3643=ORIENTED_EDGE('',*,*,#2455,.F.);
#3644=ORIENTED_EDGE('',*,*,#2443,.T.);
#3645=B_SPLINE_SURFACE_WITH_KNOTS('',3,3,((#5591,#5592,#5593,#5594),(#5595,
#5596,#5597,#5598),(#5599,#5600,#5601,#5602),(#5603,#5604,#5605,#5606),
(#5607,#5608,#5609,#5610)),.UNSPECIFIED.,.F.,.F.,.F.,(4,1,4),(4,4),(0.,
0.5,1.),(-0.834360242867503,2.22044604925031E-16),.UNSPECIFIED.);
#3646=B_SPLINE_SURFACE_WITH_KNOTS('',3,3,((#5634,#5635,#5636,#5637,#5638),
(#5639,#5640,#5641,#5642,#5643),(#5644,#5645,#5646,#5647,#5648),(#5649,
#5650,#5651,#5652,#5653)),.UNSPECIFIED.,.F.,.F.,.F.,(4,4),(4,1,4),(0.,1.),
(-1.5707963267949,-0.897597901025656,0.),.UNSPECIFIED.);
#3647=B_SPLINE_SURFACE_WITH_KNOTS('',3,3,((#5665,#5666,#5667,#5668,#5669,
#5670),(#5671,#5672,#5673,#5674,#5675,#5676),(#5677,#5678,#5679,#5680,#5681,
#5682),(#5683,#5684,#5685,#5686,#5687,#5688)),.UNSPECIFIED.,.F.,.F.,.F.,
(4,4),(4,2,4),(0.,1.),(-0.000785478302875279,0.,0.199607489121342),
 .UNSPECIFIED.);
#3648=B_SPLINE_SURFACE_WITH_KNOTS('',3,3,((#5705,#5706,#5707,#5708),(#5709,
#5710,#5711,#5712),(#5713,#5714,#5715,#5716),(#5717,#5718,#5719,#5720)),
 .UNSPECIFIED.,.F.,.F.,.F.,(4,4),(4,4),(0.,1.),(0.151172499385539,0.243703199959171),
 .UNSPECIFIED.);
#3649=B_SPLINE_SURFACE_WITH_KNOTS('',3,3,((#5735,#5736,#5737,#5738,#5739),
(#5740,#5741,#5742,#5743,#5744),(#5745,#5746,#5747,#5748,#5749),(#5750,
#5751,#5752,#5753,#5754)),.UNSPECIFIED.,.F.,.F.,.F.,(4,4),(4,1,4),(0.,1.),
(0.,1.40597542788485,2.8119508557697),.UNSPECIFIED.);
#3650=B_SPLINE_SURFACE_WITH_KNOTS('',3,3,((#5768,#5769,#5770,#5771),(#5772,
#5773,#5774,#5775),(#5776,#5777,#5778,#5779),(#5780,#5781,#5782,#5783)),
 .UNSPECIFIED.,.F.,.F.,.F.,(4,4),(4,4),(0.,1.),(0.,0.155427115975554),
 .UNSPECIFIED.);
#3651=B_SPLINE_SURFACE_WITH_KNOTS('',3,3,((#5795,#5796,#5797,#5798,#5799),
(#5800,#5801,#5802,#5803,#5804),(#5805,#5806,#5807,#5808,#5809),(#5810,
#5811,#5812,#5813,#5814),(#5815,#5816,#5817,#5818,#5819)),.UNSPECIFIED.,
 .F.,.F.,.F.,(4,1,4),(4,1,4),(0.,0.5,1.),(0.164581742969873,0.242713534157664,
0.320845325345455),.UNSPECIFIED.);
#3652=B_SPLINE_SURFACE_WITH_KNOTS('',3,3,((#5833,#5834,#5835,#5836),(#5837,
#5838,#5839,#5840),(#5841,#5842,#5843,#5844),(#5845,#5846,#5847,#5848)),
 .UNSPECIFIED.,.F.,.F.,.F.,(4,4),(4,4),(0.,1.),(5.73145933723781E-15,0.191163060615576),
 .UNSPECIFIED.);
#3653=B_SPLINE_SURFACE_WITH_KNOTS('',3,3,((#5862,#5863,#5864,#5865,#5866),
(#5867,#5868,#5869,#5870,#5871),(#5872,#5873,#5874,#5875,#5876),(#5877,
#5878,#5879,#5880,#5881),(#5882,#5883,#5884,#5885,#5886)),.UNSPECIFIED.,
 .F.,.F.,.F.,(4,1,4),(4,1,4),(0.,0.5,1.),(-0.320925150589736,-0.227063343848344,
-0.156666988792301),.UNSPECIFIED.);
#3654=B_SPLINE_SURFACE_WITH_KNOTS('',3,3,((#5900,#5901,#5902,#5903,#5904),
(#5905,#5906,#5907,#5908,#5909),(#5910,#5911,#5912,#5913,#5914),(#5915,
#5916,#5917,#5918,#5919),(#5920,#5921,#5922,#5923,#5924)),.UNSPECIFIED.,
 .F.,.F.,.F.,(4,1,4),(4,1,4),(0.,0.5,1.),(2.18609179158271,2.2971707926519,
2.44527612741081),.UNSPECIFIED.);
#3655=B_SPLINE_SURFACE_WITH_KNOTS('',3,3,((#5954,#5955,#5956,#5957),(#5958,
#5959,#5960,#5961),(#5962,#5963,#5964,#5965),(#5966,#5967,#5968,#5969)),
 .UNSPECIFIED.,.F.,.F.,.F.,(4,4),(4,4),(0.,0.510425011665744),(0.454586427639855,
0.483525304606624),.UNSPECIFIED.);
#3656=B_SPLINE_SURFACE_WITH_KNOTS('',3,3,((#5976,#5977,#5978,#5979),(#5980,
#5981,#5982,#5983),(#5984,#5985,#5986,#5987),(#5988,#5989,#5990,#5991),
(#5992,#5993,#5994,#5995)),.UNSPECIFIED.,.F.,.F.,.F.,(4,1,4),(4,4),(0.,
0.571428571428571,1.),(2.06844503037736E-15,0.254870874450033),
 .UNSPECIFIED.);
#3657=B_SPLINE_SURFACE_WITH_KNOTS('',3,3,((#6007,#6008,#6009,#6010),(#6011,
#6012,#6013,#6014),(#6015,#6016,#6017,#6018),(#6019,#6020,#6021,#6022),
(#6023,#6024,#6025,#6026)),.UNSPECIFIED.,.F.,.F.,.F.,(4,1,4),(4,4),(0.,
0.5,1.),(0.00157097315857963,0.251767430571991),.UNSPECIFIED.);
#3658=B_SPLINE_SURFACE_WITH_KNOTS('',3,3,((#6041,#6042,#6043,#6044),(#6045,
#6046,#6047,#6048),(#6049,#6050,#6051,#6052),(#6053,#6054,#6055,#6056),
(#6057,#6058,#6059,#6060)),.UNSPECIFIED.,.F.,.F.,.F.,(4,1,4),(4,4),(0.,
0.5,1.),(1.67758450087031E-15,0.139331289671826),.UNSPECIFIED.);
#3659=B_SPLINE_SURFACE_WITH_KNOTS('',3,3,((#6072,#6073,#6074,#6075,#6076,
#6077,#6078,#6079,#6080,#6081),(#6082,#6083,#6084,#6085,#6086,#6087,#6088,
#6089,#6090,#6091),(#6092,#6093,#6094,#6095,#6096,#6097,#6098,#6099,#6100,
#6101),(#6102,#6103,#6104,#6105,#6106,#6107,#6108,#6109,#6110,#6111)),
 .UNSPECIFIED.,.F.,.F.,.F.,(4,4),(4,2,1,1,1,1,4),(0.,1.),(-0.606656471460648,
-0.605706924897314,-0.484565539917851,-0.363424154938388,-0.242282769958926,
-0.121141384979463,0.),.UNSPECIFIED.);
#3660=B_SPLINE_SURFACE_WITH_KNOTS('',3,3,((#6133,#6134,#6135,#6136),(#6137,
#6138,#6139,#6140),(#6141,#6142,#6143,#6144),(#6145,#6146,#6147,#6148),
(#6149,#6150,#6151,#6152)),.UNSPECIFIED.,.F.,.F.,.F.,(4,1,4),(4,4),(0.,
0.5,1.),(0.,0.00626207827461862),.UNSPECIFIED.);
#3661=B_SPLINE_SURFACE_WITH_KNOTS('',3,3,((#6164,#6165,#6166,#6167),(#6168,
#6169,#6170,#6171),(#6172,#6173,#6174,#6175),(#6176,#6177,#6178,#6179),
(#6180,#6181,#6182,#6183)),.UNSPECIFIED.,.F.,.F.,.F.,(4,1,4),(4,4),(0.,
0.5,1.),(0.,0.013501091640399),.UNSPECIFIED.);
#3662=B_SPLINE_SURFACE_WITH_KNOTS('',3,3,((#6228,#6229,#6230,#6231),(#6232,
#6233,#6234,#6235),(#6236,#6237,#6238,#6239),(#6240,#6241,#6242,#6243),
(#6244,#6245,#6246,#6247),(#6248,#6249,#6250,#6251)),.UNSPECIFIED.,.F.,
 .F.,.F.,(4,1,1,4),(4,4),(0.,0.285714285714286,0.571428571428571,1.),(0.251134975543561,
3.75193927289312),.UNSPECIFIED.);
#3663=B_SPLINE_SURFACE_WITH_KNOTS('',3,3,((#6263,#6264,#6265,#6266),(#6267,
#6268,#6269,#6270),(#6271,#6272,#6273,#6274),(#6275,#6276,#6277,#6278)),
 .UNSPECIFIED.,.F.,.F.,.F.,(4,4),(4,4),(0.0137543623399357,0.997656004482861),
(0.0199147379003128,0.974388095725944),.UNSPECIFIED.);
#3664=B_SPLINE_SURFACE_WITH_KNOTS('',3,3,((#6309,#6310,#6311,#6312,#6313,
#6314,#6315,#6316),(#6317,#6318,#6319,#6320,#6321,#6322,#6323,#6324),(#6325,
#6326,#6327,#6328,#6329,#6330,#6331,#6332),(#6333,#6334,#6335,#6336,#6337,
#6338,#6339,#6340)),.UNSPECIFIED.,.F.,.F.,.F.,(4,4),(4,2,1,1,4),(0.,1.),
(-0.00628153800955571,0.,2.24138127288738,3.36207190933107,5.60345318221845),
 .UNSPECIFIED.);
#3665=B_SPLINE_SURFACE_WITH_KNOTS('',3,3,((#6399,#6400,#6401,#6402),(#6403,
#6404,#6405,#6406),(#6407,#6408,#6409,#6410),(#6411,#6412,#6413,#6414)),
 .UNSPECIFIED.,.F.,.F.,.F.,(4,4),(4,4),(0.,1.),(-4.1525586798755,-0.134176462194239),
 .UNSPECIFIED.);
#3666=B_SPLINE_SURFACE_WITH_KNOTS('',3,3,((#6441,#6442,#6443,#6444),(#6445,
#6446,#6447,#6448),(#6449,#6450,#6451,#6452),(#6453,#6454,#6455,#6456),
(#6457,#6458,#6459,#6460)),.UNSPECIFIED.,.F.,.F.,.F.,(4,1,4),(4,4),(0.,
0.571428571428571,1.),(0.0931113173126378,0.241730267391914),
 .UNSPECIFIED.);
#3667=B_SPLINE_SURFACE_WITH_KNOTS('',3,3,((#6467,#6468,#6469,#6470),(#6471,
#6472,#6473,#6474),(#6475,#6476,#6477,#6478),(#6479,#6480,#6481,#6482)),
 .UNSPECIFIED.,.F.,.F.,.F.,(4,4),(4,4),(0.,1.),(0.594583633553776,0.810635464514162),
 .UNSPECIFIED.);
#3668=B_SPLINE_SURFACE_WITH_KNOTS('',3,3,((#6489,#6490,#6491,#6492),(#6493,
#6494,#6495,#6496),(#6497,#6498,#6499,#6500),(#6501,#6502,#6503,#6504)),
 .UNSPECIFIED.,.F.,.F.,.F.,(4,4),(4,4),(0.,1.),(-0.760069442306268,-0.689427132945453),
 .UNSPECIFIED.);
#3669=B_SPLINE_SURFACE_WITH_KNOTS('',3,3,((#6516,#6517,#6518,#6519,#6520),
(#6521,#6522,#6523,#6524,#6525),(#6526,#6527,#6528,#6529,#6530),(#6531,
#6532,#6533,#6534,#6535)),.UNSPECIFIED.,.F.,.F.,.F.,(4,4),(4,1,4),(0.,1.),
(-0.17928789671295,-0.089643948356475,4.39120919343981E-16),
 .UNSPECIFIED.);
#3670=B_SPLINE_SURFACE_WITH_KNOTS('',3,3,((#6549,#6550,#6551,#6552,#6553,
#6554,#6555,#6556,#6557,#6558,#6559,#6560,#6561,#6562,#6563,#6564,#6565,
#6566,#6567,#6568,#6569,#6570,#6571,#6572),(#6573,#6574,#6575,#6576,#6577,
#6578,#6579,#6580,#6581,#6582,#6583,#6584,#6585,#6586,#6587,#6588,#6589,
#6590,#6591,#6592,#6593,#6594,#6595,#6596),(#6597,#6598,#6599,#6600,#6601,
#6602,#6603,#6604,#6605,#6606,#6607,#6608,#6609,#6610,#6611,#6612,#6613,
#6614,#6615,#6616,#6617,#6618,#6619,#6620),(#6621,#6622,#6623,#6624,#6625,
#6626,#6627,#6628,#6629,#6630,#6631,#6632,#6633,#6634,#6635,#6636,#6637,
#6638,#6639,#6640,#6641,#6642,#6643,#6644),(#6645,#6646,#6647,#6648,#6649,
#6650,#6651,#6652,#6653,#6654,#6655,#6656,#6657,#6658,#6659,#6660,#6661,
#6662,#6663,#6664,#6665,#6666,#6667,#6668)),.UNSPECIFIED.,.F.,.F.,.F.,(4,
1,4),(4,1,1,1,1,1,1,1,1,1,1,1,1,1,1,1,1,1,1,1,1,4),(0.,0.571428571428571,
1.),(-0.152137289669322,-0.0982427115680226,-0.0712954225173731,-0.0443481334667236,
-0.0263832740996239,-0.0174008444160741,0.000564014951025621,0.00954644463457546,
0.0162832668972378,0.0171253696800706,0.0179674724629034,0.019651678028569,
0.0230200891599002,0.0247042947255658,0.0263885002912314,0.0297569114225626,
0.0314411169882282,0.0331253225538938,0.0348095281195594,0.0356516309023922,
0.0360726822938086,0.036493733685225),.UNSPECIFIED.);
#3671=B_SPLINE_SURFACE_WITH_KNOTS('',3,3,((#6757,#6758,#6759,#6760),(#6761,
#6762,#6763,#6764),(#6765,#6766,#6767,#6768),(#6769,#6770,#6771,#6772),
(#6773,#6774,#6775,#6776)),.UNSPECIFIED.,.F.,.F.,.F.,(4,1,4),(4,4),(0.,
0.571428571428571,1.),(0.,0.396836445573785),.UNSPECIFIED.);
#3672=B_SPLINE_SURFACE_WITH_KNOTS('',3,3,((#6791,#6792,#6793,#6794,#6795),
(#6796,#6797,#6798,#6799,#6800),(#6801,#6802,#6803,#6804,#6805),(#6806,
#6807,#6808,#6809,#6810),(#6811,#6812,#6813,#6814,#6815)),.UNSPECIFIED.,
 .F.,.F.,.F.,(4,1,4),(4,1,4),(0.,0.571428571428571,1.),(1.11958720632478E-15,
0.0829233980434137,0.193487928767964),.UNSPECIFIED.);
#3673=B_SPLINE_SURFACE_WITH_KNOTS('',3,3,((#6823,#6824,#6825,#6826),(#6827,
#6828,#6829,#6830),(#6831,#6832,#6833,#6834),(#6835,#6836,#6837,#6838),
(#6839,#6840,#6841,#6842)),.UNSPECIFIED.,.F.,.F.,.F.,(4,1,4),(4,4),(0.,
0.5,1.),(0.,0.310475563333145),.UNSPECIFIED.);
#3674=B_SPLINE_SURFACE_WITH_KNOTS('',3,3,((#6849,#6850,#6851,#6852),(#6853,
#6854,#6855,#6856),(#6857,#6858,#6859,#6860),(#6861,#6862,#6863,#6864),
(#6865,#6866,#6867,#6868)),.UNSPECIFIED.,.F.,.F.,.F.,(4,1,4),(4,4),(0.,
0.5,1.),(0.,0.130180728040885),.UNSPECIFIED.);
#3675=B_SPLINE_SURFACE_WITH_KNOTS('',3,3,((#6908,#6909,#6910,#6911),(#6912,
#6913,#6914,#6915),(#6916,#6917,#6918,#6919),(#6920,#6921,#6922,#6923)),
 .UNSPECIFIED.,.F.,.F.,.F.,(4,4),(4,4),(-6.6466070082452E-16,0.999626306136218),
(0.,0.998966079166109),.UNSPECIFIED.);
#3676=B_SPLINE_SURFACE_WITH_KNOTS('',3,3,((#6940,#6941,#6942,#6943,#6944,
#6945),(#6946,#6947,#6948,#6949,#6950,#6951),(#6952,#6953,#6954,#6955,#6956,
#6957),(#6958,#6959,#6960,#6961,#6962,#6963),(#6964,#6965,#6966,#6967,#6968,
#6969)),.UNSPECIFIED.,.F.,.F.,.F.,(4,1,4),(4,1,1,4),(0.,0.571428571428571,
1.),(-1.5707963267949,-0.897597901025656,-0.448798950512828,2.04521814926311E-16),
 .UNSPECIFIED.);
#3677=B_SPLINE_SURFACE_WITH_KNOTS('',3,3,((#6988,#6989,#6990,#6991,#6992,
#6993),(#6994,#6995,#6996,#6997,#6998,#6999),(#7000,#7001,#7002,#7003,#7004,
#7005),(#7006,#7007,#7008,#7009,#7010,#7011),(#7012,#7013,#7014,#7015,#7016,
#7017)),.UNSPECIFIED.,.F.,.F.,.F.,(4,1,4),(4,1,1,4),(0.,0.571428571428571,
1.),(5.47074173519184E-15,0.448798950512831,0.897597901025657,1.5707963267949),
 .UNSPECIFIED.);
#3678=B_SPLINE_SURFACE_WITH_KNOTS('',3,3,((#7040,#7041,#7042,#7043,#7044,
#7045),(#7046,#7047,#7048,#7049,#7050,#7051),(#7052,#7053,#7054,#7055,#7056,
#7057),(#7058,#7059,#7060,#7061,#7062,#7063),(#7064,#7065,#7066,#7067,#7068,
#7069)),.UNSPECIFIED.,.F.,.F.,.F.,(4,1,4),(4,1,1,4),(0.,0.571428571428571,
1.),(-1.5707963267949,-0.897597901025643,-0.448798950512806,2.92662274261821E-14),
 .UNSPECIFIED.);
#3679=B_SPLINE_SURFACE_WITH_KNOTS('',3,3,((#7083,#7084,#7085,#7086,#7087,
#7088),(#7089,#7090,#7091,#7092,#7093,#7094),(#7095,#7096,#7097,#7098,#7099,
#7100),(#7101,#7102,#7103,#7104,#7105,#7106),(#7107,#7108,#7109,#7110,#7111,
#7112)),.UNSPECIFIED.,.F.,.F.,.F.,(4,1,4),(4,1,1,4),(0.,0.571428571428571,
1.),(-9.6969065830859E-16,0.448798950512827,0.897597901025655,1.5707963267949),
 .UNSPECIFIED.);
#3680=B_SPLINE_SURFACE_WITH_KNOTS('',3,3,((#7289,#7290,#7291,#7292,#7293,
#7294),(#7295,#7296,#7297,#7298,#7299,#7300),(#7301,#7302,#7303,#7304,#7305,
#7306),(#7307,#7308,#7309,#7310,#7311,#7312),(#7313,#7314,#7315,#7316,#7317,
#7318)),.UNSPECIFIED.,.F.,.F.,.F.,(4,1,4),(4,1,1,4),(0.,0.571428571428571,
1.),(1.53765888910582E-13,0.224399475256612,0.448798950513071,0.785398163397759),
 .UNSPECIFIED.);
#3681=B_SPLINE_SURFACE_WITH_KNOTS('',3,3,((#7380,#7381,#7382,#7383),(#7384,
#7385,#7386,#7387),(#7388,#7389,#7390,#7391),(#7392,#7393,#7394,#7395),
(#7396,#7397,#7398,#7399)),.UNSPECIFIED.,.F.,.F.,.F.,(4,1,4),(4,4),(0.,
0.5,1.),(0.523598775598421,1.04719755119658),.UNSPECIFIED.);
#3682=B_SPLINE_SURFACE_WITH_KNOTS('',3,3,((#7434,#7435,#7436,#7437),(#7438,
#7439,#7440,#7441),(#7442,#7443,#7444,#7445),(#7446,#7447,#7448,#7449),
(#7450,#7451,#7452,#7453)),.UNSPECIFIED.,.F.,.F.,.F.,(4,1,4),(4,4),(0.,
0.5,1.),(-1.04719755119708,-0.523598775598418),.UNSPECIFIED.);
#3683=B_SPLINE_SURFACE_WITH_KNOTS('',3,3,((#7481,#7482,#7483,#7484,#7485,
#7486),(#7487,#7488,#7489,#7490,#7491,#7492),(#7493,#7494,#7495,#7496,#7497,
#7498),(#7499,#7500,#7501,#7502,#7503,#7504)),.UNSPECIFIED.,.F.,.F.,.F.,
(4,4),(4,2,4),(0.,1.),(-2.42066558430999,-2.41801781146035,-0.383724093539248),
 .UNSPECIFIED.);
#3684=B_SPLINE_SURFACE_WITH_KNOTS('',3,3,((#7505,#7506,#7507,#7508),(#7509,
#7510,#7511,#7512),(#7513,#7514,#7515,#7516),(#7517,#7518,#7519,#7520),
(#7521,#7522,#7523,#7524)),.UNSPECIFIED.,.F.,.F.,.F.,(4,1,4),(4,4),(0.,
0.5,1.),(0.0708506275496611,0.319748858060998),.UNSPECIFIED.);
#3685=B_SPLINE_SURFACE_WITH_KNOTS('',3,3,((#7572,#7573,#7574,#7575),(#7576,
#7577,#7578,#7579),(#7580,#7581,#7582,#7583),(#7584,#7585,#7586,#7587)),
 .UNSPECIFIED.,.F.,.F.,.F.,(4,4),(4,4),(0.460004665229256,1.),(-0.280739171908956,
-0.135286140795124),.UNSPECIFIED.);
#3686=B_SPLINE_SURFACE_WITH_KNOTS('',3,3,((#7735,#7736,#7737,#7738),(#7739,
#7740,#7741,#7742),(#7743,#7744,#7745,#7746),(#7747,#7748,#7749,#7750)),
 .UNSPECIFIED.,.F.,.F.,.F.,(4,4),(4,4),(0.,1.),(4.89458886116447E-14,0.785398163397078),
 .UNSPECIFIED.);
#3687=B_SPLINE_SURFACE_WITH_KNOTS('',3,3,((#7761,#7762,#7763,#7764,#7765,
#7766),(#7767,#7768,#7769,#7770,#7771,#7772),(#7773,#7774,#7775,#7776,#7777,
#7778),(#7779,#7780,#7781,#7782,#7783,#7784),(#7785,#7786,#7787,#7788,#7789,
#7790)),.UNSPECIFIED.,.F.,.F.,.F.,(4,1,4),(4,1,1,4),(0.,0.571428571428571,
1.),(1.46873254299367E-14,0.168299606442381,0.336599212884747,0.785398163397723),
 .UNSPECIFIED.);
#3688=B_SPLINE_SURFACE_WITH_KNOTS('',3,3,((#7803,#7804,#7805,#7806,#7807,
#7808),(#7809,#7810,#7811,#7812,#7813,#7814),(#7815,#7816,#7817,#7818,#7819,
#7820),(#7821,#7822,#7823,#7824,#7825,#7826),(#7827,#7828,#7829,#7830,#7831,
#7832)),.UNSPECIFIED.,.F.,.F.,.F.,(4,1,4),(4,1,1,4),(0.,0.571428571428571,
1.),(-1.1245634053599E-13,0.168299606442183,0.336599212884478,0.785398163397266),
 .UNSPECIFIED.);
#3689=B_SPLINE_SURFACE_WITH_KNOTS('',3,3,((#7885,#7886,#7887,#7888,#7889),
(#7890,#7891,#7892,#7893,#7894),(#7895,#7896,#7897,#7898,#7899),(#7900,
#7901,#7902,#7903,#7904),(#7905,#7906,#7907,#7908,#7909)),.UNSPECIFIED.,
 .F.,.F.,.F.,(4,1,4),(4,1,4),(0.,0.571428571428571,1.),(4.71238898038469,
5.38558740615393,6.28318530717959),.UNSPECIFIED.);
#3690=ADVANCED_FACE('',(#736),#3645,.F.);
#3691=ADVANCED_FACE('',(#737),#640,.T.);
#3692=ADVANCED_FACE('',(#738),#3646,.F.);
#3693=ADVANCED_FACE('',(#739),#641,.F.);
#3694=ADVANCED_FACE('',(#740),#90,.T.);
#3695=ADVANCED_FACE('',(#741),#3647,.F.);
#3696=ADVANCED_FACE('',(#742),#3648,.F.);
#3697=ADVANCED_FACE('',(#743),#3649,.F.);
#3698=ADVANCED_FACE('',(#744),#3650,.F.);
#3699=ADVANCED_FACE('',(#745),#3651,.F.);
#3700=ADVANCED_FACE('',(#746),#3652,.F.);
#3701=ADVANCED_FACE('',(#747),#3653,.F.);
#3702=ADVANCED_FACE('',(#748),#3654,.T.);
#3703=ADVANCED_FACE('',(#749),#642,.F.);
#3704=ADVANCED_FACE('',(#750),#68,.F.);
#3705=ADVANCED_FACE('',(#751),#91,.F.);
#3706=ADVANCED_FACE('',(#752),#3655,.T.);
#3707=ADVANCED_FACE('',(#753),#3656,.T.);
#3708=ADVANCED_FACE('',(#754),#3657,.T.);
#3709=ADVANCED_FACE('',(#755),#3658,.T.);
#3710=ADVANCED_FACE('',(#756),#3659,.T.);
#3711=ADVANCED_FACE('',(#757),#3660,.T.);
#3712=ADVANCED_FACE('',(#758),#3661,.T.);
#3713=ADVANCED_FACE('',(#759),#643,.T.);
#3714=ADVANCED_FACE('',(#760),#92,.T.);
#3715=ADVANCED_FACE('',(#761),#644,.T.);
#3716=ADVANCED_FACE('',(#762),#3662,.F.);
#3717=ADVANCED_FACE('',(#763),#3663,.T.);
#3718=ADVANCED_FACE('',(#764),#3664,.F.);
#3719=ADVANCED_FACE('',(#765),#3665,.F.);
#3720=ADVANCED_FACE('',(#766),#3666,.F.);
#3721=ADVANCED_FACE('',(#767),#3667,.T.);
#3722=ADVANCED_FACE('',(#768),#3668,.T.);
#3723=ADVANCED_FACE('',(#769),#3669,.T.);
#3724=ADVANCED_FACE('',(#770),#3670,.T.);
#3725=ADVANCED_FACE('',(#771),#93,.F.);
#3726=ADVANCED_FACE('',(#772),#69,.T.);
#3727=ADVANCED_FACE('',(#773),#70,.T.);
#3728=ADVANCED_FACE('',(#774),#645,.T.);
#3729=ADVANCED_FACE('',(#775),#47,.T.);
#3730=ADVANCED_FACE('',(#776),#3671,.F.);
#3731=ADVANCED_FACE('',(#777),#48,.T.);
#3732=ADVANCED_FACE('',(#778),#71,.T.);
#3733=ADVANCED_FACE('',(#779),#3672,.F.);
#3734=ADVANCED_FACE('',(#780),#3673,.F.);
#3735=ADVANCED_FACE('',(#781),#3674,.F.);
#3736=ADVANCED_FACE('',(#782),#646,.F.);
#3737=ADVANCED_FACE('',(#783),#647,.F.);
#3738=ADVANCED_FACE('',(#784,#16),#94,.T.);
#3739=ADVANCED_FACE('',(#785),#648,.T.);
#3740=ADVANCED_FACE('',(#786),#95,.T.);
#3741=ADVANCED_FACE('',(#787),#3675,.T.);
#3742=ADVANCED_FACE('',(#788),#3676,.F.);
#3743=ADVANCED_FACE('',(#789),#649,.T.);
#3744=ADVANCED_FACE('',(#790),#72,.T.);
#3745=ADVANCED_FACE('',(#791),#3677,.F.);
#3746=ADVANCED_FACE('',(#792),#650,.F.);
#3747=ADVANCED_FACE('',(#793),#96,.T.);
#3748=ADVANCED_FACE('',(#794),#651,.F.);
#3749=ADVANCED_FACE('',(#795),#652,.F.);
#3750=ADVANCED_FACE('',(#796),#3678,.F.);
#3751=ADVANCED_FACE('',(#797),#73,.T.);
#3752=ADVANCED_FACE('',(#798),#653,.T.);
#3753=ADVANCED_FACE('',(#799),#3679,.F.);
#3754=ADVANCED_FACE('',(#800),#97,.T.);
#3755=ADVANCED_FACE('',(#801),#654,.F.);
#3756=ADVANCED_FACE('',(#802),#655,.F.);
#3757=ADVANCED_FACE('',(#803),#49,.T.);
#3758=ADVANCED_FACE('',(#804),#50,.T.);
#3759=ADVANCED_FACE('',(#805),#51,.T.);
#3760=ADVANCED_FACE('',(#806),#52,.T.);
#3761=ADVANCED_FACE('',(#807),#53,.T.);
#3762=ADVANCED_FACE('',(#808),#656,.T.);
#3763=ADVANCED_FACE('',(#809),#54,.T.);
#3764=ADVANCED_FACE('',(#810),#657,.T.);
#3765=ADVANCED_FACE('',(#811),#658,.T.);
#3766=ADVANCED_FACE('',(#812),#55,.T.);
#3767=ADVANCED_FACE('',(#813),#56,.T.);
#3768=ADVANCED_FACE('',(#814),#57,.T.);
#3769=ADVANCED_FACE('',(#815),#659,.T.);
#3770=ADVANCED_FACE('',(#816),#58,.T.);
#3771=ADVANCED_FACE('',(#817),#660,.T.);
#3772=ADVANCED_FACE('',(#818),#59,.T.);
#3773=ADVANCED_FACE('',(#819),#60,.T.);
#3774=ADVANCED_FACE('',(#820),#661,.T.);
#3775=ADVANCED_FACE('',(#821),#61,.T.);
#3776=ADVANCED_FACE('',(#822),#62,.T.);
#3777=ADVANCED_FACE('',(#823),#63,.T.);
#3778=ADVANCED_FACE('',(#824),#64,.T.);
#3779=ADVANCED_FACE('',(#825),#65,.T.);
#3780=ADVANCED_FACE('',(#826),#662,.F.);
#3781=ADVANCED_FACE('',(#827),#74,.F.);
#3782=ADVANCED_FACE('',(#828),#663,.F.);
#3783=ADVANCED_FACE('',(#829),#664,.T.);
#3784=ADVANCED_FACE('',(#830),#3680,.T.);
#3785=ADVANCED_FACE('',(#831),#665,.T.);
#3786=ADVANCED_FACE('',(#832),#666,.T.);
#3787=ADVANCED_FACE('',(#833),#667,.T.);
#3788=ADVANCED_FACE('',(#834),#668,.T.);
#3789=ADVANCED_FACE('',(#835),#669,.T.);
#3790=ADVANCED_FACE('',(#836),#670,.T.);
#3791=ADVANCED_FACE('',(#837),#671,.T.);
#3792=ADVANCED_FACE('',(#838),#672,.T.);
#3793=ADVANCED_FACE('',(#839),#673,.T.);
#3794=ADVANCED_FACE('',(#840),#674,.T.);
#3795=ADVANCED_FACE('',(#841),#675,.T.);
#3796=ADVANCED_FACE('',(#842),#676,.T.);
#3797=ADVANCED_FACE('',(#843),#677,.T.);
#3798=ADVANCED_FACE('',(#844),#678,.T.);
#3799=ADVANCED_FACE('',(#845),#3681,.F.);
#3800=ADVANCED_FACE('',(#846),#679,.T.);
#3801=ADVANCED_FACE('',(#847),#680,.T.);
#3802=ADVANCED_FACE('',(#848),#681,.T.);
#3803=ADVANCED_FACE('',(#849),#682,.T.);
#3804=ADVANCED_FACE('',(#850),#683,.T.);
#3805=ADVANCED_FACE('',(#851),#3682,.F.);
#3806=ADVANCED_FACE('',(#852),#684,.T.);
#3807=ADVANCED_FACE('',(#853),#685,.T.);
#3808=ADVANCED_FACE('',(#854),#686,.T.);
#3809=ADVANCED_FACE('',(#855),#687,.T.);
#3810=ADVANCED_FACE('',(#856),#688,.T.);
#3811=ADVANCED_FACE('',(#857),#689,.T.);
#3812=ADVANCED_FACE('',(#858),#690,.T.);
#3813=ADVANCED_FACE('',(#859),#3683,.F.);
#3814=ADVANCED_FACE('',(#860),#3684,.F.);
#3815=ADVANCED_FACE('',(#861),#691,.T.);
#3816=ADVANCED_FACE('',(#862),#75,.T.);
#3817=ADVANCED_FACE('',(#863),#692,.T.);
#3818=ADVANCED_FACE('',(#864),#693,.T.);
#3819=ADVANCED_FACE('',(#865),#76,.T.);
#3820=ADVANCED_FACE('',(#866),#694,.T.);
#3821=ADVANCED_FACE('',(#867),#66,.T.);
#3822=ADVANCED_FACE('',(#868),#3685,.F.);
#3823=ADVANCED_FACE('',(#869),#67,.T.);
#3824=ADVANCED_FACE('',(#870),#98,.T.);
#3825=ADVANCED_FACE('',(#871),#99,.T.);
#3826=ADVANCED_FACE('',(#872),#100,.T.);
#3827=ADVANCED_FACE('',(#873),#101,.T.);
#3828=ADVANCED_FACE('',(#874,#17),#102,.T.);
#3829=ADVANCED_FACE('',(#875),#103,.T.);
#3830=ADVANCED_FACE('',(#876),#104,.T.);
#3831=ADVANCED_FACE('',(#877),#695,.T.);
#3832=ADVANCED_FACE('',(#878,#18,#19,#20,#21,#22,#23,#24),#105,.T.);
#3833=ADVANCED_FACE('',(#879),#696,.T.);
#3834=ADVANCED_FACE('',(#880),#106,.F.);
#3835=ADVANCED_FACE('',(#881),#107,.T.);
#3836=ADVANCED_FACE('',(#882,#25),#108,.T.);
#3837=ADVANCED_FACE('',(#883,#26),#109,.T.);
#3838=ADVANCED_FACE('',(#884),#110,.T.);
#3839=ADVANCED_FACE('',(#885),#111,.T.);
#3840=ADVANCED_FACE('',(#886),#112,.T.);
#3841=ADVANCED_FACE('',(#887),#77,.T.);
#3842=ADVANCED_FACE('',(#888),#697,.F.);
#3843=ADVANCED_FACE('',(#889),#698,.T.);
#3844=ADVANCED_FACE('',(#890,#27,#28,#29,#30),#113,.T.);
#3845=ADVANCED_FACE('',(#891),#699,.F.);
#3846=ADVANCED_FACE('',(#892),#700,.F.);
#3847=ADVANCED_FACE('',(#893),#114,.T.);
#3848=ADVANCED_FACE('',(#894),#701,.F.);
#3849=ADVANCED_FACE('',(#895),#702,.F.);
#3850=ADVANCED_FACE('',(#896),#3686,.T.);
#3851=ADVANCED_FACE('',(#897),#703,.F.);
#3852=ADVANCED_FACE('',(#898),#704,.F.);
#3853=ADVANCED_FACE('',(#899),#3687,.T.);
#3854=ADVANCED_FACE('',(#900),#705,.F.);
#3855=ADVANCED_FACE('',(#901),#706,.F.);
#3856=ADVANCED_FACE('',(#902),#3688,.T.);
#3857=ADVANCED_FACE('',(#903),#707,.T.);
#3858=ADVANCED_FACE('',(#904),#708,.T.);
#3859=ADVANCED_FACE('',(#905),#709,.T.);
#3860=ADVANCED_FACE('',(#906),#78,.T.);
#3861=ADVANCED_FACE('',(#907),#710,.T.);
#3862=ADVANCED_FACE('',(#908),#15,.F.);
#3863=ADVANCED_FACE('',(#909),#115,.T.);
#3864=ADVANCED_FACE('',(#910),#116,.T.);
#3865=ADVANCED_FACE('',(#911),#79,.T.);
#3866=ADVANCED_FACE('',(#912),#80,.T.);
#3867=ADVANCED_FACE('',(#913),#711,.T.);
#3868=ADVANCED_FACE('',(#914),#712,.F.);
#3869=ADVANCED_FACE('',(#915),#81,.T.);
#3870=ADVANCED_FACE('',(#916),#713,.T.);
#3871=ADVANCED_FACE('',(#917),#714,.T.);
#3872=ADVANCED_FACE('',(#918),#82,.T.);
#3873=ADVANCED_FACE('',(#919),#715,.T.);
#3874=ADVANCED_FACE('',(#920),#3689,.F.);
#3875=ADVANCED_FACE('',(#921),#83,.T.);
#3876=ADVANCED_FACE('',(#922),#716,.T.);
#3877=ADVANCED_FACE('',(#923),#717,.F.);
#3878=ADVANCED_FACE('',(#924),#718,.F.);
#3879=ADVANCED_FACE('',(#925),#719,.F.);
#3880=ADVANCED_FACE('',(#926),#117,.F.);
#3881=ADVANCED_FACE('',(#927),#118,.T.);
#3882=ADVANCED_FACE('',(#928),#119,.T.);
#3883=ADVANCED_FACE('',(#929,#31,#32,#33,#34,#35),#120,.T.);
#3884=ADVANCED_FACE('',(#930),#121,.T.);
#3885=ADVANCED_FACE('',(#931),#122,.T.);
#3886=ADVANCED_FACE('',(#932),#123,.T.);
#3887=ADVANCED_FACE('',(#933),#124,.T.);
#3888=ADVANCED_FACE('',(#934),#125,.T.);
#3889=ADVANCED_FACE('',(#935),#126,.F.);
#3890=ADVANCED_FACE('',(#936),#127,.F.);
#3891=ADVANCED_FACE('',(#937),#128,.F.);
#3892=ADVANCED_FACE('',(#938),#129,.F.);
#3893=ADVANCED_FACE('',(#939),#130,.F.);
#3894=ADVANCED_FACE('',(#940),#131,.F.);
#3895=ADVANCED_FACE('',(#941),#132,.F.);
#3896=ADVANCED_FACE('',(#942),#133,.F.);
#3897=ADVANCED_FACE('',(#943),#720,.F.);
#3898=ADVANCED_FACE('',(#944,#36),#134,.F.);
#3899=ADVANCED_FACE('',(#945),#721,.F.);
#3900=ADVANCED_FACE('',(#946,#37),#135,.F.);
#3901=ADVANCED_FACE('',(#947),#722,.F.);
#3902=ADVANCED_FACE('',(#948,#38),#136,.F.);
#3903=ADVANCED_FACE('',(#949),#723,.F.);
#3904=ADVANCED_FACE('',(#950,#39),#137,.F.);
#3905=ADVANCED_FACE('',(#951),#84,.F.);
#3906=ADVANCED_FACE('',(#952),#85,.T.);
#3907=ADVANCED_FACE('',(#953,#40),#138,.T.);
#3908=ADVANCED_FACE('',(#954),#86,.F.);
#3909=ADVANCED_FACE('',(#955),#87,.T.);
#3910=ADVANCED_FACE('',(#956,#41),#139,.T.);
#3911=ADVANCED_FACE('',(#957),#88,.F.);
#3912=ADVANCED_FACE('',(#958),#89,.T.);
#3913=ADVANCED_FACE('',(#959,#42),#140,.T.);
#3914=ADVANCED_FACE('',(#960),#141,.T.);
#3915=ADVANCED_FACE('',(#961),#724,.F.);
#3916=ADVANCED_FACE('',(#962),#725,.F.);
#3917=ADVANCED_FACE('',(#963),#726,.F.);
#3918=ADVANCED_FACE('',(#964),#727,.F.);
#3919=ADVANCED_FACE('',(#965),#142,.T.);
#3920=ADVANCED_FACE('',(#966),#728,.F.);
#3921=ADVANCED_FACE('',(#967),#729,.F.);
#3922=ADVANCED_FACE('',(#968),#730,.F.);
#3923=ADVANCED_FACE('',(#969),#731,.F.);
#3924=ADVANCED_FACE('',(#970),#143,.F.);
#3925=ADVANCED_FACE('',(#971),#144,.F.);
#3926=ADVANCED_FACE('',(#972),#732,.F.);
#3927=ADVANCED_FACE('',(#973),#145,.F.);
#3928=ADVANCED_FACE('',(#974),#146,.F.);
#3929=ADVANCED_FACE('',(#975),#733,.F.);
#3930=ADVANCED_FACE('',(#976),#147,.F.);
#3931=ADVANCED_FACE('',(#977),#148,.F.);
#3932=ADVANCED_FACE('',(#978),#734,.F.);
#3933=ADVANCED_FACE('',(#979),#149,.F.);
#3934=ADVANCED_FACE('',(#980),#150,.F.);
#3935=ADVANCED_FACE('',(#981),#735,.F.);
#3936=ADVANCED_FACE('',(#982),#151,.T.);
#3937=ADVANCED_FACE('',(#983),#152,.T.);
#3938=ADVANCED_FACE('',(#984,#43,#44,#45,#46),#153,.F.);
#3939=CLOSED_SHELL('',(#3690,#3691,#3692,#3693,#3694,#3695,#3696,#3697,
#3698,#3699,#3700,#3701,#3702,#3703,#3704,#3705,#3706,#3707,#3708,#3709,
#3710,#3711,#3712,#3713,#3714,#3715,#3716,#3717,#3718,#3719,#3720,#3721,
#3722,#3723,#3724,#3725,#3726,#3727,#3728,#3729,#3730,#3731,#3732,#3733,
#3734,#3735,#3736,#3737,#3738,#3739,#3740,#3741,#3742,#3743,#3744,#3745,
#3746,#3747,#3748,#3749,#3750,#3751,#3752,#3753,#3754,#3755,#3756,#3757,
#3758,#3759,#3760,#3761,#3762,#3763,#3764,#3765,#3766,#3767,#3768,#3769,
#3770,#3771,#3772,#3773,#3774,#3775,#3776,#3777,#3778,#3779,#3780,#3781,
#3782,#3783,#3784,#3785,#3786,#3787,#3788,#3789,#3790,#3791,#3792,#3793,
#3794,#3795,#3796,#3797,#3798,#3799,#3800,#3801,#3802,#3803,#3804,#3805,
#3806,#3807,#3808,#3809,#3810,#3811,#3812,#3813,#3814,#3815,#3816,#3817,
#3818,#3819,#3820,#3821,#3822,#3823,#3824,#3825,#3826,#3827,#3828,#3829,
#3830,#3831,#3832,#3833,#3834,#3835,#3836,#3837,#3838,#3839,#3840,#3841,
#3842,#3843,#3844,#3845,#3846,#3847,#3848,#3849,#3850,#3851,#3852,#3853,
#3854,#3855,#3856,#3857,#3858,#3859,#3860,#3861,#3862,#3863,#3864,#3865,
#3866,#3867,#3868,#3869,#3870,#3871,#3872,#3873,#3874,#3875,#3876,#3877,
#3878,#3879,#3880,#3881,#3882,#3883,#3884,#3885,#3886,#3887,#3888,#3889,
#3890,#3891,#3892,#3893,#3894,#3895,#3896,#3897,#3898,#3899,#3900,#3901,
#3902,#3903,#3904,#3905,#3906,#3907,#3908,#3909,#3910,#3911,#3912,#3913,
#3914,#3915,#3916,#3917,#3918,#3919,#3920,#3921,#3922,#3923,#3924,#3925,
#3926,#3927,#3928,#3929,#3930,#3931,#3932,#3933,#3934,#3935,#3936,#3937,
#3938));
#3940=DERIVED_UNIT_ELEMENT(#3942,1.);
#3941=DERIVED_UNIT_ELEMENT(#8166,-3.);
#3942=(
MASS_UNIT()
NAMED_UNIT(*)
SI_UNIT(.KILO.,.GRAM.)
);
#3943=DERIVED_UNIT((#3940,#3941));
#3944=MEASURE_REPRESENTATION_ITEM('density measure',
POSITIVE_RATIO_MEASURE(7850.),#3943);
#3945=PROPERTY_DEFINITION_REPRESENTATION(#3950,#3947);
#3946=PROPERTY_DEFINITION_REPRESENTATION(#3951,#3948);
#3947=REPRESENTATION('material name',(#3949),#8163);
#3948=REPRESENTATION('density',(#3944),#8163);
#3949=DESCRIPTIVE_REPRESENTATION_ITEM('Steel','Steel');
#3950=PROPERTY_DEFINITION('material property','material name',#8173);
#3951=PROPERTY_DEFINITION('material property','density of part',#8173);
#3952=AXIS2_PLACEMENT_3D('',#5590,#4417,#4418);
#3953=AXIS2_PLACEMENT_3D('',#5613,#4419,#4420);
#3954=AXIS2_PLACEMENT_3D('',#5615,#4421,#4422);
#3955=AXIS2_PLACEMENT_3D('',#5627,#4423,#4424);
#3956=AXIS2_PLACEMENT_3D('',#5628,#4425,#4426);
#3957=AXIS2_PLACEMENT_3D('',#5631,#4427,#4428);
#3958=AXIS2_PLACEMENT_3D('',#5655,#4431,#4432);
#3959=AXIS2_PLACEMENT_3D('',#5656,#4433,#4434);
#3960=AXIS2_PLACEMENT_3D('',#5657,#4435,#4436);
#3961=AXIS2_PLACEMENT_3D('',#5661,#4438,#4439);
#3962=AXIS2_PLACEMENT_3D('',#5663,#4441,#4442);
#3963=AXIS2_PLACEMENT_3D('',#5691,#4444,#4445);
#3964=AXIS2_PLACEMENT_3D('',#5723,#4446,#4447);
#3965=AXIS2_PLACEMENT_3D('',#5730,#4448,#4449);
#3966=AXIS2_PLACEMENT_3D('',#5762,#4450,#4451);
#3967=AXIS2_PLACEMENT_3D('',#5790,#4452,#4453);
#3968=AXIS2_PLACEMENT_3D('',#5822,#4454,#4455);
#3969=AXIS2_PLACEMENT_3D('',#5889,#4456,#4457);
#3970=AXIS2_PLACEMENT_3D('',#5932,#4458,#4459);
#3971=AXIS2_PLACEMENT_3D('',#5938,#4460,#4461);
#3972=AXIS2_PLACEMENT_3D('',#5940,#4462,#4463);
#3973=AXIS2_PLACEMENT_3D('',#5944,#4465,#4466);
#3974=AXIS2_PLACEMENT_3D('',#5946,#4468,#4469);
#3975=AXIS2_PLACEMENT_3D('',#5947,#4470,#4471);
#3976=AXIS2_PLACEMENT_3D('',#5948,#4472,#4473);
#3977=AXIS2_PLACEMENT_3D('',#5952,#4475,#4476);
#3978=AXIS2_PLACEMENT_3D('',#5971,#4478,#4479);
#3979=AXIS2_PLACEMENT_3D('',#6002,#4480,#4481);
#3980=AXIS2_PLACEMENT_3D('',#6029,#4482,#4483);
#3981=AXIS2_PLACEMENT_3D('',#6036,#4484,#4485);
#3982=AXIS2_PLACEMENT_3D('',#6063,#4486,#4487);
#3983=AXIS2_PLACEMENT_3D('',#6159,#4488,#4489);
#3984=AXIS2_PLACEMENT_3D('',#6192,#4490,#4491);
#3985=AXIS2_PLACEMENT_3D('',#6196,#4493,#4494);
#3986=AXIS2_PLACEMENT_3D('',#6198,#4496,#4497);
#3987=AXIS2_PLACEMENT_3D('',#6208,#4502,#4503);
#3988=AXIS2_PLACEMENT_3D('',#6212,#4505,#4506);
#3989=AXIS2_PLACEMENT_3D('',#6220,#4508,#4509);
#3990=AXIS2_PLACEMENT_3D('',#6223,#4511,#4512);
#3991=AXIS2_PLACEMENT_3D('',#6224,#4513,#4514);
#3992=AXIS2_PLACEMENT_3D('',#6227,#4516,#4517);
#3993=AXIS2_PLACEMENT_3D('',#6258,#4518,#4519);
#3994=AXIS2_PLACEMENT_3D('',#6466,#4520,#4521);
#3995=AXIS2_PLACEMENT_3D('',#6484,#4522,#4523);
#3996=AXIS2_PLACEMENT_3D('',#6507,#4524,#4525);
#3997=AXIS2_PLACEMENT_3D('',#6538,#4526,#4527);
#3998=AXIS2_PLACEMENT_3D('',#6723,#4528,#4529);
#3999=AXIS2_PLACEMENT_3D('',#6741,#4534,#4535);
#4000=AXIS2_PLACEMENT_3D('',#6742,#4536,#4537);
#4001=AXIS2_PLACEMENT_3D('',#6743,#4538,#4539);
#4002=AXIS2_PLACEMENT_3D('',#6745,#4540,#4541);
#4003=AXIS2_PLACEMENT_3D('',#6746,#4542,#4543);
#4004=AXIS2_PLACEMENT_3D('',#6747,#4544,#4545);
#4005=AXIS2_PLACEMENT_3D('',#6750,#4547,#4548);
#4006=AXIS2_PLACEMENT_3D('',#6751,#4549,#4550);
#4007=AXIS2_PLACEMENT_3D('',#6753,#4551,#4552);
#4008=AXIS2_PLACEMENT_3D('',#6755,#4553,#4554);
#4009=AXIS2_PLACEMENT_3D('',#6756,#4555,#4556);
#4010=AXIS2_PLACEMENT_3D('',#6778,#4557,#4558);
#4011=AXIS2_PLACEMENT_3D('',#6783,#4559,#4560);
#4012=AXIS2_PLACEMENT_3D('',#6784,#4561,#4562);
#4013=AXIS2_PLACEMENT_3D('',#6785,#4563,#4564);
#4014=AXIS2_PLACEMENT_3D('',#6787,#4565,#4566);
#4015=AXIS2_PLACEMENT_3D('',#6789,#4567,#4568);
#4016=AXIS2_PLACEMENT_3D('',#6790,#4569,#4570);
#4017=AXIS2_PLACEMENT_3D('',#6817,#4571,#4572);
#4018=AXIS2_PLACEMENT_3D('',#6848,#4573,#4574);
#4019=AXIS2_PLACEMENT_3D('',#6873,#4575,#4576);
#4020=AXIS2_PLACEMENT_3D('',#6875,#4577,#4578);
#4021=AXIS2_PLACEMENT_3D('',#6878,#4580,#4581);
#4022=AXIS2_PLACEMENT_3D('',#6879,#4582,#4583);
#4023=AXIS2_PLACEMENT_3D('',#6881,#4585,#4586);
#4024=AXIS2_PLACEMENT_3D('',#6890,#4591,#4592);
#4025=AXIS2_PLACEMENT_3D('',#6891,#4593,#4594);
#4026=AXIS2_PLACEMENT_3D('',#6894,#4596,#4597);
#4027=AXIS2_PLACEMENT_3D('',#6895,#4598,#4599);
#4028=AXIS2_PLACEMENT_3D('',#6972,#4603,#4604);
#4029=AXIS2_PLACEMENT_3D('',#6974,#4605,#4606);
#4030=AXIS2_PLACEMENT_3D('',#6975,#4607,#4608);
#4031=AXIS2_PLACEMENT_3D('',#6976,#4609,#4610);
#4032=AXIS2_PLACEMENT_3D('',#6979,#4611,#4612);
#4033=AXIS2_PLACEMENT_3D('',#6982,#4615,#4616);
#4034=AXIS2_PLACEMENT_3D('',#6985,#4617,#4618);
#4035=AXIS2_PLACEMENT_3D('',#6986,#4619,#4620);
#4036=AXIS2_PLACEMENT_3D('',#6987,#4621,#4622);
#4037=AXIS2_PLACEMENT_3D('',#7019,#4623,#4624);
#4038=AXIS2_PLACEMENT_3D('',#7020,#4625,#4626);
#4039=AXIS2_PLACEMENT_3D('',#7021,#4627,#4628);
#4040=AXIS2_PLACEMENT_3D('',#7025,#4630,#4631);
#4041=AXIS2_PLACEMENT_3D('',#7027,#4633,#4634);
#4042=AXIS2_PLACEMENT_3D('',#7031,#4637,#4638);
#4043=AXIS2_PLACEMENT_3D('',#7034,#4640,#4641);
#4044=AXIS2_PLACEMENT_3D('',#7035,#4642,#4643);
#4045=AXIS2_PLACEMENT_3D('',#7038,#4645,#4646);
#4046=AXIS2_PLACEMENT_3D('',#7071,#4648,#4649);
#4047=AXIS2_PLACEMENT_3D('',#7073,#4650,#4651);
#4048=AXIS2_PLACEMENT_3D('',#7074,#4652,#4653);
#4049=AXIS2_PLACEMENT_3D('',#7075,#4654,#4655);
#4050=AXIS2_PLACEMENT_3D('',#7077,#4656,#4657);
#4051=AXIS2_PLACEMENT_3D('',#7078,#4658,#4659);
#4052=AXIS2_PLACEMENT_3D('',#7079,#4660,#4661);
#4053=AXIS2_PLACEMENT_3D('',#7081,#4662,#4663);
#4054=AXIS2_PLACEMENT_3D('',#7113,#4665,#4666);
#4055=AXIS2_PLACEMENT_3D('',#7114,#4667,#4668);
#4056=AXIS2_PLACEMENT_3D('',#7120,#4672,#4673);
#4057=AXIS2_PLACEMENT_3D('',#7123,#4675,#4676);
#4058=AXIS2_PLACEMENT_3D('',#7124,#4677,#4678);
#4059=AXIS2_PLACEMENT_3D('',#7127,#4680,#4681);
#4060=AXIS2_PLACEMENT_3D('',#7128,#4682,#4683);
#4061=AXIS2_PLACEMENT_3D('',#7131,#4684,#4685);
#4062=AXIS2_PLACEMENT_3D('',#7133,#4686,#4687);
#4063=AXIS2_PLACEMENT_3D('',#7134,#4688,#4689);
#4064=AXIS2_PLACEMENT_3D('',#7135,#4690,#4691);
#4065=AXIS2_PLACEMENT_3D('',#7137,#4692,#4693);
#4066=AXIS2_PLACEMENT_3D('',#7139,#4694,#4695);
#4067=AXIS2_PLACEMENT_3D('',#7140,#4696,#4697);
#4068=AXIS2_PLACEMENT_3D('',#7141,#4698,#4699);
#4069=AXIS2_PLACEMENT_3D('',#7144,#4700,#4701);
#4070=AXIS2_PLACEMENT_3D('',#7146,#4702,#4703);
#4071=AXIS2_PLACEMENT_3D('',#7147,#4704,#4705);
#4072=AXIS2_PLACEMENT_3D('',#7148,#4706,#4707);
#4073=AXIS2_PLACEMENT_3D('',#7149,#4708,#4709);
#4074=AXIS2_PLACEMENT_3D('',#7150,#4710,#4711);
#4075=AXIS2_PLACEMENT_3D('',#7151,#4712,#4713);
#4076=AXIS2_PLACEMENT_3D('',#7152,#4714,#4715);
#4077=AXIS2_PLACEMENT_3D('',#7153,#4716,#4717);
#4078=AXIS2_PLACEMENT_3D('',#7155,#4718,#4719);
#4079=AXIS2_PLACEMENT_3D('',#7156,#4720,#4721);
#4080=AXIS2_PLACEMENT_3D('',#7157,#4722,#4723);
#4081=AXIS2_PLACEMENT_3D('',#7158,#4724,#4725);
#4082=AXIS2_PLACEMENT_3D('',#7160,#4726,#4727);
#4083=AXIS2_PLACEMENT_3D('',#7162,#4728,#4729);
#4084=AXIS2_PLACEMENT_3D('',#7163,#4730,#4731);
#4085=AXIS2_PLACEMENT_3D('',#7164,#4732,#4733);
#4086=AXIS2_PLACEMENT_3D('',#7167,#4736,#4737);
#4087=AXIS2_PLACEMENT_3D('',#7169,#4738,#4739);
#4088=AXIS2_PLACEMENT_3D('',#7171,#4741,#4742);
#4089=AXIS2_PLACEMENT_3D('',#7174,#4743,#4744);
#4090=AXIS2_PLACEMENT_3D('',#7176,#4745,#4746);
#4091=AXIS2_PLACEMENT_3D('',#7178,#4747,#4748);
#4092=AXIS2_PLACEMENT_3D('',#7179,#4749,#4750);
#4093=AXIS2_PLACEMENT_3D('',#7180,#4751,#4752);
#4094=AXIS2_PLACEMENT_3D('',#7183,#4753,#4754);
#4095=AXIS2_PLACEMENT_3D('',#7184,#4755,#4756);
#4096=AXIS2_PLACEMENT_3D('',#7186,#4757,#4758);
#4097=AXIS2_PLACEMENT_3D('',#7187,#4759,#4760);
#4098=AXIS2_PLACEMENT_3D('',#7188,#4761,#4762);
#4099=AXIS2_PLACEMENT_3D('',#7190,#4763,#4764);
#4100=AXIS2_PLACEMENT_3D('',#7191,#4765,#4766);
#4101=AXIS2_PLACEMENT_3D('',#7192,#4767,#4768);
#4102=AXIS2_PLACEMENT_3D('',#7194,#4770,#4771);
#4103=AXIS2_PLACEMENT_3D('',#7197,#4772,#4773);
#4104=AXIS2_PLACEMENT_3D('',#7199,#4774,#4775);
#4105=AXIS2_PLACEMENT_3D('',#7200,#4776,#4777);
#4106=AXIS2_PLACEMENT_3D('',#7201,#4778,#4779);
#4107=AXIS2_PLACEMENT_3D('',#7206,#4782,#4783);
#4108=AXIS2_PLACEMENT_3D('',#7207,#4784,#4785);
#4109=AXIS2_PLACEMENT_3D('',#7210,#4786,#4787);
#4110=AXIS2_PLACEMENT_3D('',#7211,#4788,#4789);
#4111=AXIS2_PLACEMENT_3D('',#7212,#4790,#4791);
#4112=AXIS2_PLACEMENT_3D('',#7213,#4792,#4793);
#4113=AXIS2_PLACEMENT_3D('',#7216,#4794,#4795);
#4114=AXIS2_PLACEMENT_3D('',#7218,#4796,#4797);
#4115=AXIS2_PLACEMENT_3D('',#7219,#4798,#4799);
#4116=AXIS2_PLACEMENT_3D('',#7220,#4800,#4801);
#4117=AXIS2_PLACEMENT_3D('',#7223,#4804,#4805);
#4118=AXIS2_PLACEMENT_3D('',#7226,#4806,#4807);
#4119=AXIS2_PLACEMENT_3D('',#7228,#4808,#4809);
#4120=AXIS2_PLACEMENT_3D('',#7230,#4810,#4811);
#4121=AXIS2_PLACEMENT_3D('',#7231,#4812,#4813);
#4122=AXIS2_PLACEMENT_3D('',#7232,#4814,#4815);
#4123=AXIS2_PLACEMENT_3D('',#7235,#4816,#4817);
#4124=AXIS2_PLACEMENT_3D('',#7237,#4818,#4819);
#4125=AXIS2_PLACEMENT_3D('',#7238,#4820,#4821);
#4126=AXIS2_PLACEMENT_3D('',#7239,#4822,#4823);
#4127=AXIS2_PLACEMENT_3D('',#7240,#4824,#4825);
#4128=AXIS2_PLACEMENT_3D('',#7243,#4826,#4827);
#4129=AXIS2_PLACEMENT_3D('',#7245,#4828,#4829);
#4130=AXIS2_PLACEMENT_3D('',#7247,#4830,#4831);
#4131=AXIS2_PLACEMENT_3D('',#7248,#4832,#4833);
#4132=AXIS2_PLACEMENT_3D('',#7249,#4834,#4835);
#4133=AXIS2_PLACEMENT_3D('',#7252,#4836,#4837);
#4134=AXIS2_PLACEMENT_3D('',#7254,#4838,#4839);
#4135=AXIS2_PLACEMENT_3D('',#7256,#4840,#4841);
#4136=AXIS2_PLACEMENT_3D('',#7257,#4842,#4843);
#4137=AXIS2_PLACEMENT_3D('',#7258,#4844,#4845);
#4138=AXIS2_PLACEMENT_3D('',#7261,#4846,#4847);
#4139=AXIS2_PLACEMENT_3D('',#7263,#4848,#4849);
#4140=AXIS2_PLACEMENT_3D('',#7264,#4850,#4851);
#4141=AXIS2_PLACEMENT_3D('',#7265,#4852,#4853);
#4142=AXIS2_PLACEMENT_3D('',#7268,#4854,#4855);
#4143=AXIS2_PLACEMENT_3D('',#7272,#4857,#4858);
#4144=AXIS2_PLACEMENT_3D('',#7274,#4860,#4861);
#4145=AXIS2_PLACEMENT_3D('',#7276,#4862,#4863);
#4146=AXIS2_PLACEMENT_3D('',#7278,#4864,#4865);
#4147=AXIS2_PLACEMENT_3D('',#7279,#4866,#4867);
#4148=AXIS2_PLACEMENT_3D('',#7280,#4868,#4869);
#4149=AXIS2_PLACEMENT_3D('',#7283,#4870,#4871);
#4150=AXIS2_PLACEMENT_3D('',#7286,#4874,#4875);
#4151=AXIS2_PLACEMENT_3D('',#7319,#4878,#4879);
#4152=AXIS2_PLACEMENT_3D('',#7320,#4880,#4881);
#4153=AXIS2_PLACEMENT_3D('',#7321,#4882,#4883);
#4154=AXIS2_PLACEMENT_3D('',#7324,#4886,#4887);
#4155=AXIS2_PLACEMENT_3D('',#7327,#4890,#4891);
#4156=AXIS2_PLACEMENT_3D('',#7330,#4892,#4893);
#4157=AXIS2_PLACEMENT_3D('',#7333,#4896,#4897);
#4158=AXIS2_PLACEMENT_3D('',#7336,#4900,#4901);
#4159=AXIS2_PLACEMENT_3D('',#7339,#4904,#4905);
#4160=AXIS2_PLACEMENT_3D('',#7342,#4906,#4907);
#4161=AXIS2_PLACEMENT_3D('',#7345,#4910,#4911);
#4162=AXIS2_PLACEMENT_3D('',#7348,#4912,#4913);
#4163=AXIS2_PLACEMENT_3D('',#7351,#4916,#4917);
#4164=AXIS2_PLACEMENT_3D('',#7354,#4920,#4921);
#4165=AXIS2_PLACEMENT_3D('',#7357,#4924,#4925);
#4166=AXIS2_PLACEMENT_3D('',#7358,#4926,#4927);
#4167=AXIS2_PLACEMENT_3D('',#7360,#4929,#4930);
#4168=AXIS2_PLACEMENT_3D('',#7362,#4932,#4933);
#4169=AXIS2_PLACEMENT_3D('',#7365,#4934,#4935);
#4170=AXIS2_PLACEMENT_3D('',#7368,#4938,#4939);
#4171=AXIS2_PLACEMENT_3D('',#7371,#4940,#4941);
#4172=AXIS2_PLACEMENT_3D('',#7374,#4944,#4945);
#4173=AXIS2_PLACEMENT_3D('',#7377,#4946,#4947);
#4174=AXIS2_PLACEMENT_3D('',#7401,#4950,#4951);
#4175=AXIS2_PLACEMENT_3D('',#7403,#4952,#4953);
#4176=AXIS2_PLACEMENT_3D('',#7414,#4954,#4955);
#4177=AXIS2_PLACEMENT_3D('',#7417,#4958,#4959);
#4178=AXIS2_PLACEMENT_3D('',#7420,#4962,#4963);
#4179=AXIS2_PLACEMENT_3D('',#7422,#4965,#4966);
#4180=AXIS2_PLACEMENT_3D('',#7425,#4967,#4968);
#4181=AXIS2_PLACEMENT_3D('',#7428,#4971,#4972);
#4182=AXIS2_PLACEMENT_3D('',#7431,#4973,#4974);
#4183=AXIS2_PLACEMENT_3D('',#7454,#4977,#4978);
#4184=AXIS2_PLACEMENT_3D('',#7455,#4979,#4980);
#4185=AXIS2_PLACEMENT_3D('',#7456,#4981,#4982);
#4186=AXIS2_PLACEMENT_3D('',#7458,#4984,#4985);
#4187=AXIS2_PLACEMENT_3D('',#7461,#4988,#4989);
#4188=AXIS2_PLACEMENT_3D('',#7464,#4990,#4991);
#4189=AXIS2_PLACEMENT_3D('',#7467,#4994,#4995);
#4190=AXIS2_PLACEMENT_3D('',#7470,#4998,#4999);
#4191=AXIS2_PLACEMENT_3D('',#7473,#5000,#5001);
#4192=AXIS2_PLACEMENT_3D('',#7476,#5004,#5005);
#4193=AXIS2_PLACEMENT_3D('',#7479,#5008,#5009);
#4194=AXIS2_PLACEMENT_3D('',#7525,#5011,#5012);
#4195=AXIS2_PLACEMENT_3D('',#7526,#5013,#5014);
#4196=AXIS2_PLACEMENT_3D('',#7529,#5017,#5018);
#4197=AXIS2_PLACEMENT_3D('',#7531,#5019,#5020);
#4198=AXIS2_PLACEMENT_3D('',#7533,#5021,#5022);
#4199=AXIS2_PLACEMENT_3D('',#7543,#5023,#5024);
#4200=AXIS2_PLACEMENT_3D('',#7544,#5025,#5026);
#4201=AXIS2_PLACEMENT_3D('',#7546,#5028,#5029);
#4202=AXIS2_PLACEMENT_3D('',#7549,#5030,#5031);
#4203=AXIS2_PLACEMENT_3D('',#7552,#5034,#5035);
#4204=AXIS2_PLACEMENT_3D('',#7563,#5036,#5037);
#4205=AXIS2_PLACEMENT_3D('',#7564,#5038,#5039);
#4206=AXIS2_PLACEMENT_3D('',#7565,#5040,#5041);
#4207=AXIS2_PLACEMENT_3D('',#7567,#5042,#5043);
#4208=AXIS2_PLACEMENT_3D('',#7570,#5046,#5047);
#4209=AXIS2_PLACEMENT_3D('',#7571,#5048,#5049);
#4210=AXIS2_PLACEMENT_3D('',#7588,#5050,#5051);
#4211=AXIS2_PLACEMENT_3D('',#7589,#5052,#5053);
#4212=AXIS2_PLACEMENT_3D('',#7590,#5054,#5055);
#4213=AXIS2_PLACEMENT_3D('',#7592,#5057,#5058);
#4214=AXIS2_PLACEMENT_3D('',#7594,#5060,#5061);
#4215=AXIS2_PLACEMENT_3D('',#7596,#5063,#5064);
#4216=AXIS2_PLACEMENT_3D('',#7598,#5066,#5067);
#4217=AXIS2_PLACEMENT_3D('',#7603,#5070,#5071);
#4218=AXIS2_PLACEMENT_3D('',#7611,#5076,#5077);
#4219=AXIS2_PLACEMENT_3D('',#7615,#5079,#5080);
#4220=AXIS2_PLACEMENT_3D('',#7619,#5082,#5083);
#4221=AXIS2_PLACEMENT_3D('',#7622,#5085,#5086);
#4222=AXIS2_PLACEMENT_3D('',#7623,#5087,#5088);
#4223=AXIS2_PLACEMENT_3D('',#7624,#5089,#5090);
#4224=AXIS2_PLACEMENT_3D('',#7626,#5092,#5093);
#4225=AXIS2_PLACEMENT_3D('',#7627,#5094,#5095);
#4226=AXIS2_PLACEMENT_3D('',#7629,#5096,#5097);
#4227=AXIS2_PLACEMENT_3D('',#7631,#5098,#5099);
#4228=AXIS2_PLACEMENT_3D('',#7636,#5101,#5102);
#4229=AXIS2_PLACEMENT_3D('',#7642,#5105,#5106);
#4230=AXIS2_PLACEMENT_3D('',#7648,#5109,#5110);
#4231=AXIS2_PLACEMENT_3D('',#7654,#5113,#5114);
#4232=AXIS2_PLACEMENT_3D('',#7657,#5116,#5117);
#4233=AXIS2_PLACEMENT_3D('',#7658,#5118,#5119);
#4234=AXIS2_PLACEMENT_3D('',#7661,#5121,#5122);
#4235=AXIS2_PLACEMENT_3D('',#7662,#5123,#5124);
#4236=AXIS2_PLACEMENT_3D('',#7664,#5126,#5127);
#4237=AXIS2_PLACEMENT_3D('',#7665,#5128,#5129);
#4238=AXIS2_PLACEMENT_3D('',#7668,#5130,#5131);
#4239=AXIS2_PLACEMENT_3D('',#7672,#5133,#5134);
#4240=AXIS2_PLACEMENT_3D('',#7676,#5136,#5137);
#4241=AXIS2_PLACEMENT_3D('',#7680,#5139,#5140);
#4242=AXIS2_PLACEMENT_3D('',#7682,#5142,#5143);
#4243=AXIS2_PLACEMENT_3D('',#7684,#5144,#5145);
#4244=AXIS2_PLACEMENT_3D('',#7685,#5146,#5147);
#4245=AXIS2_PLACEMENT_3D('',#7686,#5148,#5149);
#4246=AXIS2_PLACEMENT_3D('',#7687,#5150,#5151);
#4247=AXIS2_PLACEMENT_3D('',#7688,#5152,#5153);
#4248=AXIS2_PLACEMENT_3D('',#7690,#5154,#5155);
#4249=AXIS2_PLACEMENT_3D('',#7691,#5156,#5157);
#4250=AXIS2_PLACEMENT_3D('',#7692,#5158,#5159);
#4251=AXIS2_PLACEMENT_3D('',#7694,#5161,#5162);
#4252=AXIS2_PLACEMENT_3D('',#7696,#5164,#5165);
#4253=AXIS2_PLACEMENT_3D('',#7710,#5173,#5174);
#4254=AXIS2_PLACEMENT_3D('',#7712,#5175,#5176);
#4255=AXIS2_PLACEMENT_3D('',#7714,#5177,#5178);
#4256=AXIS2_PLACEMENT_3D('',#7716,#5179,#5180);
#4257=AXIS2_PLACEMENT_3D('',#7717,#5181,#5182);
#4258=AXIS2_PLACEMENT_3D('',#7719,#5184,#5185);
#4259=AXIS2_PLACEMENT_3D('',#7722,#5188,#5189);
#4260=AXIS2_PLACEMENT_3D('',#7723,#5190,#5191);
#4261=AXIS2_PLACEMENT_3D('',#7727,#5193,#5194);
#4262=AXIS2_PLACEMENT_3D('',#7729,#5196,#5197);
#4263=AXIS2_PLACEMENT_3D('',#7733,#5199,#5200);
#4264=AXIS2_PLACEMENT_3D('',#7751,#5202,#5203);
#4265=AXIS2_PLACEMENT_3D('',#7752,#5204,#5205);
#4266=AXIS2_PLACEMENT_3D('',#7753,#5206,#5207);
#4267=AXIS2_PLACEMENT_3D('',#7757,#5209,#5210);
#4268=AXIS2_PLACEMENT_3D('',#7759,#5212,#5213);
#4269=AXIS2_PLACEMENT_3D('',#7760,#5214,#5215);
#4270=AXIS2_PLACEMENT_3D('',#7791,#5216,#5217);
#4271=AXIS2_PLACEMENT_3D('',#7792,#5218,#5219);
#4272=AXIS2_PLACEMENT_3D('',#7793,#5220,#5221);
#4273=AXIS2_PLACEMENT_3D('',#7797,#5223,#5224);
#4274=AXIS2_PLACEMENT_3D('',#7799,#5226,#5227);
#4275=AXIS2_PLACEMENT_3D('',#7801,#5228,#5229);
#4276=AXIS2_PLACEMENT_3D('',#7833,#5231,#5232);
#4277=AXIS2_PLACEMENT_3D('',#7834,#5233,#5234);
#4278=AXIS2_PLACEMENT_3D('',#7835,#5235,#5236);
#4279=AXIS2_PLACEMENT_3D('',#7838,#5239,#5240);
#4280=AXIS2_PLACEMENT_3D('',#7840,#5242,#5243);
#4281=AXIS2_PLACEMENT_3D('',#7842,#5244,#5245);
#4282=AXIS2_PLACEMENT_3D('',#7844,#5247,#5248);
#4283=AXIS2_PLACEMENT_3D('',#7846,#5249,#5250);
#4284=AXIS2_PLACEMENT_3D('',#7847,#5251,#5252);
#4285=AXIS2_PLACEMENT_3D('',#7848,#5253,#5254);
#4286=AXIS2_PLACEMENT_3D('',#7851,#5257,#5258);
#4287=AXIS2_PLACEMENT_3D('',#7854,#5261,#5262);
#4288=AXIS2_PLACEMENT_3D('',#7855,#5263,#5264);
#4289=AXIS2_PLACEMENT_3D('',#7856,#5265,#5266);
#4290=AXIS2_PLACEMENT_3D('',#7857,#5267,#5268);
#4291=AXIS2_PLACEMENT_3D('',#7859,#5269,#5270);
#4292=AXIS2_PLACEMENT_3D('',#7860,#5271,#5272);
#4293=AXIS2_PLACEMENT_3D('',#7861,#5273,#5274);
#4294=AXIS2_PLACEMENT_3D('',#7863,#5275,#5276);
#4295=AXIS2_PLACEMENT_3D('',#7865,#5277,#5278);
#4296=AXIS2_PLACEMENT_3D('',#7866,#5279,#5280);
#4297=AXIS2_PLACEMENT_3D('',#7867,#5281,#5282);
#4298=AXIS2_PLACEMENT_3D('',#7869,#5284,#5285);
#4299=AXIS2_PLACEMENT_3D('',#7872,#5286,#5287);
#4300=AXIS2_PLACEMENT_3D('',#7875,#5290,#5291);
#4301=AXIS2_PLACEMENT_3D('',#7876,#5292,#5293);
#4302=AXIS2_PLACEMENT_3D('',#7877,#5294,#5295);
#4303=AXIS2_PLACEMENT_3D('',#7878,#5296,#5297);
#4304=AXIS2_PLACEMENT_3D('',#7879,#5298,#5299);
#4305=AXIS2_PLACEMENT_3D('',#7880,#5300,#5301);
#4306=AXIS2_PLACEMENT_3D('',#7882,#5303,#5304);
#4307=AXIS2_PLACEMENT_3D('',#7883,#5305,#5306);
#4308=AXIS2_PLACEMENT_3D('',#7884,#5307,#5308);
#4309=AXIS2_PLACEMENT_3D('',#7911,#5309,#5310);
#4310=AXIS2_PLACEMENT_3D('',#7912,#5311,#5312);
#4311=AXIS2_PLACEMENT_3D('',#7913,#5313,#5314);
#4312=AXIS2_PLACEMENT_3D('',#7914,#5315,#5316);
#4313=AXIS2_PLACEMENT_3D('',#7915,#5317,#5318);
#4314=AXIS2_PLACEMENT_3D('',#7917,#5320,#5321);
#4315=AXIS2_PLACEMENT_3D('',#7920,#5324,#5325);
#4316=AXIS2_PLACEMENT_3D('',#7923,#5327,#5328);
#4317=AXIS2_PLACEMENT_3D('',#7924,#5329,#5330);
#4318=AXIS2_PLACEMENT_3D('',#7926,#5331,#5332);
#4319=AXIS2_PLACEMENT_3D('',#7928,#5334,#5335);
#4320=AXIS2_PLACEMENT_3D('',#7929,#5336,#5337);
#4321=AXIS2_PLACEMENT_3D('',#7931,#5339,#5340);
#4322=AXIS2_PLACEMENT_3D('',#7933,#5342,#5343);
#4323=AXIS2_PLACEMENT_3D('',#7936,#5344,#5345);
#4324=AXIS2_PLACEMENT_3D('',#7938,#5346,#5347);
#4325=AXIS2_PLACEMENT_3D('',#7940,#5348,#5349);
#4326=AXIS2_PLACEMENT_3D('',#7945,#5352,#5353);
#4327=AXIS2_PLACEMENT_3D('',#7951,#5356,#5357);
#4328=AXIS2_PLACEMENT_3D('',#7957,#5360,#5361);
#4329=AXIS2_PLACEMENT_3D('',#7963,#5364,#5365);
#4330=AXIS2_PLACEMENT_3D('',#7965,#5366,#5367);
#4331=AXIS2_PLACEMENT_3D('',#7966,#5368,#5369);
#4332=AXIS2_PLACEMENT_3D('',#7967,#5370,#5371);
#4333=AXIS2_PLACEMENT_3D('',#7968,#5372,#5373);
#4334=AXIS2_PLACEMENT_3D('',#7969,#5374,#5375);
#4335=AXIS2_PLACEMENT_3D('',#7970,#5376,#5377);
#4336=AXIS2_PLACEMENT_3D('',#7971,#5378,#5379);
#4337=AXIS2_PLACEMENT_3D('',#7980,#5384,#5385);
#4338=AXIS2_PLACEMENT_3D('',#7986,#5389,#5390);
#4339=AXIS2_PLACEMENT_3D('',#7995,#5395,#5396);
#4340=AXIS2_PLACEMENT_3D('',#8001,#5400,#5401);
#4341=AXIS2_PLACEMENT_3D('',#8010,#5406,#5407);
#4342=AXIS2_PLACEMENT_3D('',#8016,#5411,#5412);
#4343=AXIS2_PLACEMENT_3D('',#8025,#5417,#5418);
#4344=AXIS2_PLACEMENT_3D('',#8031,#5422,#5423);
#4345=AXIS2_PLACEMENT_3D('',#8032,#5424,#5425);
#4346=AXIS2_PLACEMENT_3D('',#8033,#5426,#5427);
#4347=AXIS2_PLACEMENT_3D('',#8034,#5428,#5429);
#4348=AXIS2_PLACEMENT_3D('',#8036,#5430,#5431);
#4349=AXIS2_PLACEMENT_3D('',#8037,#5432,#5433);
#4350=AXIS2_PLACEMENT_3D('',#8038,#5434,#5435);
#4351=AXIS2_PLACEMENT_3D('',#8039,#5436,#5437);
#4352=AXIS2_PLACEMENT_3D('',#8040,#5438,#5439);
#4353=AXIS2_PLACEMENT_3D('',#8042,#5440,#5441);
#4354=AXIS2_PLACEMENT_3D('',#8043,#5442,#5443);
#4355=AXIS2_PLACEMENT_3D('',#8044,#5444,#5445);
#4356=AXIS2_PLACEMENT_3D('',#8045,#5446,#5447);
#4357=AXIS2_PLACEMENT_3D('',#8046,#5448,#5449);
#4358=AXIS2_PLACEMENT_3D('',#8048,#5450,#5451);
#4359=AXIS2_PLACEMENT_3D('',#8049,#5452,#5453);
#4360=AXIS2_PLACEMENT_3D('',#8050,#5454,#5455);
#4361=AXIS2_PLACEMENT_3D('',#8051,#5456,#5457);
#4362=AXIS2_PLACEMENT_3D('',#8052,#5458,#5459);
#4363=AXIS2_PLACEMENT_3D('',#8054,#5460,#5461);
#4364=AXIS2_PLACEMENT_3D('',#8055,#5462,#5463);
#4365=AXIS2_PLACEMENT_3D('',#8058,#5464,#5465);
#4366=AXIS2_PLACEMENT_3D('',#8059,#5466,#5467);
#4367=AXIS2_PLACEMENT_3D('',#8060,#5468,#5469);
#4368=AXIS2_PLACEMENT_3D('',#8061,#5470,#5471);
#4369=AXIS2_PLACEMENT_3D('',#8063,#5472,#5473);
#4370=AXIS2_PLACEMENT_3D('',#8064,#5474,#5475);
#4371=AXIS2_PLACEMENT_3D('',#8065,#5476,#5477);
#4372=AXIS2_PLACEMENT_3D('',#8067,#5478,#5479);
#4373=AXIS2_PLACEMENT_3D('',#8068,#5480,#5481);
#4374=AXIS2_PLACEMENT_3D('',#8071,#5482,#5483);
#4375=AXIS2_PLACEMENT_3D('',#8072,#5484,#5485);
#4376=AXIS2_PLACEMENT_3D('',#8073,#5486,#5487);
#4377=AXIS2_PLACEMENT_3D('',#8074,#5488,#5489);
#4378=AXIS2_PLACEMENT_3D('',#8076,#5490,#5491);
#4379=AXIS2_PLACEMENT_3D('',#8077,#5492,#5493);
#4380=AXIS2_PLACEMENT_3D('',#8078,#5494,#5495);
#4381=AXIS2_PLACEMENT_3D('',#8080,#5496,#5497);
#4382=AXIS2_PLACEMENT_3D('',#8081,#5498,#5499);
#4383=AXIS2_PLACEMENT_3D('',#8084,#5500,#5501);
#4384=AXIS2_PLACEMENT_3D('',#8085,#5502,#5503);
#4385=AXIS2_PLACEMENT_3D('',#8086,#5504,#5505);
#4386=AXIS2_PLACEMENT_3D('',#8087,#5506,#5507);
#4387=AXIS2_PLACEMENT_3D('',#8089,#5508,#5509);
#4388=AXIS2_PLACEMENT_3D('',#8090,#5510,#5511);
#4389=AXIS2_PLACEMENT_3D('',#8091,#5512,#5513);
#4390=AXIS2_PLACEMENT_3D('',#8093,#5514,#5515);
#4391=AXIS2_PLACEMENT_3D('',#8094,#5516,#5517);
#4392=AXIS2_PLACEMENT_3D('',#8095,#5518,#5519);
#4393=AXIS2_PLACEMENT_3D('',#8097,#5521,#5522);
#4394=AXIS2_PLACEMENT_3D('',#8099,#5524,#5525);
#4395=AXIS2_PLACEMENT_3D('',#8119,#5527,#5528);
#4396=AXIS2_PLACEMENT_3D('',#8122,#5530,#5531);
#4397=AXIS2_PLACEMENT_3D('',#8123,#5532,#5533);
#4398=AXIS2_PLACEMENT_3D('',#8124,#5534,#5535);
#4399=AXIS2_PLACEMENT_3D('',#8126,#5537,#5538);
#4400=AXIS2_PLACEMENT_3D('',#8128,#5540,#5541);
#4401=AXIS2_PLACEMENT_3D('',#8130,#5543,#5544);
#4402=AXIS2_PLACEMENT_3D('',#8132,#5546,#5547);
#4403=AXIS2_PLACEMENT_3D('',#8135,#5550,#5551);
#4404=AXIS2_PLACEMENT_3D('',#8137,#5553,#5554);
#4405=AXIS2_PLACEMENT_3D('',#8138,#5555,#5556);
#4406=AXIS2_PLACEMENT_3D('',#8141,#5559,#5560);
#4407=AXIS2_PLACEMENT_3D('',#8143,#5562,#5563);
#4408=AXIS2_PLACEMENT_3D('',#8144,#5564,#5565);
#4409=AXIS2_PLACEMENT_3D('',#8147,#5568,#5569);
#4410=AXIS2_PLACEMENT_3D('',#8149,#5571,#5572);
#4411=AXIS2_PLACEMENT_3D('',#8150,#5573,#5574);
#4412=AXIS2_PLACEMENT_3D('',#8153,#5577,#5578);
#4413=AXIS2_PLACEMENT_3D('',#8155,#5580,#5581);
#4414=AXIS2_PLACEMENT_3D('',#8156,#5582,#5583);
#4415=AXIS2_PLACEMENT_3D('',#8158,#5585,#5586);
#4416=AXIS2_PLACEMENT_3D('',#8160,#5588,#5589);
#4417=DIRECTION('axis',(0.,0.,1.));
#4418=DIRECTION('refdir',(1.,0.,0.));
#4419=DIRECTION('center_axis',(0.,0.,1.));
#4420=DIRECTION('ref_axis',(-0.707106781186547,0.707106781186547,0.));
#4421=DIRECTION('center_axis',(0.894427190999915,-0.447213595499959,0.));
#4422=DIRECTION('ref_axis',(0.447213595499959,0.894427190999915,0.));
#4423=DIRECTION('center_axis',(-0.707106781186548,0.707106781186548,2.87567460300292E-31));
#4424=DIRECTION('ref_axis',(0.707106781186548,0.707106781186548,-6.5420519111824E-17));
#4425=DIRECTION('center_axis',(4.0668180245386E-31,6.19292279118983E-47,
1.));
#4426=DIRECTION('ref_axis',(-0.923879532511287,0.382683432365089,0.));
#4427=DIRECTION('center_axis',(0.,0.,1.));
#4428=DIRECTION('ref_axis',(-0.70710678118655,0.707106781186544,0.));
#4429=DIRECTION('',(4.0668180245386E-31,6.19292279118983E-47,1.));
#4430=DIRECTION('',(-4.0668180245386E-31,-6.19292279118983E-47,-1.));
#4431=DIRECTION('center_axis',(0.0934259033737163,0.995626235380931,0.));
#4432=DIRECTION('ref_axis',(0.995626235380931,-0.0934259033737163,4.55976680045896E-15));
#4433=DIRECTION('center_axis',(-0.637951972751045,-0.770076152379133,0.));
#4434=DIRECTION('ref_axis',(0.770076152379133,-0.637951972751045,0.));
#4435=DIRECTION('center_axis',(-0.707106781186548,-0.707106781186548,-5.35870091768983E-16));
#4436=DIRECTION('ref_axis',(0.499999999999991,-0.500000000000007,-0.707106781186549));
#4437=DIRECTION('',(0.707106781186548,0.707106781186548,5.35870091768983E-16));
#4438=DIRECTION('center_axis',(-0.671651795005291,0.,-0.740866969344815));
#4439=DIRECTION('ref_axis',(0.44103295019201,0.803508678788785,-0.399829638666312));
#4440=DIRECTION('',(-0.707106781186548,-0.707106781186548,-5.35870091768983E-16));
#4441=DIRECTION('center_axis',(-0.707106781186548,0.707106781186548,2.87567460300292E-31));
#4442=DIRECTION('ref_axis',(4.0668180245386E-31,0.,1.));
#4443=DIRECTION('',(0.595293039696503,0.595293039696503,-0.539678046410817));
#4444=DIRECTION('center_axis',(0.320371666389104,0.781453865881282,0.535436131461323));
#4445=DIRECTION('ref_axis',(-0.528833043143795,0.616491050794447,-0.583330435319152));
#4446=DIRECTION('center_axis',(-0.00558556315775031,6.35013607568097E-12,
0.999984400620435));
#4447=DIRECTION('ref_axis',(-7.99360577730092E-12,1.,-6.39488462184074E-12));
#4448=DIRECTION('center_axis',(-0.6189404822681,-0.268302588934396,-0.738191303241127));
#4449=DIRECTION('ref_axis',(-0.39749371699443,0.91760486670987,-0.000231387800475601));
#4450=DIRECTION('center_axis',(-0.0189107663502257,1.17890431475503E-12,
0.999821175468917));
#4451=DIRECTION('ref_axis',(3.55271367880049E-13,1.,-1.17239551400416E-12));
#4452=DIRECTION('center_axis',(-0.474049306925356,-0.478729639209597,0.738982535074976));
#4453=DIRECTION('ref_axis',(-0.157949901365415,0.871898940790528,0.463512746002751));
#4454=DIRECTION('center_axis',(-0.141876289462427,-0.845493588896592,0.514792880315117));
#4455=DIRECTION('ref_axis',(2.41584530158434E-11,0.520053535663496,0.854133666380091));
#4456=DIRECTION('center_axis',(-6.47766130844625E-46,-1.,-1.59280825189645E-15));
#4457=DIRECTION('ref_axis',(-0.707106781186552,0.,0.707106781186543));
#4458=DIRECTION('center_axis',(-2.36799538681913E-14,-0.0201400047729934,
-0.999797169533773));
#4459=DIRECTION('ref_axis',(1.,0.,-2.36847578586702E-14));
#4460=DIRECTION('center_axis',(-1.,-7.88860905221012E-31,8.34973500446636E-16));
#4461=DIRECTION('ref_axis',(0.,-0.707106781186552,-0.707106781186543));
#4462=DIRECTION('center_axis',(1.,7.88860905221012E-31,0.));
#4463=DIRECTION('ref_axis',(0.,0.,1.));
#4464=DIRECTION('',(1.,7.88860905221012E-31,-8.34973500446636E-16));
#4465=DIRECTION('center_axis',(-0.447213595499958,0.894427190999916,0.));
#4466=DIRECTION('ref_axis',(-0.894427190999916,-0.447213595499958,0.));
#4467=DIRECTION('',(1.,7.88860905221012E-31,-8.34973500446636E-16));
#4468=DIRECTION('center_axis',(-7.88860905221012E-31,1.,0.));
#4469=DIRECTION('ref_axis',(0.,0.,1.));
#4470=DIRECTION('center_axis',(-7.88860905221012E-31,1.,0.));
#4471=DIRECTION('ref_axis',(-0.707106781186539,-5.57808895494729E-31,0.707106781186556));
#4472=DIRECTION('center_axis',(7.88860905221012E-31,-1.,0.));
#4473=DIRECTION('ref_axis',(1.,7.88860905221012E-31,-4.06681802453857E-31));
#4474=DIRECTION('',(-0.740866969344815,-5.84440988085698E-31,0.671651795005291));
#4475=DIRECTION('center_axis',(-7.88860905221012E-31,1.,0.));
#4476=DIRECTION('ref_axis',(-0.932970248546226,-7.35983754812448E-31,0.359953490506194));
#4477=DIRECTION('',(4.06681802453857E-31,3.20815374820663E-61,1.));
#4478=DIRECTION('center_axis',(-0.705456956869743,-0.305460875730937,0.639549947542621));
#4479=DIRECTION('ref_axis',(0.396890392963707,-0.9178658166245,-0.000598870064910287));
#4480=DIRECTION('center_axis',(2.36841650515735E-14,0.00707513128282953,
0.999974970945439));
#4481=DIRECTION('ref_axis',(0.394129390773444,-0.919031959005757,0.00650243451286061));
#4482=DIRECTION('center_axis',(0.,0.00628152012008089,-0.999980271057875));
#4483=DIRECTION('ref_axis',(1.,0.,0.));
#4484=DIRECTION('center_axis',(-1.09184302074426E-11,-0.00667388218861406,
0.999977729400277));
#4485=DIRECTION('ref_axis',(0.397481804896304,-0.91758962022149,-0.00612402140414285));
#4486=DIRECTION('center_axis',(0.437127563521458,0.191733438805927,0.878725088781154));
#4487=DIRECTION('ref_axis',(0.408553176771825,-0.912725375920561,-0.00408532744355485));
#4488=DIRECTION('center_axis',(0.,-0.00704983401319597,-0.999975149611422));
#4489=DIRECTION('ref_axis',(1.,0.,0.));
#4490=DIRECTION('center_axis',(0.,1.,0.));
#4491=DIRECTION('ref_axis',(-0.914235143441032,0.,-0.40518403534364));
#4492=DIRECTION('',(0.,1.,0.));
#4493=DIRECTION('center_axis',(0.,-1.,0.));
#4494=DIRECTION('ref_axis',(-1.,0.,0.));
#4495=DIRECTION('',(0.,-1.,0.));
#4496=DIRECTION('center_axis',(-1.,0.,4.06681802453857E-31));
#4497=DIRECTION('ref_axis',(4.06681802453857E-31,0.,1.));
#4498=DIRECTION('',(0.,-1.,0.));
#4499=DIRECTION('',(4.06681802453857E-31,5.08757248222051E-62,1.));
#4500=DIRECTION('',(0.,1.,0.));
#4501=DIRECTION('',(-4.06681802453857E-31,-4.18447066490165E-23,-1.));
#4502=DIRECTION('center_axis',(-1.,0.,4.06681802453857E-31));
#4503=DIRECTION('ref_axis',(0.,0.707106781186543,0.707106781186552));
#4504=DIRECTION('',(6.47766130844625E-46,1.,1.59280825189645E-15));
#4505=DIRECTION('center_axis',(-1.,0.,4.06681802453857E-31));
#4506=DIRECTION('ref_axis',(2.87567460300292E-31,-0.707106781186545,0.70710678118655));
#4507=DIRECTION('',(-6.47766130844625E-46,-1.,-1.59280825189645E-15));
#4508=DIRECTION('center_axis',(-1.,0.,4.06681802453857E-31));
#4509=DIRECTION('ref_axis',(0.,0.707106781186543,-0.707106781186552));
#4510=DIRECTION('',(-4.06681802453857E-31,-4.18447066490165E-23,-1.));
#4511=DIRECTION('center_axis',(-1.,0.,4.06681802453857E-31));
#4512=DIRECTION('ref_axis',(4.06681802453857E-31,-2.74175855850291E-16,
1.));
#4513=DIRECTION('center_axis',(0.,-1.,0.));
#4514=DIRECTION('ref_axis',(-0.405184035343644,0.,0.91423514344103));
#4515=DIRECTION('',(0.,1.,0.));
#4516=DIRECTION('center_axis',(0.,1.,0.));
#4517=DIRECTION('ref_axis',(0.671651795005287,0.,0.740866969344818));
#4518=DIRECTION('center_axis',(0.702023143132402,0.319548951716669,-0.636436936359983));
#4519=DIRECTION('ref_axis',(-0.27090401091222,0.946320857503941,0.176317473679374));
#4520=DIRECTION('center_axis',(-0.388659472148279,-0.277065928121218,0.878736755908019));
#4521=DIRECTION('ref_axis',(-0.229759738040975,0.952732259508494,0.198775512745363));
#4522=DIRECTION('center_axis',(5.91981168167592E-15,-0.0215712674496034,
-0.999767313138721));
#4523=DIRECTION('ref_axis',(1.,0.,5.92118946466749E-15));
#4524=DIRECTION('center_axis',(0.225477484734829,0.276244587831499,-0.934263791212878));
#4525=DIRECTION('ref_axis',(0.973990918257275,-0.0859612556978226,0.209648166391225));
#4526=DIRECTION('center_axis',(0.731843551659917,0.346369118287697,-0.58688452849807));
#4527=DIRECTION('ref_axis',(0.677599526528536,-0.27816943808785,0.680794128472179));
#4528=DIRECTION('center_axis',(7.88860905221012E-31,-1.,0.));
#4529=DIRECTION('ref_axis',(1.,7.88860905221012E-31,-4.06681802453857E-31));
#4530=DIRECTION('',(-1.,-7.88860905221012E-31,8.34973500446636E-16));
#4531=DIRECTION('',(4.06681802453857E-31,3.20815374820663E-61,1.));
#4532=DIRECTION('',(1.,7.88860905221012E-31,-4.06681802453857E-31));
#4533=DIRECTION('',(0.404495086652519,3.19090360214157E-31,-0.914540171274052));
#4534=DIRECTION('center_axis',(1.,0.,-4.06681802453857E-31));
#4535=DIRECTION('ref_axis',(0.,0.21085593273255,0.977517148510187));
#4536=DIRECTION('center_axis',(0.,1.,0.));
#4537=DIRECTION('ref_axis',(0.,0.,-1.));
#4538=DIRECTION('center_axis',(1.,0.,-4.06681802453857E-31));
#4539=DIRECTION('ref_axis',(0.,0.,-1.));
#4540=DIRECTION('center_axis',(0.,1.,0.));
#4541=DIRECTION('ref_axis',(0.,0.,-1.));
#4542=DIRECTION('center_axis',(1.,0.,-4.06681802453857E-31));
#4543=DIRECTION('ref_axis',(0.,-0.707106781186545,0.70710678118655));
#4544=DIRECTION('center_axis',(-6.47766130844625E-46,-1.,-1.59280825189645E-15));
#4545=DIRECTION('ref_axis',(-0.707106781186552,0.,0.707106781186543));
#4546=DIRECTION('',(6.47766130844625E-46,1.,1.59280825189645E-15));
#4547=DIRECTION('center_axis',(0.,-1.,0.));
#4548=DIRECTION('ref_axis',(0.,0.,1.));
#4549=DIRECTION('center_axis',(0.,0.,1.));
#4550=DIRECTION('ref_axis',(-0.557890532238408,0.829914546226746,0.));
#4551=DIRECTION('center_axis',(-0.299323181942553,-0.287156655667117,0.909915758660033));
#4552=DIRECTION('ref_axis',(0.0519105057096814,0.94732505360533,0.316038830222844));
#4553=DIRECTION('center_axis',(0.671627149030686,0.00856666772487509,0.74083978354905));
#4554=DIRECTION('ref_axis',(-0.740866969344807,0.,0.6716517950053));
#4555=DIRECTION('center_axis',(-0.574159340168172,0.518880596948694,-0.633327702068855));
#4556=DIRECTION('ref_axis',(0.348507084334008,0.854846726676875,0.384421495313206));
#4557=DIRECTION('center_axis',(0.671633394925946,0.00740201194697455,0.740846673097332));
#4558=DIRECTION('ref_axis',(-0.229759738040981,0.952732259508495,0.198775512745352));
#4559=DIRECTION('center_axis',(0.,0.,1.));
#4560=DIRECTION('ref_axis',(1.,0.,0.));
#4561=DIRECTION('center_axis',(0.,1.,0.));
#4562=DIRECTION('ref_axis',(-0.987226533288302,0.,0.159322854517363));
#4563=DIRECTION('center_axis',(0.740866969344811,0.,-0.671651795005295));
#4564=DIRECTION('ref_axis',(-0.671651795005295,0.,-0.740866969344811));
#4565=DIRECTION('center_axis',(-0.740866969344811,0.,0.671651795005295));
#4566=DIRECTION('ref_axis',(-0.188494715336341,-0.959812076342286,-0.207919504611236));
#4567=DIRECTION('center_axis',(-0.671651795005291,0.,-0.740866969344815));
#4568=DIRECTION('ref_axis',(-0.523872057980846,0.707106781186545,0.47492953884436));
#4569=DIRECTION('center_axis',(-0.740866969344813,0.,0.671651795005293));
#4570=DIRECTION('ref_axis',(-0.671651795005293,0.,-0.740866969344813));
#4571=DIRECTION('center_axis',(0.602708357446277,0.313287187996331,-0.733889483302331));
#4572=DIRECTION('ref_axis',(-0.263590032199825,0.946243833408751,0.187464403716563));
#4573=DIRECTION('center_axis',(-0.554094814471334,-0.310969784111342,0.772189568658969));
#4574=DIRECTION('ref_axis',(0.564960997798932,0.540799357752592,0.623181454811052));
#4575=DIRECTION('center_axis',(-0.740866969344815,0.,0.671651795005291));
#4576=DIRECTION('ref_axis',(-0.474929538844352,-0.707106781186558,-0.523872057980836));
#4577=DIRECTION('center_axis',(-0.740866969344812,0.,0.671651795005294));
#4578=DIRECTION('ref_axis',(-0.671651795005294,0.,-0.740866969344812));
#4579=DIRECTION('',(0.740866969344815,0.,-0.671651795005291));
#4580=DIRECTION('center_axis',(0.740866969344813,0.,-0.671651795005293));
#4581=DIRECTION('ref_axis',(0.,-1.,0.));
#4582=DIRECTION('center_axis',(-0.740866969344815,0.,0.671651795005291));
#4583=DIRECTION('ref_axis',(-0.474929538844352,-0.707106781186558,-0.523872057980836));
#4584=DIRECTION('',(0.740866969344815,0.,-0.671651795005291));
#4585=DIRECTION('center_axis',(-0.740866969344811,0.,0.671651795005295));
#4586=DIRECTION('ref_axis',(-0.671651795005295,-3.94430452610506E-31,-0.740866969344811));
#4587=DIRECTION('',(0.,1.,0.));
#4588=DIRECTION('',(-0.671651795005295,7.85046229341126E-17,-0.740866969344811));
#4589=DIRECTION('',(0.,-1.,0.));
#4590=DIRECTION('',(0.671651795005295,0.,0.740866969344811));
#4591=DIRECTION('center_axis',(0.740866969344811,0.,-0.671651795005295));
#4592=DIRECTION('ref_axis',(0.,-1.,0.));
#4593=DIRECTION('center_axis',(0.,-1.,0.));
#4594=DIRECTION('ref_axis',(-0.987226533288302,0.,0.159322854517364));
#4595=DIRECTION('',(0.,-1.,0.));
#4596=DIRECTION('center_axis',(-2.62065267882446E-13,-1.,5.92514527080222E-13));
#4597=DIRECTION('ref_axis',(-0.914540171274051,0.,-0.404495086652521));
#4598=DIRECTION('center_axis',(-0.914540171274052,0.,-0.404495086652519));
#4599=DIRECTION('ref_axis',(0.404495086652519,-1.18329135783152E-30,-0.914540171274052));
#4600=DIRECTION('',(-0.404495086652519,-3.19090360214157E-31,0.914540171274052));
#4601=DIRECTION('',(0.,1.,0.));
#4602=DIRECTION('',(0.404495086652519,0.,-0.914540171274052));
#4603=DIRECTION('center_axis',(0.,0.,-1.));
#4604=DIRECTION('ref_axis',(1.,0.,0.));
#4605=DIRECTION('center_axis',(-0.447213595499958,-0.894427190999916,0.));
#4606=DIRECTION('ref_axis',(-0.894427190999916,0.447213595499958,0.));
#4607=DIRECTION('center_axis',(0.894427190999916,0.447213595499958,0.));
#4608=DIRECTION('ref_axis',(-0.447213595499958,0.894427190999916,0.));
#4609=DIRECTION('center_axis',(4.06681783873196E-31,4.18447066490165E-23,
1.));
#4610=DIRECTION('ref_axis',(0.707106781186556,-0.707106781186539,0.));
#4611=DIRECTION('center_axis',(0.,0.,-1.));
#4612=DIRECTION('ref_axis',(1.,0.,0.));
#4613=DIRECTION('',(-4.06681783873196E-31,-4.18447066490165E-23,-1.));
#4614=DIRECTION('',(4.06681783873196E-31,4.18447066490165E-23,1.));
#4615=DIRECTION('center_axis',(-7.8886094530071E-31,1.,-4.18447066490165E-23));
#4616=DIRECTION('ref_axis',(0.,0.,1.));
#4617=DIRECTION('center_axis',(-0.671651795005275,-8.77362738720947E-15,
-0.740866969344829));
#4618=DIRECTION('ref_axis',(0.740866969344829,0.,-0.671651795005275));
#4619=DIRECTION('center_axis',(7.8886094530071E-31,-1.,4.18447066490165E-23));
#4620=DIRECTION('ref_axis',(-0.932970248546226,1.50621474815375E-23,0.359953490506194));
#4621=DIRECTION('center_axis',(-7.8886094530071E-31,1.,-4.18447066490165E-23));
#4622=DIRECTION('ref_axis',(-0.932970248546226,0.,0.359953490506194));
#4623=DIRECTION('center_axis',(0.662651562295707,0.447213595499957,-0.600743628336631));
#4624=DIRECTION('ref_axis',(-0.331325781147852,0.894427190999917,0.300371814168314));
#4625=DIRECTION('center_axis',(-0.331325781147853,-0.894427190999916,0.300371814168315));
#4626=DIRECTION('ref_axis',(-0.662651562295704,0.447213595499958,0.600743628336633));
#4627=DIRECTION('center_axis',(0.,-1.,0.));
#4628=DIRECTION('ref_axis',(-1.,0.,4.06681783873196E-31));
#4629=DIRECTION('',(0.,-1.,0.));
#4630=DIRECTION('center_axis',(1.25099585265995E-31,-1.,0.));
#4631=DIRECTION('ref_axis',(-0.405184035343639,0.,0.914235143441032));
#4632=DIRECTION('',(0.,-1.,0.));
#4633=DIRECTION('center_axis',(1.,0.,-4.06681783873196E-31));
#4634=DIRECTION('ref_axis',(4.06681783873196E-31,4.18447066490165E-23,1.));
#4635=DIRECTION('',(-6.47766101249193E-46,-1.,-1.59280825189645E-15));
#4636=DIRECTION('',(-4.06681783873196E-31,-5.0875722497772E-62,-1.));
#4637=DIRECTION('center_axis',(-6.47766101249193E-46,-1.,-1.59280825189645E-15));
#4638=DIRECTION('ref_axis',(-0.707106781186552,0.,-0.707106781186543));
#4639=DIRECTION('',(6.47766101249193E-46,1.,1.59280825189645E-15));
#4640=DIRECTION('center_axis',(0.,-1.,0.));
#4641=DIRECTION('ref_axis',(0.,0.,-1.));
#4642=DIRECTION('center_axis',(1.,7.88860910361489E-31,-8.34973500446636E-16));
#4643=DIRECTION('ref_axis',(0.,0.707106781186543,-0.707106781186552));
#4644=DIRECTION('',(-1.,-7.88860910361489E-31,8.34973500446636E-16));
#4645=DIRECTION('center_axis',(1.,0.,0.));
#4646=DIRECTION('ref_axis',(0.,1.,0.));
#4647=DIRECTION('',(1.,7.88860910361489E-31,-8.34973500446636E-16));
#4648=DIRECTION('center_axis',(0.6716517950053,8.77362738720919E-15,0.740866969344806));
#4649=DIRECTION('ref_axis',(0.740866969344806,0.,-0.6716517950053));
#4650=DIRECTION('center_axis',(-0.331325781147853,0.894427190999916,0.300371814168315));
#4651=DIRECTION('ref_axis',(-0.662651562295704,-0.447213595499958,0.600743628336633));
#4652=DIRECTION('center_axis',(0.662651562295707,-0.447213595499957,-0.600743628336631));
#4653=DIRECTION('ref_axis',(-0.331325781147852,-0.894427190999917,0.300371814168314));
#4654=DIRECTION('center_axis',(7.88860905221012E-31,-1.,0.));
#4655=DIRECTION('ref_axis',(0.,0.,-1.));
#4656=DIRECTION('center_axis',(-1.1842378929335E-14,0.,1.));
#4657=DIRECTION('ref_axis',(1.,0.,1.1842378929335E-14));
#4658=DIRECTION('center_axis',(7.88860905221012E-31,-1.,0.));
#4659=DIRECTION('ref_axis',(-0.932970248546226,0.,0.359953490506194));
#4660=DIRECTION('center_axis',(-4.06681802453857E-31,-3.20815374820663E-61,
-1.));
#4661=DIRECTION('ref_axis',(0.707106781186547,0.707106781186547,0.));
#4662=DIRECTION('center_axis',(0.,-5.92118946466749E-15,1.));
#4663=DIRECTION('ref_axis',(1.,0.,0.));
#4664=DIRECTION('',(-4.06681802453857E-31,-3.20815374820663E-61,-1.));
#4665=DIRECTION('center_axis',(0.894427190999916,-0.447213595499958,0.));
#4666=DIRECTION('ref_axis',(-0.447213595499958,-0.894427190999916,0.));
#4667=DIRECTION('center_axis',(1.,0.,-4.06681802453857E-31));
#4668=DIRECTION('ref_axis',(-4.06681802453857E-31,0.,-1.));
#4669=DIRECTION('',(0.,-1.,0.));
#4670=DIRECTION('',(4.06681802453857E-31,-1.77493703674728E-30,1.));
#4671=DIRECTION('',(-6.47766130844625E-46,-1.,-1.59280825189645E-15));
#4672=DIRECTION('center_axis',(0.,1.,0.));
#4673=DIRECTION('ref_axis',(0.6716517950053,0.,0.740866969344807));
#4674=DIRECTION('',(0.,-1.,0.));
#4675=DIRECTION('center_axis',(0.,1.,0.));
#4676=DIRECTION('ref_axis',(-0.405184035343635,0.,0.914235143441034));
#4677=DIRECTION('center_axis',(0.740866969344815,5.84440988085698E-31,-0.671651795005291));
#4678=DIRECTION('ref_axis',(0.47492953884436,-0.707106781186553,0.523872057980835));
#4679=DIRECTION('',(-0.740866969344815,-5.84440988085698E-31,0.671651795005291));
#4680=DIRECTION('center_axis',(-0.740866969344824,0.,0.671651795005281));
#4681=DIRECTION('ref_axis',(0.,-1.,0.));
#4682=DIRECTION('center_axis',(-0.408248290463868,0.408248290463858,-0.816496580927726));
#4683=DIRECTION('ref_axis',(0.577350269189632,-0.577350269189623,-0.577350269189623));
#4684=DIRECTION('center_axis',(1.,0.,0.));
#4685=DIRECTION('ref_axis',(0.,0.,-1.));
#4686=DIRECTION('center_axis',(0.,-1.,0.));
#4687=DIRECTION('ref_axis',(1.,0.,0.));
#4688=DIRECTION('center_axis',(-5.92118946466749E-15,0.,-1.));
#4689=DIRECTION('ref_axis',(0.,-1.,0.));
#4690=DIRECTION('center_axis',(-0.816496580927723,0.408248290463871,-0.408248290463861));
#4691=DIRECTION('ref_axis',(0.577350269189627,0.577350269189627,-0.577350269189623));
#4692=DIRECTION('center_axis',(0.,5.92118946466749E-15,-1.));
#4693=DIRECTION('ref_axis',(1.,0.,0.));
#4694=DIRECTION('center_axis',(0.,1.,0.));
#4695=DIRECTION('ref_axis',(0.,0.,-1.));
#4696=DIRECTION('center_axis',(1.,0.,0.));
#4697=DIRECTION('ref_axis',(0.,1.,0.));
#4698=DIRECTION('center_axis',(-0.816496580927724,0.408248290463867,-0.408248290463862));
#4699=DIRECTION('ref_axis',(0.577350269189629,0.577350269189629,-0.57735026918962));
#4700=DIRECTION('center_axis',(1.,0.,0.));
#4701=DIRECTION('ref_axis',(0.,1.,0.));
#4702=DIRECTION('center_axis',(0.,5.92118946466749E-15,-1.));
#4703=DIRECTION('ref_axis',(1.,0.,0.));
#4704=DIRECTION('center_axis',(0.,1.,0.));
#4705=DIRECTION('ref_axis',(0.,0.,-1.));
#4706=DIRECTION('center_axis',(0.,0.,1.));
#4707=DIRECTION('ref_axis',(1.,0.,0.));
#4708=DIRECTION('center_axis',(0.0330021801344282,0.,-0.999455279693081));
#4709=DIRECTION('ref_axis',(-0.874822431886266,0.483581706078557,-0.0288867826998872));
#4710=DIRECTION('center_axis',(0.404495086652521,0.,-0.914540171274051));
#4711=DIRECTION('ref_axis',(-0.914540171274051,0.,-0.404495086652521));
#4712=DIRECTION('center_axis',(0.334935460930966,0.560678705234901,-0.757269850520325));
#4713=DIRECTION('ref_axis',(-0.874822431886266,0.483581706078557,-0.0288867826998872));
#4714=DIRECTION('center_axis',(-0.279590718779843,-0.858756789770969,-0.42937839488548));
#4715=DIRECTION('ref_axis',(-0.468595226870595,0.512383426763847,-0.719640005372014));
#4716=DIRECTION('center_axis',(-0.404495086652521,0.,0.914540171274051));
#4717=DIRECTION('ref_axis',(0.,1.,0.));
#4718=DIRECTION('center_axis',(-1.,-7.88860905221012E-31,4.06681802453857E-31));
#4719=DIRECTION('ref_axis',(0.,0.707106781186547,-0.707106781186547));
#4720=DIRECTION('center_axis',(0.,1.,0.));
#4721=DIRECTION('ref_axis',(0.,0.,-1.));
#4722=DIRECTION('center_axis',(-0.404495086652519,-3.19090360214157E-31,
0.914540171274052));
#4723=DIRECTION('ref_axis',(-0.646677556775389,0.707106781186548,-0.286021218728634));
#4724=DIRECTION('center_axis',(-0.408248290463858,-0.816496580927724,-0.408248290463872));
#4725=DIRECTION('ref_axis',(-0.57735026918962,0.577350269189629,-0.577350269189629));
#4726=DIRECTION('center_axis',(0.,0.,-1.));
#4727=DIRECTION('ref_axis',(0.,1.,0.));
#4728=DIRECTION('center_axis',(-1.,1.1842378929335E-14,0.));
#4729=DIRECTION('ref_axis',(0.,0.,-1.));
#4730=DIRECTION('center_axis',(0.,1.,0.));
#4731=DIRECTION('ref_axis',(-1.,0.,0.));
#4732=DIRECTION('center_axis',(-1.,-1.25099585265995E-31,4.06681783873196E-31));
#4733=DIRECTION('ref_axis',(0.,0.707106781186543,-0.707106781186552));
#4734=DIRECTION('',(1.,1.25099585265995E-31,-4.06681783873196E-31));
#4735=DIRECTION('',(-1.,-1.25099585265995E-31,4.06681783873196E-31));
#4736=DIRECTION('center_axis',(0.,-1.,0.));
#4737=DIRECTION('ref_axis',(-0.707106781186543,0.,-0.707106781186552));
#4738=DIRECTION('center_axis',(0.,1.,0.));
#4739=DIRECTION('ref_axis',(0.,0.,-1.));
#4740=DIRECTION('',(0.,-1.,0.));
#4741=DIRECTION('center_axis',(-0.469847700175156,0.389234579325215,-0.792300183577941));
#4742=DIRECTION('ref_axis',(0.610131476898658,-0.505449465124949,-0.610131476898516));
#4743=DIRECTION('center_axis',(0.,-1.,4.79616346638069E-13));
#4744=DIRECTION('ref_axis',(1.,0.,0.));
#4745=DIRECTION('center_axis',(-4.85537536102734E-13,-4.85537536102242E-13,
1.));
#4746=DIRECTION('ref_axis',(0.707106781186189,-0.707106781186906,0.));
#4747=DIRECTION('center_axis',(0.577350269189326,0.577350269189945,-0.577350269189606));
#4748=DIRECTION('ref_axis',(0.,-0.70710678118634,-0.707106781186755));
#4749=DIRECTION('center_axis',(-1.,7.03401421490539E-13,0.));
#4750=DIRECTION('ref_axis',(0.,0.,-1.));
#4751=DIRECTION('center_axis',(0.241791426256099,-0.896466406869955,0.37132854393746));
#4752=DIRECTION('ref_axis',(-0.489172119874636,-0.443111703020433,-0.75124074422497));
#4753=DIRECTION('center_axis',(-0.418231094702329,0.642293839073703,-0.642293839073719));
#4754=DIRECTION('ref_axis',(-0.646677556775387,-0.707106781186549,-0.286021218728636));
#4755=DIRECTION('center_axis',(-0.404495086652521,-2.61573042248778E-13,
0.914540171274051));
#4756=DIRECTION('ref_axis',(-0.914540171274051,0.,-0.404495086652521));
#4757=DIRECTION('center_axis',(-1.81285973233653E-13,-1.,0.));
#4758=DIRECTION('ref_axis',(0.,0.,-1.));
#4759=DIRECTION('center_axis',(1.,1.89478062869471E-13,-1.8947806286936E-13));
#4760=DIRECTION('ref_axis',(0.,-0.70710678118634,-0.707106781186755));
#4761=DIRECTION('center_axis',(-0.966914253784533,-0.204976348794503,-0.151860206318749));
#4762=DIRECTION('ref_axis',(-0.255101599031252,0.776923994560456,0.575597325261266));
#4763=DIRECTION('center_axis',(-0.740866969344823,0.,0.671651795005281));
#4764=DIRECTION('ref_axis',(0.,1.,0.));
#4765=DIRECTION('center_axis',(0.,1.1842378929335E-14,1.));
#4766=DIRECTION('ref_axis',(-1.,0.,0.));
#4767=DIRECTION('center_axis',(4.06681802453857E-31,5.08757248222051E-62,
1.));
#4768=DIRECTION('ref_axis',(-0.707106781186556,0.707106781186539,0.));
#4769=DIRECTION('',(-4.06681802453857E-31,-5.08757248222051E-62,-1.));
#4770=DIRECTION('center_axis',(0.408248290463859,-0.816496580927728,-0.408248290463864));
#4771=DIRECTION('ref_axis',(0.577350269189631,0.577350269189621,-0.577350269189626));
#4772=DIRECTION('center_axis',(0.,1.,0.));
#4773=DIRECTION('ref_axis',(0.,0.,-1.));
#4774=DIRECTION('center_axis',(1.,0.,0.));
#4775=DIRECTION('ref_axis',(0.,1.,0.));
#4776=DIRECTION('center_axis',(0.,0.,-1.));
#4777=DIRECTION('ref_axis',(1.,0.,0.));
#4778=DIRECTION('center_axis',(1.,1.25099585265995E-31,-8.34973500446636E-16));
#4779=DIRECTION('ref_axis',(0.,0.707106781186543,-0.707106781186552));
#4780=DIRECTION('',(1.,1.25099585265995E-31,-8.34973500446636E-16));
#4781=DIRECTION('',(-1.,-1.25099585265995E-31,8.34973500446636E-16));
#4782=DIRECTION('center_axis',(0.707106781186543,0.,0.707106781186552));
#4783=DIRECTION('ref_axis',(-0.707106781186552,-1.76917530130419E-31,0.707106781186543));
#4784=DIRECTION('center_axis',(0.,0.,1.));
#4785=DIRECTION('ref_axis',(1.,0.,0.));
#4786=DIRECTION('center_axis',(-0.756515112047669,0.642478794448504,0.122089655284553));
#4787=DIRECTION('ref_axis',(-0.52387205798033,-0.707106781187234,0.474929538843903));
#4788=DIRECTION('center_axis',(0.6716517950053,-9.01494753360062E-13,0.740866969344807));
#4789=DIRECTION('ref_axis',(-0.740866969344807,0.,0.6716517950053));
#4790=DIRECTION('center_axis',(0.404495086651941,6.32507385612824E-13,-0.914540171274307));
#4791=DIRECTION('ref_axis',(-0.646677556775392,-0.707106781186543,-0.286021218728639));
#4792=DIRECTION('center_axis',(0.,0.,1.));
#4793=DIRECTION('ref_axis',(1.,0.,0.));
#4794=DIRECTION('center_axis',(0.,0.,1.));
#4795=DIRECTION('ref_axis',(0.,1.,0.));
#4796=DIRECTION('center_axis',(0.740866969344818,0.,-0.671651795005287));
#4797=DIRECTION('ref_axis',(0.671651795005287,0.,0.740866969344818));
#4798=DIRECTION('center_axis',(0.,1.,0.));
#4799=DIRECTION('ref_axis',(1.,0.,0.));
#4800=DIRECTION('center_axis',(-0.740866969344815,-9.26821506023113E-32,
0.671651795005291));
#4801=DIRECTION('ref_axis',(0.474929538844364,0.707106781186542,0.523872057980847));
#4802=DIRECTION('',(0.740866969344815,9.26821506023113E-32,-0.671651795005291));
#4803=DIRECTION('',(-0.740866969344815,-9.26821506023113E-32,0.671651795005291));
#4804=DIRECTION('center_axis',(-0.469847700175176,0.389234579325219,-0.792300183577928));
#4805=DIRECTION('ref_axis',(0.610131476898654,-0.505449465124944,-0.610131476898526));
#4806=DIRECTION('center_axis',(0.,-1.,4.79616346638069E-13));
#4807=DIRECTION('ref_axis',(1.,0.,0.));
#4808=DIRECTION('center_axis',(-4.67773967708732E-13,-4.67773967708265E-13,
1.));
#4809=DIRECTION('ref_axis',(0.707106781186195,-0.7071067811869,0.));
#4810=DIRECTION('center_axis',(0.577350269189342,0.577350269189942,-0.577350269189594));
#4811=DIRECTION('ref_axis',(0.,-0.707106781186334,-0.707106781186761));
#4812=DIRECTION('center_axis',(-1.,6.86653768597913E-13,0.));
#4813=DIRECTION('ref_axis',(0.,0.,-1.));
#4814=DIRECTION('center_axis',(0.0247379701192186,-0.862856209461091,-0.504843732880599));
#4815=DIRECTION('ref_axis',(-0.0422303565433231,-0.505449465124292,0.861822159840295));
#4816=DIRECTION('center_axis',(-0.0399613995369149,0.577350269189802,0.815518088832807));
#4817=DIRECTION('ref_axis',(0.474929538844139,-0.707106781186541,0.523872057981052));
#4818=DIRECTION('center_axis',(0.740866969345099,7.79267416820349E-13,-0.671651795004977));
#4819=DIRECTION('ref_axis',(0.671651795004977,0.,0.740866969345099));
#4820=DIRECTION('center_axis',(-3.85766820653504E-13,-1.,-4.25520928279649E-13));
#4821=DIRECTION('ref_axis',(-0.740866969344812,0.,0.671651795005294));
#4822=DIRECTION('center_axis',(-0.671651795004871,-5.77990286352404E-13,
-0.740866969345195));
#4823=DIRECTION('ref_axis',(-0.52387205798033,-0.707106781187234,0.474929538843903));
#4824=DIRECTION('center_axis',(0.,0.,1.));
#4825=DIRECTION('ref_axis',(1.,0.,0.));
#4826=DIRECTION('center_axis',(-1.1842378929335E-14,-1.,1.07360098292068E-14));
#4827=DIRECTION('ref_axis',(0.671651795005287,0.,0.740866969344818));
#4828=DIRECTION('center_axis',(-0.740866969344829,-7.85046229341482E-15,
0.671651795005275));
#4829=DIRECTION('ref_axis',(0.474929538844104,-0.707106781186915,0.523872057980579));
#4830=DIRECTION('center_axis',(0.674748869583392,0.674748869582725,0.29904502335396));
#4831=DIRECTION('ref_axis',(0.707106781186198,-0.707106781186897,0.));
#4832=DIRECTION('center_axis',(0.,3.34953057852374E-14,-1.));
#4833=DIRECTION('ref_axis',(1.,0.,0.));
#4834=DIRECTION('center_axis',(0.,0.,1.));
#4835=DIRECTION('ref_axis',(1.,0.,0.));
#4836=DIRECTION('center_axis',(0.671651795005294,1.58099587853573E-14,0.740866969344812));
#4837=DIRECTION('ref_axis',(0.740866969344812,0.,-0.671651795005294));
#4838=DIRECTION('center_axis',(0.,1.,0.));
#4839=DIRECTION('ref_axis',(0.671651795004978,0.,0.740866969345099));
#4840=DIRECTION('center_axis',(0.740866969345099,-2.61682076447298E-15,
-0.671651795004977));
#4841=DIRECTION('ref_axis',(0.474929538844139,-0.707106781186541,0.523872057981052));
#4842=DIRECTION('center_axis',(-0.815518088832981,-0.577350269189544,-0.039961399537092));
#4843=DIRECTION('ref_axis',(0.523872057980837,-0.70710678118655,-0.474929538844363));
#4844=DIRECTION('center_axis',(0.,0.,1.));
#4845=DIRECTION('ref_axis',(1.,0.,0.));
#4846=DIRECTION('center_axis',(0.,1.,0.));
#4847=DIRECTION('ref_axis',(0.740866969344812,0.,-0.671651795005294));
#4848=DIRECTION('center_axis',(0.671651795005306,0.,0.740866969344801));
#4849=DIRECTION('ref_axis',(0.,1.,0.));
#4850=DIRECTION('center_axis',(0.740866969345094,0.,-0.671651795004983));
#4851=DIRECTION('ref_axis',(0.671651795004983,0.,0.740866969345094));
#4852=DIRECTION('center_axis',(0.815518088833052,0.577350269189425,0.0399613995373573));
#4853=DIRECTION('ref_axis',(-0.576658370793859,0.816496580927873,-0.0282569765981091));
#4854=DIRECTION('center_axis',(6.25176615606819E-31,-1.,-1.77493703674728E-30));
#4855=DIRECTION('ref_axis',(-0.99880159682519,0.,-0.0489425191367425));
#4856=DIRECTION('',(0.815518088833052,0.577350269189425,0.0399613995373573));
#4857=DIRECTION('center_axis',(0.81551808883333,0.577350269189082,0.039961399536643));
#4858=DIRECTION('ref_axis',(-0.474929538844112,0.707106781186914,-0.523872057980574));
#4859=DIRECTION('',(-0.815518088833052,-0.577350269189425,-0.0399613995373573));
#4860=DIRECTION('center_axis',(-0.671651795005293,0.,-0.740866969344813));
#4861=DIRECTION('ref_axis',(-0.740866969344812,0.,0.671651795005294));
#4862=DIRECTION('center_axis',(-0.671651795005294,-1.672758245223E-14,-0.740866969344812));
#4863=DIRECTION('ref_axis',(0.740866969344812,0.,-0.671651795005294));
#4864=DIRECTION('center_axis',(0.,1.,0.));
#4865=DIRECTION('ref_axis',(-0.671651795005294,0.,-0.740866969344812));
#4866=DIRECTION('center_axis',(0.671651795005291,0.,0.740866969344815));
#4867=DIRECTION('ref_axis',(0.523872057980844,0.707106781186546,-0.474929538844361));
#4868=DIRECTION('center_axis',(0.,-1.,0.));
#4869=DIRECTION('ref_axis',(-0.998801596825203,0.,-0.0489425191364824));
#4870=DIRECTION('center_axis',(-2.06802831690537E-13,-1.,-2.2811431206744E-13));
#4871=DIRECTION('ref_axis',(-0.740866969344812,0.,0.671651795005294));
#4872=DIRECTION('',(0.,1.,0.));
#4873=DIRECTION('',(0.,-1.,0.));
#4874=DIRECTION('center_axis',(0.671651795005293,0.,0.740866969344813));
#4875=DIRECTION('ref_axis',(0.523872057980844,0.707106781186546,-0.474929538844361));
#4876=DIRECTION('',(-0.671651795005293,0.,-0.740866969344813));
#4877=DIRECTION('',(0.671651795005293,0.,0.740866969344813));
#4878=DIRECTION('center_axis',(0.269417847188784,0.,0.96302337646402));
#4879=DIRECTION('ref_axis',(0.96302337646402,0.,-0.269417847188784));
#4880=DIRECTION('center_axis',(0.36227974812738,1.10379191355551E-14,-0.932069409484488));
#4881=DIRECTION('ref_axis',(0.932069409484488,0.,0.36227974812738));
#4882=DIRECTION('center_axis',(-0.740866969344815,7.85046229341481E-17,
0.671651795005291));
#4883=DIRECTION('ref_axis',(0.620525346379786,-0.382683432365328,0.68447182929127));
#4884=DIRECTION('',(0.740866969344815,-7.85046229341481E-17,-0.671651795005291));
#4885=DIRECTION('',(-0.740866969344815,7.85046229341481E-17,0.671651795005291));
#4886=DIRECTION('center_axis',(0.671651795005293,0.,0.740866969344813));
#4887=DIRECTION('ref_axis',(0.684471829291337,-0.382683432365088,-0.62052534637986));
#4888=DIRECTION('',(-0.671651795005293,-3.92523114670945E-17,-0.740866969344812));
#4889=DIRECTION('',(0.671651795005293,0.,0.740866969344812));
#4890=DIRECTION('center_axis',(-0.740866969345099,0.,0.671651795004978));
#4891=DIRECTION('ref_axis',(0.474929538844143,0.707106781186545,0.523872057981044));
#4892=DIRECTION('center_axis',(0.740866969345094,0.,-0.671651795004983));
#4893=DIRECTION('ref_axis',(0.,1.,0.));
#4894=DIRECTION('',(0.740866969345099,0.,-0.671651795004978));
#4895=DIRECTION('',(-0.740866969345099,0.,0.671651795004978));
#4896=DIRECTION('center_axis',(0.,1.,0.));
#4897=DIRECTION('ref_axis',(0.998801596825193,0.,0.0489425191366935));
#4898=DIRECTION('',(0.,-1.,0.));
#4899=DIRECTION('',(0.,1.,0.));
#4900=DIRECTION('center_axis',(-0.740866969345099,-7.85046229341894E-17,
0.671651795004978));
#4901=DIRECTION('ref_axis',(0.620525346379565,-0.382683432365087,0.684471829291606));
#4902=DIRECTION('',(0.740866969345099,3.92523114670953E-17,-0.671651795004978));
#4903=DIRECTION('',(-0.740866969345099,-7.85046229341894E-17,0.671651795004978));
#4904=DIRECTION('center_axis',(-0.815518088832979,-0.577350269189546,-0.0399613995370963));
#4905=DIRECTION('ref_axis',(0.576658370793967,-0.816496580927787,0.0282569765983872));
#4906=DIRECTION('center_axis',(-6.25176615606819E-31,1.,1.77493703674728E-30));
#4907=DIRECTION('ref_axis',(0.998801596825193,0.,0.0489425191366899));
#4908=DIRECTION('',(0.815518088832979,0.577350269189546,0.0399613995370963));
#4909=DIRECTION('',(-0.815518088832979,-0.577350269189546,-0.0399613995370962));
#4910=DIRECTION('center_axis',(0.674748869583381,0.67474886958271,0.299045023354017));
#4911=DIRECTION('ref_axis',(0.61687912956962,-0.738047398882253,0.273397469821079));
#4912=DIRECTION('center_axis',(-6.25176615606819E-31,1.,1.77493703674728E-30));
#4913=DIRECTION('ref_axis',(0.914235143441023,0.,0.405184035343661));
#4914=DIRECTION('',(0.674748869583381,0.67474886958271,0.299045023354017));
#4915=DIRECTION('',(-0.674748869583381,-0.67474886958271,-0.299045023354017));
#4916=DIRECTION('center_axis',(-1.6200606337547E-60,-1.77493703674728E-30,
1.));
#4917=DIRECTION('ref_axis',(0.923879532511193,-0.382683432365316,0.));
#4918=DIRECTION('',(1.6200606337547E-60,1.77493703674728E-30,-1.));
#4919=DIRECTION('',(-1.6200606337547E-60,-1.77493703674728E-30,1.));
#4920=DIRECTION('center_axis',(-9.12742593237898E-31,-1.,8.27470013500756E-31));
#4921=DIRECTION('ref_axis',(0.914235143441032,0.,0.40518403534364));
#4922=DIRECTION('',(9.12742593237898E-31,1.,-8.27470013500756E-31));
#4923=DIRECTION('',(-9.12742593237898E-31,-1.,8.27470013500756E-31));
#4924=DIRECTION('center_axis',(0.,-1.,0.));
#4925=DIRECTION('ref_axis',(-0.0489425191366898,0.,0.998801596825193));
#4926=DIRECTION('center_axis',(0.,-1.,0.));
#4927=DIRECTION('ref_axis',(0.671651795004977,0.,0.740866969345099));
#4928=DIRECTION('',(0.,1.,0.));
#4929=DIRECTION('center_axis',(-0.671651795005295,7.85046229341126E-17,
-0.740866969344811));
#4930=DIRECTION('ref_axis',(-0.684471829291199,-0.38268343236554,0.620525346379734));
#4931=DIRECTION('',(0.671651795005295,-7.85046229341126E-17,0.740866969344811));
#4932=DIRECTION('center_axis',(-0.0399613995379092,0.577350269189338,0.815518088833087));
#4933=DIRECTION('ref_axis',(-0.0282569765980915,-0.81649658092793,0.576658370793779));
#4934=DIRECTION('center_axis',(-6.25176615606819E-31,1.,1.77493703674728E-30));
#4935=DIRECTION('ref_axis',(-0.0489425191371828,5.34156301772946E-17,0.998801596825168));
#4936=DIRECTION('',(-0.0399613995379092,0.577350269189338,0.815518088833087));
#4937=DIRECTION('',(0.0399613995379092,-0.577350269189338,-0.815518088833087));
#4938=DIRECTION('center_axis',(0.577350269190125,0.57735026918955,-0.577350269189202));
#4939=DIRECTION('ref_axis',(0.40824829046365,-0.816496580927778,-0.408248290463971));
#4940=DIRECTION('center_axis',(-6.25176615606819E-31,1.,1.77493703674728E-30));
#4941=DIRECTION('ref_axis',(0.707106781186831,5.34156301773142E-17,-0.707106781186264));
#4942=DIRECTION('',(0.577350269190125,0.57735026918955,-0.577350269189202));
#4943=DIRECTION('',(-0.577350269190125,-0.57735026918955,0.577350269189202));
#4944=DIRECTION('center_axis',(1.,6.97261119368629E-31,-8.34973500446636E-16));
#4945=DIRECTION('ref_axis',(0.,-0.38268343236495,-0.923879532511345));
#4946=DIRECTION('center_axis',(1.,0.,0.));
#4947=DIRECTION('ref_axis',(0.,-0.707106781186334,-0.707106781186761));
#4948=DIRECTION('',(1.,6.97261119368629E-31,-8.34973500446636E-16));
#4949=DIRECTION('',(-1.,-6.97261119368629E-31,8.34973500446636E-16));
#4950=DIRECTION('center_axis',(-8.34973500446636E-16,1.59280825189645E-15,
-1.));
#4951=DIRECTION('ref_axis',(0.707106781186908,0.707106781186187,5.35870091768107E-16));
#4952=DIRECTION('center_axis',(0.19245008972986,0.192450089729654,0.962250448649424));
#4953=DIRECTION('ref_axis',(0.680413817440154,0.680413817439457,-0.272165526975741));
#4954=DIRECTION('center_axis',(-9.12742593237898E-31,-1.,-1.59280825189645E-15));
#4955=DIRECTION('ref_axis',(0.707106781186548,0.,-0.707106781186548));
#4956=DIRECTION('',(9.12742593237898E-31,1.,1.59280825189645E-15));
#4957=DIRECTION('',(-9.12742593237898E-31,-1.,-1.59280825189645E-15));
#4958=DIRECTION('center_axis',(0.,0.,1.));
#4959=DIRECTION('ref_axis',(0.707106781186548,0.707106781186548,0.));
#4960=DIRECTION('',(0.,0.,-1.));
#4961=DIRECTION('',(0.,0.,1.));
#4962=DIRECTION('center_axis',(0.404495086652518,0.,-0.914540171274052));
#4963=DIRECTION('ref_axis',(-0.844924945899467,-0.382683432365084,-0.373704731559639));
#4964=DIRECTION('',(-0.404495086652518,0.,0.914540171274052));
#4965=DIRECTION('center_axis',(-0.756515112047171,0.64247879444888,0.122089655285657));
#4966=DIRECTION('ref_axis',(-0.634272112955047,-0.766303463833692,0.102361555498271));
#4967=DIRECTION('center_axis',(-6.25176615606819E-31,1.,1.77493703674728E-30));
#4968=DIRECTION('ref_axis',(-0.987226533288183,-5.94412292025466E-17,0.159322854518102));
#4969=DIRECTION('',(-0.756515112047171,0.64247879444888,0.122089655285657));
#4970=DIRECTION('',(0.756515112047171,-0.64247879444888,-0.122089655285657));
#4971=DIRECTION('center_axis',(4.06681802453857E-31,-1.77493703674728E-30,
1.));
#4972=DIRECTION('ref_axis',(0.923879532511191,-0.382683432365321,0.));
#4973=DIRECTION('center_axis',(0.,0.,-1.));
#4974=DIRECTION('ref_axis',(1.,0.,0.));
#4975=DIRECTION('',(-4.06681802453857E-31,1.77493703674728E-30,-1.));
#4976=DIRECTION('',(4.06681802453857E-31,-1.77493703674728E-30,1.));
#4977=DIRECTION('center_axis',(-0.96225044864932,0.192450089730082,-0.19245008972995));
#4978=DIRECTION('ref_axis',(0.272165526976107,0.680413817439936,-0.680413817439528));
#4979=DIRECTION('center_axis',(1.,0.,-4.06681802453857E-31));
#4980=DIRECTION('ref_axis',(-2.87567460300204E-31,0.707106781186761,-0.707106781186334));
#4981=DIRECTION('center_axis',(0.,-1.,0.));
#4982=DIRECTION('ref_axis',(-0.545666983309184,0.,-0.83800211415381));
#4983=DIRECTION('',(0.,-1.,0.));
#4984=DIRECTION('center_axis',(1.,6.25176615606819E-31,-4.06681802453857E-31));
#4985=DIRECTION('ref_axis',(0.,-0.382683432364957,-0.923879532511342));
#4986=DIRECTION('',(-1.,-6.25176615606819E-31,4.06681802453857E-31));
#4987=DIRECTION('',(1.,6.25176615606819E-31,-4.06681802453857E-31));
#4988=DIRECTION('center_axis',(-0.418231094702576,0.642293839073819,-0.642293839073442));
#4989=DIRECTION('ref_axis',(-0.350478541565425,-0.766458494823964,-0.538243595051865));
#4990=DIRECTION('center_axis',(-6.25176615606819E-31,1.,1.77493703674728E-30));
#4991=DIRECTION('ref_axis',(-0.545666983309365,0.,-0.838002114153692));
#4992=DIRECTION('',(-0.418231094702576,0.642293839073819,-0.642293839073442));
#4993=DIRECTION('',(0.418231094702576,-0.642293839073819,0.642293839073442));
#4994=DIRECTION('center_axis',(-4.06681783873196E-31,-5.0875722497772E-62,
-1.));
#4995=DIRECTION('ref_axis',(0.707106781186556,0.707106781186539,0.));
#4996=DIRECTION('',(-4.06681783873196E-31,-5.0875722497772E-62,-1.));
#4997=DIRECTION('',(4.06681783873196E-31,5.0875722497772E-62,1.));
#4998=DIRECTION('center_axis',(0.577350269190131,0.577350269189543,-0.577350269189204));
#4999=DIRECTION('ref_axis',(0.408248290463647,-0.816496580927785,-0.408248290463961));
#5000=DIRECTION('center_axis',(-6.25176615606819E-31,1.,1.77493703674728E-30));
#5001=DIRECTION('ref_axis',(0.707106781186835,0.,-0.70710678118626));
#5002=DIRECTION('',(0.577350269190131,0.577350269189543,-0.577350269189204));
#5003=DIRECTION('',(-0.577350269190131,-0.577350269189543,0.577350269189204));
#5004=DIRECTION('center_axis',(0.,-1.,0.));
#5005=DIRECTION('ref_axis',(0.707106781186556,0.,-0.707106781186539));
#5006=DIRECTION('',(0.,1.,0.));
#5007=DIRECTION('',(0.,-1.,0.));
#5008=DIRECTION('center_axis',(-1.,-7.88860905221012E-31,4.06681802453857E-31));
#5009=DIRECTION('ref_axis',(0.,0.707106781186552,-0.707106781186543));
#5010=DIRECTION('',(-1.,-7.88860905221012E-31,4.06681802453857E-31));
#5011=DIRECTION('center_axis',(0.0284213498894636,0.,-0.999596031840093));
#5012=DIRECTION('ref_axis',(-0.83062643996896,0.556328995698479,-0.0236170652201767));
#5013=DIRECTION('center_axis',(0.,-1.,0.));
#5014=DIRECTION('ref_axis',(0.707106781186556,0.,-0.707106781186539));
#5015=DIRECTION('',(0.,1.,0.));
#5016=DIRECTION('',(0.,-1.,0.));
#5017=DIRECTION('center_axis',(1.,0.,-4.06681802453857E-31));
#5018=DIRECTION('ref_axis',(0.,0.,-1.));
#5019=DIRECTION('center_axis',(0.,0.,1.));
#5020=DIRECTION('ref_axis',(1.,0.,0.));
#5021=DIRECTION('center_axis',(-1.,0.,4.06681802453857E-31));
#5022=DIRECTION('ref_axis',(0.,-0.707106781186547,0.707106781186547));
#5023=DIRECTION('center_axis',(1.,0.,-4.06681802453857E-31));
#5024=DIRECTION('ref_axis',(2.8756746030029E-31,-0.707106781186547,0.707106781186547));
#5025=DIRECTION('center_axis',(-4.06681802453857E-31,-3.20815374820663E-61,
-1.));
#5026=DIRECTION('ref_axis',(0.707106781186547,0.707106781186547,0.));
#5027=DIRECTION('',(-4.06681802453857E-31,-3.20815374820663E-61,-1.));
#5028=DIRECTION('center_axis',(4.06681783873196E-31,4.18447066490165E-23,
1.));
#5029=DIRECTION('ref_axis',(0.707106781186556,-0.707106781186539,0.));
#5030=DIRECTION('center_axis',(0.,0.,-1.));
#5031=DIRECTION('ref_axis',(1.,0.,0.));
#5032=DIRECTION('',(-4.06681783873196E-31,-4.18447066490165E-23,-1.));
#5033=DIRECTION('',(4.06681783873196E-31,4.18447066490165E-23,1.));
#5034=DIRECTION('center_axis',(1.,0.,-4.06681783873196E-31));
#5035=DIRECTION('ref_axis',(0.,0.,-1.));
#5036=DIRECTION('center_axis',(-1.,0.,4.06681783873196E-31));
#5037=DIRECTION('ref_axis',(0.,0.707106781186547,0.707106781186547));
#5038=DIRECTION('center_axis',(1.,0.,-4.06681783873196E-31));
#5039=DIRECTION('ref_axis',(2.87567447161778E-31,0.707106781186547,0.707106781186547));
#5040=DIRECTION('center_axis',(1.,7.8886094530071E-31,-4.06681783873196E-31));
#5041=DIRECTION('ref_axis',(0.,-0.707106781186543,-0.707106781186552));
#5042=DIRECTION('center_axis',(1.,0.,0.));
#5043=DIRECTION('ref_axis',(0.,-1.,0.));
#5044=DIRECTION('',(1.,7.8886094530071E-31,-4.06681783873196E-31));
#5045=DIRECTION('',(-1.,-7.8886094530071E-31,4.06681783873196E-31));
#5046=DIRECTION('center_axis',(-0.0282569765983756,-0.816496580927786,0.576658370793969));
#5047=DIRECTION('ref_axis',(-0.0399613995370866,0.577350269189547,0.815518088832979));
#5048=DIRECTION('center_axis',(0.671651795005295,0.,0.740866969344811));
#5049=DIRECTION('ref_axis',(-0.523872057980846,0.707106781186546,0.47492953884436));
#5050=DIRECTION('center_axis',(-0.816496580927729,0.40824829046386,0.40824829046386));
#5051=DIRECTION('ref_axis',(-0.577350269189623,-0.577350269189632,-0.577350269189623));
#5052=DIRECTION('center_axis',(-4.06681802453857E-31,-4.18447066490165E-23,
-1.));
#5053=DIRECTION('ref_axis',(-0.707106781186547,-0.707106781186547,0.));
#5054=DIRECTION('center_axis',(0.523872057980842,-0.707106781186549,-0.474929538844359));
#5055=DIRECTION('ref_axis',(-0.671651795005293,0.,-0.740866969344813));
#5056=DIRECTION('',(-0.671651795005293,8.95091227125163E-31,-0.740866969344813));
#5057=DIRECTION('center_axis',(0.474929538844141,-0.707106781186542,0.52387205798105));
#5058=DIRECTION('ref_axis',(0.740866969345099,0.,-0.671651795004978));
#5059=DIRECTION('',(0.740866969345099,1.65531235126217E-30,-0.671651795004978));
#5060=DIRECTION('center_axis',(-0.523872057980333,-0.707106781187234,0.4749295388439));
#5061=DIRECTION('ref_axis',(0.671651795005295,0.,0.740866969344811));
#5062=DIRECTION('',(0.671651795005295,-8.95091227125158E-31,0.740866969344811));
#5063=DIRECTION('center_axis',(-0.646677556775389,-0.707106781186548,-0.286021218728636));
#5064=DIRECTION('ref_axis',(-0.404495086652518,0.,0.914540171274052));
#5065=DIRECTION('',(-0.404495086652519,-1.87613209089052E-30,0.914540171274052));
#5066=DIRECTION('center_axis',(6.25176615606819E-31,-1.,-1.77493703674728E-30));
#5067=DIRECTION('ref_axis',(1.,6.40949485492072E-31,4.02972463051142E-16));
#5068=DIRECTION('',(-1.,-6.25176615606819E-31,4.06681802453857E-31));
#5069=DIRECTION('',(-4.06681802453857E-31,1.77493703674728E-30,-1.));
#5070=DIRECTION('center_axis',(6.25176615606819E-31,-1.,-1.77493703674728E-30));
#5071=DIRECTION('ref_axis',(-0.707106781186833,0.,0.707106781186262));
#5072=DIRECTION('',(-1.,-6.25176615606821E-31,8.34973500446636E-16));
#5073=DIRECTION('',(1.6200606337547E-60,1.77493703674728E-30,-1.));
#5074=DIRECTION('',(0.740866969344815,1.65531235126255E-30,-0.671651795005291));
#5075=DIRECTION('',(-4.06681802453857E-31,1.77493703674728E-30,-1.));
#5076=DIRECTION('center_axis',(6.25176615606819E-31,-1.,-1.77493703674728E-30));
#5077=DIRECTION('ref_axis',(0.6716517950053,-8.95091227125148E-31,0.740866969344807));
#5078=DIRECTION('',(-0.740866969344815,-1.65531235126255E-30,0.671651795005291));
#5079=DIRECTION('center_axis',(6.25176615606819E-31,-1.,-1.77493703674728E-30));
#5080=DIRECTION('ref_axis',(0.914235143440935,0.,0.405184035343858));
#5081=DIRECTION('',(4.0668180245386E-31,-1.77493703674728E-30,1.));
#5082=DIRECTION('center_axis',(6.25176615606819E-31,-1.,-1.77493703674728E-30));
#5083=DIRECTION('ref_axis',(0.707106781186271,0.,-0.707106781186824));
#5084=DIRECTION('',(1.,6.25176615606821E-31,-8.34973500446636E-16));
#5085=DIRECTION('center_axis',(6.25176615606819E-31,-1.,-1.77493703674728E-30));
#5086=DIRECTION('ref_axis',(-0.707106781186537,0.,-0.707106781186558));
#5087=DIRECTION('center_axis',(1.54499164034333E-31,-0.70710678118634,-0.707106781186755));
#5088=DIRECTION('ref_axis',(-1.,0.,-2.18494813152595E-31));
#5089=DIRECTION('center_axis',(0.,1.,0.));
#5090=DIRECTION('ref_axis',(0.,0.,1.));
#5091=DIRECTION('',(-0.671651795005295,0.,-0.740866969344811));
#5092=DIRECTION('center_axis',(0.671651795005295,0.,0.740866969344811));
#5093=DIRECTION('ref_axis',(-0.523872057980848,0.707106781186552,0.474929538844348));
#5094=DIRECTION('center_axis',(0.671651795005291,0.,0.740866969344815));
#5095=DIRECTION('ref_axis',(0.740866969344815,1.77843799281382E-16,-0.671651795005291));
#5096=DIRECTION('center_axis',(0.671651795005291,0.,0.740866969344815));
#5097=DIRECTION('ref_axis',(-3.70690926127443E-16,1.,3.36059287601729E-16));
#5098=DIRECTION('center_axis',(0.671651795005291,0.,0.740866969344815));
#5099=DIRECTION('ref_axis',(-1.88798288796139E-16,1.,1.71159890791184E-16));
#5100=DIRECTION('',(0.657642929227942,-0.460486536495638,-0.59620292463451));
#5101=DIRECTION('center_axis',(-0.671651795005291,0.,-0.740866969344815));
#5102=DIRECTION('ref_axis',(-0.740866969344815,-9.67290128257405E-31,0.671651795005291));
#5103=DIRECTION('',(0.657642929227945,0.46048653649563,-0.596202924634513));
#5104=DIRECTION('',(0.657642929227945,-0.460486536495631,-0.596202924634513));
#5105=DIRECTION('center_axis',(-0.671651795005291,0.,-0.740866969344815));
#5106=DIRECTION('ref_axis',(-0.740866969344815,-9.67290128257405E-31,0.671651795005291));
#5107=DIRECTION('',(0.657642929227942,0.460486536495637,-0.596202924634511));
#5108=DIRECTION('',(0.657642929227942,-0.460486536495638,-0.59620292463451));
#5109=DIRECTION('center_axis',(-0.671651795005291,0.,-0.740866969344815));
#5110=DIRECTION('ref_axis',(-0.740866969344815,-9.67290128257405E-31,0.671651795005291));
#5111=DIRECTION('',(0.657642929227949,0.460486536495619,-0.596202924634517));
#5112=DIRECTION('',(0.657642929227945,-0.460486536495631,-0.596202924634513));
#5113=DIRECTION('center_axis',(-0.671651795005291,0.,-0.740866969344815));
#5114=DIRECTION('ref_axis',(-0.740866969344815,-9.67290128257405E-31,0.671651795005291));
#5115=DIRECTION('',(0.657642929227946,0.460486536495626,-0.596202924634514));
#5116=DIRECTION('center_axis',(0.671651795005291,0.,0.740866969344815));
#5117=DIRECTION('ref_axis',(-1.25181986456228E-15,1.,1.1348691382477E-15));
#5118=DIRECTION('center_axis',(-4.06681802453857E-31,-4.18447066490165E-23,
-1.));
#5119=DIRECTION('ref_axis',(-0.707106781186547,-0.707106781186547,0.));
#5120=DIRECTION('',(4.06681802453857E-31,4.18447066490165E-23,1.));
#5121=DIRECTION('center_axis',(0.,0.,-1.));
#5122=DIRECTION('ref_axis',(0.,-1.,0.));
#5123=DIRECTION('center_axis',(-7.8886094530071E-31,1.,-4.18447066490165E-23));
#5124=DIRECTION('ref_axis',(-1.,-7.8886094530071E-31,4.06681783873196E-31));
#5125=DIRECTION('',(1.,7.88860910361489E-31,-8.34973500446636E-16));
#5126=DIRECTION('center_axis',(-4.06681783873196E-31,0.,-1.));
#5127=DIRECTION('ref_axis',(1.,7.8886094530071E-31,-4.06681783873196E-31));
#5128=DIRECTION('center_axis',(-1.25099585265995E-31,1.,0.));
#5129=DIRECTION('ref_axis',(-1.,-1.25099585265995E-31,5.72064296310946E-16));
#5130=DIRECTION('center_axis',(-1.25099585265995E-31,1.,0.));
#5131=DIRECTION('ref_axis',(-0.707106781186547,0.,-0.707106781186547));
#5132=DIRECTION('',(-1.,-1.25099585265995E-31,8.34973500446636E-16));
#5133=DIRECTION('center_axis',(-1.25099585265995E-31,1.,0.));
#5134=DIRECTION('ref_axis',(0.707106781186547,0.,-0.707106781186547));
#5135=DIRECTION('',(-4.06681783873196E-31,-5.0875722497772E-62,-1.));
#5136=DIRECTION('center_axis',(-1.25099585265995E-31,1.,0.));
#5137=DIRECTION('ref_axis',(0.914235143441034,0.,0.405184035343634));
#5138=DIRECTION('',(0.740866969344815,9.26821506023113E-32,-0.671651795005291));
#5139=DIRECTION('center_axis',(-1.25099585265995E-31,1.,0.));
#5140=DIRECTION('ref_axis',(-0.405184035343639,-5.06883547778917E-32,0.914235143441032));
#5141=DIRECTION('',(4.06681783873196E-31,5.0875722497772E-62,1.));
#5142=DIRECTION('center_axis',(0.740866969344813,0.,-0.671651795005293));
#5143=DIRECTION('ref_axis',(0.671651795005293,1.97215226305253E-31,0.740866969344813));
#5144=DIRECTION('center_axis',(-0.740866969344813,0.,0.671651795005293));
#5145=DIRECTION('ref_axis',(0.,-1.,0.));
#5146=DIRECTION('center_axis',(0.671651795004978,0.,0.740866969345099));
#5147=DIRECTION('ref_axis',(0.740866969345099,0.,-0.671651795004978));
#5148=DIRECTION('center_axis',(1.,-9.12742593237898E-31,0.));
#5149=DIRECTION('ref_axis',(9.12742593237898E-31,1.,1.8142054751478E-15));
#5150=DIRECTION('center_axis',(-4.06681802453857E-31,0.,-1.));
#5151=DIRECTION('ref_axis',(-1.,-7.88860905221012E-31,4.06681802453857E-31));
#5152=DIRECTION('center_axis',(-1.,0.,0.));
#5153=DIRECTION('ref_axis',(0.,0.,1.));
#5154=DIRECTION('center_axis',(1.,0.,0.));
#5155=DIRECTION('ref_axis',(0.,0.,1.));
#5156=DIRECTION('center_axis',(0.,-1.,0.));
#5157=DIRECTION('ref_axis',(-1.,0.,0.));
#5158=DIRECTION('center_axis',(-1.,-7.88860910361489E-31,8.34973500446636E-16));
#5159=DIRECTION('ref_axis',(0.,0.707106781186543,0.707106781186552));
#5160=DIRECTION('',(-1.,-7.88860910361489E-31,8.34973500446636E-16));
#5161=DIRECTION('center_axis',(6.47766130844625E-46,1.,1.59280825189645E-15));
#5162=DIRECTION('ref_axis',(-0.707106781186552,0.,-0.707106781186543));
#5163=DIRECTION('',(-6.47766130844625E-46,-1.,-1.59280825189645E-15));
#5164=DIRECTION('center_axis',(8.34973500446636E-16,-1.59280825189645E-15,
1.));
#5165=DIRECTION('ref_axis',(-1.,-5.43863535112849E-31,8.34973500446636E-16));
#5166=DIRECTION('',(6.47766130844625E-46,1.,1.59280825189645E-15));
#5167=DIRECTION('',(-1.,-6.97261119368219E-31,8.34973500446636E-16));
#5168=DIRECTION('',(-6.47766130844629E-46,-1.,-1.59280825189645E-15));
#5169=DIRECTION('',(-1.75695059717757E-15,1.,1.59280825189645E-15));
#5170=DIRECTION('',(0.707106781186548,-0.707106781186548,-1.71670094032275E-15));
#5171=DIRECTION('',(-6.47766101249193E-46,-1.,-1.59280825189645E-15));
#5172=DIRECTION('',(1.,1.25099585265995E-31,-8.34973500446636E-16));
#5173=DIRECTION('center_axis',(-8.34973500446636E-16,1.59280825189645E-15,
-1.));
#5174=DIRECTION('ref_axis',(1.,0.,-8.34973500446636E-16));
#5175=DIRECTION('center_axis',(-8.34973500446636E-16,1.59280825189645E-15,
-1.));
#5176=DIRECTION('ref_axis',(1.,0.,-8.34973500446636E-16));
#5177=DIRECTION('center_axis',(-8.34973500446636E-16,1.59280825189645E-15,
-1.));
#5178=DIRECTION('ref_axis',(1.,0.,-8.34973500446636E-16));
#5179=DIRECTION('center_axis',(-8.34973500446636E-16,1.59280825189645E-15,
-1.));
#5180=DIRECTION('ref_axis',(1.,0.,-8.34973500446636E-16));
#5181=DIRECTION('center_axis',(1.,7.88860905221012E-31,-8.34973500446636E-16));
#5182=DIRECTION('ref_axis',(0.,-0.707106781186552,0.707106781186543));
#5183=DIRECTION('',(1.,7.88860905221012E-31,-8.34973500446636E-16));
#5184=DIRECTION('center_axis',(0.577350269190134,0.577350269189546,-0.577350269189198));
#5185=DIRECTION('ref_axis',(-0.408248290463636,0.816496580927785,0.408248290463971));
#5186=DIRECTION('',(-0.577350269190134,-0.577350269189546,0.577350269189198));
#5187=DIRECTION('',(0.577350269190134,0.577350269189546,-0.577350269189198));
#5188=DIRECTION('center_axis',(0.707106781186187,-0.707106781186908,-1.54263747516394E-30));
#5189=DIRECTION('ref_axis',(-2.18161883920294E-30,0.,-1.));
#5190=DIRECTION('center_axis',(-0.674748869582699,0.67474886958337,-0.299045023354066));
#5191=DIRECTION('ref_axis',(0.616879129570243,0.738047398881644,0.273397469821319));
#5192=DIRECTION('',(-0.674748869582699,0.67474886958337,-0.299045023354066));
#5193=DIRECTION('center_axis',(-0.674748869582988,0.674748869583263,-0.299045023353656));
#5194=DIRECTION('ref_axis',(0.474929538844495,0.707106781186346,0.523872057980993));
#5195=DIRECTION('',(0.674748869582699,-0.67474886958337,0.299045023354066));
#5196=DIRECTION('center_axis',(0.,1.,0.));
#5197=DIRECTION('ref_axis',(0.914235143441034,0.,0.405184035343634));
#5198=DIRECTION('',(0.,-1.,0.));
#5199=DIRECTION('center_axis',(0.,-1.,1.35868145111621E-13));
#5200=DIRECTION('ref_axis',(1.,0.,0.));
#5201=DIRECTION('',(0.,1.,0.));
#5202=DIRECTION('center_axis',(0.108899668163078,0.,-0.994052746223243));
#5203=DIRECTION('ref_axis',(-0.994052746223243,0.,-0.108899668163078));
#5204=DIRECTION('center_axis',(-0.663318187866082,0.,0.748337478445425));
#5205=DIRECTION('ref_axis',(-0.748337478445425,0.,-0.663318187866082));
#5206=DIRECTION('center_axis',(0.57735026918971,0.577350269189416,0.577350269189751));
#5207=DIRECTION('ref_axis',(-0.408248290463725,0.816496580927874,-0.408248290463705));
#5208=DIRECTION('',(0.57735026918971,0.577350269189416,0.577350269189751));
#5209=DIRECTION('center_axis',(0.577350269189766,0.577350269189389,0.577350269189722));
#5210=DIRECTION('ref_axis',(0.,0.707106781186752,-0.707106781186343));
#5211=DIRECTION('',(-0.57735026918971,-0.577350269189416,-0.577350269189751));
#5212=DIRECTION('center_axis',(-6.47766130844625E-46,-1.,-1.59280825189645E-15));
#5213=DIRECTION('ref_axis',(-0.707106781186552,0.,-0.707106781186543));
#5214=DIRECTION('center_axis',(0.,-1.,-2.368475785867E-14));
#5215=DIRECTION('ref_axis',(-1.,0.,0.));
#5216=DIRECTION('center_axis',(-0.447213595499958,-5.29607286026084E-15,
0.894427190999916));
#5217=DIRECTION('ref_axis',(0.894427190999916,0.,0.447213595499958));
#5218=DIRECTION('center_axis',(0.894427190999915,0.,-0.447213595499959));
#5219=DIRECTION('ref_axis',(0.447213595499959,0.,0.894427190999915));
#5220=DIRECTION('center_axis',(-0.577350269189131,0.577350269189705,0.577350269190041));
#5221=DIRECTION('ref_axis',(0.408248290464084,0.816496580927669,-0.408248290463756));
#5222=DIRECTION('',(-0.577350269189131,0.577350269189705,0.577350269190041));
#5223=DIRECTION('center_axis',(-0.577350269189669,0.577350269190245,0.577350269188963));
#5224=DIRECTION('ref_axis',(0.7071067811869,0.707106781186195,0.));
#5225=DIRECTION('',(0.577350269189131,-0.577350269189705,-0.577350269190041));
#5226=DIRECTION('center_axis',(6.47766130844629E-46,1.,1.59280825189645E-15));
#5227=DIRECTION('ref_axis',(0.707106781186543,0.,-0.707106781186552));
#5228=DIRECTION('center_axis',(-4.55931588779397E-13,-1.,0.));
#5229=DIRECTION('ref_axis',(0.,0.,-1.));
#5230=DIRECTION('',(6.47766130844629E-46,1.,1.59280825189645E-15));
#5231=DIRECTION('center_axis',(-0.894427190999916,0.,-0.447213595499957));
#5232=DIRECTION('ref_axis',(-0.447213595499957,0.,0.894427190999916));
#5233=DIRECTION('center_axis',(0.44721359549996,0.,0.894427190999915));
#5234=DIRECTION('ref_axis',(-0.894427190999915,0.,0.44721359549996));
#5235=DIRECTION('center_axis',(-4.0668180245386E-31,1.77493703674728E-30,
-1.));
#5236=DIRECTION('ref_axis',(-0.923879532511381,-0.382683432364862,0.));
#5237=DIRECTION('',(4.0668180245386E-31,-1.77493703674728E-30,1.));
#5238=DIRECTION('',(-4.0668180245386E-31,1.77493703674728E-30,-1.));
#5239=DIRECTION('center_axis',(-1.,-6.97261119368219E-31,8.34973500446636E-16));
#5240=DIRECTION('ref_axis',(0.,-0.382683432365226,0.92387953251123));
#5241=DIRECTION('',(1.,7.66987231305081E-31,-8.34973500446636E-16));
#5242=DIRECTION('center_axis',(4.06681802453857E-31,-1.77493703674728E-30,
1.));
#5243=DIRECTION('ref_axis',(0.923879532511236,-0.382683432365213,0.));
#5244=DIRECTION('center_axis',(0.,0.,-1.));
#5245=DIRECTION('ref_axis',(1.,0.,0.));
#5246=DIRECTION('',(-4.06681802453857E-31,1.77493703674728E-30,-1.));
#5247=DIRECTION('center_axis',(0.,1.,0.));
#5248=DIRECTION('ref_axis',(0.,0.,1.));
#5249=DIRECTION('center_axis',(-0.740866969344812,-3.38006015411089E-15,
0.671651795005294));
#5250=DIRECTION('ref_axis',(-0.671651795005294,0.,-0.740866969344812));
#5251=DIRECTION('center_axis',(0.,-1.,0.));
#5252=DIRECTION('ref_axis',(-0.405184035343632,0.,0.914235143441035));
#5253=DIRECTION('center_axis',(0.740866969344815,0.,-0.671651795005291));
#5254=DIRECTION('ref_axis',(-0.62052534637989,-0.382683432364958,-0.684471829291383));
#5255=DIRECTION('',(0.740866969344815,0.,-0.671651795005291));
#5256=DIRECTION('',(-0.740866969344815,3.92523114670832E-17,0.671651795005291));
#5257=DIRECTION('center_axis',(0.,-1.,0.));
#5258=DIRECTION('ref_axis',(0.6716517950053,-5.96727484750099E-31,0.740866969344807));
#5259=DIRECTION('',(0.474929538844363,-0.707106781186549,0.523872057980838));
#5260=DIRECTION('',(-0.707106781186723,-0.707106781186372,0.));
#5261=DIRECTION('center_axis',(-0.474929538844493,-0.707106781186347,-0.523872057980993));
#5262=DIRECTION('ref_axis',(-0.740866969344815,0.,0.671651795005291));
#5263=DIRECTION('center_axis',(-0.707106781186899,-0.707106781186196,-9.67502554562096E-31));
#5264=DIRECTION('ref_axis',(-1.36825523429165E-30,0.,1.));
#5265=DIRECTION('center_axis',(0.,1.,0.));
#5266=DIRECTION('ref_axis',(0.,0.,1.));
#5267=DIRECTION('center_axis',(-1.,0.,0.));
#5268=DIRECTION('ref_axis',(0.,0.,1.));
#5269=DIRECTION('center_axis',(0.,-1.,0.));
#5270=DIRECTION('ref_axis',(1.,0.,0.));
#5271=DIRECTION('center_axis',(0.,0.,1.));
#5272=DIRECTION('ref_axis',(0.,1.,0.));
#5273=DIRECTION('center_axis',(0.,1.,0.));
#5274=DIRECTION('ref_axis',(0.,0.,1.));
#5275=DIRECTION('center_axis',(0.,0.,-1.));
#5276=DIRECTION('ref_axis',(-1.,0.,0.));
#5277=DIRECTION('center_axis',(0.,-1.,0.));
#5278=DIRECTION('ref_axis',(0.67165179500529,0.,0.740866969344815));
#5279=DIRECTION('center_axis',(-0.740866969344815,0.,0.67165179500529));
#5280=DIRECTION('ref_axis',(0.,1.,0.));
#5281=DIRECTION('center_axis',(4.06681783873196E-31,5.0875722497772E-62,
1.));
#5282=DIRECTION('ref_axis',(-0.707106781186548,0.707106781186548,0.));
#5283=DIRECTION('',(4.06681783873196E-31,5.0875722497772E-62,1.));
#5284=DIRECTION('center_axis',(0.,-1.,0.));
#5285=DIRECTION('ref_axis',(0.914235143441034,0.,0.405184035343634));
#5286=DIRECTION('center_axis',(-0.707106781186548,-0.707106781186548,2.95886761158489E-23));
#5287=DIRECTION('ref_axis',(0.707106781186548,-0.707106781186548,-6.5420519111824E-17));
#5288=DIRECTION('',(0.,1.,0.));
#5289=DIRECTION('',(0.,-1.,0.));
#5290=DIRECTION('center_axis',(0.,-1.,0.));
#5291=DIRECTION('ref_axis',(0.,0.,-1.));
#5292=DIRECTION('center_axis',(1.,0.,0.));
#5293=DIRECTION('ref_axis',(0.,1.,0.));
#5294=DIRECTION('center_axis',(0.,0.,1.));
#5295=DIRECTION('ref_axis',(1.,0.,0.));
#5296=DIRECTION('center_axis',(-1.,-1.25099585265995E-31,8.34973500446636E-16));
#5297=DIRECTION('ref_axis',(0.,0.707106781186543,0.707106781186552));
#5298=DIRECTION('center_axis',(-0.740866969344815,-9.26821506023113E-32,
0.671651795005291));
#5299=DIRECTION('ref_axis',(-0.474929538844366,0.707106781186545,-0.523872057980841));
#5300=DIRECTION('center_axis',(0.740866969344818,0.,-0.671651795005287));
#5301=DIRECTION('ref_axis',(-0.671651795005287,0.,-0.740866969344818));
#5302=DIRECTION('',(-0.740866969344815,-9.26821506023113E-32,0.671651795005291));
#5303=DIRECTION('center_axis',(-1.25099585265995E-31,1.,0.));
#5304=DIRECTION('ref_axis',(0.,0.,1.));
#5305=DIRECTION('center_axis',(0.,0.,1.));
#5306=DIRECTION('ref_axis',(1.,0.,0.));
#5307=DIRECTION('center_axis',(-4.06681783873196E-31,-5.0875722497772E-62,
-1.));
#5308=DIRECTION('ref_axis',(0.707106781186556,0.707106781186539,0.));
#5309=DIRECTION('center_axis',(0.,0.,-1.));
#5310=DIRECTION('ref_axis',(0.,-1.,0.));
#5311=DIRECTION('center_axis',(0.945930126163036,0.,0.324370461690306));
#5312=DIRECTION('ref_axis',(-0.324370461690306,0.,0.945930126163036));
#5313=DIRECTION('center_axis',(1.,0.,0.));
#5314=DIRECTION('ref_axis',(0.,0.,-1.));
#5315=DIRECTION('center_axis',(0.,0.,1.));
#5316=DIRECTION('ref_axis',(-1.,0.,0.));
#5317=DIRECTION('center_axis',(-4.06681802453857E-31,-4.18447066490165E-23,
-1.));
#5318=DIRECTION('ref_axis',(-0.707106781186547,-0.707106781186547,0.));
#5319=DIRECTION('',(4.06681802453857E-31,4.18447066490165E-23,1.));
#5320=DIRECTION('center_axis',(-0.740866969344815,2.81050717478408E-23,
0.671651795005291));
#5321=DIRECTION('ref_axis',(0.47492953884436,0.707106781186553,0.523872057980835));
#5322=DIRECTION('',(-0.740866969344815,2.81050717478408E-23,0.671651795005291));
#5323=DIRECTION('',(0.740866969344815,-2.81050717478408E-23,-0.671651795005291));
#5324=DIRECTION('center_axis',(6.47766101249193E-46,1.,1.59280825189645E-15));
#5325=DIRECTION('ref_axis',(0.707106781186543,0.,-0.707106781186552));
#5326=DIRECTION('',(6.47766101249193E-46,1.,1.59280825189645E-15));
#5327=DIRECTION('center_axis',(0.382683432365076,-0.923879532511293,0.));
#5328=DIRECTION('ref_axis',(-0.923879532511293,-0.382683432365076,-4.16220854415491E-15));
#5329=DIRECTION('center_axis',(0.707106781186548,-0.707106781186548,-1.71670094032275E-15));
#5330=DIRECTION('ref_axis',(0.500000000000003,0.500000000000003,-0.707106781186543));
#5331=DIRECTION('center_axis',(-0.671651795005291,0.,-0.740866969344815));
#5332=DIRECTION('ref_axis',(0.441032950192011,-0.803508678788784,-0.399829638666313));
#5333=DIRECTION('',(-0.707106781186548,0.707106781186548,1.71670094032275E-15));
#5334=DIRECTION('center_axis',(-7.8886094530071E-31,1.,-4.18447066490165E-23));
#5335=DIRECTION('ref_axis',(-1.,-7.8886094530071E-31,4.06681783873196E-31));
#5336=DIRECTION('center_axis',(-1.,0.,4.06681783873196E-31));
#5337=DIRECTION('ref_axis',(-4.06681783873196E-31,-4.18447066490165E-23,
-1.));
#5338=DIRECTION('',(-4.06681783873196E-31,-4.18447066490165E-23,-1.));
#5339=DIRECTION('center_axis',(-0.707106781186548,-0.707106781186548,2.95886761158489E-23));
#5340=DIRECTION('ref_axis',(4.18447070556983E-23,0.,1.));
#5341=DIRECTION('',(0.595293039696503,-0.595293039696503,-0.539678046410817));
#5342=DIRECTION('center_axis',(-0.671651795005291,0.,-0.740866969344815));
#5343=DIRECTION('ref_axis',(-0.740866969344815,-5.91645678915759E-31,0.671651795005291));
#5344=DIRECTION('center_axis',(0.671651795005291,0.,0.740866969344815));
#5345=DIRECTION('ref_axis',(1.71128919499788E-15,1.,-1.55141274635303E-15));
#5346=DIRECTION('center_axis',(0.671651795005291,0.,0.740866969344815));
#5347=DIRECTION('ref_axis',(1.71128919499788E-15,1.,-1.55141274635303E-15));
#5348=DIRECTION('center_axis',(0.671651795005291,0.,0.740866969344815));
#5349=DIRECTION('ref_axis',(-0.740866969344815,-9.67290128257405E-31,0.671651795005291));
#5350=DIRECTION('',(-0.657642929227945,0.460486536495631,0.596202924634513));
#5351=DIRECTION('',(-0.657642929227946,-0.460486536495626,0.596202924634514));
#5352=DIRECTION('center_axis',(0.671651795005291,0.,0.740866969344815));
#5353=DIRECTION('ref_axis',(-0.740866969344815,-9.67290128257405E-31,0.671651795005291));
#5354=DIRECTION('',(-0.657642929227942,0.460486536495638,0.59620292463451));
#5355=DIRECTION('',(-0.657642929227949,-0.460486536495619,0.596202924634517));
#5356=DIRECTION('center_axis',(0.671651795005291,0.,0.740866969344815));
#5357=DIRECTION('ref_axis',(-0.740866969344815,-9.67290128257405E-31,0.671651795005291));
#5358=DIRECTION('',(-0.657642929227945,0.460486536495631,0.596202924634513));
#5359=DIRECTION('',(-0.657642929227942,-0.460486536495637,0.596202924634511));
#5360=DIRECTION('center_axis',(0.671651795005291,0.,0.740866969344815));
#5361=DIRECTION('ref_axis',(-0.740866969344815,-9.67290128257405E-31,0.671651795005291));
#5362=DIRECTION('',(-0.657642929227942,0.460486536495638,0.59620292463451));
#5363=DIRECTION('',(-0.657642929227945,-0.46048653649563,0.596202924634513));
#5364=DIRECTION('center_axis',(0.671651795005291,0.,0.740866969344815));
#5365=DIRECTION('ref_axis',(-0.740866969344815,-9.67290128257405E-31,0.671651795005291));
#5366=DIRECTION('center_axis',(0.671651795005291,0.,0.740866969344815));
#5367=DIRECTION('ref_axis',(1.71128919499788E-15,1.,-1.55141274635303E-15));
#5368=DIRECTION('center_axis',(0.707106781186196,-0.707106781186899,-1.25507001486378E-30));
#5369=DIRECTION('ref_axis',(-1.77493703674904E-30,0.,-1.));
#5370=DIRECTION('center_axis',(-5.90415424277063E-16,-0.707106781186334,
-0.707106781186761));
#5371=DIRECTION('ref_axis',(-1.,0.,8.34973500446635E-16));
#5372=DIRECTION('center_axis',(0.474929538844112,-0.707106781186914,0.523872057980573));
#5373=DIRECTION('ref_axis',(0.740866969344815,0.,-0.671651795005291));
#5374=DIRECTION('center_axis',(0.707106781186367,-0.707106781186728,-1.54263747516369E-30));
#5375=DIRECTION('ref_axis',(-2.18161883920204E-30,0.,-1.));
#5376=DIRECTION('center_axis',(5.90415424276714E-16,-0.707106781186753,
0.707106781186342));
#5377=DIRECTION('ref_axis',(1.,0.,-8.34973500446636E-16));
#5378=DIRECTION('center_axis',(-0.573576436351083,0.819152044288966,0.));
#5379=DIRECTION('ref_axis',(-0.819152044288966,-0.573576436351083,1.94785289156051E-16));
#5380=DIRECTION('',(0.819152044288966,0.573576436351083,2.29627031095387E-16));
#5381=DIRECTION('',(0.,0.,-1.));
#5382=DIRECTION('',(-0.819152044288966,-0.573576436351083,-2.29627031095387E-16));
#5383=DIRECTION('',(0.,0.,1.));
#5384=DIRECTION('center_axis',(0.573576436351078,0.819152044288969,0.));
#5385=DIRECTION('ref_axis',(-0.819152044288969,0.573576436351078,-1.28969971083645E-17));
#5386=DIRECTION('',(0.819152044288969,-0.573576436351078,-1.59756753073133E-15));
#5387=DIRECTION('',(-0.819152044288969,0.573576436351078,1.59756753073133E-15));
#5388=DIRECTION('',(0.,0.,-1.));
#5389=DIRECTION('center_axis',(-0.573576436351083,0.819152044288966,0.));
#5390=DIRECTION('ref_axis',(-0.819152044288966,-0.573576436351083,1.94785289156051E-16));
#5391=DIRECTION('',(0.819152044288966,0.573576436351083,2.29627031095387E-16));
#5392=DIRECTION('',(0.,0.,-1.));
#5393=DIRECTION('',(-0.819152044288966,-0.573576436351083,-2.29627031095387E-16));
#5394=DIRECTION('',(0.,0.,1.));
#5395=DIRECTION('center_axis',(0.573576436351072,0.819152044288973,0.));
#5396=DIRECTION('ref_axis',(-0.819152044288973,0.573576436351072,-1.28969971083613E-17));
#5397=DIRECTION('',(0.819152044288973,-0.573576436351072,-1.59756753073133E-15));
#5398=DIRECTION('',(-0.819152044288973,0.573576436351072,1.59756753073133E-15));
#5399=DIRECTION('',(0.,0.,-1.));
#5400=DIRECTION('center_axis',(-0.573576436351083,0.819152044288966,0.));
#5401=DIRECTION('ref_axis',(-0.819152044288966,-0.573576436351083,1.94785289156051E-16));
#5402=DIRECTION('',(0.819152044288966,0.573576436351083,2.29627031095387E-16));
#5403=DIRECTION('',(0.,0.,-1.));
#5404=DIRECTION('',(-0.819152044288966,-0.573576436351083,-2.29627031095387E-16));
#5405=DIRECTION('',(0.,0.,1.));
#5406=DIRECTION('center_axis',(0.573576436351078,0.819152044288969,0.));
#5407=DIRECTION('ref_axis',(-0.819152044288969,0.573576436351078,-1.28969971083645E-17));
#5408=DIRECTION('',(0.819152044288969,-0.573576436351078,-1.59756753073133E-15));
#5409=DIRECTION('',(-0.819152044288969,0.573576436351078,1.59756753073133E-15));
#5410=DIRECTION('',(0.,0.,-1.));
#5411=DIRECTION('center_axis',(-0.573576436351083,0.819152044288966,0.));
#5412=DIRECTION('ref_axis',(-0.819152044288966,-0.573576436351083,1.94785289156051E-16));
#5413=DIRECTION('',(0.819152044288966,0.573576436351083,2.29627031095387E-16));
#5414=DIRECTION('',(0.,0.,-1.));
#5415=DIRECTION('',(-0.819152044288966,-0.573576436351083,-2.29627031095387E-16));
#5416=DIRECTION('',(0.,0.,1.));
#5417=DIRECTION('center_axis',(0.573576436351072,0.819152044288973,0.));
#5418=DIRECTION('ref_axis',(-0.819152044288973,0.573576436351072,-1.28969971083613E-17));
#5419=DIRECTION('',(0.819152044288973,-0.573576436351072,-1.59756753073133E-15));
#5420=DIRECTION('',(-0.819152044288973,0.573576436351072,1.59756753073133E-15));
#5421=DIRECTION('',(0.,0.,-1.));
#5422=DIRECTION('center_axis',(0.,0.,1.));
#5423=DIRECTION('ref_axis',(-1.871297915366E-14,-1.,0.));
#5424=DIRECTION('center_axis',(8.34973500446636E-16,-1.59280825189645E-15,
1.));
#5425=DIRECTION('ref_axis',(-1.,-1.25099585265995E-31,0.));
#5426=DIRECTION('center_axis',(-5.72064296310946E-16,1.59280825189645E-15,
-1.));
#5427=DIRECTION('ref_axis',(-1.,-1.25099585265995E-31,5.72064296310946E-16));
#5428=DIRECTION('center_axis',(-8.34973500446636E-16,1.59280825189645E-15,
-1.));
#5429=DIRECTION('ref_axis',(1.,0.,-8.34973500446636E-16));
#5430=DIRECTION('center_axis',(-8.34973500446636E-16,1.59280825189645E-15,
-1.));
#5431=DIRECTION('ref_axis',(1.,0.,-8.34973500446636E-16));
#5432=DIRECTION('center_axis',(0.,0.,1.));
#5433=DIRECTION('ref_axis',(-1.60484438945596E-14,-1.,0.));
#5434=DIRECTION('center_axis',(8.34973500446636E-16,-1.59280825189645E-15,
1.));
#5435=DIRECTION('ref_axis',(-1.,-1.25099585265995E-31,0.));
#5436=DIRECTION('center_axis',(-5.72064296310946E-16,1.59280825189645E-15,
-1.));
#5437=DIRECTION('ref_axis',(-1.,-1.25099585265995E-31,5.72064296310946E-16));
#5438=DIRECTION('center_axis',(-8.34973500446636E-16,1.59280825189645E-15,
-1.));
#5439=DIRECTION('ref_axis',(1.,0.,-8.34973500446636E-16));
#5440=DIRECTION('center_axis',(-8.34973500446636E-16,1.59280825189645E-15,
-1.));
#5441=DIRECTION('ref_axis',(1.,0.,-8.34973500446636E-16));
#5442=DIRECTION('center_axis',(0.,0.,1.));
#5443=DIRECTION('ref_axis',(-6.12323399573675E-17,-1.,0.));
#5444=DIRECTION('center_axis',(8.34973500446636E-16,-1.59280825189645E-15,
1.));
#5445=DIRECTION('ref_axis',(-1.,-1.25099585265995E-31,0.));
#5446=DIRECTION('center_axis',(-5.72064296310946E-16,1.59280825189645E-15,
-1.));
#5447=DIRECTION('ref_axis',(-1.,-1.25099585265995E-31,5.72064296310946E-16));
#5448=DIRECTION('center_axis',(-8.34973500446636E-16,1.59280825189645E-15,
-1.));
#5449=DIRECTION('ref_axis',(1.,0.,-8.34973500446636E-16));
#5450=DIRECTION('center_axis',(-8.34973500446636E-16,1.59280825189645E-15,
-1.));
#5451=DIRECTION('ref_axis',(1.,0.,-8.34973500446636E-16));
#5452=DIRECTION('center_axis',(0.,0.,1.));
#5453=DIRECTION('ref_axis',(-6.12323399573675E-17,-1.,0.));
#5454=DIRECTION('center_axis',(8.34973500446636E-16,-1.59280825189645E-15,
1.));
#5455=DIRECTION('ref_axis',(-1.,-1.25099585265995E-31,0.));
#5456=DIRECTION('center_axis',(-5.72064296310946E-16,1.59280825189645E-15,
-1.));
#5457=DIRECTION('ref_axis',(-1.,-1.25099585265995E-31,5.72064296310946E-16));
#5458=DIRECTION('center_axis',(-8.34973500446636E-16,1.59280825189645E-15,
-1.));
#5459=DIRECTION('ref_axis',(1.,0.,-8.34973500446636E-16));
#5460=DIRECTION('center_axis',(-8.34973500446636E-16,1.59280825189645E-15,
-1.));
#5461=DIRECTION('ref_axis',(1.,0.,-8.34973500446636E-16));
#5462=DIRECTION('center_axis',(-0.671651795005291,0.,-0.740866969344815));
#5463=DIRECTION('ref_axis',(-0.740866969344815,0.,0.671651795005291));
#5464=DIRECTION('center_axis',(0.671651795005291,1.97215226305253E-31,0.740866969344815));
#5465=DIRECTION('ref_axis',(2.1094237467878E-15,1.,-1.92901250528621E-15));
#5466=DIRECTION('center_axis',(0.671651795005291,1.97215226305253E-31,0.740866969344815));
#5467=DIRECTION('ref_axis',(2.1094237467878E-15,1.,-1.92901250528621E-15));
#5468=DIRECTION('center_axis',(0.,-1.,0.));
#5469=DIRECTION('ref_axis',(0.740866969344814,0.,-0.671651795005291));
#5470=DIRECTION('center_axis',(0.671651795005291,1.97215226305253E-31,0.740866969344815));
#5471=DIRECTION('ref_axis',(0.740866969344816,0.,-0.671651795005289));
#5472=DIRECTION('center_axis',(-0.671651795005291,-1.97215226305253E-31,
-0.740866969344815));
#5473=DIRECTION('ref_axis',(2.11771421534276E-15,1.,-1.91986768596399E-15));
#5474=DIRECTION('center_axis',(1.32459960750298E-31,-1.,1.46110247021424E-31));
#5475=DIRECTION('ref_axis',(-0.740866969344814,0.,0.671651795005292));
#5476=DIRECTION('center_axis',(0.671651795005291,1.97215226305253E-31,0.740866969344815));
#5477=DIRECTION('ref_axis',(1.71128919499788E-15,1.,-1.55141274635303E-15));
#5478=DIRECTION('center_axis',(-0.671651795005291,-1.97215226305253E-31,
-0.740866969344815));
#5479=DIRECTION('ref_axis',(1.71128919499788E-15,1.,-1.55141274635303E-15));
#5480=DIRECTION('center_axis',(-0.671651795005291,0.,-0.740866969344815));
#5481=DIRECTION('ref_axis',(-0.740866969344816,0.,0.67165179500529));
#5482=DIRECTION('center_axis',(0.671651795005291,1.97215226305253E-31,0.740866969344815));
#5483=DIRECTION('ref_axis',(1.52655665885959E-16,1.,-1.66533453693773E-16));
#5484=DIRECTION('center_axis',(0.671651795005291,1.97215226305253E-31,0.740866969344815));
#5485=DIRECTION('ref_axis',(1.52655665885959E-16,1.,-1.66533453693773E-16));
#5486=DIRECTION('center_axis',(0.,-1.,0.));
#5487=DIRECTION('ref_axis',(0.740866969344814,0.,-0.671651795005291));
#5488=DIRECTION('center_axis',(0.671651795005291,1.97215226305253E-31,0.740866969344815));
#5489=DIRECTION('ref_axis',(0.740866969344816,0.,-0.671651795005289));
#5490=DIRECTION('center_axis',(-0.671651795005291,-1.97215226305253E-31,
-0.740866969344815));
#5491=DIRECTION('ref_axis',(1.66658049676954E-16,1.,-1.51088093880873E-16));
#5492=DIRECTION('center_axis',(1.32459960750298E-31,-1.,1.46110247021425E-31));
#5493=DIRECTION('ref_axis',(-0.740866969344815,0.,0.671651795005291));
#5494=DIRECTION('center_axis',(0.671651795005291,1.97215226305253E-31,0.740866969344815));
#5495=DIRECTION('ref_axis',(1.71128919499788E-15,1.,-1.55141274635303E-15));
#5496=DIRECTION('center_axis',(-0.671651795005291,-1.97215226305253E-31,
-0.740866969344815));
#5497=DIRECTION('ref_axis',(1.71128919499788E-15,1.,-1.55141274635303E-15));
#5498=DIRECTION('center_axis',(-0.671651795005291,0.,-0.740866969344815));
#5499=DIRECTION('ref_axis',(-0.740866969344815,0.,0.671651795005291));
#5500=DIRECTION('center_axis',(0.671651795005291,1.97215226305253E-31,0.740866969344815));
#5501=DIRECTION('ref_axis',(2.1094237467878E-15,1.,-1.92901250528621E-15));
#5502=DIRECTION('center_axis',(0.671651795005291,1.97215226305253E-31,0.740866969344815));
#5503=DIRECTION('ref_axis',(2.1094237467878E-15,1.,-1.92901250528621E-15));
#5504=DIRECTION('center_axis',(0.,-1.,0.));
#5505=DIRECTION('ref_axis',(0.740866969344815,0.,-0.67165179500529));
#5506=DIRECTION('center_axis',(0.671651795005291,1.97215226305253E-31,0.740866969344815));
#5507=DIRECTION('ref_axis',(0.740866969344814,0.,-0.671651795005292));
#5508=DIRECTION('center_axis',(-0.671651795005291,-1.97215226305253E-31,
-0.740866969344815));
#5509=DIRECTION('ref_axis',(2.11771421534276E-15,1.,-1.91986768596399E-15));
#5510=DIRECTION('center_axis',(1.32459960750298E-31,-1.,1.46110247021424E-31));
#5511=DIRECTION('ref_axis',(-0.740866969344814,0.,0.671651795005292));
#5512=DIRECTION('center_axis',(0.671651795005291,1.97215226305253E-31,0.740866969344815));
#5513=DIRECTION('ref_axis',(1.71128919499788E-15,1.,-1.55141274635303E-15));
#5514=DIRECTION('center_axis',(-0.671651795005291,-1.97215226305253E-31,
-0.740866969344815));
#5515=DIRECTION('ref_axis',(1.71128919499788E-15,1.,-1.55141274635303E-15));
#5516=DIRECTION('center_axis',(-1.,0.,4.0668180245386E-31));
#5517=DIRECTION('ref_axis',(4.0668180245386E-31,-3.19026483596384E-15,1.));
#5518=DIRECTION('center_axis',(0.740866969344811,0.,-0.671651795005295));
#5519=DIRECTION('ref_axis',(0.,-1.,0.));
#5520=DIRECTION('',(0.740866969344811,0.,-0.671651795005295));
#5521=DIRECTION('center_axis',(-0.671651795005292,0.,-0.740866969344814));
#5522=DIRECTION('ref_axis',(1.71128919499788E-15,1.,-1.55141274635303E-15));
#5523=DIRECTION('',(-0.671651795005292,0.,-0.740866969344814));
#5524=DIRECTION('center_axis',(-0.671651795005292,0.,-0.740866969344814));
#5525=DIRECTION('ref_axis',(1.71128919499788E-15,1.,-1.55141274635303E-15));
#5526=DIRECTION('',(-0.671651795005292,0.,-0.740866969344814));
#5527=DIRECTION('center_axis',(-0.671651795005292,0.,-0.740866969344814));
#5528=DIRECTION('ref_axis',(1.71128919499788E-15,1.,-1.55141274635303E-15));
#5529=DIRECTION('',(-0.671651795005292,0.,-0.740866969344814));
#5530=DIRECTION('center_axis',(-0.671651795005291,-1.97215226305253E-31,
-0.740866969344815));
#5531=DIRECTION('ref_axis',(1.71128919499788E-15,1.,-1.55141274635303E-15));
#5532=DIRECTION('center_axis',(0.671651795005291,1.97215226305253E-31,0.740866969344815));
#5533=DIRECTION('ref_axis',(1.71128919499788E-15,1.,-1.55141274635303E-15));
#5534=DIRECTION('center_axis',(-8.34973500446636E-16,1.59280825189645E-15,
-1.));
#5535=DIRECTION('ref_axis',(1.,0.,-8.34973500446636E-16));
#5536=DIRECTION('',(-8.34973500446636E-16,1.59280825189645E-15,-1.));
#5537=DIRECTION('center_axis',(-8.34973500446636E-16,1.59280825189645E-15,
-1.));
#5538=DIRECTION('ref_axis',(1.,0.,-8.34973500446636E-16));
#5539=DIRECTION('',(-8.34973500446636E-16,1.59280825189645E-15,-1.));
#5540=DIRECTION('center_axis',(-8.34973500446636E-16,1.59280825189645E-15,
-1.));
#5541=DIRECTION('ref_axis',(1.,0.,-8.34973500446636E-16));
#5542=DIRECTION('',(-8.34973500446636E-16,1.59280825189645E-15,-1.));
#5543=DIRECTION('center_axis',(-8.34973500446636E-16,1.59280825189645E-15,
-1.));
#5544=DIRECTION('ref_axis',(1.,0.,-8.34973500446636E-16));
#5545=DIRECTION('',(-8.34973500446636E-16,1.59280825189645E-15,-1.));
#5546=DIRECTION('center_axis',(-0.573576436350969,0.819152044289046,0.));
#5547=DIRECTION('ref_axis',(-0.819152044289046,-0.573576436350969,0.));
#5548=DIRECTION('',(0.,0.,1.));
#5549=DIRECTION('',(0.,0.,1.));
#5550=DIRECTION('center_axis',(0.573576436350978,0.81915204428904,0.));
#5551=DIRECTION('ref_axis',(-0.81915204428904,0.573576436350978,0.));
#5552=DIRECTION('',(0.,0.,1.));
#5553=DIRECTION('center_axis',(0.,0.,1.));
#5554=DIRECTION('ref_axis',(-7.72332368269216E-13,-1.,0.));
#5555=DIRECTION('center_axis',(-0.573576436350977,0.81915204428904,0.));
#5556=DIRECTION('ref_axis',(-0.81915204428904,-0.573576436350977,0.));
#5557=DIRECTION('',(0.,0.,1.));
#5558=DIRECTION('',(0.,0.,1.));
#5559=DIRECTION('center_axis',(0.57357643635097,0.819152044289045,0.));
#5560=DIRECTION('ref_axis',(-0.819152044289045,0.57357643635097,0.));
#5561=DIRECTION('',(0.,0.,1.));
#5562=DIRECTION('center_axis',(0.,0.,1.));
#5563=DIRECTION('ref_axis',(-7.78549617207117E-13,-1.,0.));
#5564=DIRECTION('center_axis',(-0.573576436350958,0.819152044289054,0.));
#5565=DIRECTION('ref_axis',(-0.819152044289054,-0.573576436350958,0.));
#5566=DIRECTION('',(0.,0.,1.));
#5567=DIRECTION('',(0.,0.,1.));
#5568=DIRECTION('center_axis',(0.573576436350978,0.81915204428904,0.));
#5569=DIRECTION('ref_axis',(-0.81915204428904,0.573576436350978,0.));
#5570=DIRECTION('',(0.,0.,1.));
#5571=DIRECTION('center_axis',(0.,0.,1.));
#5572=DIRECTION('ref_axis',(-7.72332368269216E-13,-1.,0.));
#5573=DIRECTION('center_axis',(-0.573576436350966,0.819152044289048,0.));
#5574=DIRECTION('ref_axis',(-0.819152044289048,-0.573576436350966,0.));
#5575=DIRECTION('',(0.,0.,1.));
#5576=DIRECTION('',(0.,0.,1.));
#5577=DIRECTION('center_axis',(0.57357643635097,0.819152044289045,0.));
#5578=DIRECTION('ref_axis',(-0.819152044289045,0.57357643635097,0.));
#5579=DIRECTION('',(0.,0.,1.));
#5580=DIRECTION('center_axis',(0.,0.,1.));
#5581=DIRECTION('ref_axis',(-7.77860598637438E-13,-1.,0.));
#5582=DIRECTION('center_axis',(1.,0.,-4.06681802453857E-31));
#5583=DIRECTION('ref_axis',(-4.06681802453857E-31,0.,-1.));
#5584=DIRECTION('',(7.86089146513413E-31,1.,1.59280825189645E-15));
#5585=DIRECTION('center_axis',(1.,0.,-4.06681783873196E-31));
#5586=DIRECTION('ref_axis',(4.06681783873196E-31,4.18447066490165E-23,1.));
#5587=DIRECTION('',(7.86089146513413E-31,1.,1.59280825189645E-15));
#5588=DIRECTION('center_axis',(8.34973500446636E-16,-1.59280825189645E-15,
1.));
#5589=DIRECTION('ref_axis',(-1.,-5.43863535112849E-31,8.34973500446636E-16));
#5590=CARTESIAN_POINT('',(0.,0.,0.));
#5591=CARTESIAN_POINT('Ctrl Pts',(139.678421895239,78.7366140600281,63.7104377235418));
#5592=CARTESIAN_POINT('Ctrl Pts',(140.296571839714,79.3547640045032,63.1500381687388));
#5593=CARTESIAN_POINT('Ctrl Pts',(140.663466510223,79.7216586750123,62.3221970583748));
#5594=CARTESIAN_POINT('Ctrl Pts',(140.663466510223,79.7216586750123,61.4878368155073));
#5595=CARTESIAN_POINT('Ctrl Pts',(139.575777164232,78.633969329021,63.4839927371783));
#5596=CARTESIAN_POINT('Ctrl Pts',(140.169376168993,79.2269692323636,62.9953812501846));
#5597=CARTESIAN_POINT('Ctrl Pts',(140.524626418406,79.5828185831948,62.2449608852661));
#5598=CARTESIAN_POINT('Ctrl Pts',(140.524626418406,79.5828185831948,61.4878368155073));
#5599=CARTESIAN_POINT('Ctrl Pts',(139.475643469158,78.323917944891,63.0315371958397));
#5600=CARTESIAN_POINT('Ctrl Pts',(139.985854651691,78.9006106708436,62.6857125184659));
#5601=CARTESIAN_POINT('Ctrl Pts',(140.302287547111,79.2499435564173,62.0905675032587));
#5602=CARTESIAN_POINT('Ctrl Pts',(140.302287547111,79.2499435564173,61.4878368155073));
#5603=CARTESIAN_POINT('Ctrl Pts',(139.612976173485,77.892080118798,62.7066826824718));
#5604=CARTESIAN_POINT('Ctrl Pts',(139.989724663718,78.4962267643648,62.4258347863877));
#5605=CARTESIAN_POINT('Ctrl Pts',(140.224126682003,78.8573480440818,61.9595779243508));
#5606=CARTESIAN_POINT('Ctrl Pts',(140.224126682003,78.8573480440818,61.4878368155073));
#5607=CARTESIAN_POINT('Ctrl Pts',(139.731604374511,77.6759538882483,62.5991372695245));
#5608=CARTESIAN_POINT('Ctrl Pts',(140.040679346749,78.2941038327233,62.318937492123));
#5609=CARTESIAN_POINT('Ctrl Pts',(140.224126682003,78.6609985032324,61.9050169369411));
#5610=CARTESIAN_POINT('Ctrl Pts',(140.224126682003,78.6609985032324,61.4878368155073));
#5611=CARTESIAN_POINT('',(140.663466510223,79.7216586750122,61.4878368155073));
#5612=CARTESIAN_POINT('',(140.224126682003,78.6609985032324,61.4878368155073));
#5613=CARTESIAN_POINT('Origin',(141.724126682003,78.6609985032324,61.4878368155073));
#5614=CARTESIAN_POINT('',(139.731604374511,77.6759538882483,62.5991372695245));
#5615=CARTESIAN_POINT('Origin',(138.724126682003,75.6609985032324,61.4878368155073));
#5616=CARTESIAN_POINT('',(140.650537774976,79.7087299397654,61.7660548222686));
#5617=CARTESIAN_POINT('Ctrl Pts',(140.650537774976,79.7087299397654,61.7660548222686));
#5618=CARTESIAN_POINT('Ctrl Pts',(140.575750003471,79.6339421682602,61.833855578753));
#5619=CARTESIAN_POINT('Ctrl Pts',(140.505897873147,79.5510656139637,61.8971818041867));
#5620=CARTESIAN_POINT('Ctrl Pts',(140.335195650829,79.3156695824738,62.0519362456392));
#5621=CARTESIAN_POINT('Ctrl Pts',(140.243879189914,79.154520452995,62.1347215059146));
#5622=CARTESIAN_POINT('Ctrl Pts',(139.998172317022,78.6297254503484,62.3574733210875));
#5623=CARTESIAN_POINT('Ctrl Pts',(139.866336812996,78.2068792522649,62.4769921504972));
#5624=CARTESIAN_POINT('Ctrl Pts',(139.734196694054,77.6861970370861,62.5967871363071));
#5625=CARTESIAN_POINT('Ctrl Pts',(139.732899461158,77.681075907584,62.5979631757843));
#5626=CARTESIAN_POINT('Ctrl Pts',(139.731604374511,77.6759538882483,62.5991372695245));
#5627=CARTESIAN_POINT('Origin',(137.663466510223,76.7216586750122,61.4878368155073));
#5628=CARTESIAN_POINT('Origin',(141.724126682003,78.6609985032324,62.9365127730399));
#5629=CARTESIAN_POINT('',(140.663466510223,79.7216586750123,60.8686014072302));
#5630=CARTESIAN_POINT('',(140.224126682003,78.6609985032324,60.8686014072302));
#5631=CARTESIAN_POINT('Origin',(141.724126682003,78.6609985032324,60.8686014072302));
#5632=CARTESIAN_POINT('',(140.224126682003,78.6609985032324,62.9365127730399));
#5633=CARTESIAN_POINT('',(140.663466510223,79.7216586750123,62.9365127730399));
#5634=CARTESIAN_POINT('Ctrl Pts',(138.724126682003,79.9036391903517,59.3686014072301));
#5635=CARTESIAN_POINT('Ctrl Pts',(139.060725894888,79.6247912722299,59.3686014072301));
#5636=CARTESIAN_POINT('Ctrl Pts',(139.847221507783,78.9732369730134,59.6430551681197));
#5637=CARTESIAN_POINT('Ctrl Pts',(140.224126682003,78.6609985032324,60.4198024567173));
#5638=CARTESIAN_POINT('Ctrl Pts',(140.224126682003,78.6609985032324,60.8686014072302));
#5639=CARTESIAN_POINT('Ctrl Pts',(138.724126682003,79.9036391903517,59.3686014072301));
#5640=CARTESIAN_POINT('Ctrl Pts',(139.093588437192,79.7041284675541,59.3686014072301));
#5641=CARTESIAN_POINT('Ctrl Pts',(139.943737236346,79.2410941528412,59.7230738203383));
#5642=CARTESIAN_POINT('Ctrl Pts',(140.224126682003,79.0536975849311,60.4690155124802));
#5643=CARTESIAN_POINT('Ctrl Pts',(140.224126682003,79.0536975849311,60.8686014072302));
#5644=CARTESIAN_POINT('Ctrl Pts',(138.724126682003,79.9036391903517,59.3686014072301));
#5645=CARTESIAN_POINT('Ctrl Pts',(139.126450979496,79.7834656628784,59.3686014072301));
#5646=CARTESIAN_POINT('Ctrl Pts',(140.055011664251,79.5097343858344,59.7230738203383));
#5647=CARTESIAN_POINT('Ctrl Pts',(140.385786326588,79.4439784913774,60.4690155124802));
#5648=CARTESIAN_POINT('Ctrl Pts',(140.385786326588,79.4439784913774,60.8686014072302));
#5649=CARTESIAN_POINT('Ctrl Pts',(138.724126682003,79.9036391903517,59.3686014072301));
#5650=CARTESIAN_POINT('Ctrl Pts',(139.1593135218,79.8628028582026,59.3686014072301));
#5651=CARTESIAN_POINT('Ctrl Pts',(140.176168366339,79.767384940238,59.6430551681197));
#5652=CARTESIAN_POINT('Ctrl Pts',(140.663466510223,79.7216586750123,60.4198024567173));
#5653=CARTESIAN_POINT('Ctrl Pts',(140.663466510223,79.7216586750123,60.8686014072302));
#5654=CARTESIAN_POINT('',(138.724126682003,79.9036391903517,59.3686014072301));
#5655=CARTESIAN_POINT('Origin',(138.724126682003,79.9036391903517,60.8686014072302));
#5656=CARTESIAN_POINT('Origin',(138.724126682003,79.9036391903517,60.8686014072302));
#5657=CARTESIAN_POINT('Origin',(141.413466533421,82.5929790417693,60.8686014072302));
#5658=CARTESIAN_POINT('',(141.64047571108,80.6986678758688,60.8686014072302));
#5659=CARTESIAN_POINT('',(142.4741267052,81.5323188699895,60.8686014072302));
#5660=CARTESIAN_POINT('',(143.295053964695,84.4745664730434,59.3686014072301));
#5661=CARTESIAN_POINT('Origin',(141.64047571108,82.8199882194284,60.8686014072302));
#5662=CARTESIAN_POINT('',(141.413466533421,82.5929790417693,59.3686014072301));
#5663=CARTESIAN_POINT('Origin',(141.724126682003,80.7823188467921,66.5044241388497));
#5664=CARTESIAN_POINT('',(139.702270345634,78.7604625104232,62.6257307795136));
#5665=CARTESIAN_POINT('Ctrl Pts',(108.920800659273,83.7823188467921,90.5314550501327));
#5666=CARTESIAN_POINT('Ctrl Pts',(108.921100522923,83.7810254540479,90.5311832011134));
#5667=CARTESIAN_POINT('Ctrl Pts',(108.92139820308,83.7797342928348,90.5309099833277));
#5668=CARTESIAN_POINT('Ctrl Pts',(108.997711330658,83.4489481256743,90.4609683094242));
#5669=CARTESIAN_POINT('Ctrl Pts',(108.997411699309,83.1175556773217,90.3062347324476));
#5670=CARTESIAN_POINT('Ctrl Pts',(108.920967684096,82.8575822706005,90.1007848703516));
#5671=CARTESIAN_POINT('Ctrl Pts',(108.920800659273,83.7823188467921,90.5314550501327));
#5672=CARTESIAN_POINT('Ctrl Pts',(108.9210012133,83.7809986457704,90.5312780068754));
#5673=CARTESIAN_POINT('Ctrl Pts',(108.92120468296,83.7796990496619,90.5310806828902));
#5674=CARTESIAN_POINT('Ctrl Pts',(108.972568326648,83.4434246647903,90.4839624534333));
#5675=CARTESIAN_POINT('Ctrl Pts',(108.944345586892,83.1075735981741,90.3485957415638));
#5676=CARTESIAN_POINT('Ctrl Pts',(108.845951964133,82.8483931844285,90.1590808206785));
#5677=CARTESIAN_POINT('Ctrl Pts',(108.920800659273,83.7823188467921,90.5314550501327));
#5678=CARTESIAN_POINT('Ctrl Pts',(108.920913092823,83.7809800350949,90.531357894735));
#5679=CARTESIAN_POINT('Ctrl Pts',(108.921000953519,83.7796560231856,90.5312653789972));
#5680=CARTESIAN_POINT('Ctrl Pts',(108.947654450534,83.4381629847345,90.5065487615119));
#5681=CARTESIAN_POINT('Ctrl Pts',(108.894178428473,83.0969784528252,90.3940760550297));
#5682=CARTESIAN_POINT('Ctrl Pts',(108.775770261568,82.8335709416811,90.2227058282097));
#5683=CARTESIAN_POINT('Ctrl Pts',(108.920800659273,83.7823188467921,90.5314550501327));
#5684=CARTESIAN_POINT('Ctrl Pts',(108.92080782512,83.7809636378336,90.5314485537516));
#5685=CARTESIAN_POINT('Ctrl Pts',(108.920813312421,83.7796107670526,90.5314402308311));
#5686=CARTESIAN_POINT('Ctrl Pts',(108.922268758978,83.4330150591797,90.5293626916651));
#5687=CARTESIAN_POINT('Ctrl Pts',(108.846972804724,83.0857834704678,90.4426189387457));
#5688=CARTESIAN_POINT('Ctrl Pts',(108.711694365689,82.8133841418487,90.2905069200188));
#5689=CARTESIAN_POINT('',(108.920967684096,82.8575822706005,90.1007848703516));
#5690=CARTESIAN_POINT('',(108.711694365689,82.8133841418487,90.2905069200187));
#5691=CARTESIAN_POINT('Origin',(109.714217248812,81.9328456944088,90.9757805233304));
#5692=CARTESIAN_POINT('',(108.920800659703,83.782318846978,90.5314550497429));
#5693=CARTESIAN_POINT('Ctrl Pts',(108.711694365689,82.8133841418487,90.2905069200188));
#5694=CARTESIAN_POINT('Ctrl Pts',(108.846972804724,83.0857834704678,90.4426189387457));
#5695=CARTESIAN_POINT('Ctrl Pts',(108.922268758978,83.4330150591797,90.5293626916651));
#5696=CARTESIAN_POINT('Ctrl Pts',(108.920813312421,83.7796107670526,90.5314402308311));
#5697=CARTESIAN_POINT('Ctrl Pts',(108.92080782512,83.7809636378336,90.5314485537516));
#5698=CARTESIAN_POINT('Ctrl Pts',(108.920800659273,83.7823188467921,90.5314550501327));
#5699=CARTESIAN_POINT('Ctrl Pts',(108.920800659273,83.7823188467921,90.5314550501327));
#5700=CARTESIAN_POINT('Ctrl Pts',(108.921100522923,83.7810254540479,90.5311832011134));
#5701=CARTESIAN_POINT('Ctrl Pts',(108.92139820308,83.7797342928348,90.5309099833277));
#5702=CARTESIAN_POINT('Ctrl Pts',(108.997711330658,83.4489481256743,90.4609683094242));
#5703=CARTESIAN_POINT('Ctrl Pts',(108.997411699309,83.1175556773217,90.3062347324476));
#5704=CARTESIAN_POINT('Ctrl Pts',(108.920967684096,82.8575822706005,90.1007848703516));
#5705=CARTESIAN_POINT('Ctrl Pts',(107.931718646911,82.1530331891379,88.8477845198482));
#5706=CARTESIAN_POINT('Ctrl Pts',(107.933056687066,82.1543937403262,89.1562906602926));
#5707=CARTESIAN_POINT('Ctrl Pts',(107.996612797546,82.1837121225435,89.4829564201022));
#5708=CARTESIAN_POINT('Ctrl Pts',(108.19308210905,82.2688778759499,89.7128427738081));
#5709=CARTESIAN_POINT('Ctrl Pts',(108.122806597054,82.23796361142,88.8488518703128));
#5710=CARTESIAN_POINT('Ctrl Pts',(108.100088047357,82.2279750199139,89.1284454613215));
#5711=CARTESIAN_POINT('Ctrl Pts',(108.133128820152,82.2431611008272,89.4199808298777));
#5712=CARTESIAN_POINT('Ctrl Pts',(108.29434878775,82.312719769445,89.6120004309709));
#5713=CARTESIAN_POINT('Ctrl Pts',(108.331812199894,82.2823188467912,88.8500193025196));
#5714=CARTESIAN_POINT('Ctrl Pts',(108.280319897156,82.2715394967547,89.1006895643123));
#5715=CARTESIAN_POINT('Ctrl Pts',(108.279008775993,82.2811682824934,89.3570525744755));
#5716=CARTESIAN_POINT('Ctrl Pts',(108.404550098494,82.3358994654122,89.5111766681737));
#5717=CARTESIAN_POINT('Ctrl Pts',(108.540923548889,82.2823188467921,88.8511873253877));
#5718=CARTESIAN_POINT('Ctrl Pts',(108.462845350626,82.2823188467928,89.0754167920581));
#5719=CARTESIAN_POINT('Ctrl Pts',(108.427630931103,82.2960176671399,89.2971167769977));
#5720=CARTESIAN_POINT('Ctrl Pts',(108.51882603074,82.3373947113394,89.4148179347975));
#5721=CARTESIAN_POINT('',(108.540923548883,82.2823188467921,88.8511873253877));
#5722=CARTESIAN_POINT('',(107.931718646911,82.1530331891379,88.8477845198508));
#5723=CARTESIAN_POINT('Origin',(108.540923548895,80.7823188467921,88.8511873253972));
#5724=CARTESIAN_POINT('',(108.193082109054,82.2688778759515,89.7128427738042));
#5725=CARTESIAN_POINT('Ctrl Pts',(107.931718646911,82.1530331891379,88.8477845198482));
#5726=CARTESIAN_POINT('Ctrl Pts',(107.933056687066,82.1543937403262,89.1562906602926));
#5727=CARTESIAN_POINT('Ctrl Pts',(107.996612797546,82.1837121225435,89.4829564201022));
#5728=CARTESIAN_POINT('Ctrl Pts',(108.19308210905,82.2688778759499,89.7128427738081));
#5729=CARTESIAN_POINT('',(108.51882603074,82.3373947113394,89.4148179347973));
#5730=CARTESIAN_POINT('Origin',(108.789322684545,80.8924705758867,89.7131898555049));
#5731=CARTESIAN_POINT('Ctrl Pts',(108.51882603074,82.3373947113394,89.4148179347975));
#5732=CARTESIAN_POINT('Ctrl Pts',(108.427630931103,82.2960176671399,89.2971167769977));
#5733=CARTESIAN_POINT('Ctrl Pts',(108.462845350626,82.2823188467928,89.0754167920581));
#5734=CARTESIAN_POINT('Ctrl Pts',(108.540923548889,82.2823188467921,88.8511873253877));
#5735=CARTESIAN_POINT('Ctrl Pts',(107.772001053581,81.8416732873184,60.7133529355046));
#5736=CARTESIAN_POINT('Ctrl Pts',(107.796977882854,81.9556748641554,65.4063963026005));
#5737=CARTESIAN_POINT('Ctrl Pts',(107.864377328169,82.0776772833907,74.785275651371));
#5738=CARTESIAN_POINT('Ctrl Pts',(107.911389021177,82.1323615400964,84.160470493003));
#5739=CARTESIAN_POINT('Ctrl Pts',(107.931718646911,82.1530331891378,88.8477845198247));
#5740=CARTESIAN_POINT('Ctrl Pts',(108.04972416579,82.1201304013967,60.7186058317367));
#5741=CARTESIAN_POINT('Ctrl Pts',(108.067213112673,82.1655311355593,65.4101646610491));
#5742=CARTESIAN_POINT('Ctrl Pts',(108.096876779102,82.2108498593153,74.7872273744088));
#5743=CARTESIAN_POINT('Ctrl Pts',(108.115084323239,82.2307088279016,84.1617784320098));
#5744=CARTESIAN_POINT('Ctrl Pts',(108.122806597056,82.2379636114209,88.8488518702916));
#5745=CARTESIAN_POINT('Ctrl Pts',(108.440531549066,82.2823188467921,60.7259976206835));
#5746=CARTESIAN_POINT('Ctrl Pts',(108.405905945718,82.2814719989239,65.4146749920351));
#5747=CARTESIAN_POINT('Ctrl Pts',(108.363991905155,82.2821274428356,74.7894907697034));
#5748=CARTESIAN_POINT('Ctrl Pts',(108.341015230593,82.2823620394732,84.1632265671324));
#5749=CARTESIAN_POINT('Ctrl Pts',(108.331812199898,82.2823188467921,88.8500193025008));
#5750=CARTESIAN_POINT('Ctrl Pts',(108.833775445894,82.2823188467921,60.7334354942097));
#5751=CARTESIAN_POINT('Ctrl Pts',(108.745148536519,82.2823188467921,65.4191821775038));
#5752=CARTESIAN_POINT('Ctrl Pts',(108.63141691862,82.282318846792,74.7917591511137));
#5753=CARTESIAN_POINT('Ctrl Pts',(108.567100764132,82.2823188467921,84.1646756735698));
#5754=CARTESIAN_POINT('Ctrl Pts',(108.540923548896,82.2823188467921,88.8511873253711));
#5755=CARTESIAN_POINT('',(108.833775445895,82.2823188467921,60.733435494208));
#5756=CARTESIAN_POINT('Ctrl Pts',(108.540923548896,82.2823188467921,88.8511873253711));
#5757=CARTESIAN_POINT('Ctrl Pts',(108.567100764132,82.2823188467921,84.1646756735698));
#5758=CARTESIAN_POINT('Ctrl Pts',(108.63141691862,82.282318846792,74.7917591511137));
#5759=CARTESIAN_POINT('Ctrl Pts',(108.745148536519,82.2823188467921,65.4191821775038));
#5760=CARTESIAN_POINT('Ctrl Pts',(108.833775445894,82.2823188467921,60.7334354942097));
#5761=CARTESIAN_POINT('',(107.772001053581,81.8416732873184,60.7133529355046));
#5762=CARTESIAN_POINT('Origin',(108.833775445894,80.7823188467921,60.7334354942097));
#5763=CARTESIAN_POINT('Ctrl Pts',(107.772001053581,81.8416732873184,60.7133529355046));
#5764=CARTESIAN_POINT('Ctrl Pts',(107.796977882854,81.9556748641554,65.4063963026005));
#5765=CARTESIAN_POINT('Ctrl Pts',(107.864377328169,82.0776772833907,74.785275651371));
#5766=CARTESIAN_POINT('Ctrl Pts',(107.911389021177,82.1323615400964,84.160470493003));
#5767=CARTESIAN_POINT('Ctrl Pts',(107.931718646911,82.1530331891378,88.8477845198247));
#5768=CARTESIAN_POINT('Ctrl Pts',(108.162233195144,82.2198033083748,59.314827993886));
#5769=CARTESIAN_POINT('Ctrl Pts',(107.907638653164,81.9626240504215,59.6857947394801));
#5770=CARTESIAN_POINT('Ctrl Pts',(107.769239926704,81.8290706941622,60.1945485657915));
#5771=CARTESIAN_POINT('Ctrl Pts',(107.772001053581,81.8416732873185,60.7133529355046));
#5772=CARTESIAN_POINT('Ctrl Pts',(108.359453854058,82.4205181392194,59.5713705320666));
#5773=CARTESIAN_POINT('Ctrl Pts',(108.128179567486,82.1924979075981,59.8583174756454));
#5774=CARTESIAN_POINT('Ctrl Pts',(108.029942002373,82.0983794154581,60.2882585445806));
#5775=CARTESIAN_POINT('Ctrl Pts',(108.049724165791,82.1201304013969,60.7186058317361));
#5776=CARTESIAN_POINT('Ctrl Pts',(108.663550114235,82.5136933563719,59.8268060132869));
#5777=CARTESIAN_POINT('Ctrl Pts',(108.43932598072,82.3331307589501,60.0319058500111));
#5778=CARTESIAN_POINT('Ctrl Pts',(108.394894701162,82.2638436428787,60.3833727451022));
#5779=CARTESIAN_POINT('Ctrl Pts',(108.440531549067,82.2823188467922,60.7259976206821));
#5780=CARTESIAN_POINT('Ctrl Pts',(108.993391129066,82.4744704356063,60.0129859610298));
#5781=CARTESIAN_POINT('Ctrl Pts',(108.769520145525,82.3504578236819,60.1699742333918));
#5782=CARTESIAN_POINT('Ctrl Pts',(108.769738028405,82.2823188467918,60.453012204587));
#5783=CARTESIAN_POINT('Ctrl Pts',(108.833775445895,82.2823188467921,60.733435494208));
#5784=CARTESIAN_POINT('',(108.993391129066,82.4744704356063,60.0129859610298));
#5785=CARTESIAN_POINT('Ctrl Pts',(108.833775445895,82.2823188467921,60.733435494208));
#5786=CARTESIAN_POINT('Ctrl Pts',(108.769738028405,82.2823188467918,60.453012204587));
#5787=CARTESIAN_POINT('Ctrl Pts',(108.769520145525,82.3504578236819,60.1699742333918));
#5788=CARTESIAN_POINT('Ctrl Pts',(108.993391129066,82.4744704356063,60.0129859610298));
#5789=CARTESIAN_POINT('',(108.162233194902,82.2198033081278,59.3148279935482));
#5790=CARTESIAN_POINT('Origin',(109.230315981114,81.1666220244205,59.3177168420257));
#5791=CARTESIAN_POINT('Ctrl Pts',(108.162233195144,82.2198033083748,59.314827993886));
#5792=CARTESIAN_POINT('Ctrl Pts',(107.907638653164,81.9626240504215,59.6857947394801));
#5793=CARTESIAN_POINT('Ctrl Pts',(107.769239926704,81.8290706941622,60.1945485657915));
#5794=CARTESIAN_POINT('Ctrl Pts',(107.772001053581,81.8416732873185,60.7133529355046));
#5795=CARTESIAN_POINT('Ctrl Pts',(108.353097062923,82.6894992046139,58.6959050363785));
#5796=CARTESIAN_POINT('Ctrl Pts',(108.340177498945,82.5852591746159,58.7754589514483));
#5797=CARTESIAN_POINT('Ctrl Pts',(108.297949120192,82.4033916270554,58.9739190613693));
#5798=CARTESIAN_POINT('Ctrl Pts',(108.213493342442,82.2714724488944,59.1995193372453));
#5799=CARTESIAN_POINT('Ctrl Pts',(108.162233195113,82.2198033083431,59.3148279938901));
#5800=CARTESIAN_POINT('Ctrl Pts',(108.464902609255,82.8170789770687,58.9362549722012));
#5801=CARTESIAN_POINT('Ctrl Pts',(108.447931218441,82.7129751978405,58.9889409783506));
#5802=CARTESIAN_POINT('Ctrl Pts',(108.402358611263,82.5226317857834,59.1434505613702));
#5803=CARTESIAN_POINT('Ctrl Pts',(108.314092239423,82.3782664158211,59.3401247419099));
#5804=CARTESIAN_POINT('Ctrl Pts',(108.260843524576,82.3201607237768,59.4430992629792));
#5805=CARTESIAN_POINT('Ctrl Pts',(108.851304743104,83.0162889566577,59.3699285332131));
#5806=CARTESIAN_POINT('Ctrl Pts',(108.795859005693,82.9080581461533,59.3839117833048));
#5807=CARTESIAN_POINT('Ctrl Pts',(108.699081307948,82.7004370919463,59.4694207097476));
#5808=CARTESIAN_POINT('Ctrl Pts',(108.578259996569,82.5367314097414,59.6175873693395));
#5809=CARTESIAN_POINT('Ctrl Pts',(108.510304201933,82.4692727844329,59.6997237637968));
#5810=CARTESIAN_POINT('Ctrl Pts',(109.432917127632,83.0378883418993,59.5656949329142));
#5811=CARTESIAN_POINT('Ctrl Pts',(109.313523369118,82.9275892675035,59.6036797977421));
#5812=CARTESIAN_POINT('Ctrl Pts',(109.114158207599,82.7205007723285,59.7020681797659));
#5813=CARTESIAN_POINT('Ctrl Pts',(108.925418167618,82.5600412816565,59.8433276733122));
#5814=CARTESIAN_POINT('Ctrl Pts',(108.828470621676,82.4940818960064,59.9198959871397));
#5815=CARTESIAN_POINT('Ctrl Pts',(109.724126867689,83.0022385433397,59.5874009076339));
#5816=CARTESIAN_POINT('Ctrl Pts',(109.578993448025,82.8921381089027,59.6544373943856));
#5817=CARTESIAN_POINT('Ctrl Pts',(109.330513660911,82.6902209427391,59.7838203013764));
#5818=CARTESIAN_POINT('Ctrl Pts',(109.105929027175,82.536810442644,59.9340693907503));
#5819=CARTESIAN_POINT('Ctrl Pts',(108.993391129107,82.4744704356292,60.0129859610008));
#5820=CARTESIAN_POINT('',(109.72412686764,83.0022385433454,59.5874009076305));
#5821=CARTESIAN_POINT('',(108.353097062921,82.6894992045963,58.6959050363919));
#5822=CARTESIAN_POINT('Origin',(109.724126867603,82.2221582398501,58.3062004080604));
#5823=CARTESIAN_POINT('Ctrl Pts',(108.353097062923,82.6894992046139,58.6959050363785));
#5824=CARTESIAN_POINT('Ctrl Pts',(108.340177498945,82.5852591746159,58.7754589514483));
#5825=CARTESIAN_POINT('Ctrl Pts',(108.297949120192,82.4033916270554,58.9739190613693));
#5826=CARTESIAN_POINT('Ctrl Pts',(108.213493342442,82.2714724488944,59.1995193372453));
#5827=CARTESIAN_POINT('Ctrl Pts',(108.162233195113,82.2198033083431,59.3148279938901));
#5828=CARTESIAN_POINT('Ctrl Pts',(108.993391129107,82.4744704356292,60.0129859610008));
#5829=CARTESIAN_POINT('Ctrl Pts',(109.105929027175,82.536810442644,59.9340693907503));
#5830=CARTESIAN_POINT('Ctrl Pts',(109.330513660911,82.6902209427391,59.7838203013764));
#5831=CARTESIAN_POINT('Ctrl Pts',(109.578993448025,82.8921381089027,59.6544373943856));
#5832=CARTESIAN_POINT('Ctrl Pts',(109.724126867689,83.0022385433397,59.5874009076339));
#5833=CARTESIAN_POINT('Ctrl Pts',(108.920967684096,82.8575822706006,90.1007848703516));
#5834=CARTESIAN_POINT('Ctrl Pts',(108.847757645844,82.6086070827142,89.9040265993357));
#5835=CARTESIAN_POINT('Ctrl Pts',(108.707229817288,82.4228772847923,89.6579817001592));
#5836=CARTESIAN_POINT('Ctrl Pts',(108.51882603074,82.3373947113394,89.4148179347972));
#5837=CARTESIAN_POINT('Ctrl Pts',(108.845951964133,82.8483931844286,90.1590808206785));
#5838=CARTESIAN_POINT('Ctrl Pts',(108.73826720676,82.5967915793657,89.9865651837498));
#5839=CARTESIAN_POINT('Ctrl Pts',(108.592741977566,82.4189517982344,89.7487227218648));
#5840=CARTESIAN_POINT('Ctrl Pts',(108.404550098494,82.3358994654121,89.5111766681735));
#5841=CARTESIAN_POINT('Ctrl Pts',(108.775770261569,82.8335709416812,90.2227058282097));
#5842=CARTESIAN_POINT('Ctrl Pts',(108.637103546301,82.5728284368581,90.0782776732363));
#5843=CARTESIAN_POINT('Ctrl Pts',(108.485235019429,82.3956339647794,89.8471384342189));
#5844=CARTESIAN_POINT('Ctrl Pts',(108.29434878775,82.312719769445,89.6120004309707));
#5845=CARTESIAN_POINT('Ctrl Pts',(108.711694365689,82.8133841418488,90.2905069200187));
#5846=CARTESIAN_POINT('Ctrl Pts',(108.547217990445,82.5373880556244,90.1764884681618));
#5847=CARTESIAN_POINT('Ctrl Pts',(108.389229334615,82.3539057103274,89.9490905900418));
#5848=CARTESIAN_POINT('Ctrl Pts',(108.19308210905,82.2688778759498,89.7128427738079));
#5849=CARTESIAN_POINT('Ctrl Pts',(108.19308210905,82.2688778759498,89.7128427738079));
#5850=CARTESIAN_POINT('Ctrl Pts',(108.389229334615,82.3539057103274,89.9490905900418));
#5851=CARTESIAN_POINT('Ctrl Pts',(108.547217990445,82.5373880556244,90.1764884681618));
#5852=CARTESIAN_POINT('Ctrl Pts',(108.711694365689,82.8133841418488,90.2905069200187));
#5853=CARTESIAN_POINT('',(108.685863527615,82.4491298969316,89.6477070398701));
#5854=CARTESIAN_POINT('Ctrl Pts',(108.920967684096,82.8575822706006,90.1007848703516));
#5855=CARTESIAN_POINT('Ctrl Pts',(108.871259468306,82.6885328798161,89.9671897674443));
#5856=CARTESIAN_POINT('Ctrl Pts',(108.790516739544,82.5486405642477,89.8108727882828));
#5857=CARTESIAN_POINT('Ctrl Pts',(108.684825187679,82.449487652442,89.6481635058959));
#5858=CARTESIAN_POINT('Ctrl Pts',(108.68483090296,82.4494930142075,89.6481723044469));
#5859=CARTESIAN_POINT('Ctrl Pts',(108.634858929339,82.4026114786115,89.5712412583918));
#5860=CARTESIAN_POINT('Ctrl Pts',(108.579309555368,82.3648372985159,89.4928811301314));
#5861=CARTESIAN_POINT('Ctrl Pts',(108.51882603074,82.3373947113394,89.4148179347972));
#5862=CARTESIAN_POINT('Ctrl Pts',(108.674224751496,83.7823188497958,58.9399116081702));
#5863=CARTESIAN_POINT('Ctrl Pts',(108.502932207843,83.4694461603147,58.7720420183042));
#5864=CARTESIAN_POINT('Ctrl Pts',(108.368730354267,83.0206677352351,58.4927115145652));
#5865=CARTESIAN_POINT('Ctrl Pts',(108.364737467252,82.7834184807104,58.6242277151595));
#5866=CARTESIAN_POINT('Ctrl Pts',(108.353097062921,82.6894992045963,58.6959050363919));
#5867=CARTESIAN_POINT('Ctrl Pts',(108.812656978097,83.7823188495185,59.0755775315557));
#5868=CARTESIAN_POINT('Ctrl Pts',(108.648106939047,83.4983292287966,58.9579232914478));
#5869=CARTESIAN_POINT('Ctrl Pts',(108.477461172234,83.1006064058785,58.7721634325026));
#5870=CARTESIAN_POINT('Ctrl Pts',(108.473845828155,82.9013298470988,58.8770670549421));
#5871=CARTESIAN_POINT('Ctrl Pts',(108.464902609248,82.8170789770452,58.9362549722028));
#5872=CARTESIAN_POINT('Ctrl Pts',(109.142743909828,83.7823188489641,59.2924636006884));
#5873=CARTESIAN_POINT('Ctrl Pts',(109.022963647303,83.5560673440584,59.2605748815078));
#5874=CARTESIAN_POINT('Ctrl Pts',(108.875145370586,83.2521616718115,59.2544072010035));
#5875=CARTESIAN_POINT('Ctrl Pts',(108.863346984802,83.0918592025286,59.327935127052));
#5876=CARTESIAN_POINT('Ctrl Pts',(108.851304798631,83.0162889060738,59.3699284654835));
#5877=CARTESIAN_POINT('Ctrl Pts',(109.530300336556,83.7823188484919,59.3686014072302));
#5878=CARTESIAN_POINT('Ctrl Pts',(109.490308273791,83.605272969192,59.368752232796));
#5879=CARTESIAN_POINT('Ctrl Pts',(109.486812516468,83.335581736514,59.4221506523368));
#5880=CARTESIAN_POINT('Ctrl Pts',(109.459077280579,83.1263076612024,59.5157234107196));
#5881=CARTESIAN_POINT('Ctrl Pts',(109.43291712756,83.0378883418738,59.5656949329109));
#5882=CARTESIAN_POINT('Ctrl Pts',(109.724126867582,83.7823188482939,59.3686014072302));
#5883=CARTESIAN_POINT('Ctrl Pts',(109.724126867263,83.6258825037249,59.3686014070736));
#5884=CARTESIAN_POINT('Ctrl Pts',(109.793230860587,83.3529021679178,59.4115765084418));
#5885=CARTESIAN_POINT('Ctrl Pts',(109.757418779762,83.101437988125,59.5270016703426));
#5886=CARTESIAN_POINT('Ctrl Pts',(109.724126867603,83.0022385433211,59.5874009076453));
#5887=CARTESIAN_POINT('',(109.724126867582,83.7823188467921,59.3686014072302));
#5888=CARTESIAN_POINT('',(108.674224751496,83.7823188497958,58.9399116081702));
#5889=CARTESIAN_POINT('Origin',(109.724126867582,83.7823188467921,57.8686014072302));
#5890=CARTESIAN_POINT('Ctrl Pts',(108.674224751496,83.7823188497958,58.9399116081702));
#5891=CARTESIAN_POINT('Ctrl Pts',(108.502932207843,83.4694461603147,58.7720420183042));
#5892=CARTESIAN_POINT('Ctrl Pts',(108.368730354267,83.0206677352351,58.4927115145652));
#5893=CARTESIAN_POINT('Ctrl Pts',(108.364737467252,82.7834184807104,58.6242277151595));
#5894=CARTESIAN_POINT('Ctrl Pts',(108.353097062921,82.6894992045963,58.6959050363919));
#5895=CARTESIAN_POINT('Ctrl Pts',(109.724126867603,83.0022385433211,59.5874009076453));
#5896=CARTESIAN_POINT('Ctrl Pts',(109.757418779762,83.101437988125,59.5270016703426));
#5897=CARTESIAN_POINT('Ctrl Pts',(109.793230860521,83.352902167458,59.4115765086529));
#5898=CARTESIAN_POINT('Ctrl Pts',(109.724126867515,83.6258825027265,59.3686014072307));
#5899=CARTESIAN_POINT('Ctrl Pts',(109.724126867582,83.7823188467921,59.3686014072302));
#5900=CARTESIAN_POINT('Ctrl Pts',(108.224126867582,82.8605816790434,57.8686014072302));
#5901=CARTESIAN_POINT('Ctrl Pts',(108.224126867582,82.8680387844158,58.0536955253362));
#5902=CARTESIAN_POINT('Ctrl Pts',(108.30801021613,83.0750394346265,58.4776563275286));
#5903=CARTESIAN_POINT('Ctrl Pts',(108.526568421808,83.5126186509598,58.7952059077507));
#5904=CARTESIAN_POINT('Ctrl Pts',(108.674224751496,83.7823188497958,58.9399116081702));
#5905=CARTESIAN_POINT('Ctrl Pts',(108.224126867582,82.6800460419446,57.8722381334619));
#5906=CARTESIAN_POINT('Ctrl Pts',(108.224584175277,82.6852124032694,58.0826079375289));
#5907=CARTESIAN_POINT('Ctrl Pts',(108.332627992787,82.8813123476974,58.561024216661));
#5908=CARTESIAN_POINT('Ctrl Pts',(108.60197437954,83.3010952865153,58.8974558488475));
#5909=CARTESIAN_POINT('Ctrl Pts',(108.77806287597,83.5594190538868,59.0416747263776));
#5910=CARTESIAN_POINT('Ctrl Pts',(108.158161409417,82.3190422175494,57.8795102272105));
#5911=CARTESIAN_POINT('Ctrl Pts',(108.157435177483,82.3196370030761,58.1486116264553));
#5912=CARTESIAN_POINT('Ctrl Pts',(108.298502301578,82.4939040935334,58.7572379779737));
#5913=CARTESIAN_POINT('Ctrl Pts',(108.653140433631,82.8781692530227,59.174546268093));
#5914=CARTESIAN_POINT('Ctrl Pts',(108.883904123077,83.1140271962897,59.3487324723446));
#5915=CARTESIAN_POINT('Ctrl Pts',(107.968945482109,82.0045818973315,57.8858447443936));
#5916=CARTESIAN_POINT('Ctrl Pts',(107.963345255472,82.0026102336909,58.2223106797491));
#5917=CARTESIAN_POINT('Ctrl Pts',(108.105320576323,82.1707359993962,58.9845924345467));
#5918=CARTESIAN_POINT('Ctrl Pts',(108.494888738954,82.5538974493318,59.5344930761486));
#5919=CARTESIAN_POINT('Ctrl Pts',(108.757864036273,82.7916637902651,59.7777504984647));
#5920=CARTESIAN_POINT('Ctrl Pts',(107.849568461477,81.8691270205507,57.8885733597048));
#5921=CARTESIAN_POINT('Ctrl Pts',(107.840931698065,81.866779353802,58.2587208279883));
#5922=CARTESIAN_POINT('Ctrl Pts',(107.977265359696,82.0386091769962,59.0978349882595));
#5923=CARTESIAN_POINT('Ctrl Pts',(108.373162526095,82.4352132912798,59.7146785010834));
#5924=CARTESIAN_POINT('Ctrl Pts',(108.64531782284,82.6835702600786,59.9933230985591));
#5925=CARTESIAN_POINT('',(108.224126867582,82.8605816790434,57.8686014072302));
#5926=CARTESIAN_POINT('Ctrl Pts',(108.674224751496,83.7823188497958,58.9399116081702));
#5927=CARTESIAN_POINT('Ctrl Pts',(108.526568421808,83.5126186509598,58.7952059077507));
#5928=CARTESIAN_POINT('Ctrl Pts',(108.30801021613,83.0750394346265,58.4776563275286));
#5929=CARTESIAN_POINT('Ctrl Pts',(108.224126867582,82.8680387844158,58.0536955253362));
#5930=CARTESIAN_POINT('Ctrl Pts',(108.224126867582,82.8605816790434,57.8686014072302));
#5931=CARTESIAN_POINT('',(107.849568461477,81.8691270205507,57.8885733597049));
#5932=CARTESIAN_POINT('Origin',(106.724126867582,82.8605816790434,57.8686014072302));
#5933=CARTESIAN_POINT('Ctrl Pts',(107.849568461477,81.8691270205507,57.8885733597048));
#5934=CARTESIAN_POINT('Ctrl Pts',(107.840931698065,81.866779353802,58.2587208279883));
#5935=CARTESIAN_POINT('Ctrl Pts',(107.923760828696,81.9711740770223,58.7685222634048));
#5936=CARTESIAN_POINT('Ctrl Pts',(108.102398370362,82.1585360405346,59.1962805873639));
#5937=CARTESIAN_POINT('Ctrl Pts',(108.162144184973,82.2193429889586,59.3151342668562));
#5938=CARTESIAN_POINT('Origin',(127.974126774793,83.7823188467921,60.8686014072302));
#5939=CARTESIAN_POINT('',(109.724126867582,82.2823188467921,60.8686014072302));
#5940=CARTESIAN_POINT('Origin',(109.724126867582,83.7823188467921,60.8686014072302));
#5941=CARTESIAN_POINT('',(111.724126867582,82.2823188467921,60.8686014072302));
#5942=CARTESIAN_POINT('',(127.974126774793,82.2823188467921,60.8686014072302));
#5943=CARTESIAN_POINT('',(114.724126867582,83.7823188467921,59.3686014072302));
#5944=CARTESIAN_POINT('Origin',(114.724126867582,83.7823188467921,60.8686014072302));
#5945=CARTESIAN_POINT('',(127.974126774793,83.7823188467921,59.3686014072302));
#5946=CARTESIAN_POINT('Origin',(109.724126867582,83.7823188467921,57.8686014072302));
#5947=CARTESIAN_POINT('Origin',(109.724126867582,82.2823188467921,57.8686014072302));
#5948=CARTESIAN_POINT('Origin',(126.724126774793,82.2823188467921,73.6402468704692));
#5949=CARTESIAN_POINT('',(112.501525959548,82.2823188467921,85.2606024720996));
#5950=CARTESIAN_POINT('',(132.653536910204,82.2823188467921,66.9912843785367));
#5951=CARTESIAN_POINT('',(111.724126867582,82.2823188467921,83.2456470870837));
#5952=CARTESIAN_POINT('Origin',(114.724126867582,82.2823188467921,83.2456470870838));
#5953=CARTESIAN_POINT('',(111.724126867582,82.2823188467921,78.4429469787764));
#5954=CARTESIAN_POINT('Ctrl Pts',(108.920800659703,83.782318846978,90.5314550497429));
#5955=CARTESIAN_POINT('Ctrl Pts',(108.852750110064,83.7528536581712,90.5931480063833));
#5956=CARTESIAN_POINT('Ctrl Pts',(108.784699615342,83.7233882382915,90.6548409132374));
#5957=CARTESIAN_POINT('Ctrl Pts',(108.716649175074,83.6939225892884,90.7165337707242));
#5958=CARTESIAN_POINT('Ctrl Pts',(108.996077893912,83.4655768885233,90.4632105583949));
#5959=CARTESIAN_POINT('Ctrl Pts',(108.927988751913,83.4362712816892,90.5249362907098));
#5960=CARTESIAN_POINT('Ctrl Pts',(108.859903326966,83.40696389919,90.5866652819069));
#5961=CARTESIAN_POINT('Ctrl Pts',(108.791814214963,83.3776581556319,90.6483909919908));
#5962=CARTESIAN_POINT('Ctrl Pts',(108.99417524834,83.1498474590521,90.3103162274725));
#5963=CARTESIAN_POINT('Ctrl Pts',(108.926129037126,83.120698547396,90.3721632841737));
#5964=CARTESIAN_POINT('Ctrl Pts',(108.858086479409,83.0915474254778,90.4340133277042));
#5965=CARTESIAN_POINT('Ctrl Pts',(108.790040243076,83.0623987117977,90.4958604711459));
#5966=CARTESIAN_POINT('Ctrl Pts',(108.915487571704,82.9006526726151,90.1045016293666));
#5967=CARTESIAN_POINT('Ctrl Pts',(108.847556499856,82.871562861223,90.1665032322717));
#5968=CARTESIAN_POINT('Ctrl Pts',(108.779625431756,82.8424733502218,90.2285049960815));
#5969=CARTESIAN_POINT('Ctrl Pts',(108.711694365689,82.8133841418486,90.2905069200186));
#5970=CARTESIAN_POINT('',(108.716649175074,83.6939225892884,90.7165337707242));
#5971=CARTESIAN_POINT('Origin',(107.709171482566,83.6939225892884,89.6052333167069));
#5972=CARTESIAN_POINT('Ctrl Pts',(108.716649175074,83.6939225892884,90.7165337707242));
#5973=CARTESIAN_POINT('Ctrl Pts',(108.784699615342,83.7233882382915,90.6548409132374));
#5974=CARTESIAN_POINT('Ctrl Pts',(108.852750110064,83.7528536581712,90.5931480063833));
#5975=CARTESIAN_POINT('Ctrl Pts',(108.920800659703,83.782318846978,90.5314550497429));
#5976=CARTESIAN_POINT('Ctrl Pts',(108.716649175074,83.6939225892884,90.7165337707241));
#5977=CARTESIAN_POINT('Ctrl Pts',(108.416981789267,83.434412320929,90.9882048613652));
#5978=CARTESIAN_POINT('Ctrl Pts',(108.224126867582,83.2709488394677,91.4030588677434));
#5979=CARTESIAN_POINT('Ctrl Pts',(108.224126867582,83.2769596727462,91.8278342247414));
#5980=CARTESIAN_POINT('Ctrl Pts',(108.800797581566,83.3398597409021,90.6402468925053));
#5981=CARTESIAN_POINT('Ctrl Pts',(108.456181590801,83.0965064038315,90.9104181161617));
#5982=CARTESIAN_POINT('Ctrl Pts',(108.22341979491,82.9398359954634,91.3653802842189));
#5983=CARTESIAN_POINT('Ctrl Pts',(108.224126867582,82.94391773559,91.8301905991473));
#5984=CARTESIAN_POINT('Ctrl Pts',(108.776862065494,82.7235101551811,90.3194648154709));
#5985=CARTESIAN_POINT('Ctrl Pts',(108.327886282403,82.5067215731655,90.6618488131154));
#5986=CARTESIAN_POINT('Ctrl Pts',(108.023310087685,82.3622598146469,91.2414263434394));
#5987=CARTESIAN_POINT('Ctrl Pts',(108.022367845561,82.3630712789879,91.834300266944));
#5988=CARTESIAN_POINT('Ctrl Pts',(108.468264238367,82.387793515269,89.8187208406224));
#5989=CARTESIAN_POINT('Ctrl Pts',(107.914637319539,82.1500076387323,90.3067994793105));
#5990=CARTESIAN_POINT('Ctrl Pts',(107.550672029272,81.9954299948925,91.0644221378715));
#5991=CARTESIAN_POINT('Ctrl Pts',(107.544889583322,81.9968579460826,91.8368913392039));
#5992=CARTESIAN_POINT('Ctrl Pts',(108.304507072012,82.3171238643516,89.6043350116095));
#5993=CARTESIAN_POINT('Ctrl Pts',(107.710268191889,82.0598127572113,90.1543154747773));
#5994=CARTESIAN_POINT('Ctrl Pts',(107.323178042855,81.8957718232005,90.9882333238321));
#5995=CARTESIAN_POINT('Ctrl Pts',(107.315320953743,81.8984117342376,91.8375878765107));
#5996=CARTESIAN_POINT('',(107.315320953743,81.8984117342375,91.8375878765107));
#5997=CARTESIAN_POINT('Ctrl Pts',(108.193269492768,82.2690003320734,89.7130756700205));
#5998=CARTESIAN_POINT('Ctrl Pts',(107.662387349756,82.0395461621419,90.2608593539946));
#5999=CARTESIAN_POINT('Ctrl Pts',(107.322676416476,81.8959403651369,91.0424593409333));
#6000=CARTESIAN_POINT('Ctrl Pts',(107.315320953743,81.8984117342376,91.8375878765107));
#6001=CARTESIAN_POINT('',(108.224126867582,83.2769596727462,91.8278342247414));
#6002=CARTESIAN_POINT('Origin',(106.724126867582,83.2769596727462,91.8278342247414));
#6003=CARTESIAN_POINT('Ctrl Pts',(108.224126867582,83.2769596727462,91.8278342247414));
#6004=CARTESIAN_POINT('Ctrl Pts',(108.224126867582,83.2709488394677,91.4030588677434));
#6005=CARTESIAN_POINT('Ctrl Pts',(108.416981789267,83.434412320929,90.9882048613652));
#6006=CARTESIAN_POINT('Ctrl Pts',(108.716649175074,83.6939225892884,90.7165337707241));
#6007=CARTESIAN_POINT('Ctrl Pts',(108.224126867582,83.2779363360137,92.0254620887743));
#6008=CARTESIAN_POINT('Ctrl Pts',(108.224126867582,83.2726976224096,92.8594338264458));
#6009=CARTESIAN_POINT('Ctrl Pts',(108.224126867582,83.2673023245215,93.6934045818781));
#6010=CARTESIAN_POINT('Ctrl Pts',(108.224126867582,83.2617363855895,94.5273741998389));
#6011=CARTESIAN_POINT('Ctrl Pts',(108.224126867582,82.9837295634485,92.0236139865519));
#6012=CARTESIAN_POINT('Ctrl Pts',(108.224110813354,82.9796868016899,92.8575563604005));
#6013=CARTESIAN_POINT('Ctrl Pts',(108.22414344411,82.9755189155432,93.6914968881847));
#6014=CARTESIAN_POINT('Ctrl Pts',(108.224126867582,82.9712365016161,94.5254353946605));
#6015=CARTESIAN_POINT('Ctrl Pts',(108.045645141945,82.3961347333301,92.0199229249833));
#6016=CARTESIAN_POINT('Ctrl Pts',(108.047141649825,82.3944514722522,92.8538065636948));
#6017=CARTESIAN_POINT('Ctrl Pts',(108.048662342746,82.3927520386594,93.6876866393804));
#6018=CARTESIAN_POINT('Ctrl Pts',(108.050245968057,82.3910036737149,94.5215629028852));
#6019=CARTESIAN_POINT('Ctrl Pts',(107.57155597245,82.0057881159804,92.0174709064768));
#6020=CARTESIAN_POINT('Ctrl Pts',(107.576517440905,82.0041505778191,92.8513057923546));
#6021=CARTESIAN_POINT('Ctrl Pts',(107.581645729767,82.0024604096945,93.6851352301875));
#6022=CARTESIAN_POINT('Ctrl Pts',(107.586921126421,82.0008203734612,94.5189588075144));
#6023=CARTESIAN_POINT('Ctrl Pts',(107.299879598535,81.8928612141343,92.0167615398757));
#6024=CARTESIAN_POINT('Ctrl Pts',(107.306485986262,81.8903696477737,92.8505770198435));
#6025=CARTESIAN_POINT('Ctrl Pts',(107.313302937602,81.8878643112591,93.6843860669947));
#6026=CARTESIAN_POINT('Ctrl Pts',(107.320349574927,81.8853519552573,94.5181881677327));
#6027=CARTESIAN_POINT('',(108.224126867582,83.2779363360137,92.0254620887743));
#6028=CARTESIAN_POINT('',(107.299879598535,81.8928612141342,92.0167615398758));
#6029=CARTESIAN_POINT('Origin',(106.724126867582,83.2779363360137,92.0254620887743));
#6030=CARTESIAN_POINT('',(107.320349574927,81.8853519552573,94.5181881677327));
#6031=CARTESIAN_POINT('Ctrl Pts',(107.299879598535,81.8928612141343,92.0167615398757));
#6032=CARTESIAN_POINT('Ctrl Pts',(107.306485986262,81.8903696477737,92.8505770198435));
#6033=CARTESIAN_POINT('Ctrl Pts',(107.313302937602,81.8878643112591,93.6843860669947));
#6034=CARTESIAN_POINT('Ctrl Pts',(107.320349574927,81.8853519552573,94.5181881677327));
#6035=CARTESIAN_POINT('',(108.224126867582,83.2617363855895,94.5273741998553));
#6036=CARTESIAN_POINT('Origin',(106.724126867582,83.2617363855895,94.5273741998389));
#6037=CARTESIAN_POINT('Ctrl Pts',(108.224126867582,83.2617363855895,94.5273741998389));
#6038=CARTESIAN_POINT('Ctrl Pts',(108.224126867582,83.2673023245215,93.6934045818781));
#6039=CARTESIAN_POINT('Ctrl Pts',(108.224126867582,83.2726976224096,92.8594338264458));
#6040=CARTESIAN_POINT('Ctrl Pts',(108.224126867582,83.2779363360137,92.0254620887743));
#6041=CARTESIAN_POINT('Ctrl Pts',(108.224126867582,83.2617363855895,94.5273741998553));
#6042=CARTESIAN_POINT('Ctrl Pts',(108.22412686758,83.258636783548,94.7595878443227));
#6043=CARTESIAN_POINT('Ctrl Pts',(108.27961328063,83.3034670936287,94.9914040255365));
#6044=CARTESIAN_POINT('Ctrl Pts',(108.381122525925,83.3925153179688,95.1954605253479));
#6045=CARTESIAN_POINT('Ctrl Pts',(108.224126867582,82.9712365016161,94.5254353946755));
#6046=CARTESIAN_POINT('Ctrl Pts',(108.223813993305,82.9689805760246,94.7769795366115));
#6047=CARTESIAN_POINT('Ctrl Pts',(108.288553010595,83.0130536095298,95.0291165720938));
#6048=CARTESIAN_POINT('Ctrl Pts',(108.406620937603,83.0994659344007,95.246718089353));
#6049=CARTESIAN_POINT('Ctrl Pts',(108.050245859902,82.3910037447298,94.5215629033695));
#6050=CARTESIAN_POINT('Ctrl Pts',(108.050547974855,82.3904107909967,94.8390801305727));
#6051=CARTESIAN_POINT('Ctrl Pts',(108.136511017518,82.4329344898457,95.1572097980228));
#6052=CARTESIAN_POINT('Ctrl Pts',(108.292801430267,82.5142343584208,95.4310329661567));
#6053=CARTESIAN_POINT('Ctrl Pts',(107.586921126421,82.0008203734612,94.5189588075178));
#6054=CARTESIAN_POINT('Ctrl Pts',(107.589619956354,82.0001344430337,94.934270254645));
#6055=CARTESIAN_POINT('Ctrl Pts',(107.696679806143,82.0450281594326,95.3501600295684));
#6056=CARTESIAN_POINT('Ctrl Pts',(107.890192878327,82.131155732208,95.7148990818326));
#6057=CARTESIAN_POINT('Ctrl Pts',(107.320349574927,81.8853519552573,94.5181881677327));
#6058=CARTESIAN_POINT('Ctrl Pts',(107.324273759446,81.8839528555017,94.9825221684124));
#6059=CARTESIAN_POINT('Ctrl Pts',(107.440977258143,81.9312766333407,95.447174390334));
#6060=CARTESIAN_POINT('Ctrl Pts',(107.650947949425,82.023427254088,95.8574188596589));
#6061=CARTESIAN_POINT('',(107.650947949425,82.023427254088,95.8574188596589));
#6062=CARTESIAN_POINT('',(108.381122525925,83.3925153179688,95.1954605253479));
#6063=CARTESIAN_POINT('Origin',(107.038118184267,83.3925153179688,95.8635468508242));
#6064=CARTESIAN_POINT('Ctrl Pts',(108.381122525925,83.3925153179688,95.1954605253479));
#6065=CARTESIAN_POINT('Ctrl Pts',(108.27961328063,83.3034670936287,94.9914040255365));
#6066=CARTESIAN_POINT('Ctrl Pts',(108.22412686758,83.258636783548,94.7595878443227));
#6067=CARTESIAN_POINT('Ctrl Pts',(108.224126867582,83.2617363855895,94.5273741998553));
#6068=CARTESIAN_POINT('Ctrl Pts',(107.320349574927,81.8853519552573,94.5181881677327));
#6069=CARTESIAN_POINT('Ctrl Pts',(107.324273759446,81.8839528555017,94.9825221684124));
#6070=CARTESIAN_POINT('Ctrl Pts',(107.440977258143,81.9312766333407,95.447174390334));
#6071=CARTESIAN_POINT('Ctrl Pts',(107.650947949425,82.023427254088,95.8574188596589));
#6072=CARTESIAN_POINT('Ctrl Pts',(110.73160456009,81.3137977093269,95.6386746538891));
#6073=CARTESIAN_POINT('Ctrl Pts',(110.730003353374,81.3144290753545,95.6401262685647));
#6074=CARTESIAN_POINT('Ctrl Pts',(110.728401247721,81.3150603382749,95.641576366607));
#6075=CARTESIAN_POINT('Ctrl Pts',(110.522197756062,81.3962592332162,95.8279627220279));
#6076=CARTESIAN_POINT('Ctrl Pts',(110.070928873381,81.5595841804341,96.1626071544339));
#6077=CARTESIAN_POINT('Ctrl Pts',(109.33650593166,81.7834266141635,96.4933916002596));
#6078=CARTESIAN_POINT('Ctrl Pts',(108.594131857766,81.9654702966992,96.6023883015216));
#6079=CARTESIAN_POINT('Ctrl Pts',(107.955188761041,82.0652382961966,96.4061266535342));
#6080=CARTESIAN_POINT('Ctrl Pts',(107.712012478403,82.0498564419905,96.0594875677966));
#6081=CARTESIAN_POINT('Ctrl Pts',(107.650947949425,82.023427254088,95.8574188596589));
#6082=CARTESIAN_POINT('Ctrl Pts',(110.73160456009,81.313797709327,95.6386746538891));
#6083=CARTESIAN_POINT('Ctrl Pts',(110.730220826718,81.3148396305248,95.6399330219862));
#6084=CARTESIAN_POINT('Ctrl Pts',(110.728832476596,81.3158674370339,95.6411793095935));
#6085=CARTESIAN_POINT('Ctrl Pts',(110.550578951519,81.4495736229261,95.8026036299444));
#6086=CARTESIAN_POINT('Ctrl Pts',(110.137260352495,81.7169798473313,96.0657196189999));
#6087=CARTESIAN_POINT('Ctrl Pts',(109.446800100675,82.039906253915,96.2323368238072));
#6088=CARTESIAN_POINT('Ctrl Pts',(108.802098916735,82.219940528591,96.1642295323946));
#6089=CARTESIAN_POINT('Ctrl Pts',(108.359244198965,82.253942079791,95.9357968628541));
#6090=CARTESIAN_POINT('Ctrl Pts',(108.198003276493,82.2486587288316,95.7167724748031));
#6091=CARTESIAN_POINT('Ctrl Pts',(108.12943780723,82.2388842103281,95.5723793040062));
#6092=CARTESIAN_POINT('Ctrl Pts',(110.73160456009,81.313797709327,95.6386746538891));
#6093=CARTESIAN_POINT('Ctrl Pts',(110.730434895725,81.3152409560061,95.6397389522835));
#6094=CARTESIAN_POINT('Ctrl Pts',(110.729268158401,81.3166842316183,95.6407843311718));
#6095=CARTESIAN_POINT('Ctrl Pts',(110.57872198133,81.5023348755514,95.7770898504507));
#6096=CARTESIAN_POINT('Ctrl Pts',(110.221814465578,81.8755028411043,95.9890649371517));
#6097=CARTESIAN_POINT('Ctrl Pts',(109.619822289162,82.3643074204504,96.075479158016));
#6098=CARTESIAN_POINT('Ctrl Pts',(109.067086549702,82.7167888850467,95.9239982537718));
#6099=CARTESIAN_POINT('Ctrl Pts',(108.688692343418,82.8716673719928,95.6371272679889));
#6100=CARTESIAN_POINT('Ctrl Pts',(108.51717801631,82.8471189536267,95.4274164962166));
#6101=CARTESIAN_POINT('Ctrl Pts',(108.432119349281,82.8064165508325,95.297975653358));
#6102=CARTESIAN_POINT('Ctrl Pts',(110.73160456009,81.313797709327,95.6386746538891));
#6103=CARTESIAN_POINT('Ctrl Pts',(110.730653041545,81.3156470780342,95.6395372772278));
#6104=CARTESIAN_POINT('Ctrl Pts',(110.729700517851,81.3174961449927,95.6403984802244));
#6105=CARTESIAN_POINT('Ctrl Pts',(110.607052272129,81.5553403260882,95.7510357022127));
#6106=CARTESIAN_POINT('Ctrl Pts',(110.323844091369,82.0337527963762,95.9333204306706));
#6107=CARTESIAN_POINT('Ctrl Pts',(109.819743731301,82.6894555456064,96.055300081845));
#6108=CARTESIAN_POINT('Ctrl Pts',(109.264675865134,83.2227328951272,95.9944895763617));
#6109=CARTESIAN_POINT('Ctrl Pts',(108.728381806351,83.5149988553026,95.7051688321499));
#6110=CARTESIAN_POINT('Ctrl Pts',(108.469379590021,83.4699381657152,95.3728771491345));
#6111=CARTESIAN_POINT('Ctrl Pts',(108.381122525925,83.3925153179688,95.195460525348));
#6112=CARTESIAN_POINT('',(110.73160456009,81.313797709327,95.6386746538889));
#6113=CARTESIAN_POINT('Ctrl Pts',(107.650947949425,82.023427254088,95.8574188596589));
#6114=CARTESIAN_POINT('Ctrl Pts',(107.712012478403,82.0498564419905,96.0594875677966));
#6115=CARTESIAN_POINT('Ctrl Pts',(107.955188761041,82.0652382961966,96.4061266535342));
#6116=CARTESIAN_POINT('Ctrl Pts',(108.594131857766,81.9654702966992,96.6023883015216));
#6117=CARTESIAN_POINT('Ctrl Pts',(109.33650593166,81.7834266141635,96.4933916002596));
#6118=CARTESIAN_POINT('Ctrl Pts',(110.070928873381,81.5595841804341,96.1626071544339));
#6119=CARTESIAN_POINT('Ctrl Pts',(110.522197756062,81.3962592332162,95.8279627220279));
#6120=CARTESIAN_POINT('Ctrl Pts',(110.728401247721,81.3150603382749,95.641576366607));
#6121=CARTESIAN_POINT('Ctrl Pts',(110.730003353374,81.3144290753545,95.6401262685647));
#6122=CARTESIAN_POINT('Ctrl Pts',(110.73160456009,81.3137977093269,95.6386746538891));
#6123=CARTESIAN_POINT('Ctrl Pts',(110.73160456009,81.313797709327,95.6386746538891));
#6124=CARTESIAN_POINT('Ctrl Pts',(110.730653041545,81.3156470780342,95.6395372772278));
#6125=CARTESIAN_POINT('Ctrl Pts',(110.729700517851,81.3174961449927,95.6403984802244));
#6126=CARTESIAN_POINT('Ctrl Pts',(110.607052272129,81.5553403260882,95.7510357022127));
#6127=CARTESIAN_POINT('Ctrl Pts',(110.323844091369,82.0337527963762,95.9333204306706));
#6128=CARTESIAN_POINT('Ctrl Pts',(109.819743731301,82.6894555456064,96.055300081845));
#6129=CARTESIAN_POINT('Ctrl Pts',(109.264675865134,83.2227328951272,95.9944895763617));
#6130=CARTESIAN_POINT('Ctrl Pts',(108.728381806351,83.5149988553026,95.7051688321499));
#6131=CARTESIAN_POINT('Ctrl Pts',(108.469379590021,83.4699381657152,95.3728771491345));
#6132=CARTESIAN_POINT('Ctrl Pts',(108.381122525925,83.3925153179688,95.195460525348));
#6133=CARTESIAN_POINT('Ctrl Pts',(108.224126867582,83.2779131835764,91.9628417740269));
#6134=CARTESIAN_POINT('Ctrl Pts',(108.224126867582,83.2780603389511,91.9837148495587));
#6135=CARTESIAN_POINT('Ctrl Pts',(108.224126867582,83.2780674539159,92.0045889063391));
#6136=CARTESIAN_POINT('Ctrl Pts',(108.224126867582,83.2779363360137,92.0254620887739));
#6137=CARTESIAN_POINT('Ctrl Pts',(108.224126867582,82.9862754835753,91.9648978224975));
#6138=CARTESIAN_POINT('Ctrl Pts',(108.224138075341,82.9855560831682,91.98447180395));
#6139=CARTESIAN_POINT('Ctrl Pts',(108.224115333677,82.9847115634915,92.0040458608225));
#6140=CARTESIAN_POINT('Ctrl Pts',(108.224126867582,82.9837295634485,92.0236139865514));
#6141=CARTESIAN_POINT('Ctrl Pts',(108.048839766083,82.4037824438437,91.9690044037917));
#6142=CARTESIAN_POINT('Ctrl Pts',(108.047777130887,82.4013523854727,91.9859867326055));
#6143=CARTESIAN_POINT('Ctrl Pts',(108.04672058158,82.3987950640868,92.0029578555665));
#6144=CARTESIAN_POINT('Ctrl Pts',(108.045645439323,82.3961345349002,92.0199229237363));
#6145=CARTESIAN_POINT('Ctrl Pts',(107.582216221184,82.0135319202589,91.9717556735766));
#6146=CARTESIAN_POINT('Ctrl Pts',(107.578681513721,82.0110295036867,91.9869880940884));
#6147=CARTESIAN_POINT('Ctrl Pts',(107.575120460459,82.0084704158577,92.0022343972064));
#6148=CARTESIAN_POINT('Ctrl Pts',(107.57155597245,82.0057881159804,92.0174709064763));
#6149=CARTESIAN_POINT('Ctrl Pts',(107.314074702541,81.8988312337869,91.9725643144725));
#6150=CARTESIAN_POINT('Ctrl Pts',(107.309357757501,81.8969171726556,91.9872831380176));
#6151=CARTESIAN_POINT('Ctrl Pts',(107.304625852602,81.8949267791234,92.0020160405115));
#6152=CARTESIAN_POINT('Ctrl Pts',(107.299879598535,81.8928612141343,92.0167615398752));
#6153=CARTESIAN_POINT('',(108.224126867582,83.2779131835764,91.9628417740269));
#6154=CARTESIAN_POINT('Ctrl Pts',(108.224126867582,83.2779363360137,92.0254620887739));
#6155=CARTESIAN_POINT('Ctrl Pts',(108.224126867582,83.2780674539159,92.0045889063391));
#6156=CARTESIAN_POINT('Ctrl Pts',(108.224126867582,83.2780603389511,91.9837148495587));
#6157=CARTESIAN_POINT('Ctrl Pts',(108.224126867582,83.2779131835764,91.9628417740269));
#6158=CARTESIAN_POINT('',(107.314074702541,81.8988312337873,91.9725643144724));
#6159=CARTESIAN_POINT('Origin',(106.724126867582,83.2779131835764,91.9628417740269));
#6160=CARTESIAN_POINT('Ctrl Pts',(107.314074702541,81.8988312337869,91.9725643144725));
#6161=CARTESIAN_POINT('Ctrl Pts',(107.309357757501,81.8969171726556,91.9872831380176));
#6162=CARTESIAN_POINT('Ctrl Pts',(107.304625852602,81.8949267791234,92.0020160405115));
#6163=CARTESIAN_POINT('Ctrl Pts',(107.299879598535,81.8928612141343,92.0167615398752));
#6164=CARTESIAN_POINT('Ctrl Pts',(108.224126867582,83.2769596727462,91.8278342247414));
#6165=CARTESIAN_POINT('Ctrl Pts',(108.224126867582,83.2772780793989,91.8728367371442));
#6166=CARTESIAN_POINT('Ctrl Pts',(108.224126867582,83.2775959153929,91.9178392535847));
#6167=CARTESIAN_POINT('Ctrl Pts',(108.224126867582,83.2779131835765,91.9628417740281));
#6168=CARTESIAN_POINT('Ctrl Pts',(108.224126867582,82.9855479777345,91.8298960523466));
#6169=CARTESIAN_POINT('Ctrl Pts',(108.224127854555,82.9857906883734,91.8748966354039));
#6170=CARTESIAN_POINT('Ctrl Pts',(108.224125882398,82.9860335958314,91.9198972251433));
#6171=CARTESIAN_POINT('Ctrl Pts',(108.224126867582,82.9862754835754,91.9648978224987));
#6172=CARTESIAN_POINT('Ctrl Pts',(108.049119385035,82.403503824931,91.8340141942133));
#6173=CARTESIAN_POINT('Ctrl Pts',(108.049025666996,82.4035971151202,91.8790109172313));
#6174=CARTESIAN_POINT('Ctrl Pts',(108.048933181118,82.4036893424863,91.9240076539455));
#6175=CARTESIAN_POINT('Ctrl Pts',(108.048839773413,82.4037824390071,91.9690044038269));
#6176=CARTESIAN_POINT('Ctrl Pts',(107.583151021585,82.0132656480567,91.8367752496528));
#6177=CARTESIAN_POINT('Ctrl Pts',(107.582839191235,82.013353404498,91.8817687036707));
#6178=CARTESIAN_POINT('Ctrl Pts',(107.582526928861,82.013444122674,91.926762178116));
#6179=CARTESIAN_POINT('Ctrl Pts',(107.582216221184,82.0135319202591,91.9717556735777));
#6180=CARTESIAN_POINT('Ctrl Pts',(107.315320953743,81.8984117342375,91.8375878765107));
#6181=CARTESIAN_POINT('Ctrl Pts',(107.314904746982,81.898551575953,91.8825799978303));
#6182=CARTESIAN_POINT('Ctrl Pts',(107.314489331207,81.8986914096709,91.9275721438519));
#6183=CARTESIAN_POINT('Ctrl Pts',(107.314074702541,81.8988312337871,91.9725643144736));
#6184=CARTESIAN_POINT('Ctrl Pts',(108.224126867582,83.2779131835765,91.9628417740281));
#6185=CARTESIAN_POINT('Ctrl Pts',(108.224126867582,83.2775959153929,91.9178392535847));
#6186=CARTESIAN_POINT('Ctrl Pts',(108.224126867582,83.2772780793989,91.8728367371442));
#6187=CARTESIAN_POINT('Ctrl Pts',(108.224126867582,83.2769596727462,91.8278342247414));
#6188=CARTESIAN_POINT('Ctrl Pts',(107.315320953743,81.8984117342375,91.8375878765107));
#6189=CARTESIAN_POINT('Ctrl Pts',(107.314904746982,81.898551575953,91.8825799978303));
#6190=CARTESIAN_POINT('Ctrl Pts',(107.314489331207,81.8986914096709,91.9275721438519));
#6191=CARTESIAN_POINT('Ctrl Pts',(107.314074702541,81.8988312337871,91.9725643144736));
#6192=CARTESIAN_POINT('Origin',(109.724126867582,77.2823188467921,91.8278342247414));
#6193=CARTESIAN_POINT('',(108.224126867582,108.782318846792,91.8278342247414));
#6194=CARTESIAN_POINT('',(108.224126867582,77.2823188467921,91.8278342247414));
#6195=CARTESIAN_POINT('',(108.716649175074,108.782318846792,90.7165337707241));
#6196=CARTESIAN_POINT('Origin',(109.724126867582,108.782318846792,91.8278342247414));
#6197=CARTESIAN_POINT('',(108.716649175074,77.2823188467921,90.7165337707241));
#6198=CARTESIAN_POINT('Origin',(108.224126867582,77.2823188467921,49.3686014072302));
#6199=CARTESIAN_POINT('',(108.224126867582,113.782318846792,94.5273741998717));
#6200=CARTESIAN_POINT('',(108.224126867582,77.2823188467921,94.5273741998717));
#6201=CARTESIAN_POINT('',(108.224126867582,113.782318846792,50.8686014072302));
#6202=CARTESIAN_POINT('',(108.224126867582,113.782318846792,51.8686014072302));
#6203=CARTESIAN_POINT('',(108.224126867582,111.782318846792,50.8686014072302));
#6204=CARTESIAN_POINT('',(108.224126867582,96.2823188467921,50.8686014072302));
#6205=CARTESIAN_POINT('',(108.224126867582,111.782318846792,52.8686014072302));
#6206=CARTESIAN_POINT('',(108.224126867582,111.782318846792,61.5044241388497));
#6207=CARTESIAN_POINT('',(108.224126867582,108.782318846792,55.8686014072302));
#6208=CARTESIAN_POINT('Origin',(108.224126867582,108.782318846792,52.8686014072302));
#6209=CARTESIAN_POINT('',(108.224126867582,83.7823188467921,55.8686014072302));
#6210=CARTESIAN_POINT('',(108.224126867582,86.7823188467921,55.8686014072302));
#6211=CARTESIAN_POINT('',(108.224126867582,82.8155328711199,55.7085529697121));
#6212=CARTESIAN_POINT('Origin',(108.224126867582,83.7823188467921,52.8686014072302));
#6213=CARTESIAN_POINT('Ctrl Pts',(108.224126867582,82.8605816790434,57.8686014072302));
#6214=CARTESIAN_POINT('Ctrl Pts',(108.224126867582,82.8460773960209,57.1485747103409));
#6215=CARTESIAN_POINT('Ctrl Pts',(108.224126867582,82.8310679107485,56.4285581741004));
#6216=CARTESIAN_POINT('Ctrl Pts',(108.224126867582,82.8155328711199,55.7085529697121));
#6217=CARTESIAN_POINT('',(108.224126867582,108.782318846792,57.8686014072302));
#6218=CARTESIAN_POINT('',(108.224126867582,86.7823188467921,57.8686014072302));
#6219=CARTESIAN_POINT('',(108.224126867582,111.782318846792,60.8686014072302));
#6220=CARTESIAN_POINT('Origin',(108.224126867582,108.782318846792,60.8686014072302));
#6221=CARTESIAN_POINT('',(108.224126867582,111.782318846792,87.7785242620458));
#6222=CARTESIAN_POINT('',(108.224126867582,111.782318846792,61.5044241388497));
#6223=CARTESIAN_POINT('Origin',(108.224126867582,108.782318846792,87.7785242620458));
#6224=CARTESIAN_POINT('Origin',(109.724126867582,77.2823188467921,94.5273741998717));
#6225=CARTESIAN_POINT('',(110.73160456009,113.782318846792,95.6386746538889));
#6226=CARTESIAN_POINT('',(110.73160456009,77.2823188467921,95.6386746538889));
#6227=CARTESIAN_POINT('Origin',(109.724126867582,113.782318846792,94.5273741998717));
#6228=CARTESIAN_POINT('Ctrl Pts',(109.099904539865,82.67771106195,94.5180547516217));
#6229=CARTESIAN_POINT('Ctrl Pts',(100.964328379265,79.0056796507914,102.03734274921));
#6230=CARTESIAN_POINT('Ctrl Pts',(92.8422888762837,75.3118941310429,109.561063320573));
#6231=CARTESIAN_POINT('Ctrl Pts',(84.7308310797086,71.5885716180502,117.081766028876));
#6232=CARTESIAN_POINT('Ctrl Pts',(109.253183488591,82.7492609846027,94.7227613683807));
#6233=CARTESIAN_POINT('Ctrl Pts',(101.119677751897,79.0564224469251,102.234060199611));
#6234=CARTESIAN_POINT('Ctrl Pts',(92.9974908379391,75.3419075130397,109.747311798491));
#6235=CARTESIAN_POINT('Ctrl Pts',(84.8834552988253,71.5998418990378,117.255777206057));
#6236=CARTESIAN_POINT('Ctrl Pts',(109.619027678023,82.7606367434289,95.1319717354404));
#6237=CARTESIAN_POINT('Ctrl Pts',(101.47861934849,79.0342709432666,102.618973896324));
#6238=CARTESIAN_POINT('Ctrl Pts',(93.3459953946263,75.2877810143131,110.104672827525));
#6239=CARTESIAN_POINT('Ctrl Pts',(85.217847192448,71.5187231076187,117.583899933551));
#6240=CARTESIAN_POINT('Ctrl Pts',(110.29512627696,82.3165141586591,95.656570227576));
#6241=CARTESIAN_POINT('Ctrl Pts',(102.121142818036,78.5753593414434,103.098622944635));
#6242=CARTESIAN_POINT('Ctrl Pts',(93.9511303146931,74.8184273360607,110.537202267114));
#6243=CARTESIAN_POINT('Ctrl Pts',(85.7844478230009,71.0450566949287,117.971066573081));
#6244=CARTESIAN_POINT('Ctrl Pts',(110.637993080545,81.6915563425901,95.7235405216778));
#6245=CARTESIAN_POINT('Ctrl Pts',(102.442259881668,77.9746061887806,103.15288348228));
#6246=CARTESIAN_POINT('Ctrl Pts',(94.2507818566363,74.2443844735066,110.580310497743));
#6247=CARTESIAN_POINT('Ctrl Pts',(86.0623722758667,70.4984678023768,118.003194642888));
#6248=CARTESIAN_POINT('Ctrl Pts',(110.731604560091,81.3137977093272,95.6386746538885));
#6249=CARTESIAN_POINT('Ctrl Pts',(102.532658518575,77.6121739526191,103.071637727955));
#6250=CARTESIAN_POINT('Ctrl Pts',(94.3368169096406,73.8980181430719,110.501786399704));
#6251=CARTESIAN_POINT('Ctrl Pts',(86.1446647885849,70.1690903317943,117.928590272374));
#6252=CARTESIAN_POINT('',(84.7308310797086,71.5885716180502,117.081766028876));
#6253=CARTESIAN_POINT('Ctrl Pts',(107.650952721955,82.0234236720117,95.8574222715656));
#6254=CARTESIAN_POINT('Ctrl Pts',(99.9999101949452,78.5669551916397,102.930739927776));
#6255=CARTESIAN_POINT('Ctrl Pts',(92.3606893981265,75.0908302699913,110.007588050224));
#6256=CARTESIAN_POINT('Ctrl Pts',(84.7308310797086,71.5885716180502,117.081766028876));
#6257=CARTESIAN_POINT('',(86.1446647885849,70.1690903317943,117.928590272374));
#6258=CARTESIAN_POINT('Origin',(85.1371870960769,70.1690903317943,116.817289818357));
#6259=CARTESIAN_POINT('Ctrl Pts',(86.1446647885849,70.1690903317943,117.928590272374));
#6260=CARTESIAN_POINT('Ctrl Pts',(94.3368169096406,73.8980181430719,110.501786399704));
#6261=CARTESIAN_POINT('Ctrl Pts',(102.532658518575,77.6121739526191,103.071637727955));
#6262=CARTESIAN_POINT('Ctrl Pts',(110.731604560091,81.3137977093272,95.6386746538885));
#6263=CARTESIAN_POINT('Ctrl Pts',(107.675536577916,82.023427254088,98.316404686772));
#6264=CARTESIAN_POINT('Ctrl Pts',(98.9112599490691,77.8873760368436,106.261882583962));
#6265=CARTESIAN_POINT('Ctrl Pts',(90.1469833202218,73.7513248195992,114.207360481153));
#6266=CARTESIAN_POINT('Ctrl Pts',(81.3827066913744,69.6152736023548,122.152838378343));
#6267=CARTESIAN_POINT('Ctrl Pts',(107.653602508692,82.023427254088,96.1228880629857));
#6268=CARTESIAN_POINT('Ctrl Pts',(98.538907263443,77.8873760368436,104.38604686977));
#6269=CARTESIAN_POINT('Ctrl Pts',(89.4242120181938,73.7513248195992,112.649205676555));
#6270=CARTESIAN_POINT('Ctrl Pts',(80.3095167729445,69.6152736023548,120.912364483339));
#6271=CARTESIAN_POINT('Ctrl Pts',(107.631668439468,82.023427254088,93.9293714391994));
#6272=CARTESIAN_POINT('Ctrl Pts',(98.166554577817,77.8873760368436,102.510211155578));
#6273=CARTESIAN_POINT('Ctrl Pts',(88.7014407161658,73.7513248195992,111.091050871956));
#6274=CARTESIAN_POINT('Ctrl Pts',(79.2363268545146,69.6152736023548,119.671890588335));
#6275=CARTESIAN_POINT('Ctrl Pts',(107.609734370244,82.023427254088,91.7358548154131));
#6276=CARTESIAN_POINT('Ctrl Pts',(97.794201892191,77.8873760368436,100.634375441386));
#6277=CARTESIAN_POINT('Ctrl Pts',(87.9786694141379,73.7513248195992,109.532896067358));
#6278=CARTESIAN_POINT('Ctrl Pts',(78.1631369360848,69.6152736023548,118.431416693331));
#6279=CARTESIAN_POINT('',(79.3001226608719,69.9813063417851,117.970537616551));
#6280=CARTESIAN_POINT('Ctrl Pts',(79.3001226800668,69.9813063386964,117.970537636161));
#6281=CARTESIAN_POINT('Ctrl Pts',(88.6118713409673,73.9851148892977,109.310800959371));
#6282=CARTESIAN_POINT('Ctrl Pts',(97.9459522590333,77.9503083756215,100.657870757469));
#6283=CARTESIAN_POINT('Ctrl Pts',(107.299879599623,81.8928612143069,92.0167615412579));
#6284=CARTESIAN_POINT('',(78.7867104083428,69.6152736023548,119.152189969961));
#6285=CARTESIAN_POINT('Ctrl Pts',(78.7867104083428,69.6152736023548,119.152189969961));
#6286=CARTESIAN_POINT('Ctrl Pts',(78.9576475363132,69.7386179618391,118.758581725743));
#6287=CARTESIAN_POINT('Ctrl Pts',(79.1287888923234,69.8606161219836,118.364691414719));
#6288=CARTESIAN_POINT('Ctrl Pts',(79.3001226599401,69.9813063466022,117.970537617566));
#6289=CARTESIAN_POINT('',(81.42171548332,69.63368269283,122.117473965816));
#6290=CARTESIAN_POINT('Ctrl Pts',(81.42171548332,69.63368269283,122.117473965816));
#6291=CARTESIAN_POINT('Ctrl Pts',(80.544210828151,69.6273270857026,121.128370327402));
#6292=CARTESIAN_POINT('Ctrl Pts',(79.6658170637945,69.6211859701184,120.139989768117));
#6293=CARTESIAN_POINT('Ctrl Pts',(78.7867104083428,69.6152736023548,119.152189969961));
#6294=CARTESIAN_POINT('',(82.8208899939628,70.578901959791,119.501304148359));
#6295=CARTESIAN_POINT('Ctrl Pts',(82.8208899939628,70.578901959791,119.501304148359));
#6296=CARTESIAN_POINT('Ctrl Pts',(82.2528768480034,70.2566017678152,120.309941768302));
#6297=CARTESIAN_POINT('Ctrl Pts',(81.7286495539588,69.9326681016758,121.164607551847));
#6298=CARTESIAN_POINT('Ctrl Pts',(81.4217154833201,69.63368269283,122.117473965816));
#6299=CARTESIAN_POINT('',(83.568210004964,70.9857143329542,118.509974826787));
#6300=CARTESIAN_POINT('Ctrl Pts',(83.568210004964,70.9857143329542,118.509974826787));
#6301=CARTESIAN_POINT('Ctrl Pts',(83.309153899855,70.8497051586899,118.832239929653));
#6302=CARTESIAN_POINT('Ctrl Pts',(83.0590548404452,70.7140406908032,119.162246758607));
#6303=CARTESIAN_POINT('Ctrl Pts',(82.8208899939628,70.578901959791,119.501304148359));
#6304=CARTESIAN_POINT('Ctrl Pts',(84.7308310797086,71.5885716180502,117.081766028876));
#6305=CARTESIAN_POINT('Ctrl Pts',(84.5386953341923,71.5003774407799,117.259908584493));
#6306=CARTESIAN_POINT('Ctrl Pts',(84.1314144806552,71.2977313860862,117.721459537709));
#6307=CARTESIAN_POINT('Ctrl Pts',(83.7882197203844,71.1012234413455,118.236283328408));
#6308=CARTESIAN_POINT('Ctrl Pts',(83.5682100049639,70.9857143329542,118.509974826787));
#6309=CARTESIAN_POINT('Ctrl Pts',(100.902814148641,69.2823188467931,65.9216691919109));
#6310=CARTESIAN_POINT('Ctrl Pts',(100.894345893588,69.281959244675,65.9408154304754));
#6311=CARTESIAN_POINT('Ctrl Pts',(100.885877634457,69.2816000709584,65.9599616782566));
#6312=CARTESIAN_POINT('Ctrl Pts',(97.8557649006438,69.1526956816914,72.8108726287336));
#6313=CARTESIAN_POINT('Ctrl Pts',(93.3232775122267,68.9615180640541,83.0585664309108));
#6314=CARTESIAN_POINT('Ctrl Pts',(85.7686868328014,68.7161206478551,100.139062293157));
#6315=CARTESIAN_POINT('Ctrl Pts',(81.2357332522545,68.6088320208096,110.387810128978));
#6316=CARTESIAN_POINT('Ctrl Pts',(78.2137359702746,68.5495524890614,117.220372508718));
#6317=CARTESIAN_POINT('Ctrl Pts',(100.902814148641,69.2823188467931,65.9216691919109));
#6318=CARTESIAN_POINT('Ctrl Pts',(100.894344041161,69.2822100387884,65.9408196187061));
#6319=CARTESIAN_POINT('Ctrl Pts',(100.885874389082,69.2820859088649,65.9599690158642));
#6320=CARTESIAN_POINT('Ctrl Pts',(97.8551054561684,69.2426612656598,72.8123635948378));
#6321=CARTESIAN_POINT('Ctrl Pts',(93.3218347434764,69.1804844553956,83.0618284482345));
#6322=CARTESIAN_POINT('Ctrl Pts',(85.7669703566212,69.0862271325825,100.142943147267));
#6323=CARTESIAN_POINT('Ctrl Pts',(81.2341613966401,69.037664991004,110.391364004292));
#6324=CARTESIAN_POINT('Ctrl Pts',(78.212259164824,69.0096883591441,117.223711481068));
#6325=CARTESIAN_POINT('Ctrl Pts',(100.902814148641,69.2823188467931,65.9216691919109));
#6326=CARTESIAN_POINT('Ctrl Pts',(100.894347319408,69.2824361803563,65.940824664808));
#6327=CARTESIAN_POINT('Ctrl Pts',(100.885865817676,69.2825982559939,65.9599755180999));
#6328=CARTESIAN_POINT('Ctrl Pts',(97.8562263632806,69.3263853883943,72.8142801512651));
#6329=CARTESIAN_POINT('Ctrl Pts',(93.3559802972041,69.4014341667477,83.080941437443));
#6330=CARTESIAN_POINT('Ctrl Pts',(85.891171329789,69.453732588934,100.202414712157));
#6331=CARTESIAN_POINT('Ctrl Pts',(81.4086271533197,69.4633050270874,110.472779474421));
#6332=CARTESIAN_POINT('Ctrl Pts',(78.4169810197455,69.4645410672246,117.318204924201));
#6333=CARTESIAN_POINT('Ctrl Pts',(100.902814148641,69.2823188467931,65.9216691919109));
#6334=CARTESIAN_POINT('Ctrl Pts',(100.894340769548,69.2826967372337,65.9408270156342));
#6335=CARTESIAN_POINT('Ctrl Pts',(100.885869024049,69.2830724961793,65.9599854229435));
#6336=CARTESIAN_POINT('Ctrl Pts',(97.8536918264477,69.4194304382617,72.8150186521439));
#6337=CARTESIAN_POINT('Ctrl Pts',(93.4285304003215,69.6113334216953,83.1166938433667));
#6338=CARTESIAN_POINT('Ctrl Pts',(86.1133957753859,69.736020065449,100.304165878502));
#6339=CARTESIAN_POINT('Ctrl Pts',(81.7042735858902,69.7455782470121,110.606304980374));
#6340=CARTESIAN_POINT('Ctrl Pts',(78.7509731781467,69.7431905546009,117.468345025236));
#6341=CARTESIAN_POINT('',(78.7205485536999,69.7170529898098,117.454661644128));
#6342=CARTESIAN_POINT('',(78.8127953676086,69.7432391477818,117.324695132184));
#6343=CARTESIAN_POINT('Ctrl Pts',(78.7205791226481,69.7170326865252,117.454674988421));
#6344=CARTESIAN_POINT('Ctrl Pts',(78.7472075429889,69.7247574779655,117.416962146737));
#6345=CARTESIAN_POINT('Ctrl Pts',(78.7738782979864,69.7323584784454,117.379347888713));
#6346=CARTESIAN_POINT('Ctrl Pts',(78.8005914176842,69.7398337368072,117.341826012978));
#6347=CARTESIAN_POINT('Ctrl Pts',(78.8046573855883,69.7409715357958,117.336114858903));
#6348=CARTESIAN_POINT('Ctrl Pts',(78.8087253093928,69.7421067103385,117.330404528614));
#6349=CARTESIAN_POINT('Ctrl Pts',(78.8127951739883,69.7432392517826,117.324695050879));
#6350=CARTESIAN_POINT('',(100.902814148642,69.2823188467921,65.9216691919139));
#6351=CARTESIAN_POINT('Ctrl Pts',(78.8127951739883,69.7432392517826,117.324695050879));
#6352=CARTESIAN_POINT('Ctrl Pts',(81.7452953806927,69.745487906073,110.510454225217));
#6353=CARTESIAN_POINT('Ctrl Pts',(86.1338136575386,69.7356720421618,100.256192492295));
#6354=CARTESIAN_POINT('Ctrl Pts',(93.4285304003215,69.6113334216953,83.1166938433667));
#6355=CARTESIAN_POINT('Ctrl Pts',(97.8536918264477,69.4194304382617,72.8150186521439));
#6356=CARTESIAN_POINT('Ctrl Pts',(100.885869024049,69.2830724961793,65.9599854229435));
#6357=CARTESIAN_POINT('Ctrl Pts',(100.894340769548,69.2826967372337,65.9408270156342));
#6358=CARTESIAN_POINT('Ctrl Pts',(100.902814148641,69.2823188467931,65.9216691919109));
#6359=CARTESIAN_POINT('',(78.2769980789162,68.55079519733,117.07734051258));
#6360=CARTESIAN_POINT('Ctrl Pts',(100.902814148641,69.2823188467931,65.9216691919109));
#6361=CARTESIAN_POINT('Ctrl Pts',(100.894345893588,69.281959244675,65.9408154304754));
#6362=CARTESIAN_POINT('Ctrl Pts',(100.885877634457,69.2816000709584,65.9599616782566));
#6363=CARTESIAN_POINT('Ctrl Pts',(97.8557649006438,69.1526956816914,72.8108726287336));
#6364=CARTESIAN_POINT('Ctrl Pts',(93.3232775122267,68.9615180640541,83.0585664309108));
#6365=CARTESIAN_POINT('Ctrl Pts',(85.7897730807125,68.7168055970436,100.091387497065));
#6366=CARTESIAN_POINT('Ctrl Pts',(81.27790759686,68.6098310927981,110.292456356803));
#6367=CARTESIAN_POINT('Ctrl Pts',(78.2769980804317,68.5507952301348,117.077340509153));
#6368=CARTESIAN_POINT('Ctrl Pts',(78.2769980804317,68.5507952301348,117.077340509153));
#6369=CARTESIAN_POINT('Ctrl Pts',(78.2768928291223,68.5526246779987,117.077578476322));
#6370=CARTESIAN_POINT('Ctrl Pts',(78.2767908443158,68.5544540414107,117.077817885597));
#6371=CARTESIAN_POINT('Ctrl Pts',(78.2766921216864,68.5562833126736,117.078058733625));
#6372=CARTESIAN_POINT('Ctrl Pts',(78.2735029030916,68.615377625318,117.085839290279));
#6373=CARTESIAN_POINT('Ctrl Pts',(78.2737199596558,68.6742667619054,117.095105137818));
#6374=CARTESIAN_POINT('Ctrl Pts',(78.2771847006328,68.7326930930751,117.105738913254));
#6375=CARTESIAN_POINT('Ctrl Pts',(78.280730378943,68.7924842799359,117.116621096705));
#6376=CARTESIAN_POINT('Ctrl Pts',(78.287677480081,68.8517917258361,117.128935975881));
#6377=CARTESIAN_POINT('Ctrl Pts',(78.2979048780197,68.9103324958531,117.142579322872));
#6378=CARTESIAN_POINT('Ctrl Pts',(78.3000076543444,68.9223686115848,117.145384426106));
#6379=CARTESIAN_POINT('Ctrl Pts',(78.3022492506731,68.9343722674822,117.14824575458));
#6380=CARTESIAN_POINT('Ctrl Pts',(78.3046288479766,68.9463409120771,117.151162505041));
#6381=CARTESIAN_POINT('Ctrl Pts',(78.3161688545085,69.0043836055186,117.165307469537));
#6382=CARTESIAN_POINT('Ctrl Pts',(78.3309074173215,69.0613860975611,117.180701011136));
#6383=CARTESIAN_POINT('Ctrl Pts',(78.3487070448949,69.1170720158177,117.197235166955));
#6384=CARTESIAN_POINT('Ctrl Pts',(78.3665438229938,69.1728741590414,117.213803832067));
#6385=CARTESIAN_POINT('Ctrl Pts',(78.3874548692793,69.2273551811008,117.231518068333));
#6386=CARTESIAN_POINT('Ctrl Pts',(78.4113451751373,69.2802163590193,117.250288236784));
#6387=CARTESIAN_POINT('Ctrl Pts',(78.4157931132685,69.2900581438135,117.253782898948));
#6388=CARTESIAN_POINT('Ctrl Pts',(78.4203444340343,69.2998436981652,117.257314211831));
#6389=CARTESIAN_POINT('Ctrl Pts',(78.4249986721083,69.3095709737623,117.260881661298));
#6390=CARTESIAN_POINT('Ctrl Pts',(78.4500036073467,69.3618308479847,117.280047815127));
#6391=CARTESIAN_POINT('Ctrl Pts',(78.477855183239,69.4121583710745,117.300162874604));
#6392=CARTESIAN_POINT('Ctrl Pts',(78.5084230978393,69.4602756545843,117.321129622192));
#6393=CARTESIAN_POINT('Ctrl Pts',(78.5385983373056,69.5077748239375,117.341827031144));
#6394=CARTESIAN_POINT('Ctrl Pts',(78.5714210785269,69.5531210197668,117.36335461708));
#6395=CARTESIAN_POINT('Ctrl Pts',(78.6068040258723,69.596018796837,117.385635449596));
#6396=CARTESIAN_POINT('Ctrl Pts',(78.6421869732178,69.6389165739072,117.407916282111));
#6397=CARTESIAN_POINT('Ctrl Pts',(78.6801305188682,69.6793668422442,117.43095054267));
#6398=CARTESIAN_POINT('Ctrl Pts',(78.7205791226481,69.7170326865252,117.454674988421));
#6399=CARTESIAN_POINT('Ctrl Pts',(107.314074702542,81.8988312337873,91.9725643144727));
#6400=CARTESIAN_POINT('Ctrl Pts',(97.7668129391244,77.8745458508392,100.464899743701));
#6401=CARTESIAN_POINT('Ctrl Pts',(88.2216697227593,73.814444848642,108.943871469564));
#6402=CARTESIAN_POINT('Ctrl Pts',(78.7016518851098,69.6951507132084,117.423693437732));
#6403=CARTESIAN_POINT('Ctrl Pts',(107.318714808187,81.9008588603407,91.9786165290827));
#6404=CARTESIAN_POINT('Ctrl Pts',(97.81985096727,77.8982575429547,100.53434311074));
#6405=CARTESIAN_POINT('Ctrl Pts',(88.3214168847499,73.8847753141196,109.086187605505));
#6406=CARTESIAN_POINT('Ctrl Pts',(78.8270066444619,69.8462686453576,117.63185093925));
#6407=CARTESIAN_POINT('Ctrl Pts',(107.323379405489,81.9028292343563,91.9846691473173));
#6408=CARTESIAN_POINT('Ctrl Pts',(97.8740182943173,77.9212524757822,100.604665222844));
#6409=CARTESIAN_POINT('Ctrl Pts',(88.4302147001535,73.9324873399113,109.228009826666));
#6410=CARTESIAN_POINT('Ctrl Pts',(78.9990329207766,69.9303717206229,117.859861342981));
#6411=CARTESIAN_POINT('Ctrl Pts',(107.328067913532,81.9047421104483,91.9907214153977));
#6412=CARTESIAN_POINT('Ctrl Pts',(97.9281244229991,77.9428566716416,100.674279228206));
#6413=CARTESIAN_POINT('Ctrl Pts',(88.5482204096448,73.9581236777838,109.369779603196));
#6414=CARTESIAN_POINT('Ctrl Pts',(79.190878543424,69.9343320019476,118.07213372411));
#6415=CARTESIAN_POINT('Ctrl Pts',(107.314074702542,81.8988312337873,91.9725643144727));
#6416=CARTESIAN_POINT('Ctrl Pts',(97.803966389197,77.8902064758182,100.431851570499));
#6417=CARTESIAN_POINT('Ctrl Pts',(88.2959601662113,73.8460443112805,108.877878931269));
#6418=CARTESIAN_POINT('Ctrl Pts',(78.8127953138517,69.743239088328,117.32469504542));
#6419=CARTESIAN_POINT('Ctrl Pts',(79.3001226789578,69.9813063382196,117.970537637192));
#6420=CARTESIAN_POINT('Ctrl Pts',(79.2990501991217,69.9812068122493,117.969729138553));
#6421=CARTESIAN_POINT('Ctrl Pts',(79.2979781423226,69.9811055805254,117.968920306423));
#6422=CARTESIAN_POINT('Ctrl Pts',(79.29690651091,69.9810026445236,117.968111143018));
#6423=CARTESIAN_POINT('Ctrl Pts',(79.2484756111591,69.9763505942699,117.931542121923));
#6424=CARTESIAN_POINT('Ctrl Pts',(79.2010005902381,69.9682302810125,117.89436389199));
#6425=CARTESIAN_POINT('Ctrl Pts',(79.1546938468517,69.9567900008027,117.856780356548));
#6426=CARTESIAN_POINT('Ctrl Pts',(79.1078752818771,69.9452232728672,117.818781415846));
#6427=CARTESIAN_POINT('Ctrl Pts',(79.0622503422172,69.9302625488976,117.780367370806));
#6428=CARTESIAN_POINT('Ctrl Pts',(79.0180553543052,69.9120114738196,117.741744192311));
#6429=CARTESIAN_POINT('Ctrl Pts',(79.0024076131762,69.9055494718678,117.728069214057));
#6430=CARTESIAN_POINT('Ctrl Pts',(78.9869393271869,69.8986745603321,117.714368032752));
#6431=CARTESIAN_POINT('Ctrl Pts',(78.9716617115449,69.8913899552332,117.700649939325));
#6432=CARTESIAN_POINT('Ctrl Pts',(78.9287227740996,69.8709160010518,117.662094161424));
#6433=CARTESIAN_POINT('Ctrl Pts',(78.8874492556222,69.8472858770689,117.623548933873));
#6434=CARTESIAN_POINT('Ctrl Pts',(78.8480681997651,69.8206102861663,117.585219954942));
#6435=CARTESIAN_POINT('Ctrl Pts',(78.8092121016304,69.7942902864772,117.547401909327));
#6436=CARTESIAN_POINT('Ctrl Pts',(78.7721978351353,69.7650050747926,117.509793636539));
#6437=CARTESIAN_POINT('Ctrl Pts',(78.7372690730232,69.7328184102464,117.472600880248));
#6438=CARTESIAN_POINT('Ctrl Pts',(78.731643190178,69.7276341897655,117.46661034188));
#6439=CARTESIAN_POINT('Ctrl Pts',(78.7260714749556,69.7223746141727,117.460630614267));
#6440=CARTESIAN_POINT('Ctrl Pts',(78.7205550226466,69.7170398551915,117.45466259741));
#6441=CARTESIAN_POINT('Ctrl Pts',(78.3377323958309,68.5930390231031,116.94002370843));
#6442=CARTESIAN_POINT('Ctrl Pts',(78.1448154858172,68.4590371230535,117.376197767763));
#6443=CARTESIAN_POINT('Ctrl Pts',(77.95208030079,68.3234327042258,117.811960957334));
#6444=CARTESIAN_POINT('Ctrl Pts',(77.7595397584932,68.186175213092,118.247284070864));
#6445=CARTESIAN_POINT('Ctrl Pts',(78.2928922946863,68.9875866385605,117.041404603115));
#6446=CARTESIAN_POINT('Ctrl Pts',(78.0995347016307,68.8539077982983,117.478528754203));
#6447=CARTESIAN_POINT('Ctrl Pts',(77.9064086444945,68.7186101120745,117.915271473019));
#6448=CARTESIAN_POINT('Ctrl Pts',(77.7134075145925,68.5816913547603,118.351586426147));
#6449=CARTESIAN_POINT('Ctrl Pts',(78.4995768162394,69.6726951253802,117.343299627366));
#6450=CARTESIAN_POINT('Ctrl Pts',(78.3063698303222,69.5395237754849,117.782452822621));
#6451=CARTESIAN_POINT('Ctrl Pts',(78.1133324932664,69.4047749982985,118.221260125675));
#6452=CARTESIAN_POINT('Ctrl Pts',(77.9205055672797,69.2683869458111,118.659699827904));
#6453=CARTESIAN_POINT('Ctrl Pts',(79.086484187924,69.9834680194908,117.69836089612));
#6454=CARTESIAN_POINT('Ctrl Pts',(78.8945109147242,69.8495410696405,118.138651744207));
#6455=CARTESIAN_POINT('Ctrl Pts',(78.7027543872371,69.7139912530894,118.578604082426));
#6456=CARTESIAN_POINT('Ctrl Pts',(78.5112443552723,69.5767936020168,119.018220397165));
#6457=CARTESIAN_POINT('Ctrl Pts',(79.3604008208669,70.0237077749426,117.831874920786));
#6458=CARTESIAN_POINT('Ctrl Pts',(79.1689267393921,69.8892078858775,118.272314755327));
#6459=CARTESIAN_POINT('Ctrl Pts',(78.9776911086971,69.7530809496454,118.712428409447));
#6460=CARTESIAN_POINT('Ctrl Pts',(78.7867104083428,69.6152736023548,119.152189969961));
#6461=CARTESIAN_POINT('',(77.7595397584932,68.1861752130921,118.247284070864));
#6462=CARTESIAN_POINT('Ctrl Pts',(78.2769980784226,68.5507952015259,117.077340513696));
#6463=CARTESIAN_POINT('Ctrl Pts',(78.1043622159239,68.4305553374992,117.467660288811));
#6464=CARTESIAN_POINT('Ctrl Pts',(77.9318730217864,68.309027424249,117.857648455182));
#6465=CARTESIAN_POINT('Ctrl Pts',(77.7595397584932,68.186175213092,118.247284070864));
#6466=CARTESIAN_POINT('Origin',(79.1313500154043,68.1861752130921,118.854026700843));
#6467=CARTESIAN_POINT('Ctrl Pts',(108.224126867582,82.8155328711199,55.7085529697121));
#6468=CARTESIAN_POINT('Ctrl Pts',(108.224126867582,82.8310679107485,56.4285581741004));
#6469=CARTESIAN_POINT('Ctrl Pts',(108.224126867582,82.8460773960209,57.1485747103409));
#6470=CARTESIAN_POINT('Ctrl Pts',(108.224126867582,82.8605816790434,57.8686014072302));
#6471=CARTESIAN_POINT('Ctrl Pts',(108.224126867582,82.480975921606,55.7157714667967));
#6472=CARTESIAN_POINT('Ctrl Pts',(108.224218871814,82.4872659147537,56.4358133295649));
#6473=CARTESIAN_POINT('Ctrl Pts',(108.224021768141,82.49351985483,57.1558456125743));
#6474=CARTESIAN_POINT('Ctrl Pts',(108.224126867582,82.4995104048459,57.8758748596937));
#6475=CARTESIAN_POINT('Ctrl Pts',(108.108151281112,82.1475140564205,55.7229663360263));
#6476=CARTESIAN_POINT('Ctrl Pts',(108.101644557584,82.1447303191555,56.4430417705804));
#6477=CARTESIAN_POINT('Ctrl Pts',(108.094833181871,82.1423471086245,57.1630877637811));
#6478=CARTESIAN_POINT('Ctrl Pts',(108.088322502742,82.1400367741123,57.8831161290825));
#6479=CARTESIAN_POINT('Ctrl Pts',(107.900539377727,81.8851294025778,55.7286276228761));
#6480=CARTESIAN_POINT('Ctrl Pts',(107.883397616686,81.8789905362809,56.4486480147959));
#6481=CARTESIAN_POINT('Ctrl Pts',(107.866367213092,81.8736932994572,57.1686259576024));
#6482=CARTESIAN_POINT('Ctrl Pts',(107.849568461477,81.8691270205507,57.8885733597049));
#6483=CARTESIAN_POINT('',(107.900539377727,81.8851294025778,55.7286276228761));
#6484=CARTESIAN_POINT('Origin',(106.724126867582,82.8155328711199,55.7085529697121));
#6485=CARTESIAN_POINT('Ctrl Pts',(107.900539377727,81.8851294025778,55.7286276228761));
#6486=CARTESIAN_POINT('Ctrl Pts',(107.883397616686,81.8789905362809,56.4486480147959));
#6487=CARTESIAN_POINT('Ctrl Pts',(107.866367213092,81.8736932994572,57.1686259576024));
#6488=CARTESIAN_POINT('Ctrl Pts',(107.849568461477,81.8691270205507,57.8885733597049));
#6489=CARTESIAN_POINT('Ctrl Pts',(107.900539377727,81.8851294025777,55.7286276228884));
#6490=CARTESIAN_POINT('Ctrl Pts',(107.906144206741,81.8871366231801,55.4932030842873));
#6491=CARTESIAN_POINT('Ctrl Pts',(107.934695313481,81.9183785479672,55.254434353011));
#6492=CARTESIAN_POINT('Ctrl Pts',(107.988917075096,81.9848221298457,55.0305869220029));
#6493=CARTESIAN_POINT('Ctrl Pts',(108.108151281113,82.147514056421,55.7229663360367));
#6494=CARTESIAN_POINT('Ctrl Pts',(108.102313893522,82.1393680470209,55.5251223967014));
#6495=CARTESIAN_POINT('Ctrl Pts',(108.1178113946,82.1562835327739,55.3236172568196));
#6496=CARTESIAN_POINT('Ctrl Pts',(108.159493613139,82.2072889252116,55.1375336086715));
#6497=CARTESIAN_POINT('Ctrl Pts',(108.224126867583,82.4809759216073,55.715771466805));
#6498=CARTESIAN_POINT('Ctrl Pts',(108.215510041554,82.4552959695126,55.5555159246487));
#6499=CARTESIAN_POINT('Ctrl Pts',(108.224691089976,82.4523664115767,55.3914665058253));
#6500=CARTESIAN_POINT('Ctrl Pts',(108.256420646051,82.485927286788,55.2433144425872));
#6501=CARTESIAN_POINT('Ctrl Pts',(108.224126867582,82.8155328711221,55.708552969719));
#6502=CARTESIAN_POINT('Ctrl Pts',(108.224126867582,82.7748074861307,55.5778438962127));
#6503=CARTESIAN_POINT('Ctrl Pts',(108.236534096087,82.7544945806925,55.4458237304805));
#6504=CARTESIAN_POINT('Ctrl Pts',(108.263140490196,82.7731384621744,55.3298592782977));
#6505=CARTESIAN_POINT('',(108.263140490196,82.7731384621744,55.3298592782978));
#6506=CARTESIAN_POINT('',(107.988917075096,81.9848221298457,55.0305869220029));
#6507=CARTESIAN_POINT('Origin',(106.802154112811,82.9020803457211,55.0153870287109));
#6508=CARTESIAN_POINT('Ctrl Pts',(107.988917075096,81.9848221298457,55.0305869220029));
#6509=CARTESIAN_POINT('Ctrl Pts',(107.934695313481,81.9183785479672,55.254434353011));
#6510=CARTESIAN_POINT('Ctrl Pts',(107.906144206741,81.8871366231801,55.4932030842873));
#6511=CARTESIAN_POINT('Ctrl Pts',(107.900539377727,81.8851294025777,55.7286276228884));
#6512=CARTESIAN_POINT('Ctrl Pts',(108.224126867582,82.8155328711221,55.708552969719));
#6513=CARTESIAN_POINT('Ctrl Pts',(108.224126867582,82.7748074861307,55.5778438962127));
#6514=CARTESIAN_POINT('Ctrl Pts',(108.236534096087,82.7544945806925,55.4458237304805));
#6515=CARTESIAN_POINT('Ctrl Pts',(108.263140490196,82.7731384621744,55.3298592782977));
#6516=CARTESIAN_POINT('Ctrl Pts',(107.988917075096,81.9848221298457,55.0305869220029));
#6517=CARTESIAN_POINT('Ctrl Pts',(107.997699778486,81.9926741776931,54.818701770534));
#6518=CARTESIAN_POINT('Ctrl Pts',(108.061251782589,82.0169827986046,54.3719413426689));
#6519=CARTESIAN_POINT('Ctrl Pts',(108.231007777036,82.0804632104096,53.8772847672737));
#6520=CARTESIAN_POINT('Ctrl Pts',(108.345117339738,82.1322130359964,53.6219308303469));
#6521=CARTESIAN_POINT('Ctrl Pts',(108.159493613139,82.2072889252116,55.1375336086715));
#6522=CARTESIAN_POINT('Ctrl Pts',(108.181864348234,82.2118181606469,54.9536689223237));
#6523=CARTESIAN_POINT('Ctrl Pts',(108.272512460831,82.2258245411504,54.5759144834707));
#6524=CARTESIAN_POINT('Ctrl Pts',(108.469445021363,82.251170840966,54.1959722908081));
#6525=CARTESIAN_POINT('Ctrl Pts',(108.602728014944,82.2624629165851,54.0200419347289));
#6526=CARTESIAN_POINT('Ctrl Pts',(108.256420646051,82.485927286788,55.2433144425872));
#6527=CARTESIAN_POINT('Ctrl Pts',(108.288163631965,82.497657777123,55.0830683109996));
#6528=CARTESIAN_POINT('Ctrl Pts',(108.397327013657,82.5286243314579,54.7661974255263));
#6529=CARTESIAN_POINT('Ctrl Pts',(108.606732155688,82.5794799187501,54.4971296626702));
#6530=CARTESIAN_POINT('Ctrl Pts',(108.743405576804,82.62428812734,54.4090094992992));
#6531=CARTESIAN_POINT('Ctrl Pts',(108.263140490196,82.7731384621744,55.3298592782977));
#6532=CARTESIAN_POINT('Ctrl Pts',(108.296828310192,82.7967445066761,55.1830303027164));
#6533=CARTESIAN_POINT('Ctrl Pts',(108.407846273539,82.8558689606879,54.9015645237106));
#6534=CARTESIAN_POINT('Ctrl Pts',(108.598385335206,82.9615309472162,54.6911451475301));
#6535=CARTESIAN_POINT('Ctrl Pts',(108.70772757779,83.0648530680689,54.6245329462666));
#6536=CARTESIAN_POINT('',(108.70772757779,83.0648530680689,54.6245329462666));
#6537=CARTESIAN_POINT('',(108.345117339738,82.1322130359964,53.6219308303469));
#6538=CARTESIAN_POINT('Origin',(107.691328287997,83.4821072252006,53.6033417535584));
#6539=CARTESIAN_POINT('Ctrl Pts',(108.345117339738,82.1322130359964,53.6219308303469));
#6540=CARTESIAN_POINT('Ctrl Pts',(108.231007777036,82.0804632104096,53.8772847672737));
#6541=CARTESIAN_POINT('Ctrl Pts',(108.061251782589,82.0169827986046,54.3719413426689));
#6542=CARTESIAN_POINT('Ctrl Pts',(107.997699778486,81.9926741776931,54.818701770534));
#6543=CARTESIAN_POINT('Ctrl Pts',(107.988917075096,81.9848221298457,55.0305869220029));
#6544=CARTESIAN_POINT('Ctrl Pts',(108.263140490196,82.7731384621744,55.3298592782977));
#6545=CARTESIAN_POINT('Ctrl Pts',(108.296828310192,82.7967445066761,55.1830303027164));
#6546=CARTESIAN_POINT('Ctrl Pts',(108.407846273539,82.8558689606879,54.9015645237106));
#6547=CARTESIAN_POINT('Ctrl Pts',(108.598385335206,82.9615309472162,54.6911451475301));
#6548=CARTESIAN_POINT('Ctrl Pts',(108.70772757779,83.0648530680689,54.6245329462666));
#6549=CARTESIAN_POINT('Ctrl Pts',(108.345117339738,82.1322130359964,53.6219308303469));
#6550=CARTESIAN_POINT('Ctrl Pts',(108.412402008224,82.1633253984921,53.5147935968424));
#6551=CARTESIAN_POINT('Ctrl Pts',(108.522131990292,82.205786762461,53.3669177423005));
#6552=CARTESIAN_POINT('Ctrl Pts',(108.681108802186,82.2471458643932,53.1992437250003));
#6553=CARTESIAN_POINT('Ctrl Pts',(108.79122690071,82.2668519728652,53.1018888278267));
#6554=CARTESIAN_POINT('Ctrl Pts',(108.87636208965,82.276244109329,53.0384657772991));
#6555=CARTESIAN_POINT('Ctrl Pts',(108.948498749588,82.2811922328091,52.9909986471696));
#6556=CARTESIAN_POINT('Ctrl Pts',(109.006875879919,82.28275959829,52.9578189502403));
#6557=CARTESIAN_POINT('Ctrl Pts',(109.062074694198,82.2818778351483,52.9316685319957));
#6558=CARTESIAN_POINT('Ctrl Pts',(109.089336779555,82.2807547196958,52.9201394994135));
#6559=CARTESIAN_POINT('Ctrl Pts',(109.103202724139,82.2800132367649,52.9145203723422));
#6560=CARTESIAN_POINT('Ctrl Pts',(109.108749644227,82.2797015239323,52.9122912279841));
#6561=CARTESIAN_POINT('Ctrl Pts',(109.118457097844,82.279116327482,52.9084343734416));
#6562=CARTESIAN_POINT('Ctrl Pts',(109.129547559273,82.2783570620319,52.9041004543365));
#6563=CARTESIAN_POINT('Ctrl Pts',(109.140632288659,82.2775074802516,52.8997466200734));
#6564=CARTESIAN_POINT('Ctrl Pts',(109.15170625139,82.2765984568107,52.8953246067399));
#6565=CARTESIAN_POINT('Ctrl Pts',(109.1627559257,82.2756013953283,52.8907150468158));
#6566=CARTESIAN_POINT('Ctrl Pts',(109.173751693634,82.2745212681773,52.8855363818544));
#6567=CARTESIAN_POINT('Ctrl Pts',(109.181937198006,82.2736747327228,52.8811183413304));
#6568=CARTESIAN_POINT('Ctrl Pts',(109.188660221275,82.2729462114042,52.8766420263847));
#6569=CARTESIAN_POINT('Ctrl Pts',(109.193176468688,82.2724436999437,52.8723841226438));
#6570=CARTESIAN_POINT('Ctrl Pts',(109.195547154566,82.2721791845315,52.8691684838998));
#6571=CARTESIAN_POINT('Ctrl Pts',(109.196556881212,82.2720679848951,52.8670663683213));
#6572=CARTESIAN_POINT('Ctrl Pts',(109.196897617018,82.2720323276266,52.8658009542506));
#6573=CARTESIAN_POINT('Ctrl Pts',(108.492323439856,82.2066415391899,53.8494228899938));
#6574=CARTESIAN_POINT('Ctrl Pts',(108.561769141188,82.2298783567247,53.7615150562559));
#6575=CARTESIAN_POINT('Ctrl Pts',(108.67406035144,82.2599120918749,53.6447776197848));
#6576=CARTESIAN_POINT('Ctrl Pts',(108.831051261397,82.2820229414415,53.5273297206909));
#6577=CARTESIAN_POINT('Ctrl Pts',(108.935755985404,82.2882742392716,53.467852905572));
#6578=CARTESIAN_POINT('Ctrl Pts',(109.011810272621,82.2872649278419,53.4355736217289));
#6579=CARTESIAN_POINT('Ctrl Pts',(109.072321447154,82.2838371724335,53.4128922683831));
#6580=CARTESIAN_POINT('Ctrl Pts',(109.117155647979,82.2790263752963,53.3975056490896));
#6581=CARTESIAN_POINT('Ctrl Pts',(109.154581771339,82.2744408016281,53.3719107203414));
#6582=CARTESIAN_POINT('Ctrl Pts',(109.172412823167,82.2721953031466,53.3500029859716));
#6583=CARTESIAN_POINT('Ctrl Pts',(109.181691916817,82.2712490625627,53.3342336678139));
#6584=CARTESIAN_POINT('Ctrl Pts',(109.185433198502,82.2708796749453,53.327460488657));
#6585=CARTESIAN_POINT('Ctrl Pts',(109.192075554082,82.2702455849161,53.3142934402723));
#6586=CARTESIAN_POINT('Ctrl Pts',(109.199974567771,82.2695082565565,53.2957110431695));
#6587=CARTESIAN_POINT('Ctrl Pts',(109.208389744623,82.268832215552,53.271911079107));
#6588=CARTESIAN_POINT('Ctrl Pts',(109.217233651239,82.2681539082462,53.2437104335695));
#6589=CARTESIAN_POINT('Ctrl Pts',(109.226851836838,82.2673847647453,53.2075089505639));
#6590=CARTESIAN_POINT('Ctrl Pts',(109.237488763913,82.2664876689204,53.1571242218251));
#6591=CARTESIAN_POINT('Ctrl Pts',(109.246004844909,82.2657115368824,53.108248286636));
#6592=CARTESIAN_POINT('Ctrl Pts',(109.253542527944,82.2649525566524,53.0527254340662));
#6593=CARTESIAN_POINT('Ctrl Pts',(109.258889594368,82.2644132185544,52.9949994797602));
#6594=CARTESIAN_POINT('Ctrl Pts',(109.261762870062,82.264157237018,52.94948420857));
#6595=CARTESIAN_POINT('Ctrl Pts',(109.26300190885,82.2640798982204,52.9189547306457));
#6596=CARTESIAN_POINT('Ctrl Pts',(109.263418010333,82.2640840373464,52.9003330488186));
#6597=CARTESIAN_POINT('Ctrl Pts',(108.687599743273,82.4644954445075,54.2451128801083));
#6598=CARTESIAN_POINT('Ctrl Pts',(108.76003435236,82.4909623383778,54.1904927195821));
#6599=CARTESIAN_POINT('Ctrl Pts',(108.876840219177,82.5290421514412,54.1281391493682));
#6600=CARTESIAN_POINT('Ctrl Pts',(109.037390137947,82.5780466478902,54.0966187720539));
#6601=CARTESIAN_POINT('Ctrl Pts',(109.142039520139,82.6112597714407,54.1014228846319));
#6602=CARTESIAN_POINT('Ctrl Pts',(109.214500635135,82.6373035392851,54.1210762215065));
#6603=CARTESIAN_POINT('Ctrl Pts',(109.268289916713,82.6559061753461,54.1393866794243));
#6604=CARTESIAN_POINT('Ctrl Pts',(109.303492892565,82.6666516286802,54.1529485618563));
#6605=CARTESIAN_POINT('Ctrl Pts',(109.324927735659,82.6494308274304,54.1290931091046));
#6606=CARTESIAN_POINT('Ctrl Pts',(109.332609346319,82.6234562991145,54.090687348995));
#6607=CARTESIAN_POINT('Ctrl Pts',(109.336367278872,82.6030684073169,54.0585834941383));
#6608=CARTESIAN_POINT('Ctrl Pts',(109.33787023584,82.594222854012,54.0444706300161));
#6609=CARTESIAN_POINT('Ctrl Pts',(109.340523216188,82.5768372109353,54.0161749031599));
#6610=CARTESIAN_POINT('Ctrl Pts',(109.343737333204,82.5521028954604,53.9741420081205));
#6611=CARTESIAN_POINT('Ctrl Pts',(109.347469162823,82.5212965284243,53.9179747847066));
#6612=CARTESIAN_POINT('Ctrl Pts',(109.351672361756,82.4860347943021,53.8498539321464));
#6613=CARTESIAN_POINT('Ctrl Pts',(109.356775650394,82.4434771894841,53.7599345638769));
#6614=CARTESIAN_POINT('Ctrl Pts',(109.363163510019,82.3924784105575,53.6316494343357));
#6615=CARTESIAN_POINT('Ctrl Pts',(109.368658655554,82.3499627054228,53.5055973780383));
#6616=CARTESIAN_POINT('Ctrl Pts',(109.373844674299,82.3111573640937,53.3609583823958));
#6617=CARTESIAN_POINT('Ctrl Pts',(109.377679054985,82.2832906763429,53.2096652043563));
#6618=CARTESIAN_POINT('Ctrl Pts',(109.379774214239,82.2683853180029,53.090097202082));
#6619=CARTESIAN_POINT('Ctrl Pts',(109.380685874477,82.2620749206283,53.0097999242767));
#6620=CARTESIAN_POINT('Ctrl Pts',(109.380991783104,82.2600677356717,52.9607983747808));
#6621=CARTESIAN_POINT('Ctrl Pts',(108.723018148796,82.8760395220422,54.5321657547092));
#6622=CARTESIAN_POINT('Ctrl Pts',(108.791645039773,82.9265537576313,54.4914166258452));
#6623=CARTESIAN_POINT('Ctrl Pts',(108.903220099104,83.0106764757746,54.446228107232));
#6624=CARTESIAN_POINT('Ctrl Pts',(109.061853120575,83.1504488192005,54.4197090679926));
#6625=CARTESIAN_POINT('Ctrl Pts',(109.169330881936,83.2585366427615,54.4156040013332));
#6626=CARTESIAN_POINT('Ctrl Pts',(109.249259864387,83.3482670852551,54.4177012110258));
#6627=CARTESIAN_POINT('Ctrl Pts',(109.314047683869,83.4162737028536,54.418478061423));
#6628=CARTESIAN_POINT('Ctrl Pts',(109.363279618245,83.4600737644465,54.4173912363645));
#6629=CARTESIAN_POINT('Ctrl Pts',(109.404690495096,83.4313519228803,54.4012965702177));
#6630=CARTESIAN_POINT('Ctrl Pts',(109.423617862136,83.3714482009023,54.3805970544233));
#6631=CARTESIAN_POINT('Ctrl Pts',(109.432988359464,83.3211219612558,54.3615373879586));
#6632=CARTESIAN_POINT('Ctrl Pts',(109.436718247726,83.2990353377852,54.352975674756));
#6633=CARTESIAN_POINT('Ctrl Pts',(109.443203832103,83.2549177507998,54.3352358824912));
#6634=CARTESIAN_POINT('Ctrl Pts',(109.450555356019,83.1901908440183,54.3069304462036));
#6635=CARTESIAN_POINT('Ctrl Pts',(109.457935102478,83.1063533135828,54.2643214917819));
#6636=CARTESIAN_POINT('Ctrl Pts',(109.465370002526,83.0077079920336,54.2080453132615));
#6637=CARTESIAN_POINT('Ctrl Pts',(109.472946423556,82.8836289083873,54.1249360340926));
#6638=CARTESIAN_POINT('Ctrl Pts',(109.480771030324,82.7258441627982,53.9848324274534));
#6639=CARTESIAN_POINT('Ctrl Pts',(109.486769174814,82.5885435668388,53.8313461689276));
#6640=CARTESIAN_POINT('Ctrl Pts',(109.491861001959,82.4570305725397,53.6357643574097));
#6641=CARTESIAN_POINT('Ctrl Pts',(109.495365304371,82.3584412421197,53.4113884682892));
#6642=CARTESIAN_POINT('Ctrl Pts',(109.497219509364,82.3044222751182,53.2261341825703));
#6643=CARTESIAN_POINT('Ctrl Pts',(109.49800880052,82.2810571192625,53.0986667888056));
#6644=CARTESIAN_POINT('Ctrl Pts',(109.498270188669,82.2734356865498,53.0201253072332));
#6645=CARTESIAN_POINT('Ctrl Pts',(108.70772757779,83.0648530680689,54.6245329462666));
#6646=CARTESIAN_POINT('Ctrl Pts',(108.773464910211,83.1269710605712,54.5844852180115));
#6647=CARTESIAN_POINT('Ctrl Pts',(108.881028961428,83.2327768346182,54.537046754833));
#6648=CARTESIAN_POINT('Ctrl Pts',(109.037505027476,83.4108536492755,54.4929339278172));
#6649=CARTESIAN_POINT('Ctrl Pts',(109.146152359344,83.5479665981158,54.4683407223444));
#6650=CARTESIAN_POINT('Ctrl Pts',(109.230318378617,83.6598658210638,54.4482079210826));
#6651=CARTESIAN_POINT('Ctrl Pts',(109.301723921828,83.7440023829731,54.4296141246322));
#6652=CARTESIAN_POINT('Ctrl Pts',(109.359585031808,83.7977230601796,54.4137372448349));
#6653=CARTESIAN_POINT('Ctrl Pts',(109.414372205398,83.7664937483866,54.4017083653588));
#6654=CARTESIAN_POINT('Ctrl Pts',(109.441451301507,83.6972099107642,54.3946830715557));
#6655=CARTESIAN_POINT('Ctrl Pts',(109.455227756268,83.6378243068587,54.3869090711119));
#6656=CARTESIAN_POINT('Ctrl Pts',(109.460739150429,83.6116635183935,54.3832568389957));
#6657=CARTESIAN_POINT('Ctrl Pts',(109.4703850774,83.5591176837372,54.3751695112545));
#6658=CARTESIAN_POINT('Ctrl Pts',(109.481406296413,83.481146032716,54.3604215852105));
#6659=CARTESIAN_POINT('Ctrl Pts',(109.492421465435,83.3784413352767,54.3336819092678));
#6660=CARTESIAN_POINT('Ctrl Pts',(109.50342484279,83.2561087027766,54.2942713995345));
#6661=CARTESIAN_POINT('Ctrl Pts',(109.514401130137,83.0994081855957,54.2286946401445));
#6662=CARTESIAN_POINT('Ctrl Pts',(109.525315044718,82.8947156498532,54.100824565839));
#6663=CARTESIAN_POINT('Ctrl Pts',(109.533431226531,82.7132111173175,53.9493395943766));
#6664=CARTESIAN_POINT('Ctrl Pts',(109.540084686114,82.5357470940324,53.7431378380591));
#6665=CARTESIAN_POINT('Ctrl Pts',(109.544535574545,82.4003711474784,53.4937420637916));
#6666=CARTESIAN_POINT('Ctrl Pts',(109.546857350362,82.3255511093063,53.2829661621857));
#6667=CARTESIAN_POINT('Ctrl Pts',(109.547835337775,82.2929850239529,53.1361120415616));
#6668=CARTESIAN_POINT('Ctrl Pts',(109.548157083449,82.2823188467922,53.0451797822528));
#6669=CARTESIAN_POINT('',(109.018871679267,82.2823188467921,52.9526770050286));
#6670=CARTESIAN_POINT('',(109.548157083448,82.2823188467922,53.0451797822535));
#6671=CARTESIAN_POINT('Ctrl Pts',(109.018871679267,82.2823188467921,52.9526770050286));
#6672=CARTESIAN_POINT('Ctrl Pts',(109.020442259691,82.2823188467921,52.9535622932917));
#6673=CARTESIAN_POINT('Ctrl Pts',(109.022011408954,82.2823188467921,52.9544499757465));
#6674=CARTESIAN_POINT('Ctrl Pts',(109.072604137707,82.2823188467921,52.9831741603941));
#6675=CARTESIAN_POINT('Ctrl Pts',(109.109648040913,82.2823188467921,53.0071977294399));
#6676=CARTESIAN_POINT('Ctrl Pts',(109.196828382644,82.2823188467921,53.0644384458726));
#6677=CARTESIAN_POINT('Ctrl Pts',(109.237289644925,82.282318846792,53.0917878976943));
#6678=CARTESIAN_POINT('Ctrl Pts',(109.328424111483,82.282318846792,53.1206281728336));
#6679=CARTESIAN_POINT('Ctrl Pts',(109.363760344777,82.2823188467923,53.121401864822));
#6680=CARTESIAN_POINT('Ctrl Pts',(109.420763626368,82.2823188467923,53.11651229136));
#6681=CARTESIAN_POINT('Ctrl Pts',(109.450996728573,82.2823188467918,53.1082331429742));
#6682=CARTESIAN_POINT('Ctrl Pts',(109.504691778222,82.2823188467918,53.0821897082011));
#6683=CARTESIAN_POINT('Ctrl Pts',(109.52807538483,82.2823188467922,53.0654705631011));
#6684=CARTESIAN_POINT('Ctrl Pts',(109.548157083449,82.2823188467922,53.0451797822528));
#6685=CARTESIAN_POINT('Ctrl Pts',(109.018876299383,82.2823179227859,52.9526860809683));
#6686=CARTESIAN_POINT('Ctrl Pts',(108.990451262439,82.282317824725,52.967155874083));
#6687=CARTESIAN_POINT('Ctrl Pts',(108.947593942966,82.2811301687366,52.9915940250777));
#6688=CARTESIAN_POINT('Ctrl Pts',(108.87636208965,82.276244109329,53.0384657772991));
#6689=CARTESIAN_POINT('Ctrl Pts',(108.79122690071,82.2668519728652,53.1018888278267));
#6690=CARTESIAN_POINT('Ctrl Pts',(108.681108802186,82.2471458643932,53.1992437250003));
#6691=CARTESIAN_POINT('Ctrl Pts',(108.522131990292,82.205786762461,53.3669177423005));
#6692=CARTESIAN_POINT('Ctrl Pts',(108.412402008224,82.1633253984921,53.5147935968424));
#6693=CARTESIAN_POINT('Ctrl Pts',(108.345117339738,82.1322130359964,53.6219308303469));
#6694=CARTESIAN_POINT('',(109.371679377869,83.782257653949,54.4113943038152));
#6695=CARTESIAN_POINT('Ctrl Pts',(108.70772757779,83.0648530680689,54.6245329462666));
#6696=CARTESIAN_POINT('Ctrl Pts',(108.773464910211,83.1269710605712,54.5844852180115));
#6697=CARTESIAN_POINT('Ctrl Pts',(108.881028961428,83.2327768346182,54.537046754833));
#6698=CARTESIAN_POINT('Ctrl Pts',(109.037505027476,83.4108536492755,54.4929339278172));
#6699=CARTESIAN_POINT('Ctrl Pts',(109.146152359344,83.5479665981158,54.4683407223444));
#6700=CARTESIAN_POINT('Ctrl Pts',(109.230318378617,83.6598658210638,54.4482079210826));
#6701=CARTESIAN_POINT('Ctrl Pts',(109.300885724221,83.743014741655,54.429832388859));
#6702=CARTESIAN_POINT('Ctrl Pts',(109.343421951822,83.782712482742,54.4181721060911));
#6703=CARTESIAN_POINT('Ctrl Pts',(109.371679657105,83.782257559075,54.4113954745264));
#6704=CARTESIAN_POINT('Ctrl Pts',(109.371679657105,83.782257559075,54.4113954745264));
#6705=CARTESIAN_POINT('Ctrl Pts',(109.372533989962,83.7822438050836,54.4111905923908));
#6706=CARTESIAN_POINT('Ctrl Pts',(109.387947361685,83.7815562097131,54.407510111267));
#6707=CARTESIAN_POINT('Ctrl Pts',(109.414372205398,83.7664937483866,54.4017083653588));
#6708=CARTESIAN_POINT('Ctrl Pts',(109.441451301507,83.6972099107642,54.3946830715557));
#6709=CARTESIAN_POINT('Ctrl Pts',(109.455227756268,83.6378243068587,54.3869090711119));
#6710=CARTESIAN_POINT('Ctrl Pts',(109.460739150429,83.6116635183935,54.3832568389957));
#6711=CARTESIAN_POINT('Ctrl Pts',(109.4703850774,83.5591176837372,54.3751695112545));
#6712=CARTESIAN_POINT('Ctrl Pts',(109.481406296413,83.481146032716,54.3604215852105));
#6713=CARTESIAN_POINT('Ctrl Pts',(109.492421465435,83.3784413352767,54.3336819092678));
#6714=CARTESIAN_POINT('Ctrl Pts',(109.50342484279,83.2561087027766,54.2942713995345));
#6715=CARTESIAN_POINT('Ctrl Pts',(109.514401130137,83.0994081855957,54.2286946401445));
#6716=CARTESIAN_POINT('Ctrl Pts',(109.525315044718,82.8947156498532,54.100824565839));
#6717=CARTESIAN_POINT('Ctrl Pts',(109.533431226531,82.7132111173175,53.9493395943766));
#6718=CARTESIAN_POINT('Ctrl Pts',(109.540084686114,82.5357470940324,53.7431378380591));
#6719=CARTESIAN_POINT('Ctrl Pts',(109.544535574545,82.4003711474784,53.4937420637916));
#6720=CARTESIAN_POINT('Ctrl Pts',(109.546857350362,82.3255511093063,53.2829661621857));
#6721=CARTESIAN_POINT('Ctrl Pts',(109.547835337775,82.2929850239529,53.1361120415616));
#6722=CARTESIAN_POINT('Ctrl Pts',(109.548157083449,82.2823188467922,53.0451797822528));
#6723=CARTESIAN_POINT('Origin',(126.724126774793,82.2823188467921,73.6402468704692));
#6724=CARTESIAN_POINT('',(109.724126867582,82.2823188467921,52.8686014072302));
#6725=CARTESIAN_POINT('Ctrl Pts',(109.548157083448,82.2823188467921,53.045179782253));
#6726=CARTESIAN_POINT('Ctrl Pts',(109.607874642675,82.2823188467921,52.9848404688267));
#6727=CARTESIAN_POINT('Ctrl Pts',(109.666802734658,82.2823188467921,52.9259255401547));
#6728=CARTESIAN_POINT('Ctrl Pts',(109.724126867582,82.2823188467921,52.8686014072302));
#6729=CARTESIAN_POINT('',(111.724126867582,82.2823188467921,52.8686014072302));
#6730=CARTESIAN_POINT('',(127.974126774793,82.2823188467921,52.8686014072302));
#6731=CARTESIAN_POINT('',(111.724126867582,82.2823188467921,50.8686014072302));
#6732=CARTESIAN_POINT('',(111.724126867582,82.2823188467921,78.4429469787764));
#6733=CARTESIAN_POINT('',(109.20085528048,82.2823188467921,50.8686014072302));
#6734=CARTESIAN_POINT('',(119.974126821188,82.2823188467921,50.8686014072302));
#6735=CARTESIAN_POINT('',(109.075195875749,82.2823188467921,51.15271010797));
#6736=CARTESIAN_POINT('',(91.1905099517168,82.2823188467921,91.5889583291951));
#6737=CARTESIAN_POINT('Ctrl Pts',(109.018871454537,82.2823188467921,52.9526769983703));
#6738=CARTESIAN_POINT('Ctrl Pts',(109.03664867266,82.2823188467921,52.3526576549812));
#6739=CARTESIAN_POINT('Ctrl Pts',(109.055385193582,82.2823188467921,51.752667165533));
#6740=CARTESIAN_POINT('Ctrl Pts',(109.075195875749,82.2823188467921,51.15271010797));
#6741=CARTESIAN_POINT('Origin',(109.724126867582,83.7823188467921,52.8686014072302));
#6742=CARTESIAN_POINT('Origin',(109.724126867582,83.7823188467921,55.8686014072302));
#6743=CARTESIAN_POINT('Origin',(109.724126867582,83.7823188467921,52.8686014072302));
#6744=CARTESIAN_POINT('',(109.724126867582,83.7823188467921,54.3686014072302));
#6745=CARTESIAN_POINT('Origin',(109.724126867582,83.7823188467921,55.8686014072302));
#6746=CARTESIAN_POINT('Origin',(109.724126867582,83.7823188467921,52.8686014072302));
#6747=CARTESIAN_POINT('Origin',(109.724126867582,86.7823188467921,57.8686014072302));
#6748=CARTESIAN_POINT('',(109.724126867582,108.782318846792,59.3686014072302));
#6749=CARTESIAN_POINT('',(109.724126867582,86.7823188467921,59.3686014072302));
#6750=CARTESIAN_POINT('Origin',(109.724126867582,108.782318846792,57.8686014072302));
#6751=CARTESIAN_POINT('Origin',(81.7966244510341,68.217778666792,121.793963448249));
#6752=CARTESIAN_POINT('',(82.3193850751362,69.5000487567767,122.370595688572));
#6753=CARTESIAN_POINT('Origin',(81.7966244486353,68.2177786667614,121.793963445603));
#6754=CARTESIAN_POINT('',(80.6853239966421,68.2177786649322,122.801441140343));
#6755=CARTESIAN_POINT('Origin',(81.7966244510341,68.217778666792,121.793963448249));
#6756=CARTESIAN_POINT('Origin',(81.7966244486352,68.2177786667614,121.793963445603));
#6757=CARTESIAN_POINT('Ctrl Pts',(78.0200495613871,68.1861752130921,119.861504393351));
#6758=CARTESIAN_POINT('Ctrl Pts',(78.9084782586239,68.1959665067958,120.841487594908));
#6759=CARTESIAN_POINT('Ctrl Pts',(79.7969035617148,68.2064467835589,121.821467052545));
#6760=CARTESIAN_POINT('Ctrl Pts',(80.6853239970169,68.217778666792,122.801441140757));
#6761=CARTESIAN_POINT('Ctrl Pts',(78.0182566811059,68.5467915781444,119.859526752868));
#6762=CARTESIAN_POINT('Ctrl Pts',(78.9066528982634,68.554129732564,120.839393706216));
#6763=CARTESIAN_POINT('Ctrl Pts',(79.7949154911015,68.5620312080065,121.819363188178));
#6764=CARTESIAN_POINT('Ctrl Pts',(80.6832946070003,68.5704690426294,122.799202617697));
#6765=CARTESIAN_POINT('Ctrl Pts',(78.1914859364513,69.1749315914449,119.69620543802));
#6766=CARTESIAN_POINT('Ctrl Pts',(79.0772293388824,69.1781412302043,120.678223064276));
#6767=CARTESIAN_POINT('Ctrl Pts',(79.9628130784993,69.1814957272722,121.660345434988));
#6768=CARTESIAN_POINT('Ctrl Pts',(80.8481375997019,69.185046699861,122.642653370704));
#6769=CARTESIAN_POINT('Ctrl Pts',(78.5962031432362,69.5331262769468,119.325719934222));
#6770=CARTESIAN_POINT('Ctrl Pts',(79.4771358506717,69.5373862333828,120.311919267719));
#6771=CARTESIAN_POINT('Ctrl Pts',(80.3575298627717,69.5418411734485,121.298548668477));
#6772=CARTESIAN_POINT('Ctrl Pts',(81.2372187385231,69.54638404967,122.285743660966));
#6773=CARTESIAN_POINT('Ctrl Pts',(78.7867104083428,69.6152736023548,119.152189969961));
#6774=CARTESIAN_POINT('Ctrl Pts',(79.6658170645859,69.6211859701237,120.139989769006));
#6775=CARTESIAN_POINT('Ctrl Pts',(80.5442108297323,69.6273270857137,121.128370329181));
#6776=CARTESIAN_POINT('Ctrl Pts',(81.4217154856897,69.6336826928472,122.117473968487));
#6777=CARTESIAN_POINT('',(78.0200495613871,68.1861752130921,119.861504393351));
#6778=CARTESIAN_POINT('Origin',(79.1313500154043,68.1861752130921,118.854026700843));
#6779=CARTESIAN_POINT('Ctrl Pts',(78.0200495613871,68.1861752130921,119.861504393351));
#6780=CARTESIAN_POINT('Ctrl Pts',(78.9084782586239,68.1959665067958,120.841487594908));
#6781=CARTESIAN_POINT('Ctrl Pts',(79.7969035617148,68.2064467835589,121.821467052545));
#6782=CARTESIAN_POINT('Ctrl Pts',(80.6853239970169,68.217778666792,122.801441140757));
#6783=CARTESIAN_POINT('Origin',(79.1313500154043,68.1861752130921,118.854026700843));
#6784=CARTESIAN_POINT('Origin',(79.1313500154043,68.1861752130921,118.854026700843));
#6785=CARTESIAN_POINT('Origin',(82.8421457016372,70.7823188467921,122.947227931542));
#6786=CARTESIAN_POINT('',(81.73084524762,67.7823188467921,123.95470562405));
#6787=CARTESIAN_POINT('Origin',(81.73084524762,70.7823188467921,123.95470562405));
#6788=CARTESIAN_POINT('',(82.8421457016371,69.2823188467921,122.947227931542));
#6789=CARTESIAN_POINT('Origin',(82.8421457016372,67.7823188467921,122.947227931542));
#6790=CARTESIAN_POINT('Origin',(82.8421457016371,70.7823188467921,122.947227931542));
#6791=CARTESIAN_POINT('Ctrl Pts',(84.7308310797086,71.5885716180502,117.081766028876));
#6792=CARTESIAN_POINT('Ctrl Pts',(84.5386953341923,71.5003774407799,117.259908584493));
#6793=CARTESIAN_POINT('Ctrl Pts',(84.1314144806552,71.2977313860862,117.721459537709));
#6794=CARTESIAN_POINT('Ctrl Pts',(83.7882197203844,71.1012234413455,118.236283328408));
#6795=CARTESIAN_POINT('Ctrl Pts',(83.5682100049639,70.9857143329542,118.509974826787));
#6796=CARTESIAN_POINT('Ctrl Pts',(85.036079517942,71.6111121800254,117.429788383238));
#6797=CARTESIAN_POINT('Ctrl Pts',(84.8564272545577,71.5302878505297,117.57907367861));
#6798=CARTESIAN_POINT('Ctrl Pts',(84.4586311479074,71.3403095579891,117.97588833559));
#6799=CARTESIAN_POINT('Ctrl Pts',(84.0774647064949,71.1388114766021,118.459949481564));
#6800=CARTESIAN_POINT('Ctrl Pts',(83.8295940945329,71.0136375054945,118.736557100106));
#6801=CARTESIAN_POINT('Ctrl Pts',(85.6729821702158,71.2684470610324,117.960276327865));
#6802=CARTESIAN_POINT('Ctrl Pts',(85.5085428137872,71.2243041609316,118.065379827353));
#6803=CARTESIAN_POINT('Ctrl Pts',(85.1115807980426,71.1151875191114,118.362045283709));
#6804=CARTESIAN_POINT('Ctrl Pts',(84.6462121310698,70.9707410357157,118.803500937996));
#6805=CARTESIAN_POINT('Ctrl Pts',(84.3431417034101,70.8544949763163,119.090373480185));
#6806=CARTESIAN_POINT('Ctrl Pts',(86.0623722758667,70.4984678023768,118.003194642888));
#6807=CARTESIAN_POINT('Ctrl Pts',(85.9126946512106,70.4926836876171,118.11861918775));
#6808=CARTESIAN_POINT('Ctrl Pts',(85.5497150672563,70.4872402143307,118.437426386452));
#6809=CARTESIAN_POINT('Ctrl Pts',(85.0785268884538,70.4735261564423,118.915503313027));
#6810=CARTESIAN_POINT('Ctrl Pts',(84.7519513895536,70.3978700278411,119.231182513041));
#6811=CARTESIAN_POINT('Ctrl Pts',(86.1446647885849,70.1690903317943,117.928590272374));
#6812=CARTESIAN_POINT('Ctrl Pts',(86.0019993266818,70.1718392914698,118.057927275557));
#6813=CARTESIAN_POINT('Ctrl Pts',(85.6625528090922,70.1943834783686,118.407339289443));
#6814=CARTESIAN_POINT('Ctrl Pts',(85.2113248076423,70.2320616611608,118.913955024521));
#6815=CARTESIAN_POINT('Ctrl Pts',(84.8846043161391,70.1743337148166,119.244699486367));
#6816=CARTESIAN_POINT('',(84.8846043161392,70.1743337148164,119.244699486367));
#6817=CARTESIAN_POINT('Origin',(83.9635950532637,69.5663485828411,118.228778221212));
#6818=CARTESIAN_POINT('Ctrl Pts',(84.8846043161391,70.1743337148166,119.244699486367));
#6819=CARTESIAN_POINT('Ctrl Pts',(85.2113248076423,70.2320616611608,118.913955024521));
#6820=CARTESIAN_POINT('Ctrl Pts',(85.6625528090922,70.1943834783686,118.407339289443));
#6821=CARTESIAN_POINT('Ctrl Pts',(86.0019993266818,70.1718392914698,118.057927275557));
#6822=CARTESIAN_POINT('Ctrl Pts',(86.1446647885849,70.1690903317943,117.928590272374));
#6823=CARTESIAN_POINT('Ctrl Pts',(82.8208899939628,70.578901959791,119.501304148359));
#6824=CARTESIAN_POINT('Ctrl Pts',(82.2528768480034,70.2566017678152,120.309941768302));
#6825=CARTESIAN_POINT('Ctrl Pts',(81.7286495539588,69.9326681016758,121.164607551847));
#6826=CARTESIAN_POINT('Ctrl Pts',(81.4217154833201,69.63368269283,122.117473965816));
#6827=CARTESIAN_POINT('Ctrl Pts',(83.030973547265,70.6032459161153,119.661855970377));
#6828=CARTESIAN_POINT('Ctrl Pts',(82.4468887595238,70.280703460827,120.439725872894));
#6829=CARTESIAN_POINT('Ctrl Pts',(81.904236852809,69.9575111618039,121.262861053714));
#6830=CARTESIAN_POINT('Ctrl Pts',(81.5688064088816,69.6596986019446,122.174070815403));
#6831=CARTESIAN_POINT('Ctrl Pts',(83.4881733187713,70.515142198398,119.954445299965));
#6832=CARTESIAN_POINT('Ctrl Pts',(82.8625172168176,70.2262178424141,120.67724952738));
#6833=CARTESIAN_POINT('Ctrl Pts',(82.2749742259885,69.9331777537889,121.442802605555));
#6834=CARTESIAN_POINT('Ctrl Pts',(81.8758246721442,69.6631191610535,122.276146110731));
#6835=CARTESIAN_POINT('Ctrl Pts',(83.894227643632,70.1786447613523,120.11030347926));
#6836=CARTESIAN_POINT('Ctrl Pts',(83.2481055040983,69.9736594876705,120.822946741231));
#6837=CARTESIAN_POINT('Ctrl Pts',(82.6316693437889,69.7641195404652,121.566565678849));
#6838=CARTESIAN_POINT('Ctrl Pts',(82.1775026305477,69.5690834438691,122.345708840872));
#6839=CARTESIAN_POINT('Ctrl Pts',(84.056568287532,69.9711198101632,120.143220421753));
#6840=CARTESIAN_POINT('Ctrl Pts',(83.4136387910845,69.8102056120192,120.865726494169));
#6841=CARTESIAN_POINT('Ctrl Pts',(82.7935822381587,69.648640630832,121.610273096327));
#6842=CARTESIAN_POINT('Ctrl Pts',(82.3193850751361,69.5000487567767,122.370595688572));
#6843=CARTESIAN_POINT('',(84.0565682869757,69.9711198101632,120.143220422257));
#6844=CARTESIAN_POINT('Ctrl Pts',(82.3193850751361,69.5000487567767,122.370595688572));
#6845=CARTESIAN_POINT('Ctrl Pts',(82.7935822381587,69.648640630832,121.610273096327));
#6846=CARTESIAN_POINT('Ctrl Pts',(83.4136387910845,69.8102056120192,120.865726494169));
#6847=CARTESIAN_POINT('Ctrl Pts',(84.056568287532,69.9711198101632,120.143220421753));
#6848=CARTESIAN_POINT('Origin',(83.2091267902773,69.1599207735343,119.208448240041));
#6849=CARTESIAN_POINT('Ctrl Pts',(83.568210004964,70.9857143329542,118.509974826787));
#6850=CARTESIAN_POINT('Ctrl Pts',(83.309153899855,70.8497051586899,118.832239929653));
#6851=CARTESIAN_POINT('Ctrl Pts',(83.0590548404452,70.7140406908032,119.162246758607));
#6852=CARTESIAN_POINT('Ctrl Pts',(82.8208899939628,70.578901959791,119.501304148359));
#6853=CARTESIAN_POINT('Ctrl Pts',(83.7969210833369,71.010147108927,118.708234315941));
#6854=CARTESIAN_POINT('Ctrl Pts',(83.5321823492952,70.8738893387266,119.018088333777));
#6855=CARTESIAN_POINT('Ctrl Pts',(83.2758771464065,70.7384862268268,119.335699318486));
#6856=CARTESIAN_POINT('Ctrl Pts',(83.030973547265,70.6032459161153,119.661855970377));
#6857=CARTESIAN_POINT('Ctrl Pts',(84.3038349141487,70.8786655632209,119.068410779321));
#6858=CARTESIAN_POINT('Ctrl Pts',(84.0232917889484,70.7576836387011,119.35634416229));
#6859=CARTESIAN_POINT('Ctrl Pts',(83.7505075427973,70.6362866079095,119.651377380962));
#6860=CARTESIAN_POINT('Ctrl Pts',(83.4881733159707,70.5151421847964,119.954445292478));
#6861=CARTESIAN_POINT('Ctrl Pts',(84.7298425684564,70.4351260800119,119.228929684153));
#6862=CARTESIAN_POINT('Ctrl Pts',(84.4442420751737,70.3500482556965,119.517600543568));
#6863=CARTESIAN_POINT('Ctrl Pts',(84.1651431695589,70.2645939802831,119.811496005716));
#6864=CARTESIAN_POINT('Ctrl Pts',(83.894227643632,70.1786447613523,120.11030347926));
#6865=CARTESIAN_POINT('Ctrl Pts',(84.8846043161395,70.1743337148166,119.244699486367));
#6866=CARTESIAN_POINT('Ctrl Pts',(84.6028255146214,70.1063604577845,119.540832293354));
#6867=CARTESIAN_POINT('Ctrl Pts',(84.3261451554438,70.0385902649765,119.84027752502));
#6868=CARTESIAN_POINT('Ctrl Pts',(84.056568287532,69.9711198101632,120.143220421753));
#6869=CARTESIAN_POINT('Ctrl Pts',(84.056568287532,69.9711198101632,120.143220421753));
#6870=CARTESIAN_POINT('Ctrl Pts',(84.3261451554438,70.0385902649765,119.84027752502));
#6871=CARTESIAN_POINT('Ctrl Pts',(84.6028255146214,70.1063604577845,119.540832293354));
#6872=CARTESIAN_POINT('Ctrl Pts',(84.8846043161395,70.1743337148166,119.244699486367));
#6873=CARTESIAN_POINT('Origin',(112.18212612831,70.7823188467921,96.3483224135618));
#6874=CARTESIAN_POINT('',(84.9040097836742,69.2823188467921,121.077992604474));
#6875=CARTESIAN_POINT('Origin',(84.9040097836742,70.7823188467921,121.077992604474));
#6876=CARTESIAN_POINT('',(85.8056135790164,69.2823188467921,120.260620751521));
#6877=CARTESIAN_POINT('',(112.18212612831,69.2823188467921,96.3483224135618));
#6878=CARTESIAN_POINT('Origin',(85.8056135790164,70.7823188467921,120.260620751521));
#6879=CARTESIAN_POINT('Origin',(112.18212612831,70.7823188467921,96.3483224135618));
#6880=CARTESIAN_POINT('',(112.18212612831,69.2823188467921,96.3483224135618));
#6881=CARTESIAN_POINT('Origin',(86.7682337101575,67.282318846792,129.511207894134));
#6882=CARTESIAN_POINT('',(78.0200495613871,61.0756391903525,119.861504393351));
#6883=CARTESIAN_POINT('',(78.0200495613871,67.282318846792,119.861504393351));
#6884=CARTESIAN_POINT('',(86.0965819151526,61.0756391903525,128.770340924789));
#6885=CARTESIAN_POINT('',(84.5493790781514,61.0756391903525,127.063695479434));
#6886=CARTESIAN_POINT('',(86.0965819151526,67.7823188467921,128.770340924789));
#6887=CARTESIAN_POINT('',(86.0965819151526,67.282318846792,128.770340924789));
#6888=CARTESIAN_POINT('',(82.3305244461453,67.7823188467921,124.616183064734));
#6889=CARTESIAN_POINT('',(83.7458006327252,66.6363056050536,126.177306532183));
#6890=CARTESIAN_POINT('Origin',(83.7458006327252,64.1188056050536,126.177306532183));
#6891=CARTESIAN_POINT('Origin',(79.1313500154043,67.282318846792,118.854026700843));
#6892=CARTESIAN_POINT('',(77.7595397584932,61.0756391903517,118.247284070864));
#6893=CARTESIAN_POINT('',(77.7595397584932,67.282318846792,118.247284070864));
#6894=CARTESIAN_POINT('Origin',(79.1313500154043,61.0756391903517,118.854026700843));
#6895=CARTESIAN_POINT('Origin',(77.3651085800845,67.282318846792,119.139070323308));
#6896=CARTESIAN_POINT('',(107.703385618838,80.7823188467921,50.5459674779912));
#6897=CARTESIAN_POINT('Ctrl Pts',(107.703385618838,80.7823188467921,50.5459674779912));
#6898=CARTESIAN_POINT('Ctrl Pts',(105.43219187522,76.9803626013407,55.6810061566432));
#6899=CARTESIAN_POINT('Ctrl Pts',(103.1662696922,73.159087887682,60.8041261395578));
#6900=CARTESIAN_POINT('Ctrl Pts',(100.908684395897,69.2923673469996,65.9083968998411));
#6901=CARTESIAN_POINT('Ctrl Pts',(100.90574911916,69.2873436633427,65.9150333920517));
#6902=CARTESIAN_POINT('Ctrl Pts',(100.902814148643,69.2823188467931,65.9216691919115));
#6903=CARTESIAN_POINT('',(107.829045023569,80.7823188467921,50.2618587772514));
#6904=CARTESIAN_POINT('',(89.8186996948058,80.7823188467921,90.9822156992164));
#6905=CARTESIAN_POINT('',(107.829045023569,61.0756391903517,50.2618587772514));
#6906=CARTESIAN_POINT('',(107.829045023569,72.2823188467921,50.2618587772514));
#6907=CARTESIAN_POINT('',(81.4995944102342,61.0756391903517,109.79123519748));
#6908=CARTESIAN_POINT('Ctrl Pts',(100.902814148642,69.2823188467921,65.9216691919139));
#6909=CARTESIAN_POINT('Ctrl Pts',(103.340728502371,73.6111718565119,60.4096847842351));
#6910=CARTESIAN_POINT('Ctrl Pts',(105.778642856101,77.9400248662317,54.8977003765564));
#6911=CARTESIAN_POINT('Ctrl Pts',(108.216557209831,82.2688778759515,49.3857159688776));
#6912=CARTESIAN_POINT('Ctrl Pts',(93.0598442578354,69.2823188467921,83.6541738969621));
#6913=CARTESIAN_POINT('Ctrl Pts',(98.1093789051773,73.6111718565119,76.8747577748788));
#6914=CARTESIAN_POINT('Ctrl Pts',(103.158913552519,77.9400248662317,70.0953416527954));
#6915=CARTESIAN_POINT('Ctrl Pts',(108.208448199861,82.2688778759515,63.3159255307121));
#6916=CARTESIAN_POINT('Ctrl Pts',(85.2168743670292,69.2823188467921,101.38667860201));
#6917=CARTESIAN_POINT('Ctrl Pts',(92.8780293079832,73.6111718565119,93.3398307655224));
#6918=CARTESIAN_POINT('Ctrl Pts',(100.539184248937,77.9400248662317,85.2929829290344));
#6919=CARTESIAN_POINT('Ctrl Pts',(108.200339189891,82.2688778759515,77.2461350925464));
#6920=CARTESIAN_POINT('Ctrl Pts',(77.373904476223,69.2823188467921,119.119183307059));
#6921=CARTESIAN_POINT('Ctrl Pts',(87.6466797107892,73.6111718565119,109.804903756166));
#6922=CARTESIAN_POINT('Ctrl Pts',(97.9194549453555,77.9400248662317,100.490624205273));
#6923=CARTESIAN_POINT('Ctrl Pts',(108.192230179922,82.2688778759516,91.1763446543809));
#6924=CARTESIAN_POINT('',(107.752966731526,81.6168123403398,53.6050943093052));
#6925=CARTESIAN_POINT('Ctrl Pts',(107.752966731526,81.6168123403398,53.6050943093052));
#6926=CARTESIAN_POINT('Ctrl Pts',(107.752230931899,81.6363471074559,54.0911382732065));
#6927=CARTESIAN_POINT('Ctrl Pts',(107.817840358688,81.7563071961008,54.5977095616816));
#6928=CARTESIAN_POINT('Ctrl Pts',(107.988917075096,81.9848221298457,55.0305869220029));
#6929=CARTESIAN_POINT('',(107.76296222792,81.5076914059099,51.1093799339202));
#6930=CARTESIAN_POINT('Ctrl Pts',(107.76296222792,81.5076914059099,51.1093799339202));
#6931=CARTESIAN_POINT('Ctrl Pts',(107.757266977414,81.5470936632543,51.9414748050294));
#6932=CARTESIAN_POINT('Ctrl Pts',(107.754225826999,81.58338457556,52.7733790806901));
#6933=CARTESIAN_POINT('Ctrl Pts',(107.752966731526,81.6168123403398,53.6050943093052));
#6934=CARTESIAN_POINT('Ctrl Pts',(100.902814148643,69.2823188467931,65.9216691919115));
#6935=CARTESIAN_POINT('Ctrl Pts',(100.905677519672,69.2875992669313,65.9151952743837));
#6936=CARTESIAN_POINT('Ctrl Pts',(100.908544306703,69.2928825989813,65.9087246209478));
#6937=CARTESIAN_POINT('Ctrl Pts',(103.107791498657,73.352113689293,60.9249388846919));
#6938=CARTESIAN_POINT('Ctrl Pts',(105.369371954664,77.4707998993686,56.0181848802681));
#6939=CARTESIAN_POINT('Ctrl Pts',(107.76296222792,81.50769140591,51.1093799339202));
#6940=CARTESIAN_POINT('Ctrl Pts',(114.724126867582,108.782318846792,59.3686014072302));
#6941=CARTESIAN_POINT('Ctrl Pts',(114.387527654698,109.455517272561,59.3686014072302));
#6942=CARTESIAN_POINT('Ctrl Pts',(113.828626904223,110.573318773512,59.5654150333585));
#6943=CARTESIAN_POINT('Ctrl Pts',(113.32680492434,111.576962733276,60.1962592705279));
#6944=CARTESIAN_POINT('Ctrl Pts',(113.224126867582,111.782318846792,60.6442019319738));
#6945=CARTESIAN_POINT('Ctrl Pts',(113.224126867582,111.782318846792,60.8686014072302));
#6946=CARTESIAN_POINT('Ctrl Pts',(114.724126867582,108.782318846792,59.3686014072302));
#6947=CARTESIAN_POINT('Ctrl Pts',(114.32341351891,109.391403136774,59.3686014072302));
#6948=CARTESIAN_POINT('Ctrl Pts',(113.658766263066,110.404210734961,59.6553257770627));
#6949=CARTESIAN_POINT('Ctrl Pts',(113.250527445433,111.207836065886,60.3820147474351));
#6950=CARTESIAN_POINT('Ctrl Pts',(113.224126867582,111.333519896279,60.7123715218395));
#6951=CARTESIAN_POINT('Ctrl Pts',(113.224126867582,111.333519896279,60.8686014072302));
#6952=CARTESIAN_POINT('Ctrl Pts',(114.724126867582,108.782318846792,59.3686014072302));
#6953=CARTESIAN_POINT('Ctrl Pts',(114.211213781282,109.279203399146,59.3686014072302));
#6954=CARTESIAN_POINT('Ctrl Pts',(113.359706622412,110.103478082888,59.7210211307535));
#6955=CARTESIAN_POINT('Ctrl Pts',(112.854340071723,110.563671607234,60.5374845542392));
#6956=CARTESIAN_POINT('Ctrl Pts',(112.847473166423,110.556573240881,60.7709444977607));
#6957=CARTESIAN_POINT('Ctrl Pts',(112.847473166423,110.556573240881,60.8686014072302));
#6958=CARTESIAN_POINT('Ctrl Pts',(114.724126867582,108.782318846792,59.3686014072302));
#6959=CARTESIAN_POINT('Ctrl Pts',(114.099014043654,109.167003661517,59.3686014072302));
#6960=CARTESIAN_POINT('Ctrl Pts',(113.061456712882,109.803607496122,59.6330985674307));
#6961=CARTESIAN_POINT('Ctrl Pts',(112.206803866816,110.236347795493,60.3341216920354));
#6962=CARTESIAN_POINT('Ctrl Pts',(112.060726080467,110.282318846792,60.6946041312483));
#6963=CARTESIAN_POINT('Ctrl Pts',(112.060726080467,110.282318846792,60.8686014072302));
#6964=CARTESIAN_POINT('Ctrl Pts',(114.724126867582,108.782318846792,59.3686014072302));
#6965=CARTESIAN_POINT('Ctrl Pts',(114.050928441813,109.118918059677,59.3686014072302));
#6966=CARTESIAN_POINT('Ctrl Pts',(112.933126940863,109.677818810152,59.5654150333585));
#6967=CARTESIAN_POINT('Ctrl Pts',(111.929482981099,110.179640790034,60.1962592705279));
#6968=CARTESIAN_POINT('Ctrl Pts',(111.724126867582,110.282318846792,60.6442019319738));
#6969=CARTESIAN_POINT('Ctrl Pts',(111.724126867582,110.282318846792,60.8686014072302));
#6970=CARTESIAN_POINT('',(113.224126867582,111.782318846792,60.8686014072302));
#6971=CARTESIAN_POINT('',(111.724126867582,110.282318846792,60.8686014072302));
#6972=CARTESIAN_POINT('Origin',(111.724126867582,111.782318846792,60.8686014072302));
#6973=CARTESIAN_POINT('',(114.724126867582,108.782318846792,59.3686014072302));
#6974=CARTESIAN_POINT('Origin',(114.724126867582,108.782318846792,60.8686014072302));
#6975=CARTESIAN_POINT('Origin',(114.724126867582,108.782318846792,60.8686014072302));
#6976=CARTESIAN_POINT('Origin',(111.724126867582,111.782318846792,61.5044241388497));
#6977=CARTESIAN_POINT('',(113.224126867582,111.782318846792,83.2456470870837));
#6978=CARTESIAN_POINT('',(111.724126867582,110.282318846792,83.2456470870837));
#6979=CARTESIAN_POINT('Origin',(111.724126867582,111.782318846792,83.2456470870837));
#6980=CARTESIAN_POINT('',(111.724126867582,110.282318846792,61.5044241388497));
#6981=CARTESIAN_POINT('',(113.224126867582,111.782318846792,61.5044241388497));
#6982=CARTESIAN_POINT('Origin',(114.724126867582,111.782318846792,83.2456470870837));
#6983=CARTESIAN_POINT('',(113.612826413565,111.782318846792,84.2531247795917));
#6984=CARTESIAN_POINT('',(112.501525959548,110.282318846792,85.2606024720996));
#6985=CARTESIAN_POINT('Origin',(112.501525959548,111.782318846792,85.2606024720996));
#6986=CARTESIAN_POINT('Origin',(114.724126867582,110.282318846792,83.2456470870837));
#6987=CARTESIAN_POINT('Origin',(114.724126867582,111.782318846792,83.2456470870837));
#6988=CARTESIAN_POINT('Ctrl Pts',(113.612826413565,111.782318846792,84.2531247795917));
#6989=CARTESIAN_POINT('Ctrl Pts',(113.763544723919,111.782318846792,84.4193749387475));
#6990=CARTESIAN_POINT('Ctrl Pts',(114.14047638591,111.576959398095,84.6822738024641));
#6991=CARTESIAN_POINT('Ctrl Pts',(114.935966032342,110.573314090821,84.8125933378417));
#6992=CARTESIAN_POINT('Ctrl Pts',(115.482229321357,109.455517272561,84.5830250066323));
#6993=CARTESIAN_POINT('Ctrl Pts',(115.73160456009,108.782318846792,84.356947541101));
#6994=CARTESIAN_POINT('Ctrl Pts',(113.612826413565,111.333519896279,84.2531247795917));
#6995=CARTESIAN_POINT('Ctrl Pts',(113.717758496521,111.333519896279,84.3688703413022));
#6996=CARTESIAN_POINT('Ctrl Pts',(113.959185682307,111.207844333029,84.5958958423621));
#6997=CARTESIAN_POINT('Ctrl Pts',(114.749708768866,110.404221569416,84.8600803320217));
#6998=CARTESIAN_POINT('Ctrl Pts',(115.434729275883,109.391403136774,84.6260873810192));
#6999=CARTESIAN_POINT('Ctrl Pts',(115.73160456009,108.782318846792,84.356947541101));
#7000=CARTESIAN_POINT('Ctrl Pts',(113.333771701091,110.556578217741,84.5061089269392));
#7001=CARTESIAN_POINT('Ctrl Pts',(113.399363139631,110.556578217741,84.5784597054935));
#7002=CARTESIAN_POINT('Ctrl Pts',(113.561258867394,110.563687689855,84.7468285790106));
#7003=CARTESIAN_POINT('Ctrl Pts',(114.484037618487,110.103492563753,85.0122748731527));
#7004=CARTESIAN_POINT('Ctrl Pts',(115.351604196306,109.279203399146,84.7014465361963));
#7005=CARTESIAN_POINT('Ctrl Pts',(115.73160456009,108.782318846792,84.356947541101));
#7006=CARTESIAN_POINT('Ctrl Pts',(112.750901198282,110.282318846792,85.0345250065683));
#7007=CARTESIAN_POINT('Ctrl Pts',(112.867766781021,110.282318846792,85.1634338410992));
#7008=CARTESIAN_POINT('Ctrl Pts',(113.218110400004,110.236354611879,85.3323908094011));
#7009=CARTESIAN_POINT('Ctrl Pts',(114.322133914018,109.803614683501,85.2777186643748));
#7010=CARTESIAN_POINT('Ctrl Pts',(115.268479116728,109.167003661517,84.7768056913735));
#7011=CARTESIAN_POINT('Ctrl Pts',(115.73160456009,108.782318846792,84.356947541101));
#7012=CARTESIAN_POINT('Ctrl Pts',(112.501525959548,110.282318846792,85.2606024720996));
#7013=CARTESIAN_POINT('Ctrl Pts',(112.652244269902,110.282318846792,85.4268526312554));
#7014=CARTESIAN_POINT('Ctrl Pts',(113.105247948084,110.179639122443,85.6207864738025));
#7015=CARTESIAN_POINT('Ctrl Pts',(114.272521423065,109.677816468806,85.4140559230906));
#7016=CARTESIAN_POINT('Ctrl Pts',(115.232854082623,109.118918059677,84.8091024721637));
#7017=CARTESIAN_POINT('Ctrl Pts',(115.73160456009,108.782318846792,84.356947541101));
#7018=CARTESIAN_POINT('',(115.73160456009,108.782318846792,84.356947541101));
#7019=CARTESIAN_POINT('Origin',(114.724126867582,108.782318846792,83.2456470870837));
#7020=CARTESIAN_POINT('Origin',(114.724126867582,108.782318846792,83.2456470870837));
#7021=CARTESIAN_POINT('Origin',(114.724126867582,115.282318846792,83.2456470870837));
#7022=CARTESIAN_POINT('',(113.224126867582,113.782318846792,83.2456470870837));
#7023=CARTESIAN_POINT('',(113.224126867582,115.282318846792,83.2456470870837));
#7024=CARTESIAN_POINT('',(115.73160456009,113.782318846792,84.356947541101));
#7025=CARTESIAN_POINT('Origin',(114.724126867582,113.782318846792,83.2456470870837));
#7026=CARTESIAN_POINT('',(115.73160456009,115.282318846792,84.356947541101));
#7027=CARTESIAN_POINT('Origin',(113.224126867582,115.282318846792,49.3686014072302));
#7028=CARTESIAN_POINT('',(113.224126867582,113.782318846792,60.8686014072302));
#7029=CARTESIAN_POINT('',(113.224126867582,105.782318846792,60.8686014072302));
#7030=CARTESIAN_POINT('',(113.224126867582,113.782318846792,51.8686014072302));
#7031=CARTESIAN_POINT('Origin',(114.724126867582,105.782318846792,60.8686014072302));
#7032=CARTESIAN_POINT('',(114.724126867582,113.782318846792,59.3686014072302));
#7033=CARTESIAN_POINT('',(114.724126867582,105.782318846792,59.3686014072302));
#7034=CARTESIAN_POINT('Origin',(114.724126867582,113.782318846792,60.8686014072302));
#7035=CARTESIAN_POINT('Origin',(127.974126774793,108.782318846792,60.8686014072302));
#7036=CARTESIAN_POINT('',(109.724126867582,110.282318846792,60.8686014072302));
#7037=CARTESIAN_POINT('',(127.974126774793,110.282318846792,60.8686014072302));
#7038=CARTESIAN_POINT('Origin',(109.724126867582,108.782318846792,60.8686014072302));
#7039=CARTESIAN_POINT('',(127.974126774793,108.782318846792,59.3686014072302));
#7040=CARTESIAN_POINT('Ctrl Pts',(115.73160456009,83.7823188467921,84.356947541101));
#7041=CARTESIAN_POINT('Ctrl Pts',(115.482229321357,83.1091204210228,84.5830250066323));
#7042=CARTESIAN_POINT('Ctrl Pts',(114.93596816517,81.9913185040727,84.8125994860974));
#7043=CARTESIAN_POINT('Ctrl Pts',(114.140477051354,80.9876746639142,84.6822772399494));
#7044=CARTESIAN_POINT('Ctrl Pts',(113.763544723919,80.7823188467921,84.4193749387475));
#7045=CARTESIAN_POINT('Ctrl Pts',(113.612826413565,80.7823188467921,84.2531247795917));
#7046=CARTESIAN_POINT('Ctrl Pts',(115.73160456009,83.7823188467921,84.356947541101));
#7047=CARTESIAN_POINT('Ctrl Pts',(115.434729275883,83.1732345568104,84.6260873810192));
#7048=CARTESIAN_POINT('Ctrl Pts',(114.749737483489,82.1604279209516,84.8600737525564));
#7049=CARTESIAN_POINT('Ctrl Pts',(113.959204030056,81.3568023625628,84.5958881385044));
#7050=CARTESIAN_POINT('Ctrl Pts',(113.717758496521,81.2311177973049,84.3688703413022));
#7051=CARTESIAN_POINT('Ctrl Pts',(113.612826413565,81.2311177973049,84.2531247795917));
#7052=CARTESIAN_POINT('Ctrl Pts',(115.73160456009,83.7823188467921,84.356947541101));
#7053=CARTESIAN_POINT('Ctrl Pts',(115.351604196306,83.2854342944386,84.7014465361964));
#7054=CARTESIAN_POINT('Ctrl Pts',(114.484048192122,82.4611608949516,85.0122659955218));
#7055=CARTESIAN_POINT('Ctrl Pts',(113.561258811854,82.0009675172371,84.7468042966518));
#7056=CARTESIAN_POINT('Ctrl Pts',(113.399367961185,82.0080648969937,84.5784553343909));
#7057=CARTESIAN_POINT('Ctrl Pts',(113.333776522646,82.0080648969937,84.5061045558366));
#7058=CARTESIAN_POINT('Ctrl Pts',(115.73160456009,83.7823188467921,84.356947541101));
#7059=CARTESIAN_POINT('Ctrl Pts',(115.268479116728,83.3976340320669,84.7768056913735));
#7060=CARTESIAN_POINT('Ctrl Pts',(114.322137459315,82.7610308354163,85.2777263547543));
#7061=CARTESIAN_POINT('Ctrl Pts',(113.218109598997,82.3282905043869,85.3323898891371));
#7062=CARTESIAN_POINT('Ctrl Pts',(112.867766781021,82.2823188467921,85.1634338410992));
#7063=CARTESIAN_POINT('Ctrl Pts',(112.750901198282,82.2823188467921,85.0345250065683));
#7064=CARTESIAN_POINT('Ctrl Pts',(115.73160456009,83.7823188467922,84.356947541101));
#7065=CARTESIAN_POINT('Ctrl Pts',(115.232854082623,83.4457196339075,84.8091024721637));
#7066=CARTESIAN_POINT('Ctrl Pts',(114.272521667167,82.8868186754324,85.4140637836186));
#7067=CARTESIAN_POINT('Ctrl Pts',(113.105247268271,82.3849967553532,85.6207911308649));
#7068=CARTESIAN_POINT('Ctrl Pts',(112.652244269902,82.2823188467921,85.4268526312554));
#7069=CARTESIAN_POINT('Ctrl Pts',(112.501525959548,82.2823188467921,85.2606024720996));
#7070=CARTESIAN_POINT('',(113.612826413565,80.7823188467921,84.2531247795917));
#7071=CARTESIAN_POINT('Origin',(112.501525959548,80.7823188467921,85.2606024720997));
#7072=CARTESIAN_POINT('',(115.73160456009,83.7823188467921,84.356947541101));
#7073=CARTESIAN_POINT('Origin',(114.724126867582,83.7823188467921,83.2456470870838));
#7074=CARTESIAN_POINT('Origin',(114.724126867582,83.7823188467921,83.2456470870838));
#7075=CARTESIAN_POINT('Origin',(114.724126867582,80.7823188467921,83.2456470870838));
#7076=CARTESIAN_POINT('',(113.224126867582,80.7823188467921,83.2456470870837));
#7077=CARTESIAN_POINT('Origin',(111.724126867582,80.7823188467921,83.2456470870837));
#7078=CARTESIAN_POINT('Origin',(114.724126867582,80.7823188467921,83.2456470870838));
#7079=CARTESIAN_POINT('Origin',(111.724126867582,80.7823188467921,78.4429469787764));
#7080=CARTESIAN_POINT('',(113.224126867582,80.7823188467921,60.8686014072302));
#7081=CARTESIAN_POINT('Origin',(111.724126867582,80.7823188467921,60.8686014072302));
#7082=CARTESIAN_POINT('',(113.224126867582,80.7823188467921,78.4429469787764));
#7083=CARTESIAN_POINT('Ctrl Pts',(113.224126867582,80.7823188467921,60.8686014072302));
#7084=CARTESIAN_POINT('Ctrl Pts',(113.224126867582,80.7823188467921,60.6442019319738));
#7085=CARTESIAN_POINT('Ctrl Pts',(113.326802665998,80.9876704436233,60.1962555588557));
#7086=CARTESIAN_POINT('Ctrl Pts',(113.828623735865,81.9913125833584,59.5654075797213));
#7087=CARTESIAN_POINT('Ctrl Pts',(114.387527654698,83.1091204210229,59.3686014072302));
#7088=CARTESIAN_POINT('Ctrl Pts',(114.724126867582,83.7823188467921,59.3686014072302));
#7089=CARTESIAN_POINT('Ctrl Pts',(113.224126867582,81.2311177973049,60.8686014072302));
#7090=CARTESIAN_POINT('Ctrl Pts',(113.224126867582,81.2311177973049,60.7123715218394));
#7091=CARTESIAN_POINT('Ctrl Pts',(113.250550791405,81.3568128292172,60.3820065526202));
#7092=CARTESIAN_POINT('Ctrl Pts',(113.65879818992,82.1604416140385,59.6553078308939));
#7093=CARTESIAN_POINT('Ctrl Pts',(114.32341351891,83.1732345568104,59.3686014072302));
#7094=CARTESIAN_POINT('Ctrl Pts',(114.724126867582,83.7823188467921,59.3686014072302));
#7095=CARTESIAN_POINT('Ctrl Pts',(112.847481337187,82.0080712589433,60.8686014072302));
#7096=CARTESIAN_POINT('Ctrl Pts',(112.847481337187,82.0080712589433,60.7709444977607));
#7097=CARTESIAN_POINT('Ctrl Pts',(112.854360358169,82.0009879207716,60.5375071942796));
#7098=CARTESIAN_POINT('Ctrl Pts',(113.359723695613,82.4611791337735,59.7210203365718));
#7099=CARTESIAN_POINT('Ctrl Pts',(114.211213781282,83.2854342944386,59.3686014072302));
#7100=CARTESIAN_POINT('Ctrl Pts',(114.724126867582,83.7823188467921,59.3686014072302));
#7101=CARTESIAN_POINT('Ctrl Pts',(112.060726080467,82.2823188467921,60.8686014072302));
#7102=CARTESIAN_POINT('Ctrl Pts',(112.060726080467,82.2823188467921,60.6946041312483));
#7103=CARTESIAN_POINT('Ctrl Pts',(112.206803914252,82.3282991467912,60.3341232729257));
#7104=CARTESIAN_POINT('Ctrl Pts',(113.061453540166,82.7610399050907,59.6330884599584));
#7105=CARTESIAN_POINT('Ctrl Pts',(114.099014043654,83.3976340320668,59.3686014072302));
#7106=CARTESIAN_POINT('Ctrl Pts',(114.724126867582,83.7823188467921,59.3686014072302));
#7107=CARTESIAN_POINT('Ctrl Pts',(111.724126867582,82.2823188467921,60.8686014072302));
#7108=CARTESIAN_POINT('Ctrl Pts',(111.724126867582,82.2823188467921,60.6442019319738));
#7109=CARTESIAN_POINT('Ctrl Pts',(111.929478464414,82.3849946452077,60.1962555588557));
#7110=CARTESIAN_POINT('Ctrl Pts',(112.933120604149,82.8868157150752,59.5654075797213));
#7111=CARTESIAN_POINT('Ctrl Pts',(114.050928441813,83.4457196339075,59.3686014072302));
#7112=CARTESIAN_POINT('Ctrl Pts',(114.724126867582,83.7823188467921,59.3686014072302));
#7113=CARTESIAN_POINT('Origin',(114.724126867582,83.7823188467921,60.8686014072302));
#7114=CARTESIAN_POINT('Origin',(113.224126867582,77.2823188467921,83.2456470870837));
#7115=CARTESIAN_POINT('',(113.224126867582,61.0756391903519,83.2456470870837));
#7116=CARTESIAN_POINT('',(113.224126867582,77.2823188467921,83.2456470870837));
#7117=CARTESIAN_POINT('',(113.224126867582,61.0756391903519,60.8686014072301));
#7118=CARTESIAN_POINT('',(113.224126867582,61.0756391903519,84.7942114779832));
#7119=CARTESIAN_POINT('',(113.224126867582,86.7823188467921,60.8686014072302));
#7120=CARTESIAN_POINT('Origin',(114.724126867582,77.2823188467921,83.2456470870838));
#7121=CARTESIAN_POINT('',(115.73160456009,61.0756391903517,84.356947541101));
#7122=CARTESIAN_POINT('',(115.73160456009,77.2823188467921,84.356947541101));
#7123=CARTESIAN_POINT('Origin',(114.724126867582,61.0756391903517,83.2456470870838));
#7124=CARTESIAN_POINT('Origin',(132.653536910204,83.7823188467921,66.9912843785367));
#7125=CARTESIAN_POINT('',(133.661014602712,83.7823188467921,68.1025848325539));
#7126=CARTESIAN_POINT('',(108.759842424575,82.5119567775008,89.7293096216836));
#7127=CARTESIAN_POINT('Origin',(108.224126867582,83.7823188467921,89.1383874145345));
#7128=CARTESIAN_POINT('Origin',(111.724126867582,111.782318846792,50.8686014072302));
#7129=CARTESIAN_POINT('',(111.724126867582,111.782318846792,49.3686014072302));
#7130=CARTESIAN_POINT('',(111.724126867582,110.282318846792,50.8686014072302));
#7131=CARTESIAN_POINT('Origin',(111.724126867582,111.782318846792,50.8686014072302));
#7132=CARTESIAN_POINT('',(113.224126867582,111.782318846792,50.8686014072302));
#7133=CARTESIAN_POINT('Origin',(111.724126867582,111.782318846792,50.8686014072302));
#7134=CARTESIAN_POINT('Origin',(111.724126867582,111.782318846792,50.8686014072302));
#7135=CARTESIAN_POINT('Origin',(111.724126867582,80.7823188467921,50.8686014072302));
#7136=CARTESIAN_POINT('',(113.224126867582,80.7823188467921,50.8686014072302));
#7137=CARTESIAN_POINT('Origin',(111.724126867582,80.7823188467921,50.8686014072302));
#7138=CARTESIAN_POINT('',(111.724126867582,80.7823188467921,49.3686014072302));
#7139=CARTESIAN_POINT('Origin',(111.724126867582,80.7823188467921,50.8686014072302));
#7140=CARTESIAN_POINT('Origin',(111.724126867582,80.7823188467921,50.8686014072302));
#7141=CARTESIAN_POINT('Origin',(111.724126867582,113.782318846792,50.8686014072302));
#7142=CARTESIAN_POINT('',(111.724126867582,115.282318846792,50.8686014072302));
#7143=CARTESIAN_POINT('',(111.724126867582,113.782318846792,49.3686014072302));
#7144=CARTESIAN_POINT('Origin',(111.724126867582,113.782318846792,50.8686014072302));
#7145=CARTESIAN_POINT('',(113.224126867582,113.782318846792,50.8686014072302));
#7146=CARTESIAN_POINT('Origin',(111.724126867582,113.782318846792,50.8686014072302));
#7147=CARTESIAN_POINT('Origin',(111.724126867582,113.782318846792,50.8686014072302));
#7148=CARTESIAN_POINT('Origin',(109.075195875749,80.7823188467921,51.15271010797));
#7149=CARTESIAN_POINT('Origin',(109.075195875749,80.7823188467921,51.15271010797));
#7150=CARTESIAN_POINT('Origin',(109.075195875749,80.7823188467921,51.15271010797));
#7151=CARTESIAN_POINT('Origin',(109.075195875749,80.7823188467921,51.15271010797));
#7152=CARTESIAN_POINT('Origin',(109.20085528048,80.7823188467921,50.8686014072302));
#7153=CARTESIAN_POINT('Origin',(109.20085528048,80.7823188467921,50.8686014072302));
#7154=CARTESIAN_POINT('',(109.20085528048,80.7823188467921,49.3686014072302));
#7155=CARTESIAN_POINT('Origin',(109.20085528048,80.7823188467921,50.8686014072302));
#7156=CARTESIAN_POINT('Origin',(109.20085528048,80.7823188467921,50.8686014072302));
#7157=CARTESIAN_POINT('Origin',(91.1905099517168,80.7823188467921,91.5889583291951));
#7158=CARTESIAN_POINT('Origin',(109.724126867582,113.782318846792,50.8686014072302));
#7159=CARTESIAN_POINT('',(109.724126867582,115.282318846792,50.8686014072302));
#7160=CARTESIAN_POINT('Origin',(109.724126867582,113.782318846792,50.8686014072302));
#7161=CARTESIAN_POINT('',(109.724126867582,113.782318846792,49.3686014072302));
#7162=CARTESIAN_POINT('Origin',(109.724126867582,113.782318846792,50.8686014072302));
#7163=CARTESIAN_POINT('Origin',(109.724126867582,113.782318846792,50.8686014072302));
#7164=CARTESIAN_POINT('Origin',(126.724126774793,113.782318846792,50.8686014072302));
#7165=CARTESIAN_POINT('',(126.724126774793,115.282318846792,50.8686014072302));
#7166=CARTESIAN_POINT('',(126.724126774793,113.782318846792,49.3686014072302));
#7167=CARTESIAN_POINT('Origin',(109.724126867582,96.2823188467921,50.8686014072302));
#7168=CARTESIAN_POINT('',(109.724126867582,111.782318846792,49.3686014072302));
#7169=CARTESIAN_POINT('Origin',(109.724126867582,111.782318846792,50.8686014072302));
#7170=CARTESIAN_POINT('',(109.724126867582,96.2823188467921,49.3686014072302));
#7171=CARTESIAN_POINT('Origin',(111.724126867582,61.0756391903521,50.8686014072295));
#7172=CARTESIAN_POINT('',(113.224126867582,61.0756391903521,50.8686014072302));
#7173=CARTESIAN_POINT('',(111.724126867582,61.0756391903514,49.3686014072302));
#7174=CARTESIAN_POINT('Origin',(111.724126867582,61.0756391903521,50.8686014072302));
#7175=CARTESIAN_POINT('',(112.784787039362,60.0149790185718,50.8686014072295));
#7176=CARTESIAN_POINT('Origin',(111.724126867582,61.0756391903521,50.8686014072295));
#7177=CARTESIAN_POINT('',(111.724126867582,60.0149790185719,49.8079412354501));
#7178=CARTESIAN_POINT('Origin',(111.724126867582,61.0756391903514,50.8686014072302));
#7179=CARTESIAN_POINT('Origin',(111.724126867582,61.0756391903514,50.8686014072302));
#7180=CARTESIAN_POINT('Origin',(109.20085528048,61.0756391903517,50.8686014072302));
#7181=CARTESIAN_POINT('',(108.230838945317,60.0149790185718,50.439569579137));
#7182=CARTESIAN_POINT('',(109.20085528048,60.0149790185719,49.8079412354501));
#7183=CARTESIAN_POINT('Origin',(109.20085528048,61.0756391903517,50.86860140723));
#7184=CARTESIAN_POINT('Origin',(109.20085528048,61.0756391903517,50.8686014072302));
#7185=CARTESIAN_POINT('',(109.20085528048,61.0756391903514,49.3686014072302));
#7186=CARTESIAN_POINT('Origin',(109.20085528048,61.0756391903514,50.8686014072302));
#7187=CARTESIAN_POINT('Origin',(109.20085528048,61.0756391903514,50.8686014072302));
#7188=CARTESIAN_POINT('Origin',(109.724126867582,113.782318846792,94.5273741998717));
#7189=CARTESIAN_POINT('',(109.724126867582,115.282318846792,94.5273741998717));
#7190=CARTESIAN_POINT('Origin',(109.724126867582,113.782318846792,94.5273741998717));
#7191=CARTESIAN_POINT('Origin',(109.724126867582,113.782318846792,94.5273741998717));
#7192=CARTESIAN_POINT('Origin',(109.724126867582,113.782318846792,51.8686014072302));
#7193=CARTESIAN_POINT('',(109.724126867582,115.282318846792,51.8686014072302));
#7194=CARTESIAN_POINT('Origin',(143.724126682003,113.782318846792,55.8686014072302));
#7195=CARTESIAN_POINT('',(143.724126682003,113.782318846792,54.3686014072302));
#7196=CARTESIAN_POINT('',(145.224126682003,113.782318846792,55.8686014072302));
#7197=CARTESIAN_POINT('Origin',(143.724126682003,113.782318846792,55.8686014072302));
#7198=CARTESIAN_POINT('',(143.724126682003,115.282318846792,55.8686014072302));
#7199=CARTESIAN_POINT('Origin',(143.724126682003,113.782318846792,55.8686014072302));
#7200=CARTESIAN_POINT('Origin',(143.724126682003,113.782318846792,55.8686014072302));
#7201=CARTESIAN_POINT('Origin',(137.224126728398,113.782318846792,55.8686014072302));
#7202=CARTESIAN_POINT('',(111.724126867582,115.282318846792,55.8686014072302));
#7203=CARTESIAN_POINT('',(137.224126728398,115.282318846792,55.8686014072302));
#7204=CARTESIAN_POINT('',(113.224126867582,113.782318846792,54.3686014072302));
#7205=CARTESIAN_POINT('',(137.224126728398,113.782318846792,54.3686014072302));
#7206=CARTESIAN_POINT('Origin',(111.724126867582,113.782318846792,55.8686014072302));
#7207=CARTESIAN_POINT('Origin',(79.1313500154043,61.0756391903525,118.854026700843));
#7208=CARTESIAN_POINT('',(78.3455419284332,60.0149790185717,119.566421009108));
#7209=CARTESIAN_POINT('',(78.1613336802416,60.0149790185719,118.424994872749));
#7210=CARTESIAN_POINT('Origin',(79.1313500154037,61.0756391903525,118.854026700842));
#7211=CARTESIAN_POINT('Origin',(79.1313500154043,61.0756391903525,118.854026700843));
#7212=CARTESIAN_POINT('Origin',(79.1313500154047,61.0756391903517,118.854026700842));
#7213=CARTESIAN_POINT('Origin',(143.724126682003,113.782318846792,63.7038095783711));
#7214=CARTESIAN_POINT('',(143.724126682003,115.282318846792,63.7038095783711));
#7215=CARTESIAN_POINT('',(145.224126682003,113.782318846792,63.7038095783711));
#7216=CARTESIAN_POINT('Origin',(143.724126682003,113.782318846792,63.7038095783711));
#7217=CARTESIAN_POINT('',(144.731604374511,113.782318846792,64.8151100323883));
#7218=CARTESIAN_POINT('Origin',(143.724126682003,113.782318846792,63.7038095783711));
#7219=CARTESIAN_POINT('Origin',(143.724126682003,113.782318846792,63.7038095783711));
#7220=CARTESIAN_POINT('Origin',(128.204672231388,113.782318846792,77.7733657477828));
#7221=CARTESIAN_POINT('',(129.212149923896,113.782318846792,78.8846662018));
#7222=CARTESIAN_POINT('',(128.204672231388,115.282318846792,77.7733657477828));
#7223=CARTESIAN_POINT('Origin',(143.724126682003,61.0756391903521,55.8686014072294));
#7224=CARTESIAN_POINT('',(145.224126682003,61.0756391903521,55.8686014072301));
#7225=CARTESIAN_POINT('',(143.724126682003,61.0756391903514,54.3686014072301));
#7226=CARTESIAN_POINT('Origin',(143.724126682003,61.0756391903521,55.8686014072301));
#7227=CARTESIAN_POINT('',(144.784786853782,60.0149790185718,55.8686014072294));
#7228=CARTESIAN_POINT('Origin',(143.724126682003,61.0756391903521,55.8686014072294));
#7229=CARTESIAN_POINT('',(143.724126682002,60.0149790185719,54.80794123545));
#7230=CARTESIAN_POINT('Origin',(143.724126682002,61.0756391903514,55.8686014072301));
#7231=CARTESIAN_POINT('Origin',(143.724126682003,61.0756391903514,55.8686014072301));
#7232=CARTESIAN_POINT('Origin',(87.2078823691699,61.0756391903517,127.762863232281));
#7233=CARTESIAN_POINT('',(87.9202766774367,60.0149790185719,128.548671319252));
#7234=CARTESIAN_POINT('',(86.4220742821999,60.0149790185717,128.475257540548));
#7235=CARTESIAN_POINT('Origin',(87.2078823691705,61.0756391903517,127.762863232281));
#7236=CARTESIAN_POINT('',(88.2153600616773,61.0756391903517,128.874163686299));
#7237=CARTESIAN_POINT('Origin',(87.2078823691699,61.0756391903517,127.762863232281));
#7238=CARTESIAN_POINT('Origin',(87.2078823691699,61.0756391903525,127.762863232281));
#7239=CARTESIAN_POINT('Origin',(87.2078823691704,61.0756391903525,127.762863232282));
#7240=CARTESIAN_POINT('Origin',(143.724126682003,61.0756391903521,63.7038095783711));
#7241=CARTESIAN_POINT('',(144.731604374511,61.0756391903521,64.8151100323883));
#7242=CARTESIAN_POINT('',(145.224126682003,61.0756391903521,63.7038095783711));
#7243=CARTESIAN_POINT('Origin',(143.724126682003,61.0756391903521,63.7038095783711));
#7244=CARTESIAN_POINT('',(144.436520990269,60.0149790185718,64.4896176653419));
#7245=CARTESIAN_POINT('Origin',(143.724126682003,61.0756391903521,63.7038095783711));
#7246=CARTESIAN_POINT('',(144.784786853782,60.0149790185718,63.703809578371));
#7247=CARTESIAN_POINT('Origin',(143.724126682003,61.0756391903521,63.703809578371));
#7248=CARTESIAN_POINT('Origin',(143.724126682003,61.0756391903521,63.7038095783711));
#7249=CARTESIAN_POINT('Origin',(90.1713502465502,61.0756391903517,125.076256052262));
#7250=CARTESIAN_POINT('',(91.2826507005675,61.0756391903517,124.068778359754));
#7251=CARTESIAN_POINT('',(90.9571583335215,60.0149790185719,124.363861743995));
#7252=CARTESIAN_POINT('Origin',(90.1713502465502,61.0756391903517,125.076256052262));
#7253=CARTESIAN_POINT('',(91.1788279390577,61.0756391903517,126.187556506279));
#7254=CARTESIAN_POINT('Origin',(90.1713502465502,61.0756391903517,125.076256052262));
#7255=CARTESIAN_POINT('',(90.8837445548165,60.0149790185719,125.862064139233));
#7256=CARTESIAN_POINT('Origin',(90.1713502465503,61.0756391903517,125.076256052262));
#7257=CARTESIAN_POINT('Origin',(90.1713502465503,61.0756391903517,125.076256052262));
#7258=CARTESIAN_POINT('Origin',(90.1713502465503,67.7823188467921,125.076256052262));
#7259=CARTESIAN_POINT('',(91.2826507005675,67.7823188467921,124.068778359754));
#7260=CARTESIAN_POINT('',(91.1788279390577,67.7823188467921,126.187556506279));
#7261=CARTESIAN_POINT('Origin',(90.1713502465502,67.7823188467921,125.076256052262));
#7262=CARTESIAN_POINT('',(90.1713502465503,69.2823188467921,125.076256052262));
#7263=CARTESIAN_POINT('Origin',(90.1713502465503,67.7823188467921,125.076256052262));
#7264=CARTESIAN_POINT('Origin',(90.1713502465503,67.7823188467921,125.076256052262));
#7265=CARTESIAN_POINT('Origin',(93.7342507363211,63.8726165198415,118.525268231793));
#7266=CARTESIAN_POINT('',(84.503052502266,58.954318846792,118.823827930457));
#7267=CARTESIAN_POINT('',(84.5764662809703,58.954318846792,117.325625535219));
#7268=CARTESIAN_POINT('Origin',(86.7870629844758,58.954318846792,118.184847400896));
#7269=CARTESIAN_POINT('',(86.0746686762087,60.0149790185718,117.399039313925));
#7270=CARTESIAN_POINT('',(93.0218564280549,64.9332766916219,117.739460144822));
#7271=CARTESIAN_POINT('',(86.0012548975045,60.0149790185719,118.897241709162));
#7272=CARTESIAN_POINT('Origin',(86.7870629844749,58.9543188467914,118.184847400896));
#7273=CARTESIAN_POINT('',(92.9484426493498,64.9332766916213,119.23766254006));
#7274=CARTESIAN_POINT('Origin',(85.8056135790164,67.7823188467921,120.260620751521));
#7275=CARTESIAN_POINT('',(86.9169140330336,67.7823188467921,119.253143059013));
#7276=CARTESIAN_POINT('Origin',(85.8056135790164,67.7823188467921,120.260620751521));
#7277=CARTESIAN_POINT('',(87.0207367945429,67.7823188467921,117.134364912488));
#7278=CARTESIAN_POINT('Origin',(88.0282144870508,67.7823188467921,118.245665366505));
#7279=CARTESIAN_POINT('Origin',(84.7981358865084,67.7823188467921,119.149320297504));
#7280=CARTESIAN_POINT('Origin',(88.0282144870508,72.2823188467921,118.245665366505));
#7281=CARTESIAN_POINT('',(86.9169140330336,61.0756391903517,119.253143059013));
#7282=CARTESIAN_POINT('',(87.0207367945429,61.0756391903521,117.134364912488));
#7283=CARTESIAN_POINT('Origin',(88.0282144870508,61.0756391903517,118.245665366505));
#7284=CARTESIAN_POINT('',(87.0207367945429,72.2823188467921,117.134364912488));
#7285=CARTESIAN_POINT('',(86.9169140330336,72.2823188467921,119.253143059013));
#7286=CARTESIAN_POINT('Origin',(83.3828597000185,67.7823188467921,117.588196830153));
#7287=CARTESIAN_POINT('',(84.4941601540357,67.7823188467921,116.580719137645));
#7288=CARTESIAN_POINT('',(83.3828597000185,69.2823188467921,117.588196830153));
#7289=CARTESIAN_POINT('Ctrl Pts',(87.0207367945429,61.0756391903519,117.134364912488));
#7290=CARTESIAN_POINT('Ctrl Pts',(87.0207367945428,60.9634394527236,117.134364912488));
#7291=CARTESIAN_POINT('Ctrl Pts',(86.9662195577506,60.7390681599236,117.149616792069));
#7292=CARTESIAN_POINT('Ctrl Pts',(86.6852754747486,60.3660246588041,117.228214416875));
#7293=CARTESIAN_POINT('Ctrl Pts',(86.330934053053,60.1339848115584,117.327345866158));
#7294=CARTESIAN_POINT('Ctrl Pts',(86.0746686762089,60.014979018572,117.399039313925));
#7295=CARTESIAN_POINT('Ctrl Pts',(86.6882364762313,61.0756391903519,117.435801533196));
#7296=CARTESIAN_POINT('Ctrl Pts',(86.6882364762313,60.9975242476566,117.435801533196));
#7297=CARTESIAN_POINT('Ctrl Pts',(86.6572784420818,60.8405366869658,117.450693973649));
#7298=CARTESIAN_POINT('Ctrl Pts',(86.4777239716928,60.5273774334206,117.52418874301));
#7299=CARTESIAN_POINT('Ctrl Pts',(86.1972729518535,60.2761493008917,117.602446600467));
#7300=CARTESIAN_POINT('Ctrl Pts',(85.9757190842281,60.1371266214445,117.653615751728));
#7301=CARTESIAN_POINT('Ctrl Pts',(86.3655957261074,61.075639190352,118.2366884821));
#7302=CARTESIAN_POINT('Ctrl Pts',(86.3655957261074,61.0268107356173,118.2366884821));
#7303=CARTESIAN_POINT('Ctrl Pts',(86.359991167817,60.9282190161139,118.234192869809));
#7304=CARTESIAN_POINT('Ctrl Pts',(86.2770430269971,60.6624071331908,118.219402741064));
#7305=CARTESIAN_POINT('Ctrl Pts',(86.0700460080149,60.3926038411653,118.198645524632));
#7306=CARTESIAN_POINT('Ctrl Pts',(85.8796735341387,60.2361631694748,118.182829093353));
#7307=CARTESIAN_POINT('Ctrl Pts',(86.6908365675023,61.0756391903519,119.003767820279));
#7308=CARTESIAN_POINT('Ctrl Pts',(86.6908365675022,60.988640552361,119.003767820279));
#7309=CARTESIAN_POINT('Ctrl Pts',(86.6559985993054,60.8142737594387,118.985259016398));
#7310=CARTESIAN_POINT('Ctrl Pts',(86.4579629783345,60.485941038279,118.890790109971));
#7311=CARTESIAN_POINT('Ctrl Pts',(86.1699447340457,60.2403738888442,118.778511071995));
#7312=CARTESIAN_POINT('Ctrl Pts',(85.9460652556815,60.1065897207263,118.699968530089));
#7313=CARTESIAN_POINT('Ctrl Pts',(86.9169140330336,61.0756391903519,119.253143059013));
#7314=CARTESIAN_POINT('Ctrl Pts',(86.9169140330336,60.9634394527237,119.253143059013));
#7315=CARTESIAN_POINT('Ctrl Pts',(86.8641491158514,60.7390681599237,119.232634220602));
#7316=CARTESIAN_POINT('Ctrl Pts',(86.5922352745661,60.3660246588041,119.126945870646));
#7317=CARTESIAN_POINT('Ctrl Pts',(86.2492832676393,60.1339848115584,118.993646177055));
#7318=CARTESIAN_POINT('Ctrl Pts',(86.0012548975042,60.014979018572,118.897241709162));
#7319=CARTESIAN_POINT('Origin',(83.7906581940005,61.0756391903521,118.038019843486));
#7320=CARTESIAN_POINT('Origin',(83.7906581940005,61.0756391903519,118.038019843486));
#7321=CARTESIAN_POINT('Origin',(108.691909959184,61.0756391903521,95.4631566926091));
#7322=CARTESIAN_POINT('',(109.404304267451,60.0149790185718,96.24896477958));
#7323=CARTESIAN_POINT('',(109.699387651692,61.0756391903521,96.5744571466264));
#7324=CARTESIAN_POINT('Origin',(84.090497793263,61.0756391903517,118.368758563828));
#7325=CARTESIAN_POINT('',(84.8763058802342,60.0149790185719,117.656364255561));
#7326=CARTESIAN_POINT('',(85.2017982472802,61.0756391903517,117.36128087132));
#7327=CARTESIAN_POINT('Origin',(105.39051753232,67.7823188467921,111.278932849954));
#7328=CARTESIAN_POINT('',(87.2078823691699,69.2823188467921,127.762863232282));
#7329=CARTESIAN_POINT('',(88.2153600616773,67.7823188467921,128.874163686299));
#7330=CARTESIAN_POINT('Origin',(87.2078823691699,67.7823188467921,127.762863232282));
#7331=CARTESIAN_POINT('',(106.397995224827,67.7823188467921,112.390233303972));
#7332=CARTESIAN_POINT('',(105.39051753232,69.2823188467921,111.278932849954));
#7333=CARTESIAN_POINT('Origin',(90.1713502465502,67.282318846792,125.076256052262));
#7334=CARTESIAN_POINT('',(91.1788279390577,67.282318846792,126.187556506279));
#7335=CARTESIAN_POINT('',(91.2826507005675,67.282318846792,124.068778359754));
#7336=CARTESIAN_POINT('Origin',(98.336584116444,61.0756391903517,117.673855604854));
#7337=CARTESIAN_POINT('',(99.0489784247102,60.0149790185719,118.459663691826));
#7338=CARTESIAN_POINT('',(99.3440618089515,61.0756391903517,118.785156058872));
#7339=CARTESIAN_POINT('Origin',(92.3354648184739,62.607735348323,125.182300354941));
#7340=CARTESIAN_POINT('',(89.3855421595783,58.954318846792,125.788650360528));
#7341=CARTESIAN_POINT('',(89.4589559382834,58.954318846792,124.29044796529));
#7342=CARTESIAN_POINT('Origin',(87.1749454560741,58.954318846792,124.929428494851));
#7343=CARTESIAN_POINT('',(93.1212729054452,61.5470751765432,124.469906046674));
#7344=CARTESIAN_POINT('',(93.0478591267401,61.5470751765432,125.968108441913));
#7345=CARTESIAN_POINT('Origin',(139.698856525994,57.0503690343473,61.919831772594));
#7346=CARTESIAN_POINT('',(143.375860818488,58.954318846792,64.0195388550777));
#7347=CARTESIAN_POINT('',(143.724126682002,58.954318846792,63.2337307681068));
#7348=CARTESIAN_POINT('Origin',(141.602806338441,58.954318846792,62.7636519578424));
#7349=CARTESIAN_POINT('',(140.759516697774,55.989708862567,61.919831772594));
#7350=CARTESIAN_POINT('',(140.41125083426,55.9897088625669,62.7056398595649));
#7351=CARTESIAN_POINT('Origin',(143.724126682003,61.0756391903521,63.136427218093));
#7352=CARTESIAN_POINT('',(144.784786853782,60.0149790185718,63.136427218093));
#7353=CARTESIAN_POINT('',(145.224126682003,61.0756391903521,63.136427218093));
#7354=CARTESIAN_POINT('Origin',(143.724126682003,77.2823188467921,63.7038095783711));
#7355=CARTESIAN_POINT('',(145.224126682003,77.2823188467921,63.7038095783711));
#7356=CARTESIAN_POINT('',(144.731604374511,77.2823188467921,64.8151100323883));
#7357=CARTESIAN_POINT('Origin',(87.2078823691699,67.282318846792,127.762863232281));
#7358=CARTESIAN_POINT('Origin',(87.2078823691699,67.7823188467921,127.762863232281));
#7359=CARTESIAN_POINT('',(88.2153600616773,67.282318846792,128.874163686299));
#7360=CARTESIAN_POINT('Origin',(85.6606795321686,61.0756391903525,126.056217786926));
#7361=CARTESIAN_POINT('',(84.8748714451981,60.0149790185717,126.768612095192));
#7362=CARTESIAN_POINT('Origin',(87.5700181631224,55.84361026897,120.372524205202));
#7363=CARTESIAN_POINT('',(86.4954880609065,58.954318846792,126.977055145309));
#7364=CARTESIAN_POINT('',(87.9936904561433,58.954318846792,127.050468924014));
#7365=CARTESIAN_POINT('Origin',(87.3547099265836,58.954318846792,124.766458441803));
#7366=CARTESIAN_POINT('',(88.2824124713886,54.7829500971902,121.158332292173));
#7367=CARTESIAN_POINT('',(86.7842100761519,54.7829500971892,121.084918513468));
#7368=CARTESIAN_POINT('Origin',(136.933618884007,54.2851313923629,62.6591092052146));
#7369=CARTESIAN_POINT('',(143.724126682002,58.954318846792,56.9292615790085));
#7370=CARTESIAN_POINT('',(142.663466510221,58.954318846792,55.8686014072292));
#7371=CARTESIAN_POINT('Origin',(141.602806338441,58.954318846792,57.9899217507882));
#7372=CARTESIAN_POINT('',(136.933618884007,53.2244712205834,61.5984490334344));
#7373=CARTESIAN_POINT('',(137.994279055786,53.2244712205825,62.6591092052146));
#7374=CARTESIAN_POINT('Origin',(124.741749488855,61.0756391903514,55.8686014072301));
#7375=CARTESIAN_POINT('',(113.845447211142,60.0149790185719,54.80794123545));
#7376=CARTESIAN_POINT('',(113.845447211142,61.0756391903514,54.3686014072301));
#7377=CARTESIAN_POINT('Origin',(113.845447211142,61.0756391903514,55.8686014072301));
#7378=CARTESIAN_POINT('',(124.741749488855,61.0756391903514,54.3686014072301));
#7379=CARTESIAN_POINT('',(124.741749488855,60.0149790185719,54.80794123545));
#7380=CARTESIAN_POINT('Ctrl Pts',(113.845447211142,60.0149790185719,54.80794123545));
#7381=CARTESIAN_POINT('Ctrl Pts',(113.417930601088,59.9080998660583,54.9148203879635));
#7382=CARTESIAN_POINT('Ctrl Pts',(112.891859670547,59.652728490862,55.0711088491108));
#7383=CARTESIAN_POINT('Ctrl Pts',(112.336499303277,59.2824882460153,55.2562289715341));
#7384=CARTESIAN_POINT('Ctrl Pts',(113.845447211142,60.1538191103893,54.6691011436326));
#7385=CARTESIAN_POINT('Ctrl Pts',(113.389974177495,60.0506868715145,54.7441098729437));
#7386=CARTESIAN_POINT('Ctrl Pts',(112.842084802672,59.78381616833,54.8554726763031));
#7387=CARTESIAN_POINT('Ctrl Pts',(112.283997266628,59.3874923193139,54.9937187882878));
#7388=CARTESIAN_POINT('Ctrl Pts',(113.845447211142,60.48669339541,54.4467604815794));
#7389=CARTESIAN_POINT('Ctrl Pts',(113.322856621013,60.4112099039398,54.4671340286832));
#7390=CARTESIAN_POINT('Ctrl Pts',(112.711807927195,60.150074427489,54.4975249275769));
#7391=CARTESIAN_POINT('Ctrl Pts',(112.109613201592,59.7362604493858,54.5388702520773));
#7392=CARTESIAN_POINT('Ctrl Pts',(113.845447211142,60.8792896495021,54.3686014072301));
#7393=CARTESIAN_POINT('Ctrl Pts',(113.243747224496,60.8540851015763,54.3685025471247));
#7394=CARTESIAN_POINT('Ctrl Pts',(112.546940547461,60.6350155334131,54.3690257292574));
#7395=CARTESIAN_POINT('Ctrl Pts',(111.852730067829,60.2500267169118,54.3686014072301));
#7396=CARTESIAN_POINT('Ctrl Pts',(113.845447211142,61.0756391903514,54.3686014072301));
#7397=CARTESIAN_POINT('Ctrl Pts',(113.204172296061,61.0756391903514,54.3686014072301));
#7398=CARTESIAN_POINT('Ctrl Pts',(112.464607357275,60.8774733622535,54.3686014072301));
#7399=CARTESIAN_POINT('Ctrl Pts',(111.724126867582,60.507233117407,54.3686014072301));
#7400=CARTESIAN_POINT('',(113.224126867582,61.0199302744491,54.3686014072301));
#7401=CARTESIAN_POINT('Origin',(111.724126867578,56.8329985032308,54.3686014072301));
#7402=CARTESIAN_POINT('',(112.336499303277,59.2824882460154,55.2562289715343));
#7403=CARTESIAN_POINT('Origin',(111.724126867578,56.8329985032308,55.8686014072301));
#7404=CARTESIAN_POINT('Ctrl Pts',(112.336499303277,59.2824882460153,55.2562289715341));
#7405=CARTESIAN_POINT('Ctrl Pts',(112.338336692906,59.2843256356446,55.2543915819048));
#7406=CARTESIAN_POINT('Ctrl Pts',(112.34017305831,59.2861651021021,55.2525552165029));
#7407=CARTESIAN_POINT('Ctrl Pts',(112.565226602115,59.5119801464384,55.0275016726525));
#7408=CARTESIAN_POINT('Ctrl Pts',(112.779306632898,59.7712081857402,54.8134216419142));
#7409=CARTESIAN_POINT('Ctrl Pts',(113.031510587869,60.2112356741779,54.5612176869429));
#7410=CARTESIAN_POINT('Ctrl Pts',(113.111313168651,60.3868505662605,54.4814151061614));
#7411=CARTESIAN_POINT('Ctrl Pts',(113.201710496779,60.7191211003486,54.3910177780334));
#7412=CARTESIAN_POINT('Ctrl Pts',(113.224126867582,60.867731319842,54.3686014072301));
#7413=CARTESIAN_POINT('Ctrl Pts',(113.224126867582,61.019930274449,54.3686014072301));
#7414=CARTESIAN_POINT('Origin',(143.724126682003,86.7823188467921,55.8686014072302));
#7415=CARTESIAN_POINT('',(143.724126682003,86.7823188467921,54.3686014072302));
#7416=CARTESIAN_POINT('',(145.224126682003,86.7823188467921,55.8686014072302));
#7417=CARTESIAN_POINT('Origin',(143.724126682003,113.782318846792,54.3686014072302));
#7418=CARTESIAN_POINT('',(145.224126682003,113.782318846792,54.3686014072302));
#7419=CARTESIAN_POINT('',(143.724126682003,115.282318846792,54.3686014072302));
#7420=CARTESIAN_POINT('Origin',(82.8714046671452,61.0756391903517,110.397977827459));
#7421=CARTESIAN_POINT('',(81.9013883319822,60.0149790185718,109.968945999366));
#7422=CARTESIAN_POINT('Origin',(83.5228035620814,57.346148879296,118.145315082027));
#7423=CARTESIAN_POINT('',(79.4102549763698,58.954318846792,118.223438594368));
#7424=CARTESIAN_POINT('',(79.5944632245612,58.954318846792,119.364864730727));
#7425=CARTESIAN_POINT('Origin',(81.6291926076611,58.954318846792,118.45091414408));
#7426=CARTESIAN_POINT('',(82.7369954751109,56.2854887075151,118.857709390293));
#7427=CARTESIAN_POINT('',(82.5527872269184,56.2854887075162,117.716283253934));
#7428=CARTESIAN_POINT('Origin',(111.724126867582,61.0756391903521,84.7942114779832));
#7429=CARTESIAN_POINT('',(113.224126867582,61.0756391903521,53.7472810636709));
#7430=CARTESIAN_POINT('',(112.784787039362,60.0149790185718,53.7472810636709));
#7431=CARTESIAN_POINT('Origin',(111.724126867582,61.0756391903521,53.7472810636709));
#7432=CARTESIAN_POINT('',(112.784787039362,60.0149790185718,84.7942114779832));
#7433=CARTESIAN_POINT('',(113.224126867582,61.0756391903521,84.7942114779832));
#7434=CARTESIAN_POINT('Ctrl Pts',(112.336499303277,59.2824882460155,55.2562289715344));
#7435=CARTESIAN_POINT('Ctrl Pts',(112.521619425701,59.652728490862,54.7008686042648));
#7436=CARTESIAN_POINT('Ctrl Pts',(112.677907886848,59.9080998660583,54.1747976737248));
#7437=CARTESIAN_POINT('Ctrl Pts',(112.784787039362,60.0149790185718,53.7472810636709));
#7438=CARTESIAN_POINT('Ctrl Pts',(112.599009486524,59.3874923193139,55.3087310081836));
#7439=CARTESIAN_POINT('Ctrl Pts',(112.737255598509,59.78381616833,54.7506434721397));
#7440=CARTESIAN_POINT('Ctrl Pts',(112.848618401868,60.0506868715146,54.2027540973177));
#7441=CARTESIAN_POINT('Ctrl Pts',(112.923627131179,60.1538191103892,53.7472810636709));
#7442=CARTESIAN_POINT('Ctrl Pts',(113.053857971337,59.7362604791857,55.4831150881197));
#7443=CARTESIAN_POINT('Ctrl Pts',(113.095203295838,60.1500744572891,54.8809203625174));
#7444=CARTESIAN_POINT('Ctrl Pts',(113.12559423346,60.4112099091877,54.2698716537998));
#7445=CARTESIAN_POINT('Ctrl Pts',(113.145967780564,60.4866934006578,53.7472810636709));
#7446=CARTESIAN_POINT('Ctrl Pts',(113.224126867582,60.2500267169118,55.739998206983));
#7447=CARTESIAN_POINT('Ctrl Pts',(113.223702545555,60.6350155334134,55.0457877273517));
#7448=CARTESIAN_POINT('Ctrl Pts',(113.224225727688,60.8540851015768,54.3489810503164));
#7449=CARTESIAN_POINT('Ctrl Pts',(113.224126867582,60.8792896495026,53.7472810636709));
#7450=CARTESIAN_POINT('Ctrl Pts',(113.224126867582,60.5072331174071,55.8686014072308));
#7451=CARTESIAN_POINT('Ctrl Pts',(113.224126867582,60.877473362254,55.1281209175378));
#7452=CARTESIAN_POINT('Ctrl Pts',(113.224126867582,61.0756391903521,54.388555978752));
#7453=CARTESIAN_POINT('Ctrl Pts',(113.224126867582,61.0756391903521,53.7472810636709));
#7454=CARTESIAN_POINT('Origin',(111.724126867582,56.832998503235,55.868601407226));
#7455=CARTESIAN_POINT('Origin',(113.224126867582,56.832998503235,55.868601407226));
#7456=CARTESIAN_POINT('Origin',(109.20085528048,72.2823188467921,50.8686014072302));
#7457=CARTESIAN_POINT('',(109.20085528048,72.2823188467921,49.3686014072302));
#7458=CARTESIAN_POINT('Origin',(112.741749558448,61.0756391903514,50.8686014072302));
#7459=CARTESIAN_POINT('',(112.741749558448,60.0149790185719,49.8079412354501));
#7460=CARTESIAN_POINT('',(112.741749558448,61.0756391903514,49.3686014072302));
#7461=CARTESIAN_POINT('Origin',(114.434176315256,53.0386235281799,58.905617069397));
#7462=CARTESIAN_POINT('',(109.891506564619,58.954318846792,50.8686014072293));
#7463=CARTESIAN_POINT('',(108.921490229456,58.954318846792,51.5002297509162));
#7464=CARTESIAN_POINT('Origin',(110.582157848758,58.954318846792,52.9899217507884));
#7465=CARTESIAN_POINT('',(113.464159980093,51.9779633564001,58.4765852413041));
#7466=CARTESIAN_POINT('',(114.434176315256,51.9779633564004,57.8449568976169));
#7467=CARTESIAN_POINT('Origin',(111.724126867582,113.782318846792,51.8686014072302));
#7468=CARTESIAN_POINT('',(113.224126867582,113.782318846792,51.8686014072302));
#7469=CARTESIAN_POINT('',(111.724126867582,115.282318846792,51.8686014072302));
#7470=CARTESIAN_POINT('Origin',(105.693865239741,55.0453775625168,56.8988630350613));
#7471=CARTESIAN_POINT('',(111.724126867581,58.954318846792,51.9292615790086));
#7472=CARTESIAN_POINT('',(110.663466695801,58.954318846792,50.8686014072293));
#7473=CARTESIAN_POINT('Origin',(109.60280652402,58.954318846792,52.9899217507884));
#7474=CARTESIAN_POINT('',(105.693865239741,53.9847173907373,55.8382028632812));
#7475=CARTESIAN_POINT('',(106.75452541152,53.9847173907364,56.8988630350613));
#7476=CARTESIAN_POINT('Origin',(111.724126867582,77.2823188467921,50.8686014072302));
#7477=CARTESIAN_POINT('',(111.724126867582,77.2823188467921,49.3686014072302));
#7478=CARTESIAN_POINT('',(113.224126867582,77.2823188467921,50.8686014072302));
#7479=CARTESIAN_POINT('Origin',(119.974126821188,80.7823188467921,50.8686014072302));
#7480=CARTESIAN_POINT('',(119.974126821188,80.7823188467921,49.3686014072302));
#7481=CARTESIAN_POINT('Ctrl Pts',(100.902814148643,69.2823188467931,65.9216691919115));
#7482=CARTESIAN_POINT('Ctrl Pts',(100.905677519672,69.2875992669313,65.9151952743837));
#7483=CARTESIAN_POINT('Ctrl Pts',(100.908544306703,69.2928825989813,65.9087246209478));
#7484=CARTESIAN_POINT('Ctrl Pts',(103.107791498657,73.352113689293,60.9249388846919));
#7485=CARTESIAN_POINT('Ctrl Pts',(105.369371954664,77.4707998993686,56.0181848802681));
#7486=CARTESIAN_POINT('Ctrl Pts',(107.76296222792,81.50769140591,51.1093799339202));
#7487=CARTESIAN_POINT('Ctrl Pts',(100.902814148643,69.2823188467931,65.9216691919115));
#7488=CARTESIAN_POINT('Ctrl Pts',(100.90582698391,69.2875830734938,65.9152410339306));
#7489=CARTESIAN_POINT('Ctrl Pts',(100.908475456655,69.2926476643297,65.9085237998082));
#7490=CARTESIAN_POINT('Ctrl Pts',(103.129320872965,73.2892618048994,60.8865993488126));
#7491=CARTESIAN_POINT('Ctrl Pts',(105.36995228083,77.3052584312322,55.8951455019123));
#7492=CARTESIAN_POINT('Ctrl Pts',(107.653819488064,81.2980933688105,50.9059215104324));
#7493=CARTESIAN_POINT('Ctrl Pts',(100.902814148643,69.2823188467931,65.9216691919115));
#7494=CARTESIAN_POINT('Ctrl Pts',(100.905737199945,69.2873770432884,65.9150603407107));
#7495=CARTESIAN_POINT('Ctrl Pts',(100.90862552286,69.292586049921,65.9085300083995));
#7496=CARTESIAN_POINT('Ctrl Pts',(103.148261520741,73.2230949354616,60.8448415814839));
#7497=CARTESIAN_POINT('Ctrl Pts',(105.387974440113,77.1406412242073,55.7809792391598));
#7498=CARTESIAN_POINT('Ctrl Pts',(107.632664826343,81.040525653116,50.7058631301652));
#7499=CARTESIAN_POINT('Ctrl Pts',(100.902814148643,69.2823188467931,65.9216691919115));
#7500=CARTESIAN_POINT('Ctrl Pts',(100.90574911916,69.2873436633427,65.9150333920517));
#7501=CARTESIAN_POINT('Ctrl Pts',(100.908684395897,69.2923673469996,65.9083968998411));
#7502=CARTESIAN_POINT('Ctrl Pts',(103.1662696922,73.159087887682,60.8041261395578));
#7503=CARTESIAN_POINT('Ctrl Pts',(105.43219187522,76.9803626013407,55.6810061566432));
#7504=CARTESIAN_POINT('Ctrl Pts',(107.703385618838,80.7823188467921,50.5459674779912));
#7505=CARTESIAN_POINT('Ctrl Pts',(107.76296222792,81.5076914059099,51.1093799339202));
#7506=CARTESIAN_POINT('Ctrl Pts',(107.757266977414,81.5470936632543,51.9414748050294));
#7507=CARTESIAN_POINT('Ctrl Pts',(107.754225826999,81.58338457556,52.7733790806901));
#7508=CARTESIAN_POINT('Ctrl Pts',(107.752966731526,81.6168123403398,53.6050943093052));
#7509=CARTESIAN_POINT('Ctrl Pts',(107.891773105691,81.7409705182453,51.1136332906014));
#7510=CARTESIAN_POINT('Ctrl Pts',(107.889526346889,81.7699056240899,51.9456300201938));
#7511=CARTESIAN_POINT('Ctrl Pts',(107.88880164739,81.7963999850201,52.7773970109206));
#7512=CARTESIAN_POINT('Ctrl Pts',(107.889328343005,81.8205714965386,53.6089714566206));
#7513=CARTESIAN_POINT('Ctrl Pts',(108.276580501654,82.1366635869537,51.1263396950366));
#7514=CARTESIAN_POINT('Ctrl Pts',(108.2715579283,82.145098567324,51.9576076430428));
#7515=CARTESIAN_POINT('Ctrl Pts',(108.267460656319,82.1526114363523,52.788691582215));
#7516=CARTESIAN_POINT('Ctrl Pts',(108.263897058215,82.1594918844219,53.6196215074147));
#7517=CARTESIAN_POINT('Ctrl Pts',(108.808827491354,82.2823188467921,51.1439145794631));
#7518=CARTESIAN_POINT('Ctrl Pts',(108.788944647892,82.2822441877402,51.9738126382688));
#7519=CARTESIAN_POINT('Ctrl Pts',(108.770676027788,82.2823705837423,52.8036891728262));
#7520=CARTESIAN_POINT('Ctrl Pts',(108.753796730589,82.2823188467921,53.6335507443822));
#7521=CARTESIAN_POINT('Ctrl Pts',(109.075195875749,82.2823188467921,51.15271010797));
#7522=CARTESIAN_POINT('Ctrl Pts',(109.047815219898,82.2823188467921,51.9819202068318));
#7523=CARTESIAN_POINT('Ctrl Pts',(109.022486474065,82.2823188467921,52.81119416875));
#7524=CARTESIAN_POINT('Ctrl Pts',(108.998906391479,82.2823188467921,53.6405199071355));
#7525=CARTESIAN_POINT('Origin',(108.998906391479,80.7823188467921,53.6405199071355));
#7526=CARTESIAN_POINT('Origin',(111.724126867582,115.282318846792,50.8686014072302));
#7527=CARTESIAN_POINT('',(111.724126867582,115.282318846792,49.3686014072302));
#7528=CARTESIAN_POINT('',(113.224126867582,115.282318846792,50.8686014072302));
#7529=CARTESIAN_POINT('Origin',(111.724126867582,83.7823188467921,52.8686014072302));
#7530=CARTESIAN_POINT('',(113.224126867582,80.7823188467921,52.8686014072302));
#7531=CARTESIAN_POINT('Origin',(111.724126867582,80.7823188467921,52.8686014072302));
#7532=CARTESIAN_POINT('',(111.724126867582,83.7823188467921,54.3686014072302));
#7533=CARTESIAN_POINT('Origin',(111.724126867582,83.7823188467921,52.8686014072302));
#7534=CARTESIAN_POINT('',(113.224126867582,81.1842426354388,54.3686014072302));
#7535=CARTESIAN_POINT('Ctrl Pts',(113.224126867582,81.1842426354388,54.3686014072302));
#7536=CARTESIAN_POINT('Ctrl Pts',(113.224126867582,81.3754007018455,54.3686014072302));
#7537=CARTESIAN_POINT('Ctrl Pts',(113.194945375385,81.5818923078974,54.3686014072302));
#7538=CARTESIAN_POINT('Ctrl Pts',(113.082255171297,81.9809066461787,54.3686014072302));
#7539=CARTESIAN_POINT('Ctrl Pts',(112.999173501345,82.1735498608529,54.3686014072302));
#7540=CARTESIAN_POINT('Ctrl Pts',(112.629995941865,82.8594839384861,54.3686014072302));
#7541=CARTESIAN_POINT('Ctrl Pts',(112.139774200704,83.3666715136707,54.3686014072302));
#7542=CARTESIAN_POINT('Ctrl Pts',(111.724126867582,83.7823188467921,54.3686014072302));
#7543=CARTESIAN_POINT('Origin',(113.224126867582,83.7823188467921,52.8686014072302));
#7544=CARTESIAN_POINT('Origin',(111.724126867582,80.7823188467921,78.4429469787764));
#7545=CARTESIAN_POINT('',(113.224126867582,80.7823188467921,78.4429469787764));
#7546=CARTESIAN_POINT('Origin',(111.724126867582,111.782318846792,61.5044241388497));
#7547=CARTESIAN_POINT('',(113.224126867582,111.782318846792,52.8686014072302));
#7548=CARTESIAN_POINT('',(111.724126867582,110.282318846792,52.8686014072302));
#7549=CARTESIAN_POINT('Origin',(111.724126867582,111.782318846792,52.8686014072302));
#7550=CARTESIAN_POINT('',(111.724126867582,110.282318846792,61.5044241388497));
#7551=CARTESIAN_POINT('',(113.224126867582,111.782318846792,61.5044241388497));
#7552=CARTESIAN_POINT('Origin',(111.724126867582,108.782318846792,52.8686014072302));
#7553=CARTESIAN_POINT('',(113.224126867582,111.380395058145,54.3686014072302));
#7554=CARTESIAN_POINT('',(111.724126867582,108.782318846792,54.3686014072302));
#7555=CARTESIAN_POINT('Ctrl Pts',(111.724126867582,108.782318846792,54.3686014072302));
#7556=CARTESIAN_POINT('Ctrl Pts',(112.139774200704,109.197966179914,54.3686014072302));
#7557=CARTESIAN_POINT('Ctrl Pts',(112.629995941865,109.705153755098,54.3686014072302));
#7558=CARTESIAN_POINT('Ctrl Pts',(112.999173501345,110.391087832731,54.3686014072302));
#7559=CARTESIAN_POINT('Ctrl Pts',(113.082255171297,110.583731047406,54.3686014072302));
#7560=CARTESIAN_POINT('Ctrl Pts',(113.194945375385,110.982745385687,54.3686014072302));
#7561=CARTESIAN_POINT('Ctrl Pts',(113.224126867582,111.189236991739,54.3686014072302));
#7562=CARTESIAN_POINT('Ctrl Pts',(113.224126867582,111.380395058145,54.3686014072302));
#7563=CARTESIAN_POINT('Origin',(111.724126867582,108.782318846792,52.8686014072302));
#7564=CARTESIAN_POINT('Origin',(113.224126867582,108.782318846792,52.8686014072302));
#7565=CARTESIAN_POINT('Origin',(117.474126821188,111.782318846792,50.8686014072302));
#7566=CARTESIAN_POINT('',(109.724126867582,110.282318846792,50.8686014072302));
#7567=CARTESIAN_POINT('Origin',(109.724126867582,111.782318846792,50.8686014072302));
#7568=CARTESIAN_POINT('',(117.474126821188,111.782318846792,49.3686014072302));
#7569=CARTESIAN_POINT('',(117.474126821188,110.282318846792,50.8686014072302));
#7570=CARTESIAN_POINT('Origin',(87.2078823691699,67.7823188467921,127.762863232281));
#7571=CARTESIAN_POINT('Origin',(87.2078823691699,67.7823188467921,127.762863232281));
#7572=CARTESIAN_POINT('Ctrl Pts',(108.162277936538,82.1622716041421,54.8888433379438));
#7573=CARTESIAN_POINT('Ctrl Pts',(108.152621826497,82.0842462593191,54.4069537807481));
#7574=CARTESIAN_POINT('Ctrl Pts',(108.229954691721,82.0815383275535,53.9923948428726));
#7575=CARTESIAN_POINT('Ctrl Pts',(108.345117339738,82.1322130359964,53.6219308303469));
#7576=CARTESIAN_POINT('Ctrl Pts',(108.097973696186,82.1094214301176,54.9354241863925));
#7577=CARTESIAN_POINT('Ctrl Pts',(108.024343241927,81.991344556055,54.4671227745364));
#7578=CARTESIAN_POINT('Ctrl Pts',(108.04126146822,81.967902517671,54.020154127916));
#7579=CARTESIAN_POINT('Ctrl Pts',(108.106891480857,82.0167407481974,53.6151573936062));
#7580=CARTESIAN_POINT('Ctrl Pts',(108.039836034327,82.049912626066,54.982958794217));
#7581=CARTESIAN_POINT('Ctrl Pts',(107.912530155175,81.8807920200094,54.5343915041697));
#7582=CARTESIAN_POINT('Ctrl Pts',(107.878275949453,81.8154216693166,54.0561967924718));
#7583=CARTESIAN_POINT('Ctrl Pts',(107.900235999607,81.8368703278682,53.6092815922303));
#7584=CARTESIAN_POINT('Ctrl Pts',(107.988917075096,81.9848221298457,55.0305869220029));
#7585=CARTESIAN_POINT('Ctrl Pts',(107.817840358688,81.7563071961008,54.5977095616816));
#7586=CARTESIAN_POINT('Ctrl Pts',(107.752230931899,81.6363471074559,54.0911382732065));
#7587=CARTESIAN_POINT('Ctrl Pts',(107.752966731526,81.6168123403398,53.6050943093052));
#7588=CARTESIAN_POINT('Origin',(109.724126867582,111.782318846792,50.8686014072302));
#7589=CARTESIAN_POINT('Origin',(109.724126867582,111.782318846792,50.8686014072302));
#7590=CARTESIAN_POINT('Origin',(83.9385099270271,59.704318846792,117.084457983899));
#7591=CARTESIAN_POINT('',(83.3828597000185,58.954318846792,117.588196830153));
#7592=CARTESIAN_POINT('Origin',(105.894256378574,59.704318846792,111.834583076963));
#7593=CARTESIAN_POINT('',(105.39051753232,58.954318846792,111.278932849954));
#7594=CARTESIAN_POINT('Origin',(82.886174673155,59.704318846792,124.112444218479));
#7595=CARTESIAN_POINT('',(83.4418249001646,58.954318846792,123.608705372224));
#7596=CARTESIAN_POINT('Origin',(86.3199853688393,59.704318846792,100.746771386641));
#7597=CARTESIAN_POINT('',(87.0058904972949,58.954318846792,101.050142701631));
#7598=CARTESIAN_POINT('Origin',(111.294617631043,58.954318846792,89.4399046506816));
#7599=CARTESIAN_POINT('',(112.259372249313,58.954318846792,50.8686014072293));
#7600=CARTESIAN_POINT('',(111.724126867581,58.954318846792,54.80794123545));
#7601=CARTESIAN_POINT('',(111.724126867581,58.954318846792,86.3427758688826));
#7602=CARTESIAN_POINT('',(112.784787039361,58.954318846792,55.8686014072292));
#7603=CARTESIAN_POINT('Origin',(113.845447211142,58.954318846792,53.7472810636702));
#7604=CARTESIAN_POINT('',(120.259372202918,58.954318846792,55.8686014072292));
#7605=CARTESIAN_POINT('',(143.724126682002,58.954318846792,71.9042530289558));
#7606=CARTESIAN_POINT('',(110.167170743293,58.954318846792,94.1257215055263));
#7607=CARTESIAN_POINT('',(111.724126867582,58.954318846792,83.2456470870837));
#7608=CARTESIAN_POINT('',(111.724126867582,58.954318846792,58.9292615790088));
#7609=CARTESIAN_POINT('',(111.724126867582,58.954318846792,86.3427758688826));
#7610=CARTESIAN_POINT('',(116.739082252598,58.954318846792,85.4682479951182));
#7611=CARTESIAN_POINT('Origin',(114.724126867582,58.954318846792,83.2456470870838));
#7612=CARTESIAN_POINT('',(141.375860818488,58.954318846792,63.1331497499334));
#7613=CARTESIAN_POINT('',(126.502996548007,58.954318846792,76.6165231455284));
#7614=CARTESIAN_POINT('',(141.724126682002,58.954318846792,62.3473416629618));
#7615=CARTESIAN_POINT('Origin',(139.602806338443,58.954318846792,61.8772628526982));
#7616=CARTESIAN_POINT('',(141.724126682002,58.954318846792,58.9292615790096));
#7617=CARTESIAN_POINT('',(141.724126682002,58.954318846792,74.4042530289559));
#7618=CARTESIAN_POINT('',(140.663466510222,58.954318846792,57.8686014072292));
#7619=CARTESIAN_POINT('Origin',(139.602806338443,58.954318846792,59.9899217507895));
#7620=CARTESIAN_POINT('',(112.784787039361,58.954318846792,57.8686014072293));
#7621=CARTESIAN_POINT('',(120.259372202918,58.954318846792,57.8686014072293));
#7622=CARTESIAN_POINT('Origin',(113.845447211142,58.954318846792,59.9899217507895));
#7623=CARTESIAN_POINT('Origin',(112.259372249313,59.704318846792,50.1186014072298));
#7624=CARTESIAN_POINT('Origin',(111.294617631043,69.2823188467921,89.4399046506816));
#7625=CARTESIAN_POINT('',(83.4418249001625,69.2823188467921,123.608705372226));
#7626=CARTESIAN_POINT('Origin',(83.4418249001625,67.7823188467921,123.608705372226));
#7627=CARTESIAN_POINT('Origin',(108.224126867582,77.2823188467921,97.9118923337081));
#7628=CARTESIAN_POINT('',(130.798895106189,105.138725307343,77.4461619979401));
#7629=CARTESIAN_POINT('Origin',(126.724126774793,105.138725307343,81.1402468704692));
#7630=CARTESIAN_POINT('',(118.945023596672,77.425912386241,88.1925907180246));
#7631=CARTESIAN_POINT('Origin',(114.870255265276,77.425912386241,91.8866755905537));
#7632=CARTESIAN_POINT('',(137.724126682114,91.1134807299343,71.1679171695723));
#7633=CARTESIAN_POINT('',(138.584491336641,90.5110469132257,70.3879317086428));
#7634=CARTESIAN_POINT('',(130.786576875016,95.9712054015694,77.4573294037245));
#7635=CARTESIAN_POINT('',(136.86376202759,90.5110469132271,71.9479026305002));
#7636=CARTESIAN_POINT('Origin',(137.724126682114,89.2823188467922,71.1679171695723));
#7637=CARTESIAN_POINT('',(126.320736471739,83.1287409434841,81.5059506099318));
#7638=CARTESIAN_POINT('',(120.724126682114,91.1134807299343,86.5796995644435));
#7639=CARTESIAN_POINT('',(121.584491336641,90.5110469132257,85.7997141035139));
#7640=CARTESIAN_POINT('',(123.505562529932,89.1658983822461,84.0581181508047));
#7641=CARTESIAN_POINT('',(119.86376202759,90.5110469132271,87.3596850253713));
#7642=CARTESIAN_POINT('Origin',(120.724126682114,89.2823188467922,86.5796995644435));
#7643=CARTESIAN_POINT('',(119.039722126655,89.9340479628074,88.1067393570119));
#7644=CARTESIAN_POINT('',(137.724126682114,108.113480729934,71.1679171695723));
#7645=CARTESIAN_POINT('',(138.584491336641,107.511046913226,70.3879317086428));
#7646=CARTESIAN_POINT('',(133.360680450229,111.168798674072,75.1237103353097));
#7647=CARTESIAN_POINT('',(136.86376202759,107.511046913227,71.9479026305002));
#7648=CARTESIAN_POINT('Origin',(137.724126682114,106.282318846792,71.1679171695723));
#7649=CARTESIAN_POINT('',(123.746632896525,98.3263342159876,83.8395696783467));
#7650=CARTESIAN_POINT('',(120.724126682114,108.113480729934,86.5796995644435));
#7651=CARTESIAN_POINT('',(121.584491336641,107.511046913226,85.7997141035139));
#7652=CARTESIAN_POINT('',(126.079666105146,104.363491654749,81.7244990823899));
#7653=CARTESIAN_POINT('',(119.86376202759,107.511046913227,87.3596850253713));
#7654=CARTESIAN_POINT('Origin',(120.724126682114,106.282318846792,86.5796995644435));
#7655=CARTESIAN_POINT('',(116.465618551442,105.131641235311,90.4403584254267));
#7656=CARTESIAN_POINT('',(142.652766615706,77.4259123862411,66.6997332778555));
#7657=CARTESIAN_POINT('Origin',(138.57799828431,77.4259123862411,70.3938181503846));
#7658=CARTESIAN_POINT('Origin',(109.724126867582,111.782318846792,61.5044241388497));
#7659=CARTESIAN_POINT('',(109.724126867582,110.282318846792,52.8686014072302));
#7660=CARTESIAN_POINT('',(109.724126867582,110.282318846792,61.5044241388497));
#7661=CARTESIAN_POINT('Origin',(109.724126867582,111.782318846792,52.8686014072302));
#7662=CARTESIAN_POINT('Origin',(126.724126774793,110.282318846792,73.6402468704692));
#7663=CARTESIAN_POINT('',(127.974126774793,110.282318846792,52.8686014072302));
#7664=CARTESIAN_POINT('Origin',(108.224126867582,115.282318846792,49.3686014072302));
#7665=CARTESIAN_POINT('Origin',(145.224126682003,115.282318846792,54.3686014072302));
#7666=CARTESIAN_POINT('',(114.724126867582,115.282318846792,57.8686014072302));
#7667=CARTESIAN_POINT('',(111.724126867582,115.282318846792,60.8686014072302));
#7668=CARTESIAN_POINT('Origin',(114.724126867582,115.282318846792,60.8686014072302));
#7669=CARTESIAN_POINT('',(138.724126682003,115.282318846792,57.8686014072302));
#7670=CARTESIAN_POINT('',(137.224126728398,115.282318846792,57.8686014072302));
#7671=CARTESIAN_POINT('',(141.724126682003,115.282318846792,60.8686014072302));
#7672=CARTESIAN_POINT('Origin',(138.724126682003,115.282318846792,60.8686014072302));
#7673=CARTESIAN_POINT('',(141.724126682003,115.282318846792,61.4878368155073));
#7674=CARTESIAN_POINT('',(141.724126682003,115.282318846792,58.2606150257983));
#7675=CARTESIAN_POINT('',(140.739082067019,115.282318846792,63.7104377235418));
#7676=CARTESIAN_POINT('Origin',(138.724126682003,115.282318846792,61.4878368155073));
#7677=CARTESIAN_POINT('',(116.739082252598,115.282318846792,85.4682479951182));
#7678=CARTESIAN_POINT('',(144.540498036101,115.282318846792,60.2641673877844));
#7679=CARTESIAN_POINT('',(111.724126867582,115.282318846792,83.2456470870837));
#7680=CARTESIAN_POINT('Origin',(114.724126867582,115.282318846792,83.2456470870837));
#7681=CARTESIAN_POINT('',(111.724126867582,115.282318846792,51.8686014072302));
#7682=CARTESIAN_POINT('Origin',(85.9094363405247,67.282318846792,118.141842604995));
#7683=CARTESIAN_POINT('',(88.9318694181389,66.6363056050536,121.475743967146));
#7684=CARTESIAN_POINT('Origin',(88.9318694181389,64.1188056050536,121.475743967146));
#7685=CARTESIAN_POINT('Origin',(92.2901283930757,67.282318846792,125.180078813771));
#7686=CARTESIAN_POINT('Origin',(145.224126682003,77.2823188467921,54.3686014072301));
#7687=CARTESIAN_POINT('Origin',(113.224126867582,77.2823188467921,49.3686014072302));
#7688=CARTESIAN_POINT('Origin',(109.724126867582,108.782318846792,52.8686014072302));
#7689=CARTESIAN_POINT('',(109.724126867582,108.782318846792,54.3686014072302));
#7690=CARTESIAN_POINT('Origin',(109.724126867582,108.782318846792,52.8686014072302));
#7691=CARTESIAN_POINT('Origin',(109.724126867582,108.782318846792,55.8686014072302));
#7692=CARTESIAN_POINT('Origin',(127.974126774793,108.782318846792,52.8686014072302));
#7693=CARTESIAN_POINT('',(127.974126774793,108.782318846792,54.3686014072302));
#7694=CARTESIAN_POINT('Origin',(109.724126867582,86.7823188467921,55.8686014072302));
#7695=CARTESIAN_POINT('',(109.724126867582,86.7823188467921,54.3686014072302));
#7696=CARTESIAN_POINT('Origin',(129.224126774793,96.2823188467921,59.3686014072302));
#7697=CARTESIAN_POINT('',(114.724126867582,61.0756391903519,59.3686014072301));
#7698=CARTESIAN_POINT('',(114.724126867582,86.7823188467921,59.3686014072302));
#7699=CARTESIAN_POINT('',(138.724126682003,61.0756391903519,59.3686014072301));
#7700=CARTESIAN_POINT('',(124.741749488855,61.0756391903519,59.3686014072301));
#7701=CARTESIAN_POINT('',(138.724126682003,86.7823188467921,59.3686014072302));
#7702=CARTESIAN_POINT('',(143.295053964695,108.090071220541,59.3686014072302));
#7703=CARTESIAN_POINT('',(143.295053964695,89.2823188467921,59.3686014072302));
#7704=CARTESIAN_POINT('',(138.724126682003,112.660998503233,59.3686014072302));
#7705=CARTESIAN_POINT('',(141.413466533421,109.971658651815,59.3686014072302));
#7706=CARTESIAN_POINT('',(138.724126682003,113.782318846792,59.3686014072302));
#7707=CARTESIAN_POINT('',(138.724126682003,105.782318846792,59.3686014072302));
#7708=CARTESIAN_POINT('',(137.224126728398,113.782318846792,59.3686014072302));
#7709=CARTESIAN_POINT('',(116.824126682114,89.2823188467921,59.3686014072302));
#7710=CARTESIAN_POINT('Origin',(120.724126682115,89.2823188467921,59.3686014072302));
#7711=CARTESIAN_POINT('',(116.824126682114,106.282318846792,59.3686014072302));
#7712=CARTESIAN_POINT('Origin',(120.724126682115,106.282318846792,59.3686014072302));
#7713=CARTESIAN_POINT('',(133.824126682115,89.2823188467921,59.3686014072302));
#7714=CARTESIAN_POINT('Origin',(137.724126682115,89.2823188467921,59.3686014072302));
#7715=CARTESIAN_POINT('',(133.824126682115,106.282318846792,59.3686014072302));
#7716=CARTESIAN_POINT('Origin',(137.724126682115,106.282318846792,59.3686014072302));
#7717=CARTESIAN_POINT('Origin',(127.974126774793,83.7823188467921,52.8686014072302));
#7718=CARTESIAN_POINT('',(127.974126774793,83.7823188467921,54.3686014072302));
#7719=CARTESIAN_POINT('Origin',(109.27474546105,54.383617096705,58.3179828137545));
#7720=CARTESIAN_POINT('',(109.27474546105,55.4442772684845,59.3786429855347));
#7721=CARTESIAN_POINT('',(108.214085289271,55.4442772684854,58.3179828137545));
#7722=CARTESIAN_POINT('Origin',(112.474126867582,59.704318846792,86.3427758688826));
#7723=CARTESIAN_POINT('Origin',(139.171596790034,59.3855283952012,61.6861531298258));
#7724=CARTESIAN_POINT('',(140.315200646709,60.0149790185719,62.6630709396696));
#7725=CARTESIAN_POINT('',(139.883991098301,60.4461885669808,62.4719612167973));
#7726=CARTESIAN_POINT('',(140.663466510223,60.014979018572,61.8772628526979));
#7727=CARTESIAN_POINT('Origin',(139.602806338443,58.9543188467924,61.8772628526981));
#7728=CARTESIAN_POINT('',(140.232256961815,60.4461885669805,61.6861531298258));
#7729=CARTESIAN_POINT('Origin',(138.724126682003,77.2823188467921,61.4878368155073));
#7730=CARTESIAN_POINT('',(140.224126682003,61.0756391903513,61.4878368155073));
#7731=CARTESIAN_POINT('',(140.224126682003,77.2823188467921,61.4878368155073));
#7732=CARTESIAN_POINT('',(139.731604374511,61.0756391903514,62.5991372695245));
#7733=CARTESIAN_POINT('Origin',(138.724126682003,61.0756391903513,61.4878368155073));
#7734=CARTESIAN_POINT('',(139.731604374511,77.2823188467921,62.5991372695245));
#7735=CARTESIAN_POINT('Ctrl Pts',(139.731604374511,61.0756391903513,62.5991372695245));
#7736=CARTESIAN_POINT('Ctrl Pts',(139.731604374511,60.6829401086528,62.5991372695245));
#7737=CARTESIAN_POINT('Ctrl Pts',(139.946344673216,60.2926592022068,62.6226623262773));
#7738=CARTESIAN_POINT('Ctrl Pts',(140.315200646709,60.014979018572,62.6630709396694));
#7739=CARTESIAN_POINT('Ctrl Pts',(140.040679346748,61.0756391903513,62.318937492123));
#7740=CARTESIAN_POINT('Ctrl Pts',(140.040679346749,60.7319575395884,62.318937492123));
#7741=CARTESIAN_POINT('Ctrl Pts',(140.180598468454,60.3724106938396,62.3470863409934));
#7742=CARTESIAN_POINT('Ctrl Pts',(140.479360823665,60.0764242178536,62.4313104699674));
#7743=CARTESIAN_POINT('Ctrl Pts',(140.224126682003,61.0756391903513,61.9050169369411));
#7744=CARTESIAN_POINT('Ctrl Pts',(140.224126682003,60.7319575395884,61.9050169369411));
#7745=CARTESIAN_POINT('Ctrl Pts',(140.338958163606,60.3724106938396,61.9897721677216));
#7746=CARTESIAN_POINT('Ctrl Pts',(140.602021310941,60.0764242178536,62.1545460409724));
#7747=CARTESIAN_POINT('Ctrl Pts',(140.224126682003,61.0756391903513,61.4878368155073));
#7748=CARTESIAN_POINT('Ctrl Pts',(140.224126682003,60.6829401086528,61.4878368155073));
#7749=CARTESIAN_POINT('Ctrl Pts',(140.385786326588,60.2926592022068,61.6311301632093));
#7750=CARTESIAN_POINT('Ctrl Pts',(140.663466510223,60.014979018572,61.8772628526978));
#7751=CARTESIAN_POINT('Origin',(141.724126682003,61.0756391903514,62.8174204732256));
#7752=CARTESIAN_POINT('Origin',(141.724126682003,61.0756391903513,62.8174204732256));
#7753=CARTESIAN_POINT('Origin',(119.099470281602,64.2083419172493,65.2439448212499));
#7754=CARTESIAN_POINT('',(113.845447211141,60.0149790185718,58.9292615790097));
#7755=CARTESIAN_POINT('',(119.099470281602,65.2690020890295,64.1832846494704));
#7756=CARTESIAN_POINT('',(112.784787039362,60.0149790185718,59.9899217507892));
#7757=CARTESIAN_POINT('Origin',(113.845447211141,58.9543188467917,59.9899217507892));
#7758=CARTESIAN_POINT('',(118.038810109822,65.2690020890294,65.2439448212499));
#7759=CARTESIAN_POINT('Origin',(114.724126867582,86.7823188467921,60.8686014072302));
#7760=CARTESIAN_POINT('Origin',(114.724126867582,61.0756391903519,60.8686014072301));
#7761=CARTESIAN_POINT('Ctrl Pts',(114.724126867582,61.0756391903519,59.3686014072301));
#7762=CARTESIAN_POINT('Ctrl Pts',(114.724126867582,60.9914893871307,59.3686014072301));
#7763=CARTESIAN_POINT('Ctrl Pts',(114.695577436102,60.8232382816978,59.3543266914899));
#7764=CARTESIAN_POINT('Ctrl Pts',(114.499113731614,60.4415149052576,59.2560948392459));
#7765=CARTESIAN_POINT('Ctrl Pts',(114.162795992439,60.1736534092203,59.0879359696583));
#7766=CARTESIAN_POINT('Ctrl Pts',(113.845447211141,60.0149790185718,58.9292615790097));
#7767=CARTESIAN_POINT('Ctrl Pts',(114.27532791707,61.0756391903519,59.3686014072301));
#7768=CARTESIAN_POINT('Ctrl Pts',(114.27532791707,61.0170529833304,59.3686014072301));
#7769=CARTESIAN_POINT('Ctrl Pts',(114.256215745767,60.8992160652815,59.362270520884));
#7770=CARTESIAN_POINT('Ctrl Pts',(114.123520847652,60.6029061304132,59.3192917578958));
#7771=CARTESIAN_POINT('Ctrl Pts',(113.865831731726,60.3224901940406,59.1992725403661));
#7772=CARTESIAN_POINT('Ctrl Pts',(113.601152005396,60.1371266214443,59.0514091818822));
#7773=CARTESIAN_POINT('Ctrl Pts',(113.498367801018,61.0756391903519,59.7452389491288));
#7774=CARTESIAN_POINT('Ctrl Pts',(113.498367801018,61.0390178493009,59.7452389491288));
#7775=CARTESIAN_POINT('Ctrl Pts',(113.495829526029,60.9649528286233,59.7409987650171));
#7776=CARTESIAN_POINT('Ctrl Pts',(113.468209139754,60.7392093880144,59.7014309857956));
#7777=CARTESIAN_POINT('Ctrl Pts',(113.34843691082,60.4447531486712,59.5650845496385));
#7778=CARTESIAN_POINT('Ctrl Pts',(113.174546853075,60.2361655864171,59.3789753692308));
#7779=CARTESIAN_POINT('Ctrl Pts',(113.224126867582,61.0756391903519,60.5320021943455));
#7780=CARTESIAN_POINT('Ctrl Pts',(113.224126867582,61.0103902118587,60.5320021943455));
#7781=CARTESIAN_POINT('Ctrl Pts',(113.21607254886,60.8795469849061,60.5107752983609));
#7782=CARTESIAN_POINT('Ctrl Pts',(113.15811089941,60.5612176619915,60.3610407888159));
#7783=CARTESIAN_POINT('Ctrl Pts',(113.027213303354,60.2849686115501,60.084778517807));
#7784=CARTESIAN_POINT('Ctrl Pts',(112.876397741516,60.1065897207262,59.8067003464804));
#7785=CARTESIAN_POINT('Ctrl Pts',(113.224126867582,61.0756391903519,60.8686014072301));
#7786=CARTESIAN_POINT('Ctrl Pts',(113.224126867582,60.9914893871307,60.8686014072301));
#7787=CARTESIAN_POINT('Ctrl Pts',(113.209852151842,60.8232382816978,60.8400519757495));
#7788=CARTESIAN_POINT('Ctrl Pts',(113.111620299598,60.4415149052576,60.6435882712616));
#7789=CARTESIAN_POINT('Ctrl Pts',(112.94346143001,60.1736534092204,60.3072705320864));
#7790=CARTESIAN_POINT('Ctrl Pts',(112.784787039362,60.0149790185718,59.9899217507892));
#7791=CARTESIAN_POINT('Origin',(111.724126867582,61.0756391903519,57.8686014072301));
#7792=CARTESIAN_POINT('Origin',(111.724126867582,61.0756391903519,57.8686014072301));
#7793=CARTESIAN_POINT('Origin',(134.18361888402,64.3735063012205,65.4091092052212));
#7794=CARTESIAN_POINT('',(140.663466510223,60.0149790185719,59.9899217507901));
#7795=CARTESIAN_POINT('',(135.2442790558,65.4341664729998,65.4091092052212));
#7796=CARTESIAN_POINT('',(139.602806338443,60.0149790185718,58.9292615790096));
#7797=CARTESIAN_POINT('Origin',(139.602806338442,58.9543188467927,59.9899217507901));
#7798=CARTESIAN_POINT('',(134.18361888402,65.4341664730007,64.3484490334417));
#7799=CARTESIAN_POINT('Origin',(138.724126682003,86.7823188467921,60.8686014072302));
#7800=CARTESIAN_POINT('',(140.224126682003,61.0756391903513,60.8686014072301));
#7801=CARTESIAN_POINT('Origin',(138.724126682003,61.0756391903519,60.8686014072301));
#7802=CARTESIAN_POINT('',(140.224126682003,86.7823188467921,60.8686014072302));
#7803=CARTESIAN_POINT('Ctrl Pts',(140.224126682003,61.0756391903514,60.8686014072301));
#7804=CARTESIAN_POINT('Ctrl Pts',(140.224126682003,60.9914893871303,60.8686014072301));
#7805=CARTESIAN_POINT('Ctrl Pts',(140.238401525026,60.8232383551955,60.8400517211851));
#7806=CARTESIAN_POINT('Ctrl Pts',(140.336633545318,60.4415150819305,60.6435876805999));
#7807=CARTESIAN_POINT('Ctrl Pts',(140.504792119575,60.1736534092202,60.3072705320871));
#7808=CARTESIAN_POINT('Ctrl Pts',(140.663466510223,60.0149790185716,59.9899217507902));
#7809=CARTESIAN_POINT('Ctrl Pts',(140.224126682003,61.0756391903514,60.4198024567173));
#7810=CARTESIAN_POINT('Ctrl Pts',(140.224126682003,61.0170529833298,60.4198024567173));
#7811=CARTESIAN_POINT('Ctrl Pts',(140.230457536762,60.8992198994116,60.4006900567222));
#7812=CARTESIAN_POINT('Ctrl Pts',(140.273435717942,60.6029117464321,60.2679950038072));
#7813=CARTESIAN_POINT('Ctrl Pts',(140.393455548867,60.3224901940404,60.0103062713741));
#7814=CARTESIAN_POINT('Ctrl Pts',(140.541318907351,60.1371266214442,59.745626545045));
#7815=CARTESIAN_POINT('Ctrl Pts',(139.847479790211,61.0756391903513,59.6428501291208));
#7816=CARTESIAN_POINT('Ctrl Pts',(139.847479790211,61.0390178493003,59.6428501291208));
#7817=CARTESIAN_POINT('Ctrl Pts',(139.851722808225,60.9649500956454,59.6403093122157));
#7818=CARTESIAN_POINT('Ctrl Pts',(139.891292121826,60.7392046129892,59.6126874083157));
#7819=CARTESIAN_POINT('Ctrl Pts',(140.027642398414,60.4447510765412,59.4929123814173));
#7820=CARTESIAN_POINT('Ctrl Pts',(140.213751578822,60.2361635142872,59.319022323673));
#7821=CARTESIAN_POINT('Ctrl Pts',(139.060725894888,61.0756391903514,59.3686014072301));
#7822=CARTESIAN_POINT('Ctrl Pts',(139.060725894888,61.0103902118582,59.3686014072301));
#7823=CARTESIAN_POINT('Ctrl Pts',(139.081953392705,60.8795467924714,59.3605466959645));
#7824=CARTESIAN_POINT('Ctrl Pts',(139.231688910481,60.5612170421773,59.3025845839314));
#7825=CARTESIAN_POINT('Ctrl Pts',(139.507949571426,60.2849686115499,59.1716878430024));
#7826=CARTESIAN_POINT('Ctrl Pts',(139.786027742752,60.1065897207261,59.0208722811646));
#7827=CARTESIAN_POINT('Ctrl Pts',(138.724126682003,61.0756391903514,59.3686014072301));
#7828=CARTESIAN_POINT('Ctrl Pts',(138.724126682003,60.9914893871303,59.3686014072301));
#7829=CARTESIAN_POINT('Ctrl Pts',(138.752676368048,60.8232383551955,59.3543265642076));
#7830=CARTESIAN_POINT('Ctrl Pts',(138.949140408633,60.4415150819305,59.256094543915));
#7831=CARTESIAN_POINT('Ctrl Pts',(139.285457557146,60.1736534092202,59.0879359696586));
#7832=CARTESIAN_POINT('Ctrl Pts',(139.602806338443,60.0149790185717,58.9292615790102));
#7833=CARTESIAN_POINT('Origin',(141.724126682003,61.0756391903513,57.8686014072301));
#7834=CARTESIAN_POINT('Origin',(141.724126682003,61.0756391903516,57.8686014072301));
#7835=CARTESIAN_POINT('Origin',(141.724126682003,61.0756391903513,66.886427218093));
#7836=CARTESIAN_POINT('',(140.663466510223,60.014979018572,66.886427218093));
#7837=CARTESIAN_POINT('',(140.224126682003,61.0756391903513,66.886427218093));
#7838=CARTESIAN_POINT('Origin',(124.741749488855,61.0756391903519,57.8686014072301));
#7839=CARTESIAN_POINT('',(124.741749488855,60.0149790185718,58.9292615790096));
#7840=CARTESIAN_POINT('Origin',(111.724126867582,61.0756391903519,84.7942114779832));
#7841=CARTESIAN_POINT('',(112.784787039362,60.0149790185718,83.2456470870837));
#7842=CARTESIAN_POINT('Origin',(111.724126867582,61.0756391903519,83.2456470870837));
#7843=CARTESIAN_POINT('',(112.784787039362,60.0149790185718,84.7942114779832));
#7844=CARTESIAN_POINT('Origin',(114.724126867582,61.0756391903517,83.2456470870838));
#7845=CARTESIAN_POINT('',(116.026687944332,60.0149790185719,84.6824399081469));
#7846=CARTESIAN_POINT('Origin',(116.739082252598,61.0756391903517,85.4682479951182));
#7847=CARTESIAN_POINT('Origin',(114.724126867582,60.0149790185719,83.2456470870838));
#7848=CARTESIAN_POINT('Origin',(133.867300461259,61.0756391903514,69.9402261219563));
#7849=CARTESIAN_POINT('',(132.859822768751,61.0756391903514,68.8289256679391));
#7850=CARTESIAN_POINT('',(133.154906152992,60.0149790185719,69.1544180349848));
#7851=CARTESIAN_POINT('Origin',(114.724126867582,59.704318846792,83.2456470870838));
#7852=CARTESIAN_POINT('',(115.73160456009,60.454318846792,84.356947541101));
#7853=CARTESIAN_POINT('',(113.224126867582,60.454318846792,83.2456470870837));
#7854=CARTESIAN_POINT('Origin',(125.999257701753,59.704318846792,76.0608729185201));
#7855=CARTESIAN_POINT('Origin',(140.974126682002,59.704318846792,74.4042530289559));
#7856=CARTESIAN_POINT('Origin',(138.724126682003,113.782318846792,60.8686014072302));
#7857=CARTESIAN_POINT('Origin',(138.724126682003,113.782318846792,57.8686014072302));
#7858=CARTESIAN_POINT('',(140.224126682003,113.782318846792,60.8686014072302));
#7859=CARTESIAN_POINT('Origin',(138.724126682003,113.782318846792,60.8686014072302));
#7860=CARTESIAN_POINT('Origin',(141.724126682003,113.782318846792,60.8686014072302));
#7861=CARTESIAN_POINT('Origin',(138.724126682003,113.782318846792,61.4878368155073));
#7862=CARTESIAN_POINT('',(140.224126682003,113.782318846792,61.4878368155073));
#7863=CARTESIAN_POINT('Origin',(141.724126682003,113.782318846792,61.4878368155073));
#7864=CARTESIAN_POINT('',(139.731604374511,113.782318846792,62.5991372695245));
#7865=CARTESIAN_POINT('Origin',(138.724126682003,113.782318846792,61.4878368155073));
#7866=CARTESIAN_POINT('Origin',(140.739082067019,113.782318846792,63.7104377235418));
#7867=CARTESIAN_POINT('Origin',(141.724126682003,113.782318846792,58.2606150257983));
#7868=CARTESIAN_POINT('',(140.224126682003,113.782318846792,58.2606150257983));
#7869=CARTESIAN_POINT('Origin',(138.724126682003,96.2823188467921,61.4878368155073));
#7870=CARTESIAN_POINT('',(140.224126682003,113.282318846792,61.4878368155073));
#7871=CARTESIAN_POINT('',(139.731604374511,113.774841154284,62.5991372695245));
#7872=CARTESIAN_POINT('Origin',(138.724126682003,114.782318846792,61.4878368155073));
#7873=CARTESIAN_POINT('',(139.731604374511,96.2823188467921,62.5991372695245));
#7874=CARTESIAN_POINT('',(140.224126682003,96.2823188467921,61.4878368155073));
#7875=CARTESIAN_POINT('Origin',(114.724126867582,113.782318846792,60.8686014072302));
#7876=CARTESIAN_POINT('Origin',(114.724126867582,113.782318846792,57.8686014072302));
#7877=CARTESIAN_POINT('Origin',(111.724126867582,113.782318846792,60.8686014072302));
#7878=CARTESIAN_POINT('Origin',(137.224126728398,113.782318846792,57.8686014072302));
#7879=CARTESIAN_POINT('Origin',(144.540498036101,113.782318846792,60.2641673877844));
#7880=CARTESIAN_POINT('Origin',(116.739082252598,113.782318846792,85.4682479951182));
#7881=CARTESIAN_POINT('',(143.533020343593,113.782318846792,59.1528669337672));
#7882=CARTESIAN_POINT('Origin',(114.724126867582,113.782318846792,83.2456470870837));
#7883=CARTESIAN_POINT('Origin',(111.724126867582,113.782318846792,83.2456470870837));
#7884=CARTESIAN_POINT('Origin',(111.724126867582,113.782318846792,51.8686014072302));
#7885=CARTESIAN_POINT('Ctrl Pts',(109.724126867582,110.282318846792,87.7785242620457));
#7886=CARTESIAN_POINT('Ctrl Pts',(109.498049402051,110.282318846792,88.4378120540915));
#7887=CARTESIAN_POINT('Ctrl Pts',(108.969805377647,110.007852284771,89.9782788834232));
#7888=CARTESIAN_POINT('Ctrl Pts',(108.716649175074,109.231117797305,90.7165337707242));
#7889=CARTESIAN_POINT('Ctrl Pts',(108.716649175074,108.782318846792,90.7165337707242));
#7890=CARTESIAN_POINT('Ctrl Pts',(109.275327917069,110.282318846792,87.7785242620457));
#7891=CARTESIAN_POINT('Ctrl Pts',(109.092537121284,110.352064814888,88.4370011043239));
#7892=CARTESIAN_POINT('Ctrl Pts',(108.70448743437,110.180159587648,90.0598467073906));
#7893=CARTESIAN_POINT('Ctrl Pts',(108.540034905224,109.295680696562,90.8766479292393));
#7894=CARTESIAN_POINT('Ctrl Pts',(108.540034905224,108.782318846792,90.8766479292393));
#7895=CARTESIAN_POINT('Ctrl Pts',(108.498386141351,110.658978405915,87.7785242620457));
#7896=CARTESIAN_POINT('Ctrl Pts',(108.443335542071,110.766564765715,88.5006327978461));
#7897=CARTESIAN_POINT('Ctrl Pts',(108.338136591433,110.568801984828,90.3133940690504));
#7898=CARTESIAN_POINT('Ctrl Pts',(108.299372117084,109.439222226327,91.2317743506947));
#7899=CARTESIAN_POINT('Ctrl Pts',(108.299372117084,108.782318846792,91.2317743506946));
#7900=CARTESIAN_POINT('Ctrl Pts',(108.224126867582,111.445719633908,87.7785242620458));
#7901=CARTESIAN_POINT('Ctrl Pts',(108.224699571445,111.477671078116,88.6313668458093));
#7902=CARTESIAN_POINT('Ctrl Pts',(108.224748760255,111.033764128158,90.661351535418));
#7903=CARTESIAN_POINT('Ctrl Pts',(108.224126867582,109.607729840865,91.6490427441269));
#7904=CARTESIAN_POINT('Ctrl Pts',(108.224126867582,108.782318846792,91.6490427441269));
#7905=CARTESIAN_POINT('Ctrl Pts',(108.224126867582,111.782318846792,87.7785242620458));
#7906=CARTESIAN_POINT('Ctrl Pts',(108.224126867582,111.782318846792,88.6871872928253));
#7907=CARTESIAN_POINT('Ctrl Pts',(108.224126867582,111.233385722749,90.810334839077));
#7908=CARTESIAN_POINT('Ctrl Pts',(108.224126867582,109.679916747818,91.8278342247414));
#7909=CARTESIAN_POINT('Ctrl Pts',(108.224126867582,108.782318846792,91.8278342247414));
#7910=CARTESIAN_POINT('',(109.724126867582,110.282318846792,87.7785242620459));
#7911=CARTESIAN_POINT('Origin',(109.724126867582,111.782318846792,87.7785242620458));
#7912=CARTESIAN_POINT('Origin',(109.724126867582,108.782318846792,87.7785242620459));
#7913=CARTESIAN_POINT('Origin',(109.724126867582,108.782318846792,60.8686014072302));
#7914=CARTESIAN_POINT('Origin',(109.724126867582,111.782318846792,60.8686014072302));
#7915=CARTESIAN_POINT('Origin',(109.724126867582,111.782318846792,61.5044241388497));
#7916=CARTESIAN_POINT('',(109.724126867582,110.282318846792,61.5044241388497));
#7917=CARTESIAN_POINT('Origin',(132.653536910204,108.782318846792,66.9912843785367));
#7918=CARTESIAN_POINT('',(133.661014602712,108.782318846792,68.1025848325539));
#7919=CARTESIAN_POINT('',(132.653536910204,110.282318846792,66.9912843785367));
#7920=CARTESIAN_POINT('Origin',(138.724126682003,105.782318846792,60.8686014072302));
#7921=CARTESIAN_POINT('',(140.224126682003,113.282318846792,60.8686014072302));
#7922=CARTESIAN_POINT('',(140.224126682003,105.782318846792,60.8686014072302));
#7923=CARTESIAN_POINT('Origin',(138.724126682003,112.660998503233,60.8686014072302));
#7924=CARTESIAN_POINT('Origin',(141.413466533421,109.971658651815,60.8686014072302));
#7925=CARTESIAN_POINT('',(141.64047571108,111.865969817716,60.8686014072302));
#7926=CARTESIAN_POINT('Origin',(141.64047571108,109.744649474156,60.8686014072302));
#7927=CARTESIAN_POINT('',(142.4741267052,111.032318823595,60.8686014072302));
#7928=CARTESIAN_POINT('Origin',(126.724126774793,110.282318846792,73.6402468704692));
#7929=CARTESIAN_POINT('Origin',(140.224126682003,115.282318846792,62.1526286443664));
#7930=CARTESIAN_POINT('',(140.224126682003,113.282318846792,67.8964377574178));
#7931=CARTESIAN_POINT('Origin',(141.724126682003,111.782318846792,67.8964377574178));
#7932=CARTESIAN_POINT('',(146.211768874195,107.2946766546,56.7243793194013));
#7933=CARTESIAN_POINT('Origin',(140.224126682003,77.2823188467921,62.1526286443664));
#7934=CARTESIAN_POINT('',(121.299189549511,104.896929840577,79.3095117574594));
#7935=CARTESIAN_POINT('',(123.365867799766,102.338725307343,77.435912023745));
#7936=CARTESIAN_POINT('Origin',(123.365867799766,105.138725307343,77.4359120237451));
#7937=CARTESIAN_POINT('',(121.935609411255,107.16680151875,78.732549144461));
#7938=CARTESIAN_POINT('Origin',(123.365867799766,105.138725307343,77.4359120237451));
#7939=CARTESIAN_POINT('',(121.584491336641,107.511046913226,79.0508641656881));
#7940=CARTESIAN_POINT('Origin',(120.724126682114,106.282318846792,79.8308496266176));
#7941=CARTESIAN_POINT('',(120.724126682114,108.113480729934,79.8308496266176));
#7942=CARTESIAN_POINT('',(137.363826738011,96.4622373172494,64.7457063103));
#7943=CARTESIAN_POINT('',(119.86376202759,107.511046913227,80.6108350875454));
#7944=CARTESIAN_POINT('',(127.749779184307,113.03289557281,73.4615656533368));
#7945=CARTESIAN_POINT('Origin',(120.724126682114,106.282318846792,79.8308496266176));
#7946=CARTESIAN_POINT('',(138.584491336641,107.511046913226,63.639081770817));
#7947=CARTESIAN_POINT('',(137.724126682114,108.113480729934,64.4190672317465));
#7948=CARTESIAN_POINT('',(144.644841083094,103.267544336573,58.1449175632199));
#7949=CARTESIAN_POINT('',(136.86376202759,107.511046913227,65.1990526926743));
#7950=CARTESIAN_POINT('',(135.030793529391,106.227588553487,66.8607769062567));
#7951=CARTESIAN_POINT('Origin',(137.724126682114,106.282318846792,64.4190672317465));
#7952=CARTESIAN_POINT('',(121.584491336641,90.5110469132257,79.0508641656881));
#7953=CARTESIAN_POINT('',(120.724126682114,91.1134807299343,79.8308496266176));
#7954=CARTESIAN_POINT('',(134.789723162797,81.2646440447462,67.0793253787148));
#7955=CARTESIAN_POINT('',(119.86376202759,90.5110469132271,80.6108350875454));
#7956=CARTESIAN_POINT('',(130.323882759521,97.8353023003073,71.1279465849221));
#7957=CARTESIAN_POINT('Origin',(120.724126682114,89.2823188467922,79.8308496266176));
#7958=CARTESIAN_POINT('',(138.584491336641,90.5110469132257,63.639081770817));
#7959=CARTESIAN_POINT('',(137.724126682114,91.1134807299343,64.4190672317465));
#7960=CARTESIAN_POINT('',(142.070737507881,88.0699510640694,60.4785366316348));
#7961=CARTESIAN_POINT('',(136.86376202759,90.5110469132271,65.1990526926743));
#7962=CARTESIAN_POINT('',(137.604897104604,91.029995280984,64.5271578378419));
#7963=CARTESIAN_POINT('Origin',(137.724126682114,89.2823188467922,64.4190672317465));
#7964=CARTESIAN_POINT('',(135.219739309283,74.6259123862411,66.6894833036605));
#7965=CARTESIAN_POINT('Origin',(135.219739309283,77.4259123862411,66.6894833036606));
#7966=CARTESIAN_POINT('Origin',(144.474126682002,59.704318846792,71.9042530289558));
#7967=CARTESIAN_POINT('Origin',(120.259372202918,59.704318846792,55.1186014072297));
#7968=CARTESIAN_POINT('Origin',(110.670909589548,59.704318846792,94.6813717325355));
#7969=CARTESIAN_POINT('Origin',(112.474126867582,59.704318846792,86.3427758688826));
#7970=CARTESIAN_POINT('Origin',(120.259372202918,59.704318846792,58.6186014072297));
#7971=CARTESIAN_POINT('Origin',(120.724126682115,91.7238680243151,54.3686014072302));
#7972=CARTESIAN_POINT('',(119.576973809412,90.9206229353701,57.1686014072302));
#7973=CARTESIAN_POINT('',(120.724126682115,91.7238680243151,57.1686014072302));
#7974=CARTESIAN_POINT('',(120.150550245763,91.3222454798426,57.1686014072302));
#7975=CARTESIAN_POINT('',(119.576973809412,90.9206229353701,54.3686014072302));
#7976=CARTESIAN_POINT('',(119.576973809412,90.92062293537,54.3686014072302));
#7977=CARTESIAN_POINT('',(120.724126682115,91.7238680243151,54.3686014072302));
#7978=CARTESIAN_POINT('',(124.6468051678,94.4705570699652,54.3686014072302));
#7979=CARTESIAN_POINT('',(120.724126682115,91.7238680243151,54.3686014072302));
#7980=CARTESIAN_POINT('Origin',(121.871279554817,90.9206229353701,54.3686014072302));
#7981=CARTESIAN_POINT('',(121.871279554817,90.9206229353701,57.1686014072302));
#7982=CARTESIAN_POINT('',(121.871279554817,90.9206229353701,57.1686014072302));
#7983=CARTESIAN_POINT('',(121.871279554817,90.9206229353701,54.3686014072302));
#7984=CARTESIAN_POINT('',(123.078610304102,90.0752408436079,54.3686014072302));
#7985=CARTESIAN_POINT('',(121.871279554817,90.9206229353701,54.3686014072302));
#7986=CARTESIAN_POINT('Origin',(137.724126682115,91.7238680243152,54.3686014072302));
#7987=CARTESIAN_POINT('',(136.576973809412,90.9206229353702,57.1686014072302));
#7988=CARTESIAN_POINT('',(137.724126682115,91.7238680243152,57.1686014072302));
#7989=CARTESIAN_POINT('',(137.150550245763,91.3222454798426,57.1686014072302));
#7990=CARTESIAN_POINT('',(136.576973809412,90.9206229353702,54.3686014072302));
#7991=CARTESIAN_POINT('',(136.576973809412,90.9206229353701,54.3686014072302));
#7992=CARTESIAN_POINT('',(137.724126682115,91.7238680243152,54.3686014072302));
#7993=CARTESIAN_POINT('',(135.943219558666,90.476863431625,54.3686014072302));
#7994=CARTESIAN_POINT('',(137.724126682115,91.7238680243152,54.3686014072302));
#7995=CARTESIAN_POINT('Origin',(138.871279554817,90.9206229353701,54.3686014072302));
#7996=CARTESIAN_POINT('',(138.871279554817,90.9206229353701,57.1686014072302));
#7997=CARTESIAN_POINT('',(138.871279554817,90.9206229353701,57.1686014072302));
#7998=CARTESIAN_POINT('',(138.871279554817,90.9206229353701,54.3686014072302));
#7999=CARTESIAN_POINT('',(134.375024694968,94.0689344819481,54.3686014072302));
#8000=CARTESIAN_POINT('',(138.871279554817,90.9206229353701,54.3686014072302));
#8001=CARTESIAN_POINT('Origin',(120.724126682114,108.723868024315,54.3686014072302));
#8002=CARTESIAN_POINT('',(119.576973809412,107.92062293537,57.1686014072302));
#8003=CARTESIAN_POINT('',(120.724126682114,108.723868024315,57.1686014072302));
#8004=CARTESIAN_POINT('',(120.150550245763,108.322245479843,57.1686014072302));
#8005=CARTESIAN_POINT('',(119.576973809412,107.92062293537,54.3686014072302));
#8006=CARTESIAN_POINT('',(119.576973809412,107.92062293537,54.3686014072302));
#8007=CARTESIAN_POINT('',(120.724126682114,108.723868024315,54.3686014072302));
#8008=CARTESIAN_POINT('',(120.653111529459,108.674142679099,54.3686014072302));
#8009=CARTESIAN_POINT('',(120.724126682114,108.723868024315,54.3686014072302));
#8010=CARTESIAN_POINT('Origin',(121.871279554817,107.92062293537,54.3686014072302));
#8011=CARTESIAN_POINT('',(121.871279554817,107.92062293537,57.1686014072302));
#8012=CARTESIAN_POINT('',(121.871279554817,107.92062293537,57.1686014072302));
#8013=CARTESIAN_POINT('',(121.871279554817,107.92062293537,54.3686014072302));
#8014=CARTESIAN_POINT('',(127.072303942442,104.278826452742,54.3686014072302));
#8015=CARTESIAN_POINT('',(121.871279554817,107.92062293537,54.3686014072302));
#8016=CARTESIAN_POINT('Origin',(137.724126682114,108.723868024315,54.3686014072302));
#8017=CARTESIAN_POINT('',(136.576973809412,107.92062293537,57.1686014072302));
#8018=CARTESIAN_POINT('',(137.724126682114,108.723868024315,57.1686014072302));
#8019=CARTESIAN_POINT('',(137.150550245763,108.322245479843,57.1686014072302));
#8020=CARTESIAN_POINT('',(136.576973809412,107.92062293537,54.3686014072302));
#8021=CARTESIAN_POINT('',(136.576973809412,107.92062293537,54.3686014072302));
#8022=CARTESIAN_POINT('',(137.724126682114,108.723868024315,54.3686014072302));
#8023=CARTESIAN_POINT('',(131.949525920326,104.680449040759,54.3686014072302));
#8024=CARTESIAN_POINT('',(137.724126682114,108.723868024315,54.3686014072302));
#8025=CARTESIAN_POINT('Origin',(138.871279554817,107.92062293537,54.3686014072302));
#8026=CARTESIAN_POINT('',(138.871279554817,107.92062293537,57.1686014072302));
#8027=CARTESIAN_POINT('',(138.871279554817,107.92062293537,57.1686014072302));
#8028=CARTESIAN_POINT('',(138.871279554817,107.92062293537,54.3686014072302));
#8029=CARTESIAN_POINT('',(138.368718333309,108.272520091082,54.3686014072302));
#8030=CARTESIAN_POINT('',(138.871279554817,107.92062293537,54.3686014072302));
#8031=CARTESIAN_POINT('Origin',(120.724126682115,89.2823188467921,54.3686014072302));
#8032=CARTESIAN_POINT('Origin',(120.724126682115,89.2823188467921,57.1686014072302));
#8033=CARTESIAN_POINT('Origin',(120.724126682115,89.2823188467921,54.3686014072302));
#8034=CARTESIAN_POINT('Origin',(120.724126682115,89.2823188467921,57.1686014072302));
#8035=CARTESIAN_POINT('',(116.824126682114,89.2823188467921,57.1686014072302));
#8036=CARTESIAN_POINT('Origin',(120.724126682115,89.2823188467921,57.1686014072302));
#8037=CARTESIAN_POINT('Origin',(137.724126682115,89.2823188467921,54.3686014072302));
#8038=CARTESIAN_POINT('Origin',(137.724126682115,89.2823188467921,57.1686014072302));
#8039=CARTESIAN_POINT('Origin',(137.724126682115,89.2823188467921,54.3686014072302));
#8040=CARTESIAN_POINT('Origin',(137.724126682115,89.2823188467921,57.1686014072302));
#8041=CARTESIAN_POINT('',(133.824126682115,89.2823188467921,57.1686014072302));
#8042=CARTESIAN_POINT('Origin',(137.724126682115,89.2823188467921,57.1686014072302));
#8043=CARTESIAN_POINT('Origin',(120.724126682115,106.282318846792,54.3686014072302));
#8044=CARTESIAN_POINT('Origin',(120.724126682115,106.282318846792,57.1686014072302));
#8045=CARTESIAN_POINT('Origin',(120.724126682115,106.282318846792,54.3686014072302));
#8046=CARTESIAN_POINT('Origin',(120.724126682115,106.282318846792,57.1686014072302));
#8047=CARTESIAN_POINT('',(116.824126682114,106.282318846792,57.1686014072302));
#8048=CARTESIAN_POINT('Origin',(120.724126682115,106.282318846792,57.1686014072302));
#8049=CARTESIAN_POINT('Origin',(137.724126682115,106.282318846792,54.3686014072302));
#8050=CARTESIAN_POINT('Origin',(137.724126682115,106.282318846792,57.1686014072302));
#8051=CARTESIAN_POINT('Origin',(137.724126682115,106.282318846792,54.3686014072302));
#8052=CARTESIAN_POINT('Origin',(137.724126682115,106.282318846792,57.1686014072302));
#8053=CARTESIAN_POINT('',(133.824126682115,106.282318846792,57.1686014072302));
#8054=CARTESIAN_POINT('Origin',(137.724126682115,106.282318846792,57.1686014072302));
#8055=CARTESIAN_POINT('Origin',(127.059952672295,105.138725307343,81.5106803551415));
#8056=CARTESIAN_POINT('',(123.355617825571,105.138725307343,84.868939330168));
#8057=CARTESIAN_POINT('',(130.764287519019,105.138725307343,78.1524213801151));
#8058=CARTESIAN_POINT('Origin',(127.059952672295,105.138725307343,81.5106803551415));
#8059=CARTESIAN_POINT('Origin',(127.059952672295,105.138725307343,81.5106803551415));
#8060=CARTESIAN_POINT('Origin',(131.134721003692,105.138725307343,77.8165954826124));
#8061=CARTESIAN_POINT('Origin',(127.059952672295,105.138725307343,81.5106803551415));
#8062=CARTESIAN_POINT('',(124.061877207746,105.138725307343,84.9035469173378));
#8063=CARTESIAN_POINT('Origin',(127.395778569798,105.138725307343,81.8811138398139));
#8064=CARTESIAN_POINT('Origin',(123.726051310244,105.138725307343,84.5331134326653));
#8065=CARTESIAN_POINT('Origin',(127.395778569798,105.138725307343,81.8811138398139));
#8066=CARTESIAN_POINT('',(127.395778569798,102.338725307343,81.8811138398139));
#8067=CARTESIAN_POINT('Origin',(127.395778569798,105.138725307343,81.8811138398139));
#8068=CARTESIAN_POINT('Origin',(138.913824181812,77.4259123862411,70.7642516350569));
#8069=CARTESIAN_POINT('',(135.209489335088,77.4259123862411,74.1225106100834));
#8070=CARTESIAN_POINT('',(142.618159028536,77.4259123862411,67.4059926600305));
#8071=CARTESIAN_POINT('Origin',(138.913824181812,77.4259123862411,70.764251635057));
#8072=CARTESIAN_POINT('Origin',(138.913824181812,77.4259123862411,70.764251635057));
#8073=CARTESIAN_POINT('Origin',(142.988592513209,77.4259123862411,67.0701667625278));
#8074=CARTESIAN_POINT('Origin',(138.913824181812,77.4259123862411,70.764251635057));
#8075=CARTESIAN_POINT('',(135.915748717263,77.4259123862411,74.1571181972532));
#8076=CARTESIAN_POINT('Origin',(139.249650079315,77.4259123862411,71.1346851197294));
#8077=CARTESIAN_POINT('Origin',(135.579922819761,77.4259123862411,73.7866847125808));
#8078=CARTESIAN_POINT('Origin',(139.249650079315,77.4259123862411,71.1346851197294));
#8079=CARTESIAN_POINT('',(139.249650079315,74.6259123862411,71.1346851197294));
#8080=CARTESIAN_POINT('Origin',(139.249650079315,77.4259123862411,71.1346851197294));
#8081=CARTESIAN_POINT('Origin',(115.206081162778,77.425912386241,92.2571090752261));
#8082=CARTESIAN_POINT('',(111.501746316054,77.425912386241,95.6153680502525));
#8083=CARTESIAN_POINT('',(118.910416009502,77.425912386241,88.8988501001996));
#8084=CARTESIAN_POINT('Origin',(115.206081162778,77.425912386241,92.2571090752261));
#8085=CARTESIAN_POINT('Origin',(115.206081162778,77.425912386241,92.2571090752261));
#8086=CARTESIAN_POINT('Origin',(119.280849494175,77.425912386241,88.563024202697));
#8087=CARTESIAN_POINT('Origin',(115.206081162778,77.425912386241,92.2571090752261));
#8088=CARTESIAN_POINT('',(112.208005698229,77.425912386241,95.6499756374223));
#8089=CARTESIAN_POINT('Origin',(115.541907060281,77.425912386241,92.6275425598985));
#8090=CARTESIAN_POINT('Origin',(111.872179800727,77.425912386241,95.2795421527499));
#8091=CARTESIAN_POINT('Origin',(115.541907060281,77.425912386241,92.6275425598985));
#8092=CARTESIAN_POINT('',(115.541907060281,74.625912386241,92.6275425598985));
#8093=CARTESIAN_POINT('Origin',(115.541907060281,77.425912386241,92.6275425598985));
#8094=CARTESIAN_POINT('Origin',(140.224126682003,77.2823188467921,59.3686014072302));
#8095=CARTESIAN_POINT('Origin',(86.5240517677683,64.1188056050536,123.658612300913));
#8096=CARTESIAN_POINT('',(86.5240517677683,66.6363056050536,123.658612300913));
#8097=CARTESIAN_POINT('Origin',(138.57799828431,77.4259123862411,70.3938181503846));
#8098=CARTESIAN_POINT('',(138.57799828431,74.6259123862411,70.3938181503846));
#8099=CARTESIAN_POINT('Origin',(126.724126774793,105.138725307343,81.1402468704691));
#8100=CARTESIAN_POINT('',(126.724126774793,102.338725307343,81.1402468704691));
#8101=CARTESIAN_POINT('Ctrl Pts',(121.935609411255,107.16680151875,78.732549144461));
#8102=CARTESIAN_POINT('Ctrl Pts',(121.971162784156,107.118103790013,78.8479347158309));
#8103=CARTESIAN_POINT('Ctrl Pts',(122.005152988233,107.065404953789,78.9620931030353));
#8104=CARTESIAN_POINT('Ctrl Pts',(122.087582816413,106.916378979689,79.2520361067588));
#8105=CARTESIAN_POINT('Ctrl Pts',(122.132171877931,106.813775452106,79.4223245788685));
#8106=CARTESIAN_POINT('Ctrl Pts',(122.199795425033,106.578022395003,79.7317955222102));
#8107=CARTESIAN_POINT('Ctrl Pts',(122.224126682114,106.446833728262,79.872182767572));
#8108=CARTESIAN_POINT('Ctrl Pts',(122.224126682114,106.204946930256,80.0333252864286));
#8109=CARTESIAN_POINT('Ctrl Pts',(122.217727292095,106.114516453709,80.0796835495435));
#8110=CARTESIAN_POINT('Ctrl Pts',(122.184684041403,105.927674407555,80.1356060145795));
#8111=CARTESIAN_POINT('Ctrl Pts',(122.157673568434,105.831185464889,80.1446934397833));
#8112=CARTESIAN_POINT('Ctrl Pts',(122.087606703752,105.64867306211,80.1276448869813));
#8113=CARTESIAN_POINT('Ctrl Pts',(122.038961159858,105.553343011186,80.0970941469974));
#8114=CARTESIAN_POINT('Ctrl Pts',(121.929399955655,105.383702312695,80.0062000936497));
#8115=CARTESIAN_POINT('Ctrl Pts',(121.868573827718,105.309037339448,79.946411371738));
#8116=CARTESIAN_POINT('Ctrl Pts',(121.658341395876,105.088115812861,79.7273926174827));
#8117=CARTESIAN_POINT('Ctrl Pts',(121.483608400723,104.97348049379,79.5228145363138));
#8118=CARTESIAN_POINT('Ctrl Pts',(121.299189549511,104.896929840577,79.3095117574594));
#8119=CARTESIAN_POINT('Origin',(114.870255265276,77.425912386241,91.8866755905536));
#8120=CARTESIAN_POINT('',(111.511996290249,74.625912386241,88.1823407438296));
#8121=CARTESIAN_POINT('',(114.870255265276,74.625912386241,91.8866755905536));
#8122=CARTESIAN_POINT('Origin',(111.511996290249,77.425912386241,88.1823407438296));
#8123=CARTESIAN_POINT('Origin',(111.511996290249,77.425912386241,88.1823407438296));
#8124=CARTESIAN_POINT('Origin',(120.724126682115,89.2823188467921,58.2686014072302));
#8125=CARTESIAN_POINT('',(116.824126682114,89.2823188467921,58.2686014072302));
#8126=CARTESIAN_POINT('Origin',(120.724126682115,106.282318846792,58.2686014072302));
#8127=CARTESIAN_POINT('',(116.824126682114,106.282318846792,58.2686014072302));
#8128=CARTESIAN_POINT('Origin',(137.724126682115,89.2823188467921,58.2686014072302));
#8129=CARTESIAN_POINT('',(133.824126682115,89.2823188467921,58.2686014072302));
#8130=CARTESIAN_POINT('Origin',(137.724126682115,106.282318846792,58.2686014072302));
#8131=CARTESIAN_POINT('',(133.824126682115,106.282318846792,58.2686014072302));
#8132=CARTESIAN_POINT('Origin',(137.724126682114,91.1134807299343,59.3686014072302));
#8133=CARTESIAN_POINT('',(136.86376202759,90.5110469132271,59.3686014072302));
#8134=CARTESIAN_POINT('',(137.724126682114,91.1134807299343,59.3686014072302));
#8135=CARTESIAN_POINT('Origin',(138.584491336641,90.5110469132257,59.3686014072302));
#8136=CARTESIAN_POINT('',(138.584491336641,90.5110469132257,59.3686014072302));
#8137=CARTESIAN_POINT('Origin',(137.724126682114,89.2823188467922,59.3686014072302));
#8138=CARTESIAN_POINT('Origin',(120.724126682114,91.1134807299343,59.3686014072302));
#8139=CARTESIAN_POINT('',(119.86376202759,90.5110469132271,59.3686014072302));
#8140=CARTESIAN_POINT('',(120.724126682114,91.1134807299343,59.3686014072302));
#8141=CARTESIAN_POINT('Origin',(121.584491336641,90.5110469132257,59.3686014072302));
#8142=CARTESIAN_POINT('',(121.584491336641,90.5110469132257,59.3686014072302));
#8143=CARTESIAN_POINT('Origin',(120.724126682114,89.2823188467922,59.3686014072302));
#8144=CARTESIAN_POINT('Origin',(137.724126682114,108.113480729934,59.3686014072302));
#8145=CARTESIAN_POINT('',(136.86376202759,107.511046913227,59.3686014072302));
#8146=CARTESIAN_POINT('',(137.724126682114,108.113480729934,59.3686014072302));
#8147=CARTESIAN_POINT('Origin',(138.584491336641,107.511046913226,59.3686014072302));
#8148=CARTESIAN_POINT('',(138.584491336641,107.511046913226,59.3686014072302));
#8149=CARTESIAN_POINT('Origin',(137.724126682114,106.282318846792,59.3686014072302));
#8150=CARTESIAN_POINT('Origin',(120.724126682114,108.113480729934,59.3686014072302));
#8151=CARTESIAN_POINT('',(119.86376202759,107.511046913227,59.3686014072302));
#8152=CARTESIAN_POINT('',(120.724126682114,108.113480729934,59.3686014072302));
#8153=CARTESIAN_POINT('Origin',(121.584491336641,107.511046913226,59.3686014072302));
#8154=CARTESIAN_POINT('',(121.584491336641,107.511046913226,59.3686014072302));
#8155=CARTESIAN_POINT('Origin',(120.724126682114,106.282318846792,59.3686014072302));
#8156=CARTESIAN_POINT('Origin',(113.224126867582,77.2823188467921,83.2456470870837));
#8157=CARTESIAN_POINT('',(113.224126867582,77.2823188467921,54.3686014072302));
#8158=CARTESIAN_POINT('Origin',(113.224126867582,115.282318846792,49.3686014072302));
#8159=CARTESIAN_POINT('',(113.224126867582,77.2823188467921,54.3686014072302));
#8160=CARTESIAN_POINT('Origin',(129.224126774793,96.2823188467921,54.3686014072302));
#8161=UNCERTAINTY_MEASURE_WITH_UNIT(LENGTH_MEASURE(0.01),#8165,
'DISTANCE_ACCURACY_VALUE',
'Maximum model space distance between geometric entities at asserted c
onnectivities');
#8162=UNCERTAINTY_MEASURE_WITH_UNIT(LENGTH_MEASURE(0.01),#8165,
'DISTANCE_ACCURACY_VALUE',
'Maximum model space distance between geometric entities at asserted c
onnectivities');
#8163=(
GEOMETRIC_REPRESENTATION_CONTEXT(3)
GLOBAL_UNCERTAINTY_ASSIGNED_CONTEXT((#8161))
GLOBAL_UNIT_ASSIGNED_CONTEXT((#8165,#8167,#8168))
REPRESENTATION_CONTEXT('','3D')
);
#8164=(
GEOMETRIC_REPRESENTATION_CONTEXT(3)
GLOBAL_UNCERTAINTY_ASSIGNED_CONTEXT((#8162))
GLOBAL_UNIT_ASSIGNED_CONTEXT((#8165,#8167,#8168))
REPRESENTATION_CONTEXT('','3D')
);
#8165=(
LENGTH_UNIT()
NAMED_UNIT(*)
SI_UNIT(.MILLI.,.METRE.)
);
#8166=(
LENGTH_UNIT()
NAMED_UNIT(*)
SI_UNIT($,.METRE.)
);
#8167=(
NAMED_UNIT(*)
PLANE_ANGLE_UNIT()
SI_UNIT($,.RADIAN.)
);
#8168=(
NAMED_UNIT(*)
SI_UNIT($,.STERADIAN.)
SOLID_ANGLE_UNIT()
);
#8169=SHAPE_DEFINITION_REPRESENTATION(#8170,#8171);
#8170=PRODUCT_DEFINITION_SHAPE('',$,#8173);
#8171=SHAPE_REPRESENTATION('',(#3952),#8163);
#8172=PRODUCT_DEFINITION_CONTEXT('part definition',#8177,'design');
#8173=PRODUCT_DEFINITION('Long Wire Guide Mount',
'Long Wire Guide Mount v2',#8174,#8172);
#8174=PRODUCT_DEFINITION_FORMATION('',$,#8179);
#8175=PRODUCT_RELATED_PRODUCT_CATEGORY('Long Wire Guide Mount v2',
'Long Wire Guide Mount v2',(#8179));
#8176=APPLICATION_PROTOCOL_DEFINITION('international standard',
'automotive_design',2009,#8177);
#8177=APPLICATION_CONTEXT(
'Core Data for Automotive Mechanical Design Process');
#8178=PRODUCT_CONTEXT('part definition',#8177,'mechanical');
#8179=PRODUCT('Long Wire Guide Mount','Long Wire Guide Mount v2',$,(#8178));
#8180=PRESENTATION_STYLE_ASSIGNMENT((#8182));
#8181=PRESENTATION_STYLE_ASSIGNMENT((#8183));
#8182=SURFACE_STYLE_USAGE(.BOTH.,#8184);
#8183=SURFACE_STYLE_USAGE(.BOTH.,#8185);
#8184=SURFACE_SIDE_STYLE('',(#8186));
#8185=SURFACE_SIDE_STYLE('',(#8187));
#8186=SURFACE_STYLE_FILL_AREA(#8188);
#8187=SURFACE_STYLE_FILL_AREA(#8189);
#8188=FILL_AREA_STYLE('Steel - Satin',(#8190));
#8189=FILL_AREA_STYLE('ABS (Red)',(#8191));
#8190=FILL_AREA_STYLE_COLOUR('Steel - Satin',#8192);
#8191=FILL_AREA_STYLE_COLOUR('ABS (Red)',#8193);
#8192=COLOUR_RGB('Steel - Satin',0.627450980392157,0.627450980392157,0.627450980392157);
#8193=COLOUR_RGB('ABS (Red)',1.,0.,0.);
ENDSEC;
END-ISO-10303-21;
