ISO-10303-21;
HEADER;
/* Generated by software containing ST-Developer
 * from STEP Tools, Inc. (www.steptools.com) 
 */

FILE_DESCRIPTION(
/* description */ ('STEP AP203'),
/* implementation_level */ '2;1');

FILE_NAME(
/* name */ 'Nozzle.step',
/* time_stamp */ '2026-08-01T11:42:37-07:00',
/* author */ (''),
/* organization */ (''),
/* preprocessor_version */ 'ST-DEVELOPER v20.1',
/* originating_system */ 'Autodesk Translation Framework v15.8.0.0',
/* authorisation */ '');

FILE_SCHEMA (('AUTOMOTIVE_DESIGN { 1 0 10303 214 3 1 1 }'));
ENDSEC;

DATA;
#10=MECHANICAL_DESIGN_GEOMETRIC_PRESENTATION_REPRESENTATION('',(#13),#2067);
#11=SHAPE_REPRESENTATION_RELATIONSHIP('SRR','None',#2074,#12);
#12=ADVANCED_BREP_SHAPE_REPRESENTATION('',(#14),#2066);
#13=STYLED_ITEM('',(#2083),#14);
#14=MANIFOLD_SOLID_BREP('Body1',#616);
#15=(
BOUNDED_SURFACE()
B_SPLINE_SURFACE(1,2,((#1517,#1518,#1519,#1520,#1521,#1522,#1523,#1524,
#1525,#1526,#1527,#1528,#1529,#1530,#1531,#1532,#1533,#1534,#1535,#1536,
#1537,#1538,#1539,#1540,#1541,#1542,#1543,#1544,#1545,#1546,#1547,#1548,
#1549,#1550,#1551,#1552,#1553,#1554,#1555,#1556,#1557,#1558,#1559,#1560,
#1561,#1562,#1563,#1564,#1565,#1566,#1567,#1568,#1569,#1570,#1571,#1572,
#1573,#1574,#1575,#1576,#1577,#1578,#1579,#1580,#1581,#1582,#1583,#1584,
#1585,#1586,#1587,#1588,#1589,#1590,#1591,#1592,#1593,#1594,#1595,#1596,
#1597,#1598,#1599,#1600,#1601,#1602,#1603,#1604,#1605,#1606,#1607,#1608,
#1609,#1610,#1611,#1612,#1613,#1614,#1615,#1616,#1617,#1618,#1619,#1620,
#1621,#1622,#1623,#1624,#1625,#1626,#1627,#1628,#1629),(#1630,#1631,#1632,
#1633,#1634,#1635,#1636,#1637,#1638,#1639,#1640,#1641,#1642,#1643,#1644,
#1645,#1646,#1647,#1648,#1649,#1650,#1651,#1652,#1653,#1654,#1655,#1656,
#1657,#1658,#1659,#1660,#1661,#1662,#1663,#1664,#1665,#1666,#1667,#1668,
#1669,#1670,#1671,#1672,#1673,#1674,#1675,#1676,#1677,#1678,#1679,#1680,
#1681,#1682,#1683,#1684,#1685,#1686,#1687,#1688,#1689,#1690,#1691,#1692,
#1693,#1694,#1695,#1696,#1697,#1698,#1699,#1700,#1701,#1702,#1703,#1704,
#1705,#1706,#1707,#1708,#1709,#1710,#1711,#1712,#1713,#1714,#1715,#1716,
#1717,#1718,#1719,#1720,#1721,#1722,#1723,#1724,#1725,#1726,#1727,#1728,
#1729,#1730,#1731,#1732,#1733,#1734,#1735,#1736,#1737,#1738,#1739,#1740,
#1741,#1742)),.UNSPECIFIED.,.F.,.F.,.F.)
B_SPLINE_SURFACE_WITH_KNOTS((2,2),(3,2,2,2,2,2,2,2,2,2,2,2,2,2,2,2,2,2,
2,2,2,2,2,2,2,2,2,2,2,2,2,2,2,2,2,2,2,2,2,2,2,2,2,2,2,2,2,2,2,2,2,2,2,2,
2,2,3),(0.,1.),(0.,0.0178571428571429,0.0357142857142857,0.0535714285714286,
0.0714285714285714,0.0892857142857143,0.107142857142857,0.125,0.142857142857143,
0.160714285714286,0.178571428571429,0.196428571428571,0.214285714285714,
0.232142857142857,0.25,0.267857142857143,0.285714285714286,0.303571428571429,
0.321428571428571,0.339285714285714,0.357142857142857,0.375,0.392857142857143,
0.410714285714286,0.428571428571429,0.446428571428571,0.464285714285714,
0.482142857142857,0.5,0.517857142857143,0.535714285714286,0.553571428571429,
0.571428571428571,0.589285714285714,0.607142857142857,0.625,0.642857142857143,
0.660714285714286,0.678571428571429,0.696428571428571,0.714285714285714,
0.732142857142857,0.75,0.767857142857143,0.785714285714286,0.803571428571429,
0.821428571428571,0.839285714285714,0.857142857142857,0.875,0.892857142857143,
0.910714285714286,0.928571428571429,0.946428571428571,0.964285714285714,
0.982142857142857,1.),.UNSPECIFIED.)
GEOMETRIC_REPRESENTATION_ITEM()
RATIONAL_B_SPLINE_SURFACE(((1.,0.923879532511287,1.,0.923879532511287,1.,
0.923879532511287,1.,0.923879532511287,1.,0.923879532511287,1.,0.923879532511287,
1.,0.923879532511287,1.,0.923879532511287,1.,0.923879532511287,1.,0.923879532511287,
1.,0.923879532511287,1.,0.923879532511287,1.,0.923879532511287,1.,0.923879532511287,
1.,0.923879532511287,1.,0.923879532511287,1.,0.923879532511287,1.,0.923879532511287,
1.,0.923879532511287,1.,0.923879532511287,1.,0.923879532511287,1.,0.923879532511287,
1.,0.923879532511287,1.,0.923879532511287,1.,0.923879532511287,1.,0.923879532511287,
1.,0.923879532511287,1.,0.923879532511287,1.,0.923879532511287,1.,0.923879532511287,
1.,0.923879532511287,1.,0.923879532511287,1.,0.923879532511287,1.,0.923879532511287,
1.,0.923879532511287,1.,0.923879532511287,1.,0.923879532511287,1.,0.923879532511287,
1.,0.923879532511287,1.,0.923879532511287,1.,0.923879532511287,1.,0.923879532511287,
1.,0.923879532511287,1.,0.923879532511287,1.,0.923879532511287,1.,0.923879532511287,
1.,0.923879532511287,1.,0.923879532511287,1.,0.923879532511287,1.,0.923879532511287,
1.,0.923879532511287,1.,0.923879532511287,1.,0.923879532511287,1.,0.923879532511287,
1.,0.923879532511287,1.,0.923879532511287,1.),(1.,0.923879532511287,1.,
0.923879532511287,1.,0.923879532511287,1.,0.923879532511287,1.,0.923879532511287,
1.,0.923879532511287,1.,0.923879532511287,1.,0.923879532511287,1.,0.923879532511287,
1.,0.923879532511287,1.,0.923879532511287,1.,0.923879532511287,1.,0.923879532511287,
1.,0.923879532511287,1.,0.923879532511287,1.,0.923879532511287,1.,0.923879532511287,
1.,0.923879532511287,1.,0.923879532511287,1.,0.923879532511287,1.,0.923879532511287,
1.,0.923879532511287,1.,0.923879532511287,1.,0.923879532511287,1.,0.923879532511287,
1.,0.923879532511287,1.,0.923879532511287,1.,0.923879532511287,1.,0.923879532511287,
1.,0.923879532511287,1.,0.923879532511287,1.,0.923879532511287,1.,0.923879532511287,
1.,0.923879532511287,1.,0.923879532511287,1.,0.923879532511287,1.,0.923879532511287,
1.,0.923879532511287,1.,0.923879532511287,1.,0.923879532511287,1.,0.923879532511287,
1.,0.923879532511287,1.,0.923879532511287,1.,0.923879532511287,1.,0.923879532511287,
1.,0.923879532511287,1.,0.923879532511287,1.,0.923879532511287,1.,0.923879532511287,
1.,0.923879532511287,1.,0.923879532511287,1.,0.923879532511287,1.,0.923879532511287,
1.,0.923879532511287,1.,0.923879532511287,1.,0.923879532511287,1.)))
REPRESENTATION_ITEM('')
SURFACE()
);
#16=(
BOUNDED_SURFACE()
B_SPLINE_SURFACE(1,2,((#1838,#1839,#1840,#1841,#1842,#1843,#1844,#1845,
#1846,#1847,#1848,#1849,#1850,#1851,#1852,#1853,#1854,#1855,#1856,#1857,
#1858,#1859,#1860,#1861,#1862,#1863,#1864,#1865,#1866,#1867,#1868,#1869,
#1870,#1871,#1872,#1873,#1874,#1875,#1876,#1877,#1878,#1879,#1880,#1881,
#1882,#1883,#1884,#1885,#1886,#1887,#1888,#1889,#1890,#1891,#1892,#1893,
#1894,#1895,#1896,#1897,#1898,#1899,#1900,#1901,#1902,#1903,#1904,#1905,
#1906,#1907,#1908,#1909,#1910,#1911,#1912,#1913,#1914,#1915,#1916,#1917,
#1918,#1919,#1920,#1921,#1922,#1923,#1924,#1925,#1926,#1927,#1928,#1929,
#1930,#1931,#1932,#1933,#1934,#1935,#1936,#1937,#1938,#1939,#1940,#1941,
#1942,#1943,#1944,#1945,#1946,#1947,#1948,#1949,#1950),(#1951,#1952,#1953,
#1954,#1955,#1956,#1957,#1958,#1959,#1960,#1961,#1962,#1963,#1964,#1965,
#1966,#1967,#1968,#1969,#1970,#1971,#1972,#1973,#1974,#1975,#1976,#1977,
#1978,#1979,#1980,#1981,#1982,#1983,#1984,#1985,#1986,#1987,#1988,#1989,
#1990,#1991,#1992,#1993,#1994,#1995,#1996,#1997,#1998,#1999,#2000,#2001,
#2002,#2003,#2004,#2005,#2006,#2007,#2008,#2009,#2010,#2011,#2012,#2013,
#2014,#2015,#2016,#2017,#2018,#2019,#2020,#2021,#2022,#2023,#2024,#2025,
#2026,#2027,#2028,#2029,#2030,#2031,#2032,#2033,#2034,#2035,#2036,#2037,
#2038,#2039,#2040,#2041,#2042,#2043,#2044,#2045,#2046,#2047,#2048,#2049,
#2050,#2051,#2052,#2053,#2054,#2055,#2056,#2057,#2058,#2059,#2060,#2061,
#2062,#2063)),.UNSPECIFIED.,.F.,.F.,.F.)
B_SPLINE_SURFACE_WITH_KNOTS((2,2),(3,2,2,2,2,2,2,2,2,2,2,2,2,2,2,2,2,2,
2,2,2,2,2,2,2,2,2,2,2,2,2,2,2,2,2,2,2,2,2,2,2,2,2,2,2,2,2,2,2,2,2,2,2,2,
2,2,3),(0.,1.),(0.,0.0178571428571429,0.0357142857142857,0.0535714285714286,
0.0714285714285714,0.0892857142857143,0.107142857142857,0.125,0.142857142857143,
0.160714285714286,0.178571428571429,0.196428571428571,0.214285714285714,
0.232142857142857,0.25,0.267857142857143,0.285714285714286,0.303571428571429,
0.321428571428571,0.339285714285714,0.357142857142857,0.375,0.392857142857143,
0.410714285714286,0.428571428571429,0.446428571428571,0.464285714285714,
0.482142857142857,0.5,0.517857142857143,0.535714285714286,0.553571428571429,
0.571428571428571,0.589285714285714,0.607142857142857,0.625,0.642857142857143,
0.660714285714286,0.678571428571429,0.696428571428571,0.714285714285714,
0.732142857142857,0.75,0.767857142857143,0.785714285714286,0.803571428571429,
0.821428571428571,0.839285714285714,0.857142857142857,0.875,0.892857142857143,
0.910714285714286,0.928571428571429,0.946428571428571,0.964285714285714,
0.982142857142857,1.),.UNSPECIFIED.)
GEOMETRIC_REPRESENTATION_ITEM()
RATIONAL_B_SPLINE_SURFACE(((1.,0.923879532511287,1.,0.923879532511287,1.,
0.923879532511287,1.,0.923879532511287,1.,0.923879532511287,1.,0.923879532511287,
1.,0.923879532511287,1.,0.923879532511287,1.,0.923879532511287,1.,0.923879532511287,
1.,0.923879532511287,1.,0.923879532511287,1.,0.923879532511287,1.,0.923879532511287,
1.,0.923879532511287,1.,0.923879532511287,1.,0.923879532511287,1.,0.923879532511287,
1.,0.923879532511287,1.,0.923879532511287,1.,0.923879532511287,1.,0.923879532511287,
1.,0.923879532511287,1.,0.923879532511287,1.,0.923879532511287,1.,0.923879532511287,
1.,0.923879532511287,1.,0.923879532511287,1.,0.923879532511287,1.,0.923879532511287,
1.,0.923879532511287,1.,0.923879532511287,1.,0.923879532511287,1.,0.923879532511287,
1.,0.923879532511287,1.,0.923879532511287,1.,0.923879532511287,1.,0.923879532511287,
1.,0.923879532511287,1.,0.923879532511287,1.,0.923879532511287,1.,0.923879532511287,
1.,0.923879532511287,1.,0.923879532511287,1.,0.923879532511287,1.,0.923879532511287,
1.,0.923879532511287,1.,0.923879532511287,1.,0.923879532511287,1.,0.923879532511287,
1.,0.923879532511287,1.,0.923879532511287,1.,0.923879532511287,1.,0.923879532511287,
1.,0.923879532511287,1.,0.923879532511287,1.),(1.,0.923879532511287,1.,
0.923879532511287,1.,0.923879532511287,1.,0.923879532511287,1.,0.923879532511287,
1.,0.923879532511287,1.,0.923879532511287,1.,0.923879532511287,1.,0.923879532511287,
1.,0.923879532511287,1.,0.923879532511287,1.,0.923879532511287,1.,0.923879532511287,
1.,0.923879532511287,1.,0.923879532511287,1.,0.923879532511287,1.,0.923879532511287,
1.,0.923879532511287,1.,0.923879532511287,1.,0.923879532511287,1.,0.923879532511287,
1.,0.923879532511287,1.,0.923879532511287,1.,0.923879532511287,1.,0.923879532511287,
1.,0.923879532511287,1.,0.923879532511287,1.,0.923879532511287,1.,0.923879532511287,
1.,0.923879532511287,1.,0.923879532511287,1.,0.923879532511287,1.,0.923879532511287,
1.,0.923879532511287,1.,0.923879532511287,1.,0.923879532511287,1.,0.923879532511287,
1.,0.923879532511287,1.,0.923879532511287,1.,0.923879532511287,1.,0.923879532511287,
1.,0.923879532511287,1.,0.923879532511287,1.,0.923879532511287,1.,0.923879532511287,
1.,0.923879532511287,1.,0.923879532511287,1.,0.923879532511287,1.,0.923879532511287,
1.,0.923879532511287,1.,0.923879532511287,1.,0.923879532511287,1.,0.923879532511287,
1.,0.923879532511287,1.,0.923879532511287,1.,0.923879532511287,1.)))
REPRESENTATION_ITEM('')
SURFACE()
);
#17=FACE_BOUND('',#133,.T.);
#18=FACE_BOUND('',#135,.T.);
#19=FACE_BOUND('',#137,.T.);
#20=FACE_BOUND('',#141,.T.);
#21=PLANE('',#683);
#22=PLANE('',#684);
#23=PLANE('',#685);
#24=PLANE('',#690);
#25=PLANE('',#691);
#26=PLANE('',#692);
#27=PLANE('',#693);
#28=PLANE('',#694);
#29=PLANE('',#695);
#30=PLANE('',#696);
#31=(
BOUNDED_CURVE()
B_SPLINE_CURVE(2,(#1242,#1243,#1244),.UNSPECIFIED.,.F.,.F.)
B_SPLINE_CURVE_WITH_KNOTS((3,3),(1.26426561371019,1.89282032302757),
 .UNSPECIFIED.)
CURVE()
GEOMETRIC_REPRESENTATION_ITEM()
RATIONAL_B_SPLINE_CURVE((2.66025403784433,2.86602540378446,2.86602540378446))
REPRESENTATION_ITEM('')
);
#32=(
BOUNDED_CURVE()
B_SPLINE_CURVE(2,(#1245,#1246,#1247),.UNSPECIFIED.,.F.,.F.)
B_SPLINE_CURVE_WITH_KNOTS((3,3),(1.89282032302757,2.52137503234495),
 .UNSPECIFIED.)
CURVE()
GEOMETRIC_REPRESENTATION_ITEM()
RATIONAL_B_SPLINE_CURVE((2.86602540378446,2.86602540378446,2.66025403784433))
REPRESENTATION_ITEM('')
);
#33=(
BOUNDED_CURVE()
B_SPLINE_CURVE(2,(#1253,#1254,#1255),.UNSPECIFIED.,.F.,.F.)
B_SPLINE_CURVE_WITH_KNOTS((3,3),(1.26426561371018,1.89282032302755),
 .UNSPECIFIED.)
CURVE()
GEOMETRIC_REPRESENTATION_ITEM()
RATIONAL_B_SPLINE_CURVE((2.66025403784431,2.86602540378444,2.86602540378443))
REPRESENTATION_ITEM('')
);
#34=(
BOUNDED_CURVE()
B_SPLINE_CURVE(2,(#1256,#1257,#1258),.UNSPECIFIED.,.F.,.F.)
B_SPLINE_CURVE_WITH_KNOTS((3,3),(1.89282032302755,2.52137503234492),
 .UNSPECIFIED.)
CURVE()
GEOMETRIC_REPRESENTATION_ITEM()
RATIONAL_B_SPLINE_CURVE((2.86602540378443,2.86602540378443,2.6602540378443))
REPRESENTATION_ITEM('')
);
#35=(
BOUNDED_CURVE()
B_SPLINE_CURVE(2,(#1405,#1406,#1407),.UNSPECIFIED.,.F.,.F.)
B_SPLINE_CURVE_WITH_KNOTS((3,3),(1.26426561371019,1.89282032302755),
 .UNSPECIFIED.)
CURVE()
GEOMETRIC_REPRESENTATION_ITEM()
RATIONAL_B_SPLINE_CURVE((2.66025403784431,2.86602540378443,2.86602540378443))
REPRESENTATION_ITEM('')
);
#36=(
BOUNDED_CURVE()
B_SPLINE_CURVE(2,(#1409,#1410,#1411),.UNSPECIFIED.,.F.,.F.)
B_SPLINE_CURVE_WITH_KNOTS((3,3),(1.89282032302755,2.52137503234491),
 .UNSPECIFIED.)
CURVE()
GEOMETRIC_REPRESENTATION_ITEM()
RATIONAL_B_SPLINE_CURVE((2.86602540378443,2.86602540378443,2.66025403784431))
REPRESENTATION_ITEM('')
);
#37=(
BOUNDED_CURVE()
B_SPLINE_CURVE(2,(#1416,#1417,#1418),.UNSPECIFIED.,.F.,.F.)
B_SPLINE_CURVE_WITH_KNOTS((3,3),(1.89282032302755,2.52137503234492),
 .UNSPECIFIED.)
CURVE()
GEOMETRIC_REPRESENTATION_ITEM()
RATIONAL_B_SPLINE_CURVE((2.86602540378443,2.86602540378443,2.6602540378443))
REPRESENTATION_ITEM('')
);
#38=(
BOUNDED_CURVE()
B_SPLINE_CURVE(2,(#1420,#1421,#1422),.UNSPECIFIED.,.F.,.F.)
B_SPLINE_CURVE_WITH_KNOTS((3,3),(1.26426561371018,1.89282032302755),
 .UNSPECIFIED.)
CURVE()
GEOMETRIC_REPRESENTATION_ITEM()
RATIONAL_B_SPLINE_CURVE((2.66025403784431,2.86602540378443,2.86602540378443))
REPRESENTATION_ITEM('')
);
#39=(
BOUNDED_CURVE()
B_SPLINE_CURVE(2,(#1425,#1426,#1427),.UNSPECIFIED.,.F.,.F.)
B_SPLINE_CURVE_WITH_KNOTS((3,3),(1.89282032302755,2.52137503234493),
 .UNSPECIFIED.)
CURVE()
GEOMETRIC_REPRESENTATION_ITEM()
RATIONAL_B_SPLINE_CURVE((2.86602540378443,2.86602540378443,2.6602540378443))
REPRESENTATION_ITEM('')
);
#40=(
BOUNDED_CURVE()
B_SPLINE_CURVE(2,(#1430,#1431,#1432),.UNSPECIFIED.,.F.,.F.)
B_SPLINE_CURVE_WITH_KNOTS((3,3),(1.26426561371017,1.89282032302755),
 .UNSPECIFIED.)
CURVE()
GEOMETRIC_REPRESENTATION_ITEM()
RATIONAL_B_SPLINE_CURVE((2.6602540378443,2.86602540378443,2.86602540378443))
REPRESENTATION_ITEM('')
);
#41=(
BOUNDED_CURVE()
B_SPLINE_CURVE(2,(#1435,#1436,#1437),.UNSPECIFIED.,.F.,.F.)
B_SPLINE_CURVE_WITH_KNOTS((3,3),(1.89282032302755,2.52137503234492),
 .UNSPECIFIED.)
CURVE()
GEOMETRIC_REPRESENTATION_ITEM()
RATIONAL_B_SPLINE_CURVE((2.86602540378443,2.86602540378443,2.66025403784431))
REPRESENTATION_ITEM('')
);
#42=(
BOUNDED_CURVE()
B_SPLINE_CURVE(2,(#1440,#1441,#1442),.UNSPECIFIED.,.F.,.F.)
B_SPLINE_CURVE_WITH_KNOTS((3,3),(1.26426561371018,1.89282032302755),
 .UNSPECIFIED.)
CURVE()
GEOMETRIC_REPRESENTATION_ITEM()
RATIONAL_B_SPLINE_CURVE((2.66025403784431,2.86602540378443,2.86602540378443))
REPRESENTATION_ITEM('')
);
#43=(
BOUNDED_CURVE()
B_SPLINE_CURVE(2,(#1446,#1447,#1448),.UNSPECIFIED.,.F.,.F.)
B_SPLINE_CURVE_WITH_KNOTS((3,3),(1.89282032302756,2.52137503234491),
 .UNSPECIFIED.)
CURVE()
GEOMETRIC_REPRESENTATION_ITEM()
RATIONAL_B_SPLINE_CURVE((2.86602540378445,2.86602540378445,2.66025403784434))
REPRESENTATION_ITEM('')
);
#44=(
BOUNDED_CURVE()
B_SPLINE_CURVE(2,(#1451,#1452,#1453),.UNSPECIFIED.,.F.,.F.)
B_SPLINE_CURVE_WITH_KNOTS((3,3),(1.26426561371017,1.89282032302757),
 .UNSPECIFIED.)
CURVE()
GEOMETRIC_REPRESENTATION_ITEM()
RATIONAL_B_SPLINE_CURVE((2.66025403784431,2.86602540378446,2.86602540378446))
REPRESENTATION_ITEM('')
);
#45=(
BOUNDED_CURVE()
B_SPLINE_CURVE(2,(#1456,#1457,#1458),.UNSPECIFIED.,.F.,.F.)
B_SPLINE_CURVE_WITH_KNOTS((3,3),(1.26426561371019,1.89282032302756),
 .UNSPECIFIED.)
CURVE()
GEOMETRIC_REPRESENTATION_ITEM()
RATIONAL_B_SPLINE_CURVE((2.66025403784432,2.86602540378445,2.86602540378445))
REPRESENTATION_ITEM('')
);
#46=(
BOUNDED_CURVE()
B_SPLINE_CURVE(2,(#1460,#1461,#1462),.UNSPECIFIED.,.F.,.F.)
B_SPLINE_CURVE_WITH_KNOTS((3,3),(1.89282032302757,2.52137503234494),
 .UNSPECIFIED.)
CURVE()
GEOMETRIC_REPRESENTATION_ITEM()
RATIONAL_B_SPLINE_CURVE((2.86602540378446,2.86602540378446,2.66025403784433))
REPRESENTATION_ITEM('')
);
#47=(
BOUNDED_CURVE()
B_SPLINE_CURVE(2,(#1466,#1467,#1468),.UNSPECIFIED.,.F.,.F.)
B_SPLINE_CURVE_WITH_KNOTS((3,3),(1.26426561371019,1.89282032302757),
 .UNSPECIFIED.)
CURVE()
GEOMETRIC_REPRESENTATION_ITEM()
RATIONAL_B_SPLINE_CURVE((2.66025403784433,2.86602540378446,2.86602540378446))
REPRESENTATION_ITEM('')
);
#48=(
BOUNDED_CURVE()
B_SPLINE_CURVE(2,(#1469,#1470,#1471),.UNSPECIFIED.,.F.,.F.)
B_SPLINE_CURVE_WITH_KNOTS((3,3),(1.89282032302757,2.52137503234494),
 .UNSPECIFIED.)
CURVE()
GEOMETRIC_REPRESENTATION_ITEM()
RATIONAL_B_SPLINE_CURVE((2.86602540378446,2.86602540378446,2.66025403784433))
REPRESENTATION_ITEM('')
);
#49=(
BOUNDED_CURVE()
B_SPLINE_CURVE(2,(#1475,#1476,#1477),.UNSPECIFIED.,.F.,.F.)
B_SPLINE_CURVE_WITH_KNOTS((3,3),(1.26426561371018,1.89282032302757),
 .UNSPECIFIED.)
CURVE()
GEOMETRIC_REPRESENTATION_ITEM()
RATIONAL_B_SPLINE_CURVE((2.66025403784432,2.86602540378446,2.86602540378446))
REPRESENTATION_ITEM('')
);
#50=(
BOUNDED_CURVE()
B_SPLINE_CURVE(2,(#1479,#1480,#1481),.UNSPECIFIED.,.F.,.F.)
B_SPLINE_CURVE_WITH_KNOTS((3,3),(1.89282032302756,2.52137503234495),
 .UNSPECIFIED.)
CURVE()
GEOMETRIC_REPRESENTATION_ITEM()
RATIONAL_B_SPLINE_CURVE((2.86602540378446,2.86602540378446,2.66025403784433))
REPRESENTATION_ITEM('')
);
#51=(
BOUNDED_CURVE()
B_SPLINE_CURVE(2,(#1489,#1490,#1491),.UNSPECIFIED.,.F.,.F.)
B_SPLINE_CURVE_WITH_KNOTS((3,3),(1.26426561371018,1.89282032302755),
 .UNSPECIFIED.)
CURVE()
GEOMETRIC_REPRESENTATION_ITEM()
RATIONAL_B_SPLINE_CURVE((2.6602540378443,2.86602540378443,2.86602540378443))
REPRESENTATION_ITEM('')
);
#52=(
BOUNDED_CURVE()
B_SPLINE_CURVE(2,(#1492,#1493,#1494),.UNSPECIFIED.,.F.,.F.)
B_SPLINE_CURVE_WITH_KNOTS((3,3),(1.89282032302755,2.52137503234492),
 .UNSPECIFIED.)
CURVE()
GEOMETRIC_REPRESENTATION_ITEM()
RATIONAL_B_SPLINE_CURVE((2.86602540378443,2.86602540378443,2.66025403784431))
REPRESENTATION_ITEM('')
);
#53=(
BOUNDED_CURVE()
B_SPLINE_CURVE(2,(#1497,#1498,#1499),.UNSPECIFIED.,.F.,.F.)
B_SPLINE_CURVE_WITH_KNOTS((3,3),(1.26426561371019,1.89282032302756),
 .UNSPECIFIED.)
CURVE()
GEOMETRIC_REPRESENTATION_ITEM()
RATIONAL_B_SPLINE_CURVE((2.66025403784433,2.86602540378446,2.86602540378446))
REPRESENTATION_ITEM('')
);
#54=(
BOUNDED_CURVE()
B_SPLINE_CURVE(2,(#1500,#1501,#1502),.UNSPECIFIED.,.F.,.F.)
B_SPLINE_CURVE_WITH_KNOTS((3,3),(1.89282032302756,2.52137503234494),
 .UNSPECIFIED.)
CURVE()
GEOMETRIC_REPRESENTATION_ITEM()
RATIONAL_B_SPLINE_CURVE((2.86602540378446,2.86602540378446,2.66025403784433))
REPRESENTATION_ITEM('')
);
#55=(
BOUNDED_CURVE()
B_SPLINE_CURVE(2,(#1743,#1744,#1745,#1746,#1747,#1748,#1749,#1750,#1751,
#1752,#1753,#1754,#1755,#1756,#1757,#1758,#1759,#1760,#1761,#1762,#1763,
#1764,#1765,#1766,#1767,#1768,#1769,#1770,#1771,#1772,#1773,#1774,#1775,
#1776,#1777,#1778,#1779,#1780,#1781,#1782,#1783,#1784,#1785,#1786,#1787,
#1788,#1789,#1790,#1791,#1792,#1793,#1794,#1795,#1796,#1797,#1798,#1799,
#1800,#1801,#1802,#1803,#1804,#1805,#1806,#1807,#1808,#1809,#1810,#1811,
#1812,#1813,#1814,#1815,#1816,#1817,#1818,#1819,#1820,#1821,#1822,#1823,
#1824,#1825,#1826,#1827,#1828,#1829,#1830,#1831,#1832,#1833,#1834,#1835,
#1836,#1837),.UNSPECIFIED.,.F.,.F.)
B_SPLINE_CURVE_WITH_KNOTS((3,2,2,2,2,2,2,2,2,2,2,2,2,2,2,2,2,2,2,2,2,2,
2,2,2,2,2,2,2,2,2,2,2,2,2,2,2,2,2,2,2,2,2,2,2,2,2,3),(0.0778873176508967,
0.0892857142857143,0.107142857142857,0.125,0.142857142857143,0.160714285714286,
0.178571428571429,0.196428571428571,0.214285714285714,0.232142857142857,
0.25,0.267857142857143,0.285714285714286,0.303571428571429,0.321428571428571,
0.339285714285714,0.357142857142857,0.375,0.392857142857143,0.410714285714286,
0.428571428571429,0.446428571428572,0.464285714285714,0.482142857142857,
0.5,0.517857142857143,0.535714285714286,0.553571428571429,0.571428571428571,
0.589285714285714,0.607142857142857,0.625,0.642857142857143,0.660714285714286,
0.678571428571429,0.696428571428571,0.714285714285714,0.732142857142857,
0.75,0.767857142857143,0.785714285714286,0.803571428571429,0.821428571428571,
0.839285714285714,0.857142857142857,0.875,0.892857142857143,0.895963551147087),
 .UNSPECIFIED.)
CURVE()
GEOMETRIC_REPRESENTATION_ITEM()
RATIONAL_B_SPLINE_CURVE((0.964852091895083,0.951411528294011,1.,0.923879532511287,
1.,0.923879532511287,1.,0.923879532511287,1.,0.923879532511287,1.,0.923879532511287,
1.,0.923879532511287,1.,0.923879532511287,1.,0.923879532511287,1.,0.923879532511287,
1.,0.923879532511287,1.,0.923879532511287,1.,0.923879532511287,1.,0.923879532511287,
1.,0.923879532511287,1.,0.923879532511287,1.,0.923879532511287,1.,0.923879532511287,
1.,0.923879532511287,1.,0.923879532511287,1.,0.923879532511287,1.,0.923879532511287,
1.,0.923879532511287,1.,0.923879532511287,1.,0.923879532511287,1.,0.923879532511287,
1.,0.923879532511287,1.,0.923879532511287,1.,0.923879532511287,1.,0.923879532511287,
1.,0.923879532511287,1.,0.923879532511287,1.,0.923879532511287,1.,0.923879532511287,
1.,0.923879532511287,1.,0.923879532511287,1.,0.923879532511287,1.,0.923879532511287,
1.,0.923879532511287,1.,0.923879532511287,1.,0.923879532511287,1.,0.923879532511287,
1.,0.923879532511287,1.,0.923879532511287,1.,0.923879532511287,1.,0.923879532511287,
1.,0.986758169930482,0.978123407299587))
REPRESENTATION_ITEM('')
);
#56=TOROIDAL_SURFACE('',#641,2.7,0.5);
#57=TOROIDAL_SURFACE('',#647,2.7,0.5);
#58=CYLINDRICAL_SURFACE('',#633,3.);
#59=CYLINDRICAL_SURFACE('',#635,3.);
#60=CYLINDRICAL_SURFACE('',#636,3.);
#61=CYLINDRICAL_SURFACE('',#637,3.);
#62=CYLINDRICAL_SURFACE('',#645,2.2);
#63=CYLINDRICAL_SURFACE('',#653,1.);
#64=CYLINDRICAL_SURFACE('',#657,0.175);
#65=CYLINDRICAL_SURFACE('',#664,3.);
#66=FACE_OUTER_BOUND('',#106,.T.);
#67=FACE_OUTER_BOUND('',#107,.T.);
#68=FACE_OUTER_BOUND('',#108,.T.);
#69=FACE_OUTER_BOUND('',#109,.T.);
#70=FACE_OUTER_BOUND('',#110,.T.);
#71=FACE_OUTER_BOUND('',#111,.T.);
#72=FACE_OUTER_BOUND('',#112,.T.);
#73=FACE_OUTER_BOUND('',#113,.T.);
#74=FACE_OUTER_BOUND('',#114,.T.);
#75=FACE_OUTER_BOUND('',#115,.T.);
#76=FACE_OUTER_BOUND('',#116,.T.);
#77=FACE_OUTER_BOUND('',#117,.T.);
#78=FACE_OUTER_BOUND('',#118,.T.);
#79=FACE_OUTER_BOUND('',#119,.T.);
#80=FACE_OUTER_BOUND('',#120,.T.);
#81=FACE_OUTER_BOUND('',#121,.T.);
#82=FACE_OUTER_BOUND('',#122,.T.);
#83=FACE_OUTER_BOUND('',#123,.T.);
#84=FACE_OUTER_BOUND('',#124,.T.);
#85=FACE_OUTER_BOUND('',#125,.T.);
#86=FACE_OUTER_BOUND('',#126,.T.);
#87=FACE_OUTER_BOUND('',#127,.T.);
#88=FACE_OUTER_BOUND('',#128,.T.);
#89=FACE_OUTER_BOUND('',#129,.T.);
#90=FACE_OUTER_BOUND('',#130,.T.);
#91=FACE_OUTER_BOUND('',#131,.T.);
#92=FACE_OUTER_BOUND('',#132,.T.);
#93=FACE_OUTER_BOUND('',#134,.T.);
#94=FACE_OUTER_BOUND('',#136,.T.);
#95=FACE_OUTER_BOUND('',#138,.T.);
#96=FACE_OUTER_BOUND('',#139,.T.);
#97=FACE_OUTER_BOUND('',#140,.T.);
#98=FACE_OUTER_BOUND('',#142,.T.);
#99=FACE_OUTER_BOUND('',#143,.T.);
#100=FACE_OUTER_BOUND('',#144,.T.);
#101=FACE_OUTER_BOUND('',#145,.T.);
#102=FACE_OUTER_BOUND('',#146,.T.);
#103=FACE_OUTER_BOUND('',#147,.T.);
#104=FACE_OUTER_BOUND('',#148,.T.);
#105=FACE_OUTER_BOUND('',#149,.T.);
#106=EDGE_LOOP('',(#378,#379,#380,#381,#382,#383,#384,#385));
#107=EDGE_LOOP('',(#386,#387,#388,#389));
#108=EDGE_LOOP('',(#390,#391,#392,#393));
#109=EDGE_LOOP('',(#394,#395,#396,#397));
#110=EDGE_LOOP('',(#398,#399,#400,#401));
#111=EDGE_LOOP('',(#402,#403,#404,#405));
#112=EDGE_LOOP('',(#406,#407,#408,#409));
#113=EDGE_LOOP('',(#410,#411,#412,#413));
#114=EDGE_LOOP('',(#414,#415,#416,#417));
#115=EDGE_LOOP('',(#418,#419,#420,#421));
#116=EDGE_LOOP('',(#422,#423,#424,#425));
#117=EDGE_LOOP('',(#426,#427,#428,#429));
#118=EDGE_LOOP('',(#430,#431,#432,#433));
#119=EDGE_LOOP('',(#434,#435,#436));
#120=EDGE_LOOP('',(#437,#438,#439));
#121=EDGE_LOOP('',(#440,#441,#442,#443,#444,#445,#446));
#122=EDGE_LOOP('',(#447,#448,#449,#450,#451));
#123=EDGE_LOOP('',(#452,#453,#454));
#124=EDGE_LOOP('',(#455,#456,#457));
#125=EDGE_LOOP('',(#458,#459,#460));
#126=EDGE_LOOP('',(#461,#462,#463));
#127=EDGE_LOOP('',(#464,#465,#466));
#128=EDGE_LOOP('',(#467,#468,#469));
#129=EDGE_LOOP('',(#470,#471,#472));
#130=EDGE_LOOP('',(#473,#474,#475));
#131=EDGE_LOOP('',(#476,#477,#478));
#132=EDGE_LOOP('',(#479));
#133=EDGE_LOOP('',(#480));
#134=EDGE_LOOP('',(#481));
#135=EDGE_LOOP('',(#482));
#136=EDGE_LOOP('',(#483,#484,#485,#486,#487,#488));
#137=EDGE_LOOP('',(#489));
#138=EDGE_LOOP('',(#490,#491,#492));
#139=EDGE_LOOP('',(#493,#494,#495));
#140=EDGE_LOOP('',(#496,#497,#498,#499,#500,#501));
#141=EDGE_LOOP('',(#502));
#142=EDGE_LOOP('',(#503,#504,#505,#506,#507,#508));
#143=EDGE_LOOP('',(#509,#510,#511,#512,#513,#514));
#144=EDGE_LOOP('',(#515,#516,#517,#518,#519,#520));
#145=EDGE_LOOP('',(#521,#522,#523,#524,#525,#526));
#146=EDGE_LOOP('',(#527,#528,#529,#530,#531,#532));
#147=EDGE_LOOP('',(#533,#534,#535,#536,#537,#538));
#148=EDGE_LOOP('',(#539,#540,#541,#542,#543,#544,#545,#546,#547,#548));
#149=EDGE_LOOP('',(#549,#550,#551,#552,#553,#554,#555,#556,#557));
#150=B_SPLINE_CURVE_WITH_KNOTS('',3,(#860,#861,#862,#863,#864,#865,#866,
#867,#868,#869,#870,#871,#872,#873,#874,#875,#876,#877,#878,#879,#880,#881,
#882,#883,#884,#885,#886,#887,#888,#889,#890,#891),.UNSPECIFIED.,.F.,.F.,
(4,2,2,2,2,2,2,2,2,2,2,2,2,2,2,4),(-2.7673716285831,-2.65313680631281,-2.53692882420094,
-2.32246269184521,-2.11992535092217,-1.93308452670704,-1.75687737136227,
-1.594090871768,-1.44076517931156,-1.29887513162437,-1.16538654778176,-1.04160458901469,
-0.925269656678152,-0.871633563966817,-0.767108108078978,-0.749842413923546),
 .UNSPECIFIED.);
#151=B_SPLINE_CURVE_WITH_KNOTS('',3,(#896,#897,#898,#899,#900,#901,#902,
#903,#904,#905,#906,#907,#908,#909,#910,#911,#912,#913,#914,#915,#916,#917),
 .UNSPECIFIED.,.F.,.F.,(4,2,2,2,2,2,2,2,2,2,4),(-0.749842413923546,-0.713329656978182,
-0.610769495521585,-0.504402846843189,-0.40432034513065,-0.353039099541088,
-0.301256574471355,-0.204043073957144,-0.154142255515601,-0.0750709944796047,
0.),.UNSPECIFIED.);
#152=B_SPLINE_CURVE_WITH_KNOTS('',3,(#918,#919,#920,#921,#922,#923,#924,
#925,#926,#927,#928,#929,#930,#931,#932,#933,#934,#935,#936,#937),
 .UNSPECIFIED.,.F.,.F.,(4,2,2,2,2,2,2,2,2,4),(-0.702457070452063,-0.657663887197971,
-0.603970465740615,-0.546407743322799,-0.477754545138232,-0.402691728808662,
-0.362964664068322,-0.28524760608988,-0.245405489749672,-0.2070917335093),
 .UNSPECIFIED.);
#153=B_SPLINE_CURVE_WITH_KNOTS('',3,(#943,#944,#945,#946,#947,#948,#949,
#950,#951,#952,#953,#954,#955,#956,#957,#958,#959,#960),.UNSPECIFIED.,.F.,
 .F.,(4,2,2,2,2,2,2,2,4),(-0.782876950101925,-0.772513744515051,-0.652460815909984,
-0.536902847680266,-0.416776025265051,-0.30115966857867,-0.180959697287786,
-0.0899456042948125,-9.99999999695689E-7),.UNSPECIFIED.);
#154=B_SPLINE_CURVE_WITH_KNOTS('',3,(#963,#964,#965,#966,#967,#968,#969,
#970),.UNSPECIFIED.,.F.,.F.,(4,2,2,4),(-7.18019139807071,-7.11252252734844,
-7.04542854415793,-7.01731031975353),.UNSPECIFIED.);
#155=B_SPLINE_CURVE_WITH_KNOTS('',3,(#975,#976,#977,#978,#979,#980,#981,
#982,#983,#984,#985,#986,#987,#988,#989,#990,#991,#992,#993,#994,#995,#996,
#997,#998,#999,#1000,#1001,#1002,#1003,#1004,#1005,#1006,#1007,#1008,#1009,
#1010),.UNSPECIFIED.,.F.,.F.,(4,2,2,2,2,2,2,2,2,2,2,2,2,2,2,2,2,4),(-2.6727654487065,
-2.6527211151682,-2.53329218695063,-2.41813967379049,-2.29862903669804,
-2.18343444761734,-2.06384325492383,-1.94860346187493,-1.82893282006492,
-1.71364506219257,-1.59389602794903,-1.47855788347579,-1.35873146176076,
-1.24334081950115,-1.12343796256325,-1.00799299367264,-0.888014600827847,
-0.782876950101925),.UNSPECIFIED.);
#156=B_SPLINE_CURVE_WITH_KNOTS('',3,(#1011,#1012,#1013,#1014,#1015,#1016,
#1017,#1018,#1019,#1020,#1021,#1022,#1023,#1024,#1025,#1026,#1027,#1028,
#1029,#1030,#1031,#1032,#1033,#1034,#1035,#1036,#1037,#1038,#1039,#1040,
#1041,#1042,#1043,#1044,#1045,#1046),.UNSPECIFIED.,.F.,.F.,(4,2,2,2,2,2,
2,2,2,2,2,2,2,2,2,2,2,4),(-7.01731031975353,-6.9301252370093,-6.81086703199468,
-6.69557330885701,-6.57640553804306,-6.46111492940475,-6.34203883922438,
-6.22674424069476,-6.10776102655144,-5.99245489555126,-5.87356568071668,
-5.75824007065206,-5.63944588333759,-5.52409248799697,-5.40539423689755,
-5.29000444490978,-5.17140289361972,-5.12597797158464),.UNSPECIFIED.);
#157=B_SPLINE_CURVE_WITH_KNOTS('',3,(#1051,#1052,#1053,#1054,#1055,#1056,
#1057,#1058,#1059,#1060,#1061,#1062,#1063,#1064,#1065,#1066,#1067,#1068,
#1069,#1070,#1071,#1072,#1073,#1074,#1075,#1076,#1077,#1078,#1079,#1080,
#1081,#1082,#1083,#1084,#1085,#1086),.UNSPECIFIED.,.F.,.F.,(4,2,2,2,2,2,
2,2,2,2,2,2,2,2,2,2,2,4),(-4.55986064323725,-4.52556661693913,-4.40875260394004,
-4.29177976348968,-4.17503377251845,-4.05790335363554,-3.94122126706579,
-3.82393217317855,-3.70730972151827,-3.58986147555801,-3.47077166988141,
-3.35574793751996,-3.23657145038364,-3.12152233197657,-3.00226044563573,
-2.88718109822896,-2.76783507466874,-2.6727654487065),.UNSPECIFIED.);
#158=B_SPLINE_CURVE_WITH_KNOTS('',3,(#1087,#1088,#1089,#1090,#1091,#1092,
#1093,#1094,#1095,#1096,#1097,#1098,#1099,#1100,#1101,#1102,#1103,#1104,
#1105,#1106,#1107,#1108,#1109,#1110,#1111,#1112,#1113,#1114,#1115,#1116,
#1117,#1118,#1119,#1120,#1121,#1122),.UNSPECIFIED.,.F.,.F.,(4,2,2,2,2,2,
2,2,2,2,2,2,2,2,2,2,2,4),(-5.12597797158464,-5.05596785243198,-4.93746359322975,
-4.82197428167082,-4.70356770925802,-4.58801501736749,-4.47018218669906,
-4.3541858136238,-4.23625829688226,-4.12036880109322,-4.00234536169173,
-3.8865544580263,-3.76843416973585,-3.65273304754444,-3.53451529050409,
-3.41889508351763,-3.300579530697,-3.23516964342979),.UNSPECIFIED.);
#159=B_SPLINE_CURVE_WITH_KNOTS('',3,(#1127,#1128,#1129,#1130,#1131,#1132,
#1133,#1134,#1135,#1136,#1137,#1138,#1139,#1140,#1141,#1142,#1143,#1144,
#1145,#1146,#1147,#1148,#1149,#1150,#1151,#1152,#1153,#1154,#1155,#1156,
#1157,#1158,#1159,#1160,#1161,#1162),.UNSPECIFIED.,.F.,.F.,(4,2,2,2,2,2,
2,2,2,2,2,2,2,2,2,2,2,4),(-6.44572666368184,-6.3934155729776,-6.27593654371969,
-6.16010268565001,-6.04271592661679,-5.92675798970712,-5.80946150613705,
-5.69337292878675,-5.57616440216531,-5.45993925379748,-5.3428160502047,
-5.22644907018538,-5.1094082533659,-4.99289487760147,-4.87593322640599,
-4.75926960155802,-4.64238363127597,-4.55986064323725),.UNSPECIFIED.);
#160=B_SPLINE_CURVE_WITH_KNOTS('',3,(#1163,#1164,#1165,#1166,#1167,#1168,
#1169,#1170,#1171,#1172,#1173,#1174,#1175,#1176,#1177,#1178,#1179,#1180,
#1181,#1182,#1183,#1184,#1185,#1186,#1187,#1188,#1189,#1190,#1191,#1192,
#1193,#1194,#1195,#1196,#1197,#1198),.UNSPECIFIED.,.F.,.F.,(4,2,2,2,2,2,
2,2,2,2,2,2,2,2,2,2,2,4),(-3.23516964342979,-3.1850312026055,-3.06661779539811,
-2.95113223030646,-2.83262115607661,-2.7171892473734,-2.59858091501062,
-2.48319365047178,-2.36448866467765,-2.24913720585331,-2.13033634086344,
-2.01501209509783,-1.89611626849177,-1.78081095228224,-1.66182119946097,
-1.54652689224814,-1.42744434206974,-1.34405159709833),.UNSPECIFIED.);
#161=B_SPLINE_CURVE_WITH_KNOTS('',3,(#1261,#1262,#1263,#1264,#1265,#1266,
#1267,#1268,#1269,#1270,#1271,#1272,#1273,#1274,#1275,#1276,#1277,#1278,
#1279,#1280,#1281,#1282),.UNSPECIFIED.,.F.,.F.,(4,2,2,2,2,2,2,2,2,2,4),
(-2.42272909685915,-2.31442589722713,-2.20295438035782,-2.08232832772258,
-1.9617412739987,-1.84345948315619,-1.72541612538855,-1.6094514459769,-1.49392936338624,
-1.38025256316183,-1.30843671426566),.UNSPECIFIED.);
#162=B_SPLINE_CURVE_WITH_KNOTS('',3,(#1285,#1286,#1287,#1288,#1289,#1290,
#1291,#1292,#1293,#1294,#1295,#1296,#1297,#1298,#1299,#1300,#1301,#1302,
#1303,#1304,#1305,#1306,#1307,#1308,#1309,#1310,#1311,#1312,#1313,#1314,
#1315,#1316,#1317,#1318),.UNSPECIFIED.,.F.,.F.,(4,2,2,2,2,2,2,2,2,2,2,2,
2,2,2,2,4),(-1.30843671426566,-1.26589997726831,-1.15751255528626,-1.04547978829331,
-0.939505492106116,-0.829718235736971,-0.726087570911672,-0.618457263300871,
-0.517087284139591,-0.465127939964039,-0.412577278564292,-0.3138864774432,
-0.263206309341711,-0.211705375177668,-0.11564687255906,-0.0585875739582359,
0.),.UNSPECIFIED.);
#163=B_SPLINE_CURVE_WITH_KNOTS('',3,(#1319,#1320,#1321,#1322,#1323,#1324,
#1325,#1326,#1327,#1328,#1329,#1330,#1331,#1332,#1333,#1334,#1335,#1336,
#1337,#1338,#1339,#1340,#1341,#1342,#1343,#1344,#1345,#1346),
 .UNSPECIFIED.,.F.,.F.,(4,2,2,2,2,2,2,2,2,2,2,2,2,4),(-0.747346623081794,
-0.719974825756589,-0.689934125786336,-0.651965523290449,-0.608528073255837,
-0.556188700842066,-0.49498317453034,-0.42324797098427,-0.339619020866896,
-0.241899038534847,-0.128736115328022,-0.0972146162041361,-0.0480970920084013,
-1.00000003344647E-6),.UNSPECIFIED.);
#164=B_SPLINE_CURVE_WITH_KNOTS('',3,(#1348,#1349,#1350,#1351,#1352,#1353,
#1354,#1355,#1356,#1357,#1358,#1359,#1360,#1361,#1362,#1363,#1364,#1365,
#1366,#1367,#1368,#1369,#1370,#1371,#1372,#1373,#1374,#1375),
 .UNSPECIFIED.,.F.,.F.,(4,2,2,2,2,2,2,2,2,2,2,2,2,4),(-1.34405159709833,
-1.31215355367667,-1.19297949431086,-1.07768518927852,-0.958420781299899,
-0.84311628741861,-0.72376281074192,-0.60844199541255,-0.48900074390248,
-0.373657957279873,-0.254130224128948,-0.138760296460601,-0.0697319840564814,
-9.99999998585466E-7),.UNSPECIFIED.);
#165=B_SPLINE_CURVE_WITH_KNOTS('',3,(#1378,#1379,#1380,#1381,#1382,#1383,
#1384,#1385,#1386,#1387,#1388,#1389,#1390,#1391,#1392,#1393),
 .UNSPECIFIED.,.F.,.F.,(4,2,2,2,2,2,2,4),(-7.17145606154815,-7.0744001926744,
-6.97548710145382,-6.85998078391341,-6.74231269862645,-6.62670521269245,
-6.50913240703622,-6.44572666368184),.UNSPECIFIED.);
#166=B_SPLINE_CURVE_WITH_KNOTS('',3,(#1395,#1396,#1397,#1398,#1399,#1400,
#1401,#1402),.UNSPECIFIED.,.F.,.F.,(4,2,2,4),(-0.2070917335093,-0.149841737578305,
-0.076094450529306,-1.00000005578971E-6),.UNSPECIFIED.);
#167=CIRCLE('',#631,3.);
#168=CIRCLE('',#632,2.2);
#169=CIRCLE('',#634,3.);
#170=CIRCLE('',#639,2.49999999999998);
#171=CIRCLE('',#640,0.5);
#172=CIRCLE('',#642,2.2);
#173=CIRCLE('',#643,0.5);
#174=CIRCLE('',#644,2.7);
#175=CIRCLE('',#646,2.2);
#176=CIRCLE('',#648,2.26587842893777);
#177=CIRCLE('',#649,0.5);
#178=CIRCLE('',#651,1.);
#179=CIRCLE('',#652,1.25);
#180=CIRCLE('',#654,1.);
#181=CIRCLE('',#656,0.174999999999999);
#182=CIRCLE('',#658,0.175);
#183=CIRCLE('',#660,4.);
#184=CIRCLE('',#662,4.);
#185=CIRCLE('',#665,3.);
#186=CIRCLE('',#668,4.);
#187=CIRCLE('',#670,4.);
#188=CIRCLE('',#672,4.);
#189=CIRCLE('',#674,4.);
#190=CIRCLE('',#676,4.);
#191=CIRCLE('',#678,4.);
#192=CIRCLE('',#680,4.);
#193=CIRCLE('',#682,4.);
#194=CIRCLE('',#686,4.);
#195=CIRCLE('',#689,4.);
#196=LINE('',#856,#215);
#197=LINE('',#893,#216);
#198=LINE('',#941,#217);
#199=LINE('',#974,#218);
#200=LINE('',#1050,#219);
#201=LINE('',#1126,#220);
#202=LINE('',#1203,#221);
#203=LINE('',#1214,#222);
#204=LINE('',#1223,#223);
#205=LINE('',#1228,#224);
#206=LINE('',#1232,#225);
#207=LINE('',#1236,#226);
#208=LINE('',#1283,#227);
#209=LINE('',#1506,#228);
#210=LINE('',#1507,#229);
#211=LINE('',#1509,#230);
#212=LINE('',#1511,#231);
#213=LINE('',#1512,#232);
#214=LINE('',#1514,#233);
#215=VECTOR('',#701,2.2);
#216=VECTOR('',#704,2.2);
#217=VECTOR('',#709,3.);
#218=VECTOR('',#714,3.);
#219=VECTOR('',#717,3.);
#220=VECTOR('',#720,3.);
#221=VECTOR('',#725,2.49999999999998);
#222=VECTOR('',#740,2.2);
#223=VECTOR('',#751,1.);
#224=VECTOR('',#758,1.);
#225=VECTOR('',#763,0.174999999999999);
#226=VECTOR('',#768,0.175);
#227=VECTOR('',#779,3.);
#228=VECTOR('',#836,1000.);
#229=VECTOR('',#837,1000.);
#230=VECTOR('',#840,1000.);
#231=VECTOR('',#843,1000.);
#232=VECTOR('',#844,1000.);
#233=VECTOR('',#847,1000.);
#234=VERTEX_POINT('',#854);
#235=VERTEX_POINT('',#855);
#236=VERTEX_POINT('',#857);
#237=VERTEX_POINT('',#859);
#238=VERTEX_POINT('',#892);
#239=VERTEX_POINT('',#895);
#240=VERTEX_POINT('',#939);
#241=VERTEX_POINT('',#940);
#242=VERTEX_POINT('',#942);
#243=VERTEX_POINT('',#961);
#244=VERTEX_POINT('',#972);
#245=VERTEX_POINT('',#973);
#246=VERTEX_POINT('',#1048);
#247=VERTEX_POINT('',#1049);
#248=VERTEX_POINT('',#1124);
#249=VERTEX_POINT('',#1125);
#250=VERTEX_POINT('',#1200);
#251=VERTEX_POINT('',#1202);
#252=VERTEX_POINT('',#1206);
#253=VERTEX_POINT('',#1208);
#254=VERTEX_POINT('',#1212);
#255=VERTEX_POINT('',#1216);
#256=VERTEX_POINT('',#1220);
#257=VERTEX_POINT('',#1222);
#258=VERTEX_POINT('',#1226);
#259=VERTEX_POINT('',#1230);
#260=VERTEX_POINT('',#1234);
#261=VERTEX_POINT('',#1238);
#262=VERTEX_POINT('',#1239);
#263=VERTEX_POINT('',#1241);
#264=VERTEX_POINT('',#1249);
#265=VERTEX_POINT('',#1250);
#266=VERTEX_POINT('',#1252);
#267=VERTEX_POINT('',#1260);
#268=VERTEX_POINT('',#1284);
#269=VERTEX_POINT('',#1376);
#270=VERTEX_POINT('',#1404);
#271=VERTEX_POINT('',#1408);
#272=VERTEX_POINT('',#1414);
#273=VERTEX_POINT('',#1415);
#274=VERTEX_POINT('',#1424);
#275=VERTEX_POINT('',#1428);
#276=VERTEX_POINT('',#1434);
#277=VERTEX_POINT('',#1438);
#278=VERTEX_POINT('',#1444);
#279=VERTEX_POINT('',#1445);
#280=VERTEX_POINT('',#1449);
#281=VERTEX_POINT('',#1455);
#282=VERTEX_POINT('',#1459);
#283=VERTEX_POINT('',#1465);
#284=VERTEX_POINT('',#1474);
#285=VERTEX_POINT('',#1478);
#286=VERTEX_POINT('',#1488);
#287=VERTEX_POINT('',#1496);
#288=EDGE_CURVE('',#234,#235,#196,.T.);
#289=EDGE_CURVE('',#234,#236,#167,.T.);
#290=EDGE_CURVE('',#236,#237,#150,.T.);
#291=EDGE_CURVE('',#237,#238,#197,.T.);
#292=EDGE_CURVE('',#238,#238,#168,.T.);
#293=EDGE_CURVE('',#237,#239,#151,.T.);
#294=EDGE_CURVE('',#239,#235,#152,.T.);
#295=EDGE_CURVE('',#240,#241,#198,.T.);
#296=EDGE_CURVE('',#240,#242,#153,.T.);
#297=EDGE_CURVE('',#242,#243,#169,.T.);
#298=EDGE_CURVE('',#243,#241,#154,.T.);
#299=EDGE_CURVE('',#244,#245,#199,.T.);
#300=EDGE_CURVE('',#244,#240,#155,.T.);
#301=EDGE_CURVE('',#241,#245,#156,.T.);
#302=EDGE_CURVE('',#246,#247,#200,.T.);
#303=EDGE_CURVE('',#246,#244,#157,.T.);
#304=EDGE_CURVE('',#245,#247,#158,.T.);
#305=EDGE_CURVE('',#248,#249,#201,.T.);
#306=EDGE_CURVE('',#248,#246,#159,.T.);
#307=EDGE_CURVE('',#247,#249,#160,.T.);
#308=EDGE_CURVE('',#250,#250,#170,.T.);
#309=EDGE_CURVE('',#250,#251,#202,.T.);
#310=EDGE_CURVE('',#251,#251,#171,.T.);
#311=EDGE_CURVE('',#252,#252,#172,.T.);
#312=EDGE_CURVE('',#252,#253,#173,.T.);
#313=EDGE_CURVE('',#253,#253,#174,.T.);
#314=EDGE_CURVE('',#254,#254,#175,.T.);
#315=EDGE_CURVE('',#254,#252,#203,.T.);
#316=EDGE_CURVE('',#255,#255,#176,.T.);
#317=EDGE_CURVE('',#255,#254,#177,.T.);
#318=EDGE_CURVE('',#256,#256,#178,.T.);
#319=EDGE_CURVE('',#256,#257,#204,.T.);
#320=EDGE_CURVE('',#257,#257,#179,.T.);
#321=EDGE_CURVE('',#258,#258,#180,.T.);
#322=EDGE_CURVE('',#258,#256,#205,.T.);
#323=EDGE_CURVE('',#259,#259,#181,.T.);
#324=EDGE_CURVE('',#259,#258,#206,.T.);
#325=EDGE_CURVE('',#260,#260,#182,.T.);
#326=EDGE_CURVE('',#260,#259,#207,.T.);
#327=EDGE_CURVE('',#261,#262,#183,.T.);
#328=EDGE_CURVE('',#263,#262,#31,.T.);
#329=EDGE_CURVE('',#261,#263,#32,.T.);
#330=EDGE_CURVE('',#264,#265,#184,.T.);
#331=EDGE_CURVE('',#266,#264,#33,.T.);
#332=EDGE_CURVE('',#265,#266,#34,.T.);
#333=EDGE_CURVE('',#242,#267,#161,.T.);
#334=EDGE_CURVE('',#267,#255,#208,.T.);
#335=EDGE_CURVE('',#267,#268,#162,.T.);
#336=EDGE_CURVE('',#268,#243,#163,.T.);
#337=EDGE_CURVE('',#249,#236,#164,.T.);
#338=EDGE_CURVE('',#269,#234,#185,.T.);
#339=EDGE_CURVE('',#269,#248,#165,.T.);
#340=EDGE_CURVE('',#235,#269,#166,.T.);
#341=EDGE_CURVE('',#270,#265,#35,.T.);
#342=EDGE_CURVE('',#271,#270,#36,.T.);
#343=EDGE_CURVE('',#265,#271,#186,.T.);
#344=EDGE_CURVE('',#272,#273,#37,.T.);
#345=EDGE_CURVE('',#271,#272,#187,.T.);
#346=EDGE_CURVE('',#273,#271,#38,.T.);
#347=EDGE_CURVE('',#264,#274,#39,.T.);
#348=EDGE_CURVE('',#275,#264,#188,.T.);
#349=EDGE_CURVE('',#274,#275,#40,.T.);
#350=EDGE_CURVE('',#275,#276,#41,.T.);
#351=EDGE_CURVE('',#277,#275,#189,.T.);
#352=EDGE_CURVE('',#276,#277,#42,.T.);
#353=EDGE_CURVE('',#278,#279,#43,.T.);
#354=EDGE_CURVE('',#278,#280,#190,.T.);
#355=EDGE_CURVE('',#279,#280,#44,.T.);
#356=EDGE_CURVE('',#281,#278,#45,.T.);
#357=EDGE_CURVE('',#282,#281,#46,.T.);
#358=EDGE_CURVE('',#282,#278,#191,.T.);
#359=EDGE_CURVE('',#283,#261,#47,.T.);
#360=EDGE_CURVE('',#280,#283,#48,.T.);
#361=EDGE_CURVE('',#280,#261,#192,.T.);
#362=EDGE_CURVE('',#284,#282,#49,.T.);
#363=EDGE_CURVE('',#285,#284,#50,.T.);
#364=EDGE_CURVE('',#285,#282,#193,.T.);
#365=EDGE_CURVE('',#272,#277,#194,.T.);
#366=EDGE_CURVE('',#286,#272,#51,.T.);
#367=EDGE_CURVE('',#277,#286,#52,.T.);
#368=EDGE_CURVE('',#287,#285,#53,.T.);
#369=EDGE_CURVE('',#262,#287,#54,.T.);
#370=EDGE_CURVE('',#262,#285,#195,.T.);
#371=EDGE_CURVE('',#270,#279,#209,.T.);
#372=EDGE_CURVE('',#283,#273,#210,.T.);
#373=EDGE_CURVE('',#263,#286,#211,.T.);
#374=EDGE_CURVE('',#287,#276,#212,.T.);
#375=EDGE_CURVE('',#284,#274,#213,.T.);
#376=EDGE_CURVE('',#281,#266,#214,.T.);
#377=EDGE_CURVE('',#239,#268,#55,.T.);
#378=ORIENTED_EDGE('',*,*,#288,.F.);
#379=ORIENTED_EDGE('',*,*,#289,.T.);
#380=ORIENTED_EDGE('',*,*,#290,.T.);
#381=ORIENTED_EDGE('',*,*,#291,.T.);
#382=ORIENTED_EDGE('',*,*,#292,.F.);
#383=ORIENTED_EDGE('',*,*,#291,.F.);
#384=ORIENTED_EDGE('',*,*,#293,.T.);
#385=ORIENTED_EDGE('',*,*,#294,.T.);
#386=ORIENTED_EDGE('',*,*,#295,.F.);
#387=ORIENTED_EDGE('',*,*,#296,.T.);
#388=ORIENTED_EDGE('',*,*,#297,.T.);
#389=ORIENTED_EDGE('',*,*,#298,.T.);
#390=ORIENTED_EDGE('',*,*,#299,.F.);
#391=ORIENTED_EDGE('',*,*,#300,.T.);
#392=ORIENTED_EDGE('',*,*,#295,.T.);
#393=ORIENTED_EDGE('',*,*,#301,.T.);
#394=ORIENTED_EDGE('',*,*,#302,.F.);
#395=ORIENTED_EDGE('',*,*,#303,.T.);
#396=ORIENTED_EDGE('',*,*,#299,.T.);
#397=ORIENTED_EDGE('',*,*,#304,.T.);
#398=ORIENTED_EDGE('',*,*,#305,.F.);
#399=ORIENTED_EDGE('',*,*,#306,.T.);
#400=ORIENTED_EDGE('',*,*,#302,.T.);
#401=ORIENTED_EDGE('',*,*,#307,.T.);
#402=ORIENTED_EDGE('',*,*,#308,.F.);
#403=ORIENTED_EDGE('',*,*,#309,.T.);
#404=ORIENTED_EDGE('',*,*,#310,.T.);
#405=ORIENTED_EDGE('',*,*,#309,.F.);
#406=ORIENTED_EDGE('',*,*,#311,.F.);
#407=ORIENTED_EDGE('',*,*,#312,.T.);
#408=ORIENTED_EDGE('',*,*,#313,.T.);
#409=ORIENTED_EDGE('',*,*,#312,.F.);
#410=ORIENTED_EDGE('',*,*,#314,.F.);
#411=ORIENTED_EDGE('',*,*,#315,.T.);
#412=ORIENTED_EDGE('',*,*,#311,.T.);
#413=ORIENTED_EDGE('',*,*,#315,.F.);
#414=ORIENTED_EDGE('',*,*,#316,.F.);
#415=ORIENTED_EDGE('',*,*,#317,.T.);
#416=ORIENTED_EDGE('',*,*,#314,.T.);
#417=ORIENTED_EDGE('',*,*,#317,.F.);
#418=ORIENTED_EDGE('',*,*,#318,.F.);
#419=ORIENTED_EDGE('',*,*,#319,.T.);
#420=ORIENTED_EDGE('',*,*,#320,.T.);
#421=ORIENTED_EDGE('',*,*,#319,.F.);
#422=ORIENTED_EDGE('',*,*,#321,.F.);
#423=ORIENTED_EDGE('',*,*,#322,.T.);
#424=ORIENTED_EDGE('',*,*,#318,.T.);
#425=ORIENTED_EDGE('',*,*,#322,.F.);
#426=ORIENTED_EDGE('',*,*,#323,.F.);
#427=ORIENTED_EDGE('',*,*,#324,.T.);
#428=ORIENTED_EDGE('',*,*,#321,.T.);
#429=ORIENTED_EDGE('',*,*,#324,.F.);
#430=ORIENTED_EDGE('',*,*,#325,.F.);
#431=ORIENTED_EDGE('',*,*,#326,.T.);
#432=ORIENTED_EDGE('',*,*,#323,.T.);
#433=ORIENTED_EDGE('',*,*,#326,.F.);
#434=ORIENTED_EDGE('',*,*,#327,.T.);
#435=ORIENTED_EDGE('',*,*,#328,.F.);
#436=ORIENTED_EDGE('',*,*,#329,.F.);
#437=ORIENTED_EDGE('',*,*,#330,.F.);
#438=ORIENTED_EDGE('',*,*,#331,.F.);
#439=ORIENTED_EDGE('',*,*,#332,.F.);
#440=ORIENTED_EDGE('',*,*,#333,.T.);
#441=ORIENTED_EDGE('',*,*,#334,.T.);
#442=ORIENTED_EDGE('',*,*,#316,.T.);
#443=ORIENTED_EDGE('',*,*,#334,.F.);
#444=ORIENTED_EDGE('',*,*,#335,.T.);
#445=ORIENTED_EDGE('',*,*,#336,.T.);
#446=ORIENTED_EDGE('',*,*,#297,.F.);
#447=ORIENTED_EDGE('',*,*,#305,.T.);
#448=ORIENTED_EDGE('',*,*,#337,.T.);
#449=ORIENTED_EDGE('',*,*,#289,.F.);
#450=ORIENTED_EDGE('',*,*,#338,.F.);
#451=ORIENTED_EDGE('',*,*,#339,.T.);
#452=ORIENTED_EDGE('',*,*,#288,.T.);
#453=ORIENTED_EDGE('',*,*,#340,.T.);
#454=ORIENTED_EDGE('',*,*,#338,.T.);
#455=ORIENTED_EDGE('',*,*,#341,.F.);
#456=ORIENTED_EDGE('',*,*,#342,.F.);
#457=ORIENTED_EDGE('',*,*,#343,.F.);
#458=ORIENTED_EDGE('',*,*,#344,.F.);
#459=ORIENTED_EDGE('',*,*,#345,.F.);
#460=ORIENTED_EDGE('',*,*,#346,.F.);
#461=ORIENTED_EDGE('',*,*,#347,.F.);
#462=ORIENTED_EDGE('',*,*,#348,.F.);
#463=ORIENTED_EDGE('',*,*,#349,.F.);
#464=ORIENTED_EDGE('',*,*,#350,.F.);
#465=ORIENTED_EDGE('',*,*,#351,.F.);
#466=ORIENTED_EDGE('',*,*,#352,.F.);
#467=ORIENTED_EDGE('',*,*,#353,.F.);
#468=ORIENTED_EDGE('',*,*,#354,.T.);
#469=ORIENTED_EDGE('',*,*,#355,.F.);
#470=ORIENTED_EDGE('',*,*,#356,.F.);
#471=ORIENTED_EDGE('',*,*,#357,.F.);
#472=ORIENTED_EDGE('',*,*,#358,.T.);
#473=ORIENTED_EDGE('',*,*,#359,.F.);
#474=ORIENTED_EDGE('',*,*,#360,.F.);
#475=ORIENTED_EDGE('',*,*,#361,.T.);
#476=ORIENTED_EDGE('',*,*,#362,.F.);
#477=ORIENTED_EDGE('',*,*,#363,.F.);
#478=ORIENTED_EDGE('',*,*,#364,.T.);
#479=ORIENTED_EDGE('',*,*,#310,.F.);
#480=ORIENTED_EDGE('',*,*,#325,.T.);
#481=ORIENTED_EDGE('',*,*,#292,.T.);
#482=ORIENTED_EDGE('',*,*,#320,.F.);
#483=ORIENTED_EDGE('',*,*,#345,.T.);
#484=ORIENTED_EDGE('',*,*,#365,.T.);
#485=ORIENTED_EDGE('',*,*,#351,.T.);
#486=ORIENTED_EDGE('',*,*,#348,.T.);
#487=ORIENTED_EDGE('',*,*,#330,.T.);
#488=ORIENTED_EDGE('',*,*,#343,.T.);
#489=ORIENTED_EDGE('',*,*,#313,.F.);
#490=ORIENTED_EDGE('',*,*,#366,.F.);
#491=ORIENTED_EDGE('',*,*,#367,.F.);
#492=ORIENTED_EDGE('',*,*,#365,.F.);
#493=ORIENTED_EDGE('',*,*,#368,.F.);
#494=ORIENTED_EDGE('',*,*,#369,.F.);
#495=ORIENTED_EDGE('',*,*,#370,.T.);
#496=ORIENTED_EDGE('',*,*,#361,.F.);
#497=ORIENTED_EDGE('',*,*,#354,.F.);
#498=ORIENTED_EDGE('',*,*,#358,.F.);
#499=ORIENTED_EDGE('',*,*,#364,.F.);
#500=ORIENTED_EDGE('',*,*,#370,.F.);
#501=ORIENTED_EDGE('',*,*,#327,.F.);
#502=ORIENTED_EDGE('',*,*,#308,.T.);
#503=ORIENTED_EDGE('',*,*,#346,.T.);
#504=ORIENTED_EDGE('',*,*,#342,.T.);
#505=ORIENTED_EDGE('',*,*,#371,.T.);
#506=ORIENTED_EDGE('',*,*,#355,.T.);
#507=ORIENTED_EDGE('',*,*,#360,.T.);
#508=ORIENTED_EDGE('',*,*,#372,.T.);
#509=ORIENTED_EDGE('',*,*,#366,.T.);
#510=ORIENTED_EDGE('',*,*,#344,.T.);
#511=ORIENTED_EDGE('',*,*,#372,.F.);
#512=ORIENTED_EDGE('',*,*,#359,.T.);
#513=ORIENTED_EDGE('',*,*,#329,.T.);
#514=ORIENTED_EDGE('',*,*,#373,.T.);
#515=ORIENTED_EDGE('',*,*,#349,.T.);
#516=ORIENTED_EDGE('',*,*,#350,.T.);
#517=ORIENTED_EDGE('',*,*,#374,.F.);
#518=ORIENTED_EDGE('',*,*,#368,.T.);
#519=ORIENTED_EDGE('',*,*,#363,.T.);
#520=ORIENTED_EDGE('',*,*,#375,.T.);
#521=ORIENTED_EDGE('',*,*,#341,.T.);
#522=ORIENTED_EDGE('',*,*,#332,.T.);
#523=ORIENTED_EDGE('',*,*,#376,.F.);
#524=ORIENTED_EDGE('',*,*,#356,.T.);
#525=ORIENTED_EDGE('',*,*,#353,.T.);
#526=ORIENTED_EDGE('',*,*,#371,.F.);
#527=ORIENTED_EDGE('',*,*,#331,.T.);
#528=ORIENTED_EDGE('',*,*,#347,.T.);
#529=ORIENTED_EDGE('',*,*,#375,.F.);
#530=ORIENTED_EDGE('',*,*,#362,.T.);
#531=ORIENTED_EDGE('',*,*,#357,.T.);
#532=ORIENTED_EDGE('',*,*,#376,.T.);
#533=ORIENTED_EDGE('',*,*,#352,.T.);
#534=ORIENTED_EDGE('',*,*,#367,.T.);
#535=ORIENTED_EDGE('',*,*,#373,.F.);
#536=ORIENTED_EDGE('',*,*,#328,.T.);
#537=ORIENTED_EDGE('',*,*,#369,.T.);
#538=ORIENTED_EDGE('',*,*,#374,.T.);
#539=ORIENTED_EDGE('',*,*,#377,.T.);
#540=ORIENTED_EDGE('',*,*,#335,.F.);
#541=ORIENTED_EDGE('',*,*,#333,.F.);
#542=ORIENTED_EDGE('',*,*,#296,.F.);
#543=ORIENTED_EDGE('',*,*,#300,.F.);
#544=ORIENTED_EDGE('',*,*,#303,.F.);
#545=ORIENTED_EDGE('',*,*,#306,.F.);
#546=ORIENTED_EDGE('',*,*,#339,.F.);
#547=ORIENTED_EDGE('',*,*,#340,.F.);
#548=ORIENTED_EDGE('',*,*,#294,.F.);
#549=ORIENTED_EDGE('',*,*,#298,.F.);
#550=ORIENTED_EDGE('',*,*,#336,.F.);
#551=ORIENTED_EDGE('',*,*,#377,.F.);
#552=ORIENTED_EDGE('',*,*,#293,.F.);
#553=ORIENTED_EDGE('',*,*,#290,.F.);
#554=ORIENTED_EDGE('',*,*,#337,.F.);
#555=ORIENTED_EDGE('',*,*,#307,.F.);
#556=ORIENTED_EDGE('',*,*,#304,.F.);
#557=ORIENTED_EDGE('',*,*,#301,.F.);
#558=CONICAL_SURFACE('',#630,2.2,0.571223057007375);
#559=CONICAL_SURFACE('',#638,2.49999999999998,0.785398163397443);
#560=CONICAL_SURFACE('',#650,1.,0.523598775598302);
#561=CONICAL_SURFACE('',#655,0.174999999999999,1.02974425867665);
#562=CONICAL_SURFACE('',#659,4.61880215351701,1.30899693899575);
#563=CONICAL_SURFACE('',#661,4.,1.30899693899575);
#564=CONICAL_SURFACE('',#663,3.,0.519146114246523);
#565=CONICAL_SURFACE('',#666,2.2,0.571223057007375);
#566=CONICAL_SURFACE('',#667,4.,1.30899693899575);
#567=CONICAL_SURFACE('',#669,4.,1.30899693899575);
#568=CONICAL_SURFACE('',#671,4.,1.30899693899575);
#569=CONICAL_SURFACE('',#673,4.,1.30899693899575);
#570=CONICAL_SURFACE('',#675,4.61880215351701,1.30899693899575);
#571=CONICAL_SURFACE('',#677,4.61880215351701,1.30899693899575);
#572=CONICAL_SURFACE('',#679,4.61880215351701,1.30899693899575);
#573=CONICAL_SURFACE('',#681,4.61880215351701,1.30899693899575);
#574=CONICAL_SURFACE('',#687,4.,1.30899693899575);
#575=CONICAL_SURFACE('',#688,4.61880215351701,1.30899693899575);
#576=ADVANCED_FACE('',(#66),#558,.T.);
#577=ADVANCED_FACE('',(#67),#58,.T.);
#578=ADVANCED_FACE('',(#68),#59,.T.);
#579=ADVANCED_FACE('',(#69),#60,.T.);
#580=ADVANCED_FACE('',(#70),#61,.T.);
#581=ADVANCED_FACE('',(#71),#559,.T.);
#582=ADVANCED_FACE('',(#72),#56,.F.);
#583=ADVANCED_FACE('',(#73),#62,.T.);
#584=ADVANCED_FACE('',(#74),#57,.F.);
#585=ADVANCED_FACE('',(#75),#560,.F.);
#586=ADVANCED_FACE('',(#76),#63,.F.);
#587=ADVANCED_FACE('',(#77),#561,.F.);
#588=ADVANCED_FACE('',(#78),#64,.F.);
#589=ADVANCED_FACE('',(#79),#562,.T.);
#590=ADVANCED_FACE('',(#80),#563,.T.);
#591=ADVANCED_FACE('',(#81),#564,.T.);
#592=ADVANCED_FACE('',(#82),#65,.T.);
#593=ADVANCED_FACE('',(#83),#565,.T.);
#594=ADVANCED_FACE('',(#84),#566,.T.);
#595=ADVANCED_FACE('',(#85),#567,.T.);
#596=ADVANCED_FACE('',(#86),#568,.T.);
#597=ADVANCED_FACE('',(#87),#569,.T.);
#598=ADVANCED_FACE('',(#88),#570,.T.);
#599=ADVANCED_FACE('',(#89),#571,.T.);
#600=ADVANCED_FACE('',(#90),#572,.T.);
#601=ADVANCED_FACE('',(#91),#573,.T.);
#602=ADVANCED_FACE('',(#92,#17),#21,.T.);
#603=ADVANCED_FACE('',(#93,#18),#22,.T.);
#604=ADVANCED_FACE('',(#94,#19),#23,.T.);
#605=ADVANCED_FACE('',(#95),#574,.T.);
#606=ADVANCED_FACE('',(#96),#575,.T.);
#607=ADVANCED_FACE('',(#97,#20),#24,.T.);
#608=ADVANCED_FACE('',(#98),#25,.F.);
#609=ADVANCED_FACE('',(#99),#26,.F.);
#610=ADVANCED_FACE('',(#100),#27,.F.);
#611=ADVANCED_FACE('',(#101),#28,.F.);
#612=ADVANCED_FACE('',(#102),#29,.F.);
#613=ADVANCED_FACE('',(#103),#30,.F.);
#614=ADVANCED_FACE('',(#104),#15,.T.);
#615=ADVANCED_FACE('',(#105),#16,.T.);
#616=CLOSED_SHELL('',(#576,#577,#578,#579,#580,#581,#582,#583,#584,#585,
#586,#587,#588,#589,#590,#591,#592,#593,#594,#595,#596,#597,#598,#599,#600,
#601,#602,#603,#604,#605,#606,#607,#608,#609,#610,#611,#612,#613,#614,#615));
#617=DERIVED_UNIT_ELEMENT(#619,1.);
#618=DERIVED_UNIT_ELEMENT(#2069,-3.);
#619=(
MASS_UNIT()
NAMED_UNIT(*)
SI_UNIT(.KILO.,.GRAM.)
);
#620=DERIVED_UNIT((#617,#618));
#621=MEASURE_REPRESENTATION_ITEM('density measure',
POSITIVE_RATIO_MEASURE(7850.),#620);
#622=PROPERTY_DEFINITION_REPRESENTATION(#627,#624);
#623=PROPERTY_DEFINITION_REPRESENTATION(#628,#625);
#624=REPRESENTATION('material name',(#626),#2066);
#625=REPRESENTATION('density',(#621),#2066);
#626=DESCRIPTIVE_REPRESENTATION_ITEM('Steel','Steel');
#627=PROPERTY_DEFINITION('material property','material name',#2076);
#628=PROPERTY_DEFINITION('material property','density of part',#2076);
#629=AXIS2_PLACEMENT_3D('',#852,#697,#698);
#630=AXIS2_PLACEMENT_3D('',#853,#699,#700);
#631=AXIS2_PLACEMENT_3D('',#858,#702,#703);
#632=AXIS2_PLACEMENT_3D('',#894,#705,#706);
#633=AXIS2_PLACEMENT_3D('',#938,#707,#708);
#634=AXIS2_PLACEMENT_3D('',#962,#710,#711);
#635=AXIS2_PLACEMENT_3D('',#971,#712,#713);
#636=AXIS2_PLACEMENT_3D('',#1047,#715,#716);
#637=AXIS2_PLACEMENT_3D('',#1123,#718,#719);
#638=AXIS2_PLACEMENT_3D('',#1199,#721,#722);
#639=AXIS2_PLACEMENT_3D('',#1201,#723,#724);
#640=AXIS2_PLACEMENT_3D('',#1204,#726,#727);
#641=AXIS2_PLACEMENT_3D('',#1205,#728,#729);
#642=AXIS2_PLACEMENT_3D('',#1207,#730,#731);
#643=AXIS2_PLACEMENT_3D('',#1209,#732,#733);
#644=AXIS2_PLACEMENT_3D('',#1210,#734,#735);
#645=AXIS2_PLACEMENT_3D('',#1211,#736,#737);
#646=AXIS2_PLACEMENT_3D('',#1213,#738,#739);
#647=AXIS2_PLACEMENT_3D('',#1215,#741,#742);
#648=AXIS2_PLACEMENT_3D('',#1217,#743,#744);
#649=AXIS2_PLACEMENT_3D('',#1218,#745,#746);
#650=AXIS2_PLACEMENT_3D('',#1219,#747,#748);
#651=AXIS2_PLACEMENT_3D('',#1221,#749,#750);
#652=AXIS2_PLACEMENT_3D('',#1224,#752,#753);
#653=AXIS2_PLACEMENT_3D('',#1225,#754,#755);
#654=AXIS2_PLACEMENT_3D('',#1227,#756,#757);
#655=AXIS2_PLACEMENT_3D('',#1229,#759,#760);
#656=AXIS2_PLACEMENT_3D('',#1231,#761,#762);
#657=AXIS2_PLACEMENT_3D('',#1233,#764,#765);
#658=AXIS2_PLACEMENT_3D('',#1235,#766,#767);
#659=AXIS2_PLACEMENT_3D('',#1237,#769,#770);
#660=AXIS2_PLACEMENT_3D('',#1240,#771,#772);
#661=AXIS2_PLACEMENT_3D('',#1248,#773,#774);
#662=AXIS2_PLACEMENT_3D('',#1251,#775,#776);
#663=AXIS2_PLACEMENT_3D('',#1259,#777,#778);
#664=AXIS2_PLACEMENT_3D('',#1347,#780,#781);
#665=AXIS2_PLACEMENT_3D('',#1377,#782,#783);
#666=AXIS2_PLACEMENT_3D('',#1394,#784,#785);
#667=AXIS2_PLACEMENT_3D('',#1403,#786,#787);
#668=AXIS2_PLACEMENT_3D('',#1412,#788,#789);
#669=AXIS2_PLACEMENT_3D('',#1413,#790,#791);
#670=AXIS2_PLACEMENT_3D('',#1419,#792,#793);
#671=AXIS2_PLACEMENT_3D('',#1423,#794,#795);
#672=AXIS2_PLACEMENT_3D('',#1429,#796,#797);
#673=AXIS2_PLACEMENT_3D('',#1433,#798,#799);
#674=AXIS2_PLACEMENT_3D('',#1439,#800,#801);
#675=AXIS2_PLACEMENT_3D('',#1443,#802,#803);
#676=AXIS2_PLACEMENT_3D('',#1450,#804,#805);
#677=AXIS2_PLACEMENT_3D('',#1454,#806,#807);
#678=AXIS2_PLACEMENT_3D('',#1463,#808,#809);
#679=AXIS2_PLACEMENT_3D('',#1464,#810,#811);
#680=AXIS2_PLACEMENT_3D('',#1472,#812,#813);
#681=AXIS2_PLACEMENT_3D('',#1473,#814,#815);
#682=AXIS2_PLACEMENT_3D('',#1482,#816,#817);
#683=AXIS2_PLACEMENT_3D('',#1483,#818,#819);
#684=AXIS2_PLACEMENT_3D('',#1484,#820,#821);
#685=AXIS2_PLACEMENT_3D('',#1485,#822,#823);
#686=AXIS2_PLACEMENT_3D('',#1486,#824,#825);
#687=AXIS2_PLACEMENT_3D('',#1487,#826,#827);
#688=AXIS2_PLACEMENT_3D('',#1495,#828,#829);
#689=AXIS2_PLACEMENT_3D('',#1503,#830,#831);
#690=AXIS2_PLACEMENT_3D('',#1504,#832,#833);
#691=AXIS2_PLACEMENT_3D('',#1505,#834,#835);
#692=AXIS2_PLACEMENT_3D('',#1508,#838,#839);
#693=AXIS2_PLACEMENT_3D('',#1510,#841,#842);
#694=AXIS2_PLACEMENT_3D('',#1513,#845,#846);
#695=AXIS2_PLACEMENT_3D('',#1515,#848,#849);
#696=AXIS2_PLACEMENT_3D('',#1516,#850,#851);
#697=DIRECTION('axis',(0.,0.,1.));
#698=DIRECTION('refdir',(1.,0.,0.));
#699=DIRECTION('center_axis',(0.,-1.,0.));
#700=DIRECTION('ref_axis',(0.,0.,-1.));
#701=DIRECTION('',(6.62119176704652E-17,0.841240344881734,-0.540661337755217));
#702=DIRECTION('center_axis',(0.,1.,0.));
#703=DIRECTION('ref_axis',(0.,0.,1.));
#704=DIRECTION('',(6.62119176704652E-17,0.841240344881734,-0.540661337755217));
#705=DIRECTION('center_axis',(0.,1.,0.));
#706=DIRECTION('ref_axis',(0.,0.,1.));
#707=DIRECTION('center_axis',(0.,1.,0.));
#708=DIRECTION('ref_axis',(0.,0.,1.));
#709=DIRECTION('',(0.,-1.,0.));
#710=DIRECTION('center_axis',(0.,1.,0.));
#711=DIRECTION('ref_axis',(0.,0.,1.));
#712=DIRECTION('center_axis',(0.,1.,0.));
#713=DIRECTION('ref_axis',(0.,0.,1.));
#714=DIRECTION('',(0.,-1.,0.));
#715=DIRECTION('center_axis',(0.,1.,0.));
#716=DIRECTION('ref_axis',(0.,0.,1.));
#717=DIRECTION('',(0.,-1.,0.));
#718=DIRECTION('center_axis',(0.,1.,0.));
#719=DIRECTION('ref_axis',(0.,0.,1.));
#720=DIRECTION('',(0.,-1.,0.));
#721=DIRECTION('center_axis',(0.,1.,0.));
#722=DIRECTION('ref_axis',(0.,0.,1.));
#723=DIRECTION('center_axis',(0.,1.,0.));
#724=DIRECTION('ref_axis',(0.,0.,1.));
#725=DIRECTION('',(8.65956056235488E-17,-0.707106781186552,0.707106781186543));
#726=DIRECTION('center_axis',(0.,1.,0.));
#727=DIRECTION('ref_axis',(0.,0.,1.));
#728=DIRECTION('center_axis',(0.,1.,0.));
#729=DIRECTION('ref_axis',(0.,0.,1.));
#730=DIRECTION('center_axis',(0.,1.,0.));
#731=DIRECTION('ref_axis',(0.,0.,1.));
#732=DIRECTION('center_axis',(1.,0.,-1.22464679914735E-16));
#733=DIRECTION('ref_axis',(-1.22464679914735E-16,0.,-1.));
#734=DIRECTION('center_axis',(0.,1.,0.));
#735=DIRECTION('ref_axis',(0.,0.,1.));
#736=DIRECTION('center_axis',(0.,1.,0.));
#737=DIRECTION('ref_axis',(0.,0.,1.));
#738=DIRECTION('center_axis',(0.,1.,0.));
#739=DIRECTION('ref_axis',(0.,0.,1.));
#740=DIRECTION('',(0.,-1.,0.));
#741=DIRECTION('center_axis',(0.,1.,0.));
#742=DIRECTION('ref_axis',(0.,0.,1.));
#743=DIRECTION('center_axis',(0.,1.,0.));
#744=DIRECTION('ref_axis',(0.,0.,1.));
#745=DIRECTION('center_axis',(1.,0.,-1.22464679914735E-16));
#746=DIRECTION('ref_axis',(-1.22464679914735E-16,0.,-1.));
#747=DIRECTION('center_axis',(0.,1.,0.));
#748=DIRECTION('ref_axis',(0.,0.,1.));
#749=DIRECTION('center_axis',(0.,1.,0.));
#750=DIRECTION('ref_axis',(0.,0.,1.));
#751=DIRECTION('',(-6.1232339957368E-17,0.866025403784437,-0.500000000000003));
#752=DIRECTION('center_axis',(0.,1.,0.));
#753=DIRECTION('ref_axis',(0.,0.,1.));
#754=DIRECTION('center_axis',(0.,1.,0.));
#755=DIRECTION('ref_axis',(0.,0.,1.));
#756=DIRECTION('center_axis',(0.,1.,0.));
#757=DIRECTION('ref_axis',(0.,0.,1.));
#758=DIRECTION('',(0.,1.,0.));
#759=DIRECTION('center_axis',(0.,1.,0.));
#760=DIRECTION('ref_axis',(0.,0.,1.));
#761=DIRECTION('center_axis',(0.,1.,0.));
#762=DIRECTION('ref_axis',(0.,0.,1.));
#763=DIRECTION('',(-1.04972719113862E-16,0.515038074910058,-0.85716730070211));
#764=DIRECTION('center_axis',(0.,1.,0.));
#765=DIRECTION('ref_axis',(0.,0.,1.));
#766=DIRECTION('center_axis',(0.,1.,0.));
#767=DIRECTION('ref_axis',(0.,0.,1.));
#768=DIRECTION('',(0.,1.,0.));
#769=DIRECTION('center_axis',(0.,1.,0.));
#770=DIRECTION('ref_axis',(0.,0.,1.));
#771=DIRECTION('center_axis',(0.,1.,0.));
#772=DIRECTION('ref_axis',(0.,0.,1.));
#773=DIRECTION('center_axis',(0.,-1.,0.));
#774=DIRECTION('ref_axis',(0.,0.,-1.));
#775=DIRECTION('center_axis',(0.,1.,0.));
#776=DIRECTION('ref_axis',(0.,0.,1.));
#777=DIRECTION('center_axis',(0.,1.,0.));
#778=DIRECTION('ref_axis',(0.,0.,1.));
#779=DIRECTION('',(6.07594962791063E-17,-0.868243142124459,0.496138938356834));
#780=DIRECTION('center_axis',(0.,1.,0.));
#781=DIRECTION('ref_axis',(0.,0.,1.));
#782=DIRECTION('center_axis',(0.,1.,0.));
#783=DIRECTION('ref_axis',(0.,0.,1.));
#784=DIRECTION('center_axis',(0.,-1.,0.));
#785=DIRECTION('ref_axis',(0.,0.,-1.));
#786=DIRECTION('center_axis',(0.,-1.,0.));
#787=DIRECTION('ref_axis',(0.,0.,-1.));
#788=DIRECTION('center_axis',(0.,1.,0.));
#789=DIRECTION('ref_axis',(0.,0.,1.));
#790=DIRECTION('center_axis',(0.,-1.,0.));
#791=DIRECTION('ref_axis',(0.,0.,-1.));
#792=DIRECTION('center_axis',(0.,1.,0.));
#793=DIRECTION('ref_axis',(0.,0.,1.));
#794=DIRECTION('center_axis',(0.,-1.,0.));
#795=DIRECTION('ref_axis',(0.,0.,-1.));
#796=DIRECTION('center_axis',(0.,1.,0.));
#797=DIRECTION('ref_axis',(0.,0.,1.));
#798=DIRECTION('center_axis',(0.,-1.,0.));
#799=DIRECTION('ref_axis',(0.,0.,-1.));
#800=DIRECTION('center_axis',(0.,1.,0.));
#801=DIRECTION('ref_axis',(0.,0.,1.));
#802=DIRECTION('center_axis',(0.,1.,0.));
#803=DIRECTION('ref_axis',(0.,0.,1.));
#804=DIRECTION('center_axis',(0.,1.,0.));
#805=DIRECTION('ref_axis',(0.,0.,1.));
#806=DIRECTION('center_axis',(0.,1.,0.));
#807=DIRECTION('ref_axis',(-1.07806057163162E-14,0.,-1.));
#808=DIRECTION('center_axis',(0.,1.,0.));
#809=DIRECTION('ref_axis',(0.,0.,1.));
#810=DIRECTION('center_axis',(0.,1.,0.));
#811=DIRECTION('ref_axis',(0.,0.,1.));
#812=DIRECTION('center_axis',(0.,1.,0.));
#813=DIRECTION('ref_axis',(0.,0.,1.));
#814=DIRECTION('center_axis',(0.,1.,0.));
#815=DIRECTION('ref_axis',(0.,0.,1.));
#816=DIRECTION('center_axis',(0.,1.,0.));
#817=DIRECTION('ref_axis',(0.,0.,1.));
#818=DIRECTION('center_axis',(0.,-1.,0.));
#819=DIRECTION('ref_axis',(0.,0.,-1.));
#820=DIRECTION('center_axis',(0.,1.,0.));
#821=DIRECTION('ref_axis',(0.,0.,1.));
#822=DIRECTION('center_axis',(0.,1.,0.));
#823=DIRECTION('ref_axis',(0.,0.,1.));
#824=DIRECTION('center_axis',(0.,1.,0.));
#825=DIRECTION('ref_axis',(0.,0.,1.));
#826=DIRECTION('center_axis',(0.,-1.,0.));
#827=DIRECTION('ref_axis',(4.31842741858589E-15,0.,1.));
#828=DIRECTION('center_axis',(0.,1.,0.));
#829=DIRECTION('ref_axis',(0.,0.,1.));
#830=DIRECTION('center_axis',(0.,1.,0.));
#831=DIRECTION('ref_axis',(0.,0.,1.));
#832=DIRECTION('center_axis',(0.,-1.,0.));
#833=DIRECTION('ref_axis',(0.,0.,-1.));
#834=DIRECTION('center_axis',(1.,1.31937426783835E-16,0.));
#835=DIRECTION('ref_axis',(-1.31937426783835E-16,1.,0.));
#836=DIRECTION('',(0.,-1.,0.));
#837=DIRECTION('',(0.,1.,0.));
#838=DIRECTION('center_axis',(0.499999999999998,1.31937426783835E-16,-0.86602540378444));
#839=DIRECTION('ref_axis',(-0.86602540378444,0.,-0.499999999999998));
#840=DIRECTION('',(5.55078536978699E-31,1.,1.52348217739668E-16));
#841=DIRECTION('center_axis',(-1.,1.31937426783835E-16,0.));
#842=DIRECTION('ref_axis',(-1.31937426783835E-16,-1.,0.));
#843=DIRECTION('',(1.31937426783835E-16,1.,7.61741088698335E-17));
#844=DIRECTION('',(1.31937426783835E-16,1.,-7.61741088698347E-17));
#845=DIRECTION('center_axis',(0.50000000000001,1.31937426783835E-16,0.866025403784433));
#846=DIRECTION('ref_axis',(0.866025403784433,0.,-0.50000000000001));
#847=DIRECTION('',(-1.59407169593883E-30,1.,-1.52348217739668E-16));
#848=DIRECTION('center_axis',(-0.499999999999992,1.31937426783835E-16,0.866025403784443));
#849=DIRECTION('ref_axis',(0.866025403784443,0.,0.499999999999992));
#850=DIRECTION('center_axis',(-0.500000000000004,1.31937426783835E-16,-0.866025403784436));
#851=DIRECTION('ref_axis',(-0.866025403784436,0.,0.500000000000004));
#852=CARTESIAN_POINT('',(0.,0.,0.));
#853=CARTESIAN_POINT('Origin',(8.67361737988404E-16,6.,0.));
#854=CARTESIAN_POINT('',(4.99967698244196E-16,4.75524246157566,3.00000000000001));
#855=CARTESIAN_POINT('',(3.90873577855881E-11,4.91255414114698,2.89889650010367));
#856=CARTESIAN_POINT('',(5.97939442175986E-16,6.,2.2));
#857=CARTESIAN_POINT('',(2.90796642191209,4.75524246157565,0.737381372853822));
#858=CARTESIAN_POINT('Origin',(8.67361737988404E-16,4.75524246157567,0.));
#859=CARTESIAN_POINT('',(-1.32646885504115E-15,5.24850287645226,2.68298377818962));
#860=CARTESIAN_POINT('Ctrl Pts',(2.9079664219121,4.75524246157566,0.737381372853825));
#861=CARTESIAN_POINT('Ctrl Pts',(2.95404323309889,4.76214546372861,0.537621236100946));
#862=CARTESIAN_POINT('Ctrl Pts',(2.97958339682691,4.76894307438605,0.333679425072572));
#863=CARTESIAN_POINT('Ctrl Pts',(2.98887494436146,4.78222217943039,-0.0797889565311095));
#864=CARTESIAN_POINT('Ctrl Pts',(2.97184983608463,4.78880528809175,-0.287404942727725));
#865=CARTESIAN_POINT('Ctrl Pts',(2.86109444380386,4.80864994097771,-0.870267471169953));
#866=CARTESIAN_POINT('Ctrl Pts',(2.71619995423103,4.82203043033369,-1.23066708796507));
#867=CARTESIAN_POINT('Ctrl Pts',(2.30822947011551,4.84759157941329,-1.85781265713622));
#868=CARTESIAN_POINT('Ctrl Pts',(2.04193104930875,4.8597030293929,-2.14486624810775));
#869=CARTESIAN_POINT('Ctrl Pts',(1.39095086437831,4.88651979148401,-2.590236154798));
#870=CARTESIAN_POINT('Ctrl Pts',(1.03985739518609,4.89990561515598,-2.74092343585007));
#871=CARTESIAN_POINT('Ctrl Pts',(0.320744234687579,4.92547480762979,-2.89481986291821));
#872=CARTESIAN_POINT('Ctrl Pts',(-0.0635216660986494,4.93758418612526,-2.91011430378112));
#873=CARTESIAN_POINT('Ctrl Pts',(-0.825618494960675,4.96437430018246,-2.76918962529253));
#874=CARTESIAN_POINT('Ctrl Pts',(-1.1748541556922,4.97776561299241,-2.63068660270632));
#875=CARTESIAN_POINT('Ctrl Pts',(-1.78239605648209,5.00334508999789,-2.23932343172576));
#876=CARTESIAN_POINT('Ctrl Pts',(-2.06039174348268,5.01545258520516,-1.98382422718081));
#877=CARTESIAN_POINT('Ctrl Pts',(-2.49348931335944,5.0422117678058,-1.35783272832678));
#878=CARTESIAN_POINT('Ctrl Pts',(-2.64084722316753,5.0556087324837,-1.01916725402898));
#879=CARTESIAN_POINT('Ctrl Pts',(-2.79273032481828,5.0812011647194,-0.325565039043121));
#880=CARTESIAN_POINT('Ctrl Pts',(-2.80924472763043,5.09330699796384,0.0446278240577901));
#881=CARTESIAN_POINT('Ctrl Pts',(-2.67744948143357,5.12003025110137,0.780231146731025));
#882=CARTESIAN_POINT('Ctrl Pts',(-2.54542872240316,5.13343303790304,1.1183497664821));
#883=CARTESIAN_POINT('Ctrl Pts',(-2.17069086089802,5.15904161409353,1.70659214222176));
#884=CARTESIAN_POINT('Ctrl Pts',(-1.92602189975389,5.17114604637117,1.97546463775367));
#885=CARTESIAN_POINT('Ctrl Pts',(-1.47125761657995,5.19134972762702,2.29411051426764));
#886=CARTESIAN_POINT('Ctrl Pts',(-1.31833263460554,5.19787629560638,2.38049124696797));
#887=CARTESIAN_POINT('Ctrl Pts',(-0.845960274877178,5.21730510422383,2.58984110343361));
#888=CARTESIAN_POINT('Ctrl Pts',(-0.510399875291683,5.23021093385768,2.66789531374725));
#889=CARTESIAN_POINT('Ctrl Pts',(-0.112823906161428,5.24451304931849,2.68376955332662));
#890=CARTESIAN_POINT('Ctrl Pts',(-0.0564016395290436,5.24651986139828,2.68425825293206));
#891=CARTESIAN_POINT('Ctrl Pts',(-3.19172869845828E-15,5.24850287645226,
2.68298377818962));
#892=CARTESIAN_POINT('',(5.97939442175986E-16,6.,2.2));
#893=CARTESIAN_POINT('',(5.97939442175986E-16,6.,2.2));
#894=CARTESIAN_POINT('Origin',(8.67361737988404E-16,6.,0.));
#895=CARTESIAN_POINT('',(0.697526145391799,5.53321592309088,-2.40072015788906));
#896=CARTESIAN_POINT('Ctrl Pts',(-2.94902990916057E-15,5.24850287645226,
2.68298377818962));
#897=CARTESIAN_POINT('Ctrl Pts',(0.119275682866885,5.25269646863633,2.68028857559498));
#898=CARTESIAN_POINT('Ctrl Pts',(0.238447638042269,5.25701488891409,2.66956184288505));
#899=CARTESIAN_POINT('Ctrl Pts',(0.689059009019829,5.27384674218038,2.59800127755626));
#900=CARTESIAN_POINT('Ctrl Pts',(1.0083240174995,5.28682618431783,2.48259117144971));
#901=CARTESIAN_POINT('Ctrl Pts',(1.59751248454284,5.31303855946669,2.13241628571574));
#902=CARTESIAN_POINT('Ctrl Pts',(1.8613950563317,5.32539791046525,1.89562414302581));
#903=CARTESIAN_POINT('Ctrl Pts',(2.26630403320667,5.35086732874438,1.34983277846068));
#904=CARTESIAN_POINT('Ctrl Pts',(2.41066546899723,5.3638045703043,1.05043006974791));
#905=CARTESIAN_POINT('Ctrl Pts',(2.53888668408743,5.38324681638816,0.568982709658422));
#906=CARTESIAN_POINT('Ctrl Pts',(2.5663831210447,5.38976568502856,0.402032941460166));
#907=CARTESIAN_POINT('Ctrl Pts',(2.58881923214652,5.40253908605826,0.063513097791959));
#908=CARTESIAN_POINT('Ctrl Pts',(2.58345756193621,5.40869426537227,-0.108363423243113));
#909=CARTESIAN_POINT('Ctrl Pts',(2.5180748340229,5.42747889923033,-0.597889079449109));
#910=CARTESIAN_POINT('Ctrl Pts',(2.415420671497,5.44035651688339,-0.906342422010624));
#911=CARTESIAN_POINT('Ctrl Pts',(2.17748701050035,5.45978135874541,-1.33195162248194));
#912=CARTESIAN_POINT('Ctrl Pts',(2.0829598309464,5.4663128301766,-1.46814836534374));
#913=CARTESIAN_POINT('Ctrl Pts',(1.80635898338407,5.48280019694773,-1.79409472684428));
#914=CARTESIAN_POINT('Ctrl Pts',(1.60658269241669,5.49242215512925,-1.96722739712897));
#915=CARTESIAN_POINT('Ctrl Pts',(1.17035206195169,5.51285347408424,-2.23793655495365));
#916=CARTESIAN_POINT('Ctrl Pts',(0.939365563823875,5.52306949645374,-2.33724476223052));
#917=CARTESIAN_POINT('Ctrl Pts',(0.697526145391799,5.53321592309088,-2.40072015788906));
#918=CARTESIAN_POINT('Ctrl Pts',(0.697526145391799,5.53321592309088,-2.40072015788906));
#919=CARTESIAN_POINT('Ctrl Pts',(1.00178955511319,5.505632696088,-2.33077754215511));
#920=CARTESIAN_POINT('Ctrl Pts',(1.29039293965912,5.47803040743868,-2.20470706312147));
#921=CARTESIAN_POINT('Ctrl Pts',(1.85798349981983,5.42023418425041,-1.81823339873084));
#922=CARTESIAN_POINT('Ctrl Pts',(2.09239205626081,5.39310895265855,-1.55738832373746));
#923=CARTESIAN_POINT('Ctrl Pts',(2.44097856981394,5.33896534082031,-1.02023146516342));
#924=CARTESIAN_POINT('Ctrl Pts',(2.56703276166059,5.31082373585365,-0.710602922855313));
#925=CARTESIAN_POINT('Ctrl Pts',(2.70967040711913,5.25195185969829,0.00192421962172153));
#926=CARTESIAN_POINT('Ctrl Pts',(2.69171954815527,5.2249820892501,0.366375478051777));
#927=CARTESIAN_POINT('Ctrl Pts',(2.56030633083649,5.17128464368521,1.01555359156064));
#928=CARTESIAN_POINT('Ctrl Pts',(2.42786149065683,5.14303145948537,1.33852683698647));
#929=CARTESIAN_POINT('Ctrl Pts',(2.13847597694465,5.10171597335787,1.781543509477));
#930=CARTESIAN_POINT('Ctrl Pts',(2.02402402050054,5.08828830037388,1.9231135189155));
#931=CARTESIAN_POINT('Ctrl Pts',(1.64400582860653,5.04784396374052,2.30922302729522));
#932=CARTESIAN_POINT('Ctrl Pts',(1.34648817160225,5.01970329756208,2.51479332585083));
#933=CARTESIAN_POINT('Ctrl Pts',(0.850564262476989,4.97740160046831,2.73384679594213));
#934=CARTESIAN_POINT('Ctrl Pts',(0.67566916722828,4.96320546564305,2.79161032050823));
#935=CARTESIAN_POINT('Ctrl Pts',(0.324017492166889,4.93599803819486,2.87100021623623));
#936=CARTESIAN_POINT('Ctrl Pts',(0.15765440530428,4.92373752844001,2.89170898802718));
#937=CARTESIAN_POINT('Ctrl Pts',(7.81723297205161E-11,4.91255414114698,
2.89889650010367));
#938=CARTESIAN_POINT('Origin',(8.67361737988404E-16,6.,0.));
#939=CARTESIAN_POINT('',(1.43532857088135E-14,1.85418200826233,-3.));
#940=CARTESIAN_POINT('',(7.15008594190755E-14,1.57438942030909,-3.));
#941=CARTESIAN_POINT('',(4.99967698244198E-16,6.,-3.));
#942=CARTESIAN_POINT('',(1.54745986048998,1.5,2.57009104511345));
#943=CARTESIAN_POINT('Ctrl Pts',(2.82066037193828E-14,1.85418200826233,
-3.));
#944=CARTESIAN_POINT('Ctrl Pts',(0.0344757292594612,1.85269572659892,-3.));
#945=CARTESIAN_POINT('Ctrl Pts',(0.0689738651126948,1.85119786674426,-2.99940571559273));
#946=CARTESIAN_POINT('Ctrl Pts',(0.503208298855349,1.83220997988849,-2.98441871086016));
#947=CARTESIAN_POINT('Ctrl Pts',(0.896144204845863,1.81359878909879,-2.89082322002259));
#948=CARTESIAN_POINT('Ctrl Pts',(1.60852849285481,1.77700482870535,-2.56140924772278));
#949=CARTESIAN_POINT('Ctrl Pts',(1.92355111687065,1.75974439272071,-2.33411191717482));
#950=CARTESIAN_POINT('Ctrl Pts',(2.46086864439537,1.7254796828113,-1.76187330128185));
#951=CARTESIAN_POINT('Ctrl Pts',(2.67362365544895,1.70687163964282,-1.41836789674494));
#952=CARTESIAN_POINT('Ctrl Pts',(2.94664004852705,1.67026432945227,-0.682313305184449));
#953=CARTESIAN_POINT('Ctrl Pts',(3.00978676905328,1.65295868021645,-0.298940769626109));
#954=CARTESIAN_POINT('Ctrl Pts',(2.98731953126691,1.61872280009576,0.485887084256719));
#955=CARTESIAN_POINT('Ctrl Pts',(2.89593459277934,1.60011785230614,0.87959381863406));
#956=CARTESIAN_POINT('Ctrl Pts',(2.60442533644094,1.56732689095372,1.51946454236516));
#957=CARTESIAN_POINT('Ctrl Pts',(2.43775451471344,1.55335182495325,1.77459229241123));
#958=CARTESIAN_POINT('Ctrl Pts',(2.0360097005497,1.52682117183131,2.22358809690799));
#959=CARTESIAN_POINT('Ctrl Pts',(1.80403808406602,1.51382002104386,2.41560449382397));
#960=CARTESIAN_POINT('Ctrl Pts',(1.54745986048942,1.49999999999997,2.57009104511378));
#961=CARTESIAN_POINT('',(1.54745986048998,1.5,-2.57009104511345));
#962=CARTESIAN_POINT('Origin',(8.67361737988404E-16,1.5,0.));
#963=CARTESIAN_POINT('Ctrl Pts',(1.54745986049038,1.49999999999998,-2.57009104511321));
#964=CARTESIAN_POINT('Ctrl Pts',(1.35434060805714,1.51040194329589,-2.68636875130442));
#965=CARTESIAN_POINT('Ctrl Pts',(1.14874035238664,1.5209465756397,-2.780505236891));
#966=CARTESIAN_POINT('Ctrl Pts',(0.722154726864951,1.54183432546245,-2.92035042431686));
#967=CARTESIAN_POINT('Ctrl Pts',(0.502645507790475,1.55211321311682,-2.9660259992061));
#968=CARTESIAN_POINT('Ctrl Pts',(0.186831829336315,1.56625709415037,-2.99564167137804));
#969=CARTESIAN_POINT('Ctrl Pts',(0.0933648046136269,1.57036437428148,-3.));
#970=CARTESIAN_POINT('Ctrl Pts',(1.42501751139907E-13,1.57438942030909,
-3.));
#971=CARTESIAN_POINT('Origin',(8.67361737988404E-16,6.,0.));
#972=CARTESIAN_POINT('',(5.71951731538537E-14,2.71132486540518,-3.));
#973=CARTESIAN_POINT('',(1.41277716569366E-14,2.43153227745195,-3.));
#974=CARTESIAN_POINT('',(4.99967698244198E-16,6.,-3.));
#975=CARTESIAN_POINT('Ctrl Pts',(1.13890378609463E-13,2.71132486540518,
-3.));
#976=CARTESIAN_POINT('Ctrl Pts',(0.0667377605612739,2.70844773671466,-3.));
#977=CARTESIAN_POINT('Ctrl Pts',(0.133542174325654,2.70552796815213,-2.99777308223447));
#978=CARTESIAN_POINT('Ctrl Pts',(0.59807990259048,2.68494620478392,-2.96668761742557));
#979=CARTESIAN_POINT('Ctrl Pts',(0.986567871553696,2.66631166702662,-2.86104642650684));
#980=CARTESIAN_POINT('Ctrl Pts',(1.68670537698321,2.62986881530971,-2.51052819149382));
#981=CARTESIAN_POINT('Ctrl Pts',(1.9941229926145,2.61303647783374,-2.27402139320976));
#982=CARTESIAN_POINT('Ctrl Pts',(2.51258034535481,2.57847205217946,-1.68701844285509));
#983=CARTESIAN_POINT('Ctrl Pts',(2.71435620302795,2.55983985736246,-1.33840510342383));
#984=CARTESIAN_POINT('Ctrl Pts',(2.9651441986588,2.5233730825965,-0.596403062186886));
#985=CARTESIAN_POINT('Ctrl Pts',(3.01708764095668,2.50648223705511,-0.211963506217673));
#986=CARTESIAN_POINT('Ctrl Pts',(2.97222768693553,2.47196232799712,0.570177304626843));
#987=CARTESIAN_POINT('Ctrl Pts',(2.87011837481486,2.45333274496696,0.960013296038846));
#988=CARTESIAN_POINT('Ctrl Pts',(2.52579408271121,2.41684364464663,1.66378919735748));
#989=CARTESIAN_POINT('Ctrl Pts',(2.29200625758738,2.39989527388036,1.97344971750189));
#990=CARTESIAN_POINT('Ctrl Pts',(1.70934013597681,2.36541783117113,2.49750605609102));
#991=CARTESIAN_POINT('Ctrl Pts',(1.36220406421863,2.34679106943826,2.70254410070446));
#992=CARTESIAN_POINT('Ctrl Pts',(0.621927904251732,2.31028116140056,2.9599142055218));
#993=CARTESIAN_POINT('Ctrl Pts',(0.237806175235898,2.2932765214942,3.01517784751424));
#994=CARTESIAN_POINT('Ctrl Pts',(-0.545164549020717,2.25883949712385,2.97696302421584));
#995=CARTESIAN_POINT('Ctrl Pts',(-0.936180663890963,2.24021571260267,2.87802749865587));
#996=CARTESIAN_POINT('Ctrl Pts',(-1.64319209060732,2.20368643444769,2.53926449710854));
#997=CARTESIAN_POINT('Ctrl Pts',(-1.95485858948094,2.18662701212599,2.30790634792428));
#998=CARTESIAN_POINT('Ctrl Pts',(-2.48389664518514,2.15222837393559,1.72913166753339));
#999=CARTESIAN_POINT('Ctrl Pts',(-2.69183540951055,2.13360767468267,1.38333773825999));
#1000=CARTESIAN_POINT('Ctrl Pts',(-2.95507391567462,2.09706038410993,0.644625225951701));
#1001=CARTESIAN_POINT('Ctrl Pts',(-3.01329561055824,2.07994785616625,0.260785492167613));
#1002=CARTESIAN_POINT('Ctrl Pts',(-2.98099516059512,2.04558559987868,-0.522900728317813));
#1003=CARTESIAN_POINT('Ctrl Pts',(-2.88489074072658,2.02696805171024,-0.914944867376318));
#1004=CARTESIAN_POINT('Ctrl Pts',(-2.55108539846232,1.99040402762405,-1.62481578901824));
#1005=CARTESIAN_POINT('Ctrl Pts',(-2.32188426567464,1.97324022289841,-1.938264464832));
#1006=CARTESIAN_POINT('Ctrl Pts',(-1.74657652171507,1.93891238256707,-2.4717077653814));
#1007=CARTESIAN_POINT('Ctrl Pts',(-1.40199123020076,1.92029801446103,-2.68220989515152));
#1008=CARTESIAN_POINT('Ctrl Pts',(-0.697131859500663,1.885328290235,-2.93883339949934));
#1009=CARTESIAN_POINT('Ctrl Pts',(-0.349765574082595,1.86926073670164,-3.));
#1010=CARTESIAN_POINT('Ctrl Pts',(2.86576318231369E-14,1.85418200826233,
-3.));
#1011=CARTESIAN_POINT('Ctrl Pts',(1.42663658664333E-13,1.57438942030909,
-3.));
#1012=CARTESIAN_POINT('Ctrl Pts',(-0.28949083503563,1.58686964709705,-3.));
#1013=CARTESIAN_POINT('Ctrl Pts',(-0.577934360516361,1.60005291865483,-2.95810106395881));
#1014=CARTESIAN_POINT('Ctrl Pts',(-1.23710544613256,1.63197613384421,-2.76178078817252));
#1015=CARTESIAN_POINT('Ctrl Pts',(-1.59161356660178,1.65061540080549,-2.57384015074933));
#1016=CARTESIAN_POINT('Ctrl Pts',(-2.19656310425886,1.6855299228935,-2.07910429218335));
#1017=CARTESIAN_POINT('Ctrl Pts',(-2.44446188106551,1.70197156884713,-1.78106097569482));
#1018=CARTESIAN_POINT('Ctrl Pts',(-2.82057914088068,1.73820637569847,-1.0963527337964));
#1019=CARTESIAN_POINT('Ctrl Pts',(-2.94077307739407,1.75684426184325,-0.713815040367625));
#1020=CARTESIAN_POINT('Ctrl Pts',(-3.02384101441551,1.7918173398636,0.0630111946216254));
#1021=CARTESIAN_POINT('Ctrl Pts',(-2.9909394285261,1.80820676356113,0.449301862745629));
#1022=CARTESIAN_POINT('Ctrl Pts',(-2.77776505395156,1.84440304234425,1.20060956209313));
#1023=CARTESIAN_POINT('Ctrl Pts',(-2.59478959556045,1.86303867636446,1.55709005750329));
#1024=CARTESIAN_POINT('Ctrl Pts',(-2.108564581211,1.89807161572935,2.16831170461978));
#1025=CARTESIAN_POINT('Ctrl Pts',(-1.81383762647636,1.91441192275612,2.42025153481524));
#1026=CARTESIAN_POINT('Ctrl Pts',(-1.13466732183587,1.95056760775065,2.80530773388474));
#1027=CARTESIAN_POINT('Ctrl Pts',(-0.754352228659258,1.96920003604326,2.93056186234844));
#1028=CARTESIAN_POINT('Ctrl Pts',(0.0207993346023511,2.00429396137825,3.02444026418697));
#1029=CARTESIAN_POINT('Ctrl Pts',(0.407621727749489,2.02058884339584,2.99691821059311));
#1030=CARTESIAN_POINT('Ctrl Pts',(1.16137713246996,2.05670186957206,2.79431526551298));
#1031=CARTESIAN_POINT('Ctrl Pts',(1.51989124586827,2.07533006024403,2.616666222751));
#1032=CARTESIAN_POINT('Ctrl Pts',(2.13774675599564,2.11048589823113,2.13957444761012));
#1033=CARTESIAN_POINT('Ctrl Pts',(2.39399844866481,2.12673962671182,1.84838117044033));
#1034=CARTESIAN_POINT('Ctrl Pts',(2.78850809017585,2.1628079468113,1.1751531224371));
#1035=CARTESIAN_POINT('Ctrl Pts',(2.91909861939069,2.18143079562123,0.79727064411781));
#1036=CARTESIAN_POINT('Ctrl Pts',(3.02444240384519,2.21664925991225,0.0239793972542254));
#1037=CARTESIAN_POINT('Ctrl Pts',(3.00262552059815,2.23286666793197,-0.363410843660656));
#1038=CARTESIAN_POINT('Ctrl Pts',(2.81120094806479,2.26888827084044,-1.11967583147983));
#1039=CARTESIAN_POINT('Ctrl Pts',(2.63920118295612,2.28750460911119,-1.48025502448122));
#1040=CARTESIAN_POINT('Ctrl Pts',(2.17180320211974,2.32278618777586,-2.10504251134386));
#1041=CARTESIAN_POINT('Ctrl Pts',(1.88433373889048,2.33897263935764,-2.36584433518516));
#1042=CARTESIAN_POINT('Ctrl Pts',(1.21741062488667,2.37494556948644,-2.7702335955099));
#1043=CARTESIAN_POINT('Ctrl Pts',(0.842160892886697,2.39355417395284,-2.9063824533568));
#1044=CARTESIAN_POINT('Ctrl Pts',(0.301626096312064,2.41832597039997,-2.98863661757103));
#1045=CARTESIAN_POINT('Ctrl Pts',(0.150759793646583,2.42503287855049,-3.));
#1046=CARTESIAN_POINT('Ctrl Pts',(2.83800760669806E-14,2.43153227745195,
-3.));
#1047=CARTESIAN_POINT('Origin',(8.67361737988404E-16,6.,0.));
#1048=CARTESIAN_POINT('',(6.71062266132682E-14,3.56846772254804,-3.));
#1049=CARTESIAN_POINT('',(-3.18476863331198E-15,3.28867513459481,-3.));
#1050=CARTESIAN_POINT('',(4.99967698244198E-16,6.,-3.));
#1051=CARTESIAN_POINT('Ctrl Pts',(1.35239042187152E-13,3.56846772254804,
-3.));
#1052=CARTESIAN_POINT('Ctrl Pts',(0.114152464859357,3.56354650060444,-3.));
#1053=CARTESIAN_POINT('Ctrl Pts',(0.228429380724155,3.55850357330906,-2.99348495160524));
#1054=CARTESIAN_POINT('Ctrl Pts',(0.730068773000773,3.53584868133673,-2.93587562540959));
#1055=CARTESIAN_POINT('Ctrl Pts',(1.10545343327938,3.51752632055988,-2.81608215985767));
#1056=CARTESIAN_POINT('Ctrl Pts',(1.78969232717975,3.48129832791214,-2.43921338914186));
#1057=CARTESIAN_POINT('Ctrl Pts',(2.09190239377145,3.46461988282014,-2.18556612026579));
#1058=CARTESIAN_POINT('Ctrl Pts',(2.58156657841397,3.42965023513458,-1.57723713535815));
#1059=CARTESIAN_POINT('Ctrl Pts',(2.76455334207949,3.41135127404925,-1.22857077450579));
#1060=CARTESIAN_POINT('Ctrl Pts',(2.98716675662979,3.37508554958252,-0.479561994267916));
#1061=CARTESIAN_POINT('Ctrl Pts',(3.02418562194745,3.35833208624464,-0.0862470281449788));
#1062=CARTESIAN_POINT('Ctrl Pts',(2.94526834096766,3.32341871231761,0.690913571139274));
#1063=CARTESIAN_POINT('Ctrl Pts',(2.83066743374528,3.30514313004632,1.06736398718129));
#1064=CARTESIAN_POINT('Ctrl Pts',(2.46295460197058,3.26884185600333,1.75709522744327));
#1065=CARTESIAN_POINT('Ctrl Pts',(2.21266808682382,3.2520115341854,2.06339985254835));
#1066=CARTESIAN_POINT('Ctrl Pts',(1.61022399027837,3.21715305136605,2.56104618198035));
#1067=CARTESIAN_POINT('Ctrl Pts',(1.26439883382328,3.19890071475198,2.74828124944469));
#1068=CARTESIAN_POINT('Ctrl Pts',(0.517927577820902,3.16256602664314,2.98088275337694));
#1069=CARTESIAN_POINT('Ctrl Pts',(0.124114188384308,3.14565758658141,3.02299422898832));
#1070=CARTESIAN_POINT('Ctrl Pts',(-0.662840071100425,3.11047730094594,2.95277387961737));
#1071=CARTESIAN_POINT('Ctrl Pts',(-1.04807022977108,3.09183745476038,2.83897036692326));
#1072=CARTESIAN_POINT('Ctrl Pts',(-1.73964254243048,3.05550777902417,2.47411178227995));
#1073=CARTESIAN_POINT('Ctrl Pts',(-2.04183032279503,3.03891229580206,2.23125514203676));
#1074=CARTESIAN_POINT('Ctrl Pts',(-2.54711624911211,3.0041498164043,1.63420236161061));
#1075=CARTESIAN_POINT('Ctrl Pts',(-2.74121181771139,2.98551053821028,1.28224343655562));
#1076=CARTESIAN_POINT('Ctrl Pts',(-2.97657191980139,2.94914980500535,0.536310688329324));
#1077=CARTESIAN_POINT('Ctrl Pts',(-3.02072092846746,2.93249549503864,0.151119327921937));
#1078=CARTESIAN_POINT('Ctrl Pts',(-2.96023763425818,2.8977854316297,-0.62896089614917));
#1079=CARTESIAN_POINT('Ctrl Pts',(-2.85069813024931,2.87914727956175,-1.01591796836366));
#1080=CARTESIAN_POINT('Ctrl Pts',(-2.49333591555057,2.84275737560152,-1.71199243056745));
#1081=CARTESIAN_POINT('Ctrl Pts',(-2.25380841702182,2.82604368952641,-2.01692069657646));
#1082=CARTESIAN_POINT('Ctrl Pts',(-1.66201057609266,2.79138414821322,-2.5291286363605));
#1083=CARTESIAN_POINT('Ctrl Pts',(-1.31178722632907,2.77274760129714,-2.72726130280225));
#1084=CARTESIAN_POINT('Ctrl Pts',(-0.631493962018913,2.73944371340661,-2.94990579958345));
#1085=CARTESIAN_POINT('Ctrl Pts',(-0.316535040787584,2.72497099377012,-3.));
#1086=CARTESIAN_POINT('Ctrl Pts',(1.14561138353508E-13,2.71132486540518,
-3.));
#1087=CARTESIAN_POINT('Ctrl Pts',(2.92127433354494E-14,2.43153227745195,
-3.));
#1088=CARTESIAN_POINT('Ctrl Pts',(-0.23235507390572,2.44154932692891,-3.));
#1089=CARTESIAN_POINT('Ctrl Pts',(-0.464415281877913,2.45203565731623,-2.97300839968366));
#1090=CARTESIAN_POINT('Ctrl Pts',(-1.07587749958218,2.4809828441304,-2.82816631695057));
#1091=CARTESIAN_POINT('Ctrl Pts',(-1.43852066156075,2.49958244860997,-2.66208650604494));
#1092=CARTESIAN_POINT('Ctrl Pts',(-2.07046059267594,2.5349907732004,-2.20485828128401));
#1093=CARTESIAN_POINT('Ctrl Pts',(-2.33600849997358,2.55113329964162,-1.9212679978457));
#1094=CARTESIAN_POINT('Ctrl Pts',(-2.750596092679,2.58700334003689,-1.26095579751856));
#1095=CARTESIAN_POINT('Ctrl Pts',(-2.89246019767026,2.60559264873333,-0.88852098229639));
#1096=CARTESIAN_POINT('Ctrl Pts',(-3.02226689113933,2.64106411916798,-0.119493883862756));
#1097=CARTESIAN_POINT('Ctrl Pts',(-3.01263163130369,2.65719447507049,0.26912063956063));
#1098=CARTESIAN_POINT('Ctrl Pts',(-2.84528598368596,2.69293762852607,1.02890054241705));
#1099=CARTESIAN_POINT('Ctrl Pts',(-2.68627319693826,2.71143946894749,1.39220323051463));
#1100=CARTESIAN_POINT('Ctrl Pts',(-2.24079010636771,2.74696995662828,2.03184184559883));
#1101=CARTESIAN_POINT('Ctrl Pts',(-1.96053927875901,2.76314429843266,2.30343369126484));
#1102=CARTESIAN_POINT('Ctrl Pts',(-1.30697577692953,2.79891589235602,2.72880108098426));
#1103=CARTESIAN_POINT('Ctrl Pts',(-0.938534957372624,2.81743548263685,2.87640331320422));
#1104=CARTESIAN_POINT('Ctrl Pts',(-0.172401852223751,2.85302585609685,3.01985529393094));
#1105=CARTESIAN_POINT('Ctrl Pts',(0.217484444227228,2.86917710430548,3.01694359106129));
#1106=CARTESIAN_POINT('Ctrl Pts',(0.98170232165135,2.90489008140811,2.86200203759904));
#1107=CARTESIAN_POINT('Ctrl Pts',(1.34817903016001,2.92342627302362,2.70872834710581));
#1108=CARTESIAN_POINT('Ctrl Pts',(1.99488224243683,2.95907569758041,2.27364023783479));
#1109=CARTESIAN_POINT('Ctrl Pts',(2.27055613504703,2.97521105324119,1.99839184322511));
#1110=CARTESIAN_POINT('Ctrl Pts',(2.70682332243225,3.01086406560859,1.35209379838465));
#1111=CARTESIAN_POINT('Ctrl Pts',(2.86073282191142,3.0294156434494,0.985523552322304));
#1112=CARTESIAN_POINT('Ctrl Pts',(3.01654929567725,3.06512311566334,0.221795769928988));
#1113=CARTESIAN_POINT('Ctrl Pts',(3.02005418736822,3.08124979473949,-0.167439683783829));
#1114=CARTESIAN_POINT('Ctrl Pts',(2.87795623852312,3.11684172566642,-0.934169774241627));
#1115=CARTESIAN_POINT('Ctrl Pts',(2.73048962662596,3.13540742629337,-1.30373634329658));
#1116=CARTESIAN_POINT('Ctrl Pts',(2.30586083561309,3.17117172681498,-1.9574366052758));
#1117=CARTESIAN_POINT('Ctrl Pts',(2.03558903907846,3.18729698174038,-2.23717010571336));
#1118=CARTESIAN_POINT('Ctrl Pts',(1.39661232758361,3.22282690176324,-2.68421938406164));
#1119=CARTESIAN_POINT('Ctrl Pts',(1.03200749057011,3.24140543061846,-2.84438305752916));
#1120=CARTESIAN_POINT('Ctrl Pts',(0.433967634100249,3.26954572023318,-2.97644334362454));
#1121=CARTESIAN_POINT('Ctrl Pts',(0.217067249672479,3.27931715784291,-3.));
#1122=CARTESIAN_POINT('Ctrl Pts',(-8.74300631892311E-15,3.28867513459481,
-3.));
#1123=CARTESIAN_POINT('Origin',(8.67361737988404E-16,6.,0.));
#1124=CARTESIAN_POINT('',(3.35513887112058E-15,4.4256105796909,-3.));
#1125=CARTESIAN_POINT('',(-6.73521900096941E-14,4.14581799173767,-3.));
#1126=CARTESIAN_POINT('',(4.99967698244198E-16,6.,-3.));
#1127=CARTESIAN_POINT('Ctrl Pts',(7.18175519054398E-15,4.4256105796909,
-3.));
#1128=CARTESIAN_POINT('Ctrl Pts',(0.174063121176244,4.41810655205068,-3.));
#1129=CARTESIAN_POINT('Ctrl Pts',(0.348184081225678,4.41032953749105,-2.98485236790544));
#1130=CARTESIAN_POINT('Ctrl Pts',(0.907134646172499,4.38447460092067,-2.88640195455485));
#1131=CARTESIAN_POINT('Ctrl Pts',(1.27676147829754,4.36597899970542,-2.74300639763459));
#1132=CARTESIAN_POINT('Ctrl Pts',(1.9351056899192,4.33013143098643,-2.32492607377761));
#1133=CARTESIAN_POINT('Ctrl Pts',(2.21868641013805,4.31391522899677,-2.05605123284431));
#1134=CARTESIAN_POINT('Ctrl Pts',(2.67102052417342,4.27846579549929,-1.42113053414823));
#1135=CARTESIAN_POINT('Ctrl Pts',(2.83379709441237,4.25998935433193,-1.0599760162869));
#1136=CARTESIAN_POINT('Ctrl Pts',(3.01000423042005,4.22408701965097,-0.30017430084834));
#1137=CARTESIAN_POINT('Ctrl Pts',(3.02357201258219,4.20783167324423,0.0907917911704808));
#1138=CARTESIAN_POINT('Ctrl Pts',(2.9005070216209,4.17244326214118,0.860684753325144));
#1139=CARTESIAN_POINT('Ctrl Pts',(2.76332246449888,4.15398692428393,1.23197351454098));
#1140=CARTESIAN_POINT('Ctrl Pts',(2.35603001365751,4.11803171535948,1.89728302732049));
#1141=CARTESIAN_POINT('Ctrl Pts',(2.09116178233944,4.10173090471111,2.18577293490875));
#1142=CARTESIAN_POINT('Ctrl Pts',(1.46321733442239,4.0664036389437,2.64810781530541));
#1143=CARTESIAN_POINT('Ctrl Pts',(1.10527878696979,4.04796824073153,2.81635001943088));
#1144=CARTESIAN_POINT('Ctrl Pts',(0.348199575267236,4.01196216282553,3.00493948148381));
#1145=CARTESIAN_POINT('Ctrl Pts',(-0.043396003880076,3.99561000259938,3.02473490399497));
#1146=CARTESIAN_POINT('Ctrl Pts',(-0.815352164829489,3.96034378654036,2.91349383801119));
#1147=CARTESIAN_POINT('Ctrl Pts',(-1.18815799872506,3.94193004891003,2.78235743103531));
#1148=CARTESIAN_POINT('Ctrl Pts',(-1.86014533773269,3.90587519732879,2.38560669006112));
#1149=CARTESIAN_POINT('Ctrl Pts',(-2.15340963364273,3.88946629688472,2.12463796759333));
#1150=CARTESIAN_POINT('Ctrl Pts',(-2.62535766398168,3.85426081987273,1.50350042379683));
#1151=CARTESIAN_POINT('Ctrl Pts',(-2.79881965471003,3.8358693421864,1.14874276148619));
#1152=CARTESIAN_POINT('Ctrl Pts',(-2.99934621118202,3.79976787893309,0.394395501534879));
#1153=CARTESIAN_POINT('Ctrl Pts',(-3.02516435581475,3.78329739065025,0.0021941132263803));
#1154=CARTESIAN_POINT('Ctrl Pts',(-2.92529083516875,3.7481521334516,-0.771664882347226));
#1155=CARTESIAN_POINT('Ctrl Pts',(-2.79997067732798,3.72978338967828,-1.14583620983209));
#1156=CARTESIAN_POINT('Ctrl Pts',(-2.41339535618326,3.69363752076313,-1.82414958012651));
#1157=CARTESIAN_POINT('Ctrl Pts',(-2.15617837452613,3.67710117587941,-2.12200168812038));
#1158=CARTESIAN_POINT('Ctrl Pts',(-1.54160109926256,3.64201541983797,-2.60308323337344));
#1159=CARTESIAN_POINT('Ctrl Pts',(-1.18994675161183,3.62366975707261,-2.78147165286769));
#1160=CARTESIAN_POINT('Ctrl Pts',(-0.548599665352261,3.59279201454938,-2.96227640033219));
#1161=CARTESIAN_POINT('Ctrl Pts',(-0.274689312076473,3.58030984152402,-3.));
#1162=CARTESIAN_POINT('Ctrl Pts',(1.34683930674839E-13,3.56846772254804,
-3.));
#1163=CARTESIAN_POINT('Ctrl Pts',(-7.73686670285656E-15,3.28867513459481,
-3.));
#1164=CARTESIAN_POINT('Ctrl Pts',(-0.166387894969709,3.29584827589214,-3.));
#1165=CARTESIAN_POINT('Ctrl Pts',(-0.332852356010003,3.30327188372715,-2.98615872073628));
#1166=CARTESIAN_POINT('Ctrl Pts',(-0.886934650862119,3.32882334348658,-2.89294996511108));
#1167=CARTESIAN_POINT('Ctrl Pts',(-1.2594674104719,3.34741339002679,-2.75128099953706));
#1168=CARTESIAN_POINT('Ctrl Pts',(-1.92000753100251,3.38328702543374,-2.33704233422443));
#1169=CARTESIAN_POINT('Ctrl Pts',(-2.20373115475794,3.39943061919422,-2.071657659099));
#1170=CARTESIAN_POINT('Ctrl Pts',(-2.66131011154107,3.43483466033771,-1.43996236460592));
#1171=CARTESIAN_POINT('Ctrl Pts',(-2.82759394913745,3.45343491434825,-1.07738864675594));
#1172=CARTESIAN_POINT('Ctrl Pts',(-3.00773962516694,3.48936076941596,-0.318672750071905));
#1173=CARTESIAN_POINT('Ctrl Pts',(-3.023780493749,3.50552362117023,0.069296165252408));
#1174=CARTESIAN_POINT('Ctrl Pts',(-2.9068327419103,3.54086427672843,0.840615235132061));
#1175=CARTESIAN_POINT('Ctrl Pts',(-2.77087487166469,3.55947344396754,1.21595713083977));
#1176=CARTESIAN_POINT('Ctrl Pts',(-2.36682568743523,3.59544972743174,1.88309889280654));
#1177=CARTESIAN_POINT('Ctrl Pts',(-2.10618125514815,3.61163809408668,2.17069708253918));
#1178=CARTESIAN_POINT('Ctrl Pts',(-1.48163234319811,3.64691539192922,2.63843130812612));
#1179=CARTESIAN_POINT('Ctrl Pts',(-1.12112317936001,3.66553220871557,2.81062693546431));
#1180=CARTESIAN_POINT('Ctrl Pts',(-0.364943735025068,3.7015570348052,3.00243852638235));
#1181=CARTESIAN_POINT('Ctrl Pts',(0.0224267505528895,3.71777673675066,3.02445324461706));
#1182=CARTESIAN_POINT('Ctrl Pts',(0.79578396281822,3.75299094591407,2.91950700187657));
#1183=CARTESIAN_POINT('Ctrl Pts',(1.17375208164365,3.7716141923273,2.78910096134859));
#1184=CARTESIAN_POINT('Ctrl Pts',(1.84718735293467,3.80768560107014,2.39491863708036));
#1185=CARTESIAN_POINT('Ctrl Pts',(2.13850345228672,3.82394196762915,2.13881691447707));
#1186=CARTESIAN_POINT('Ctrl Pts',(2.61591376681005,3.85909359178347,1.52119109157661));
#1187=CARTESIAN_POINT('Ctrl Pts',(2.79374852713279,3.87772210321668,1.1627464645459));
#1188=CARTESIAN_POINT('Ctrl Pts',(2.99671952666223,3.91383808045136,0.409075060337643));
#1189=CARTESIAN_POINT('Ctrl Pts',(3.02442912236189,3.9301359075288,0.0222712663755063));
#1190=CARTESIAN_POINT('Ctrl Pts',(2.93092762707835,3.96522567516567,-0.752939974895787));
#1191=CARTESIAN_POINT('Ctrl Pts',(2.80584946388822,3.98385835204491,-1.13333372148084));
#1192=CARTESIAN_POINT('Ctrl Pts',(2.42110450366007,4.02001684874424,-1.81269816566123));
#1193=CARTESIAN_POINT('Ctrl Pts',(2.1693059571238,4.03636036902039,-2.10754099045731));
#1194=CARTESIAN_POINT('Ctrl Pts',(1.5583027141198,4.07138922071588,-2.5940643694905));
#1195=CARTESIAN_POINT('Ctrl Pts',(1.20189009943016,4.0900250362797,-2.77721387288028));
#1196=CARTESIAN_POINT('Ctrl Pts',(0.552905175568395,4.12129733244702,-2.96167425328738));
#1197=CARTESIAN_POINT('Ctrl Pts',(0.2768728978706,4.13388173628958,-3.00000000000001));
#1198=CARTESIAN_POINT('Ctrl Pts',(-1.35724764760425E-13,4.14581799173767,
-3.));
#1199=CARTESIAN_POINT('Origin',(8.67361737988404E-16,-4.,0.));
#1200=CARTESIAN_POINT('',(5.61200038201568E-16,-4.,-2.49999999999998));
#1201=CARTESIAN_POINT('Origin',(8.67361737988404E-16,-4.,0.));
#1202=CARTESIAN_POINT('',(8.06129398031036E-16,-6.,-0.5));
#1203=CARTESIAN_POINT('',(5.61200038201568E-16,-4.,-2.49999999999998));
#1204=CARTESIAN_POINT('Origin',(8.67361737988404E-16,-6.,0.));
#1205=CARTESIAN_POINT('Origin',(8.67361737988404E-16,-0.5,0.));
#1206=CARTESIAN_POINT('',(5.97939442175986E-16,-0.499999999999996,-2.2));
#1207=CARTESIAN_POINT('Origin',(8.67361737988404E-16,-0.499999999999996,
0.));
#1208=CARTESIAN_POINT('',(5.36707102218618E-16,-1.,-2.7));
#1209=CARTESIAN_POINT('Origin',(5.36707102218618E-16,-0.5,-2.7));
#1210=CARTESIAN_POINT('Origin',(8.67361737988404E-16,-1.,0.));
#1211=CARTESIAN_POINT('Origin',(8.67361737988404E-16,6.,0.));
#1212=CARTESIAN_POINT('',(5.97939442175986E-16,-0.0327822185373194,-2.2));
#1213=CARTESIAN_POINT('Origin',(8.67361737988404E-16,-0.0327822185373196,
0.));
#1214=CARTESIAN_POINT('',(5.97939442175986E-16,6.,-2.2));
#1215=CARTESIAN_POINT('Origin',(8.67361737988404E-16,-0.0327822185373185,
0.));
#1216=CARTESIAN_POINT('',(5.89871661462836E-16,0.215287250641097,-2.26587842893777));
#1217=CARTESIAN_POINT('Origin',(8.67361737988404E-16,0.215287250641097,
0.));
#1218=CARTESIAN_POINT('Origin',(5.36707102218618E-16,-0.0327822185373185,
-2.7));
#1219=CARTESIAN_POINT('Origin',(8.67361737988404E-16,5.56698729810778,0.));
#1220=CARTESIAN_POINT('',(7.44897058073668E-16,5.56698729810778,-1.));
#1221=CARTESIAN_POINT('Origin',(8.67361737988404E-16,5.56698729810778,0.));
#1222=CARTESIAN_POINT('',(7.14280888094984E-16,6.,-1.25));
#1223=CARTESIAN_POINT('',(7.44897058073668E-16,5.56698729810778,-1.));
#1224=CARTESIAN_POINT('Origin',(8.67361737988404E-16,6.,0.));
#1225=CARTESIAN_POINT('Origin',(8.67361737988404E-16,6.,0.));
#1226=CARTESIAN_POINT('',(7.44897058073668E-16,-4.80428998930226,-1.));
#1227=CARTESIAN_POINT('Origin',(8.67361737988404E-16,-4.80428998930226,
0.));
#1228=CARTESIAN_POINT('',(7.44897058073668E-16,6.,-1.));
#1229=CARTESIAN_POINT('Origin',(8.67361737988404E-16,-5.3,0.));
#1230=CARTESIAN_POINT('',(8.45930419003325E-16,-5.3,-0.174999999999999));
#1231=CARTESIAN_POINT('Origin',(8.67361737988404E-16,-5.3,0.));
#1232=CARTESIAN_POINT('',(8.45930419003325E-16,-5.3,-0.174999999999999));
#1233=CARTESIAN_POINT('Origin',(8.67361737988404E-16,6.,0.));
#1234=CARTESIAN_POINT('',(8.45930419003325E-16,-6.,-0.175));
#1235=CARTESIAN_POINT('Origin',(8.67361737988404E-16,-6.,0.));
#1236=CARTESIAN_POINT('',(8.45930419003325E-16,6.,-0.175));
#1237=CARTESIAN_POINT('Origin',(8.67361737988404E-16,-3.83419246269048,
0.));
#1238=CARTESIAN_POINT('',(-1.99999999999999,-4.,3.46410161513776));
#1239=CARTESIAN_POINT('',(2.00000000000002,-4.,3.46410161513774));
#1240=CARTESIAN_POINT('Origin',(8.67361737988404E-16,-4.,0.));
#1241=CARTESIAN_POINT('',(1.82145964977565E-14,-3.83419246269048,4.61880215351701));
#1242=CARTESIAN_POINT('Ctrl Pts',(-4.10325954695659E-13,-3.83419246269041,
4.61880215351726));
#1243=CARTESIAN_POINT('Ctrl Pts',(1.07179676972434,-4.,4.00000000000009));
#1244=CARTESIAN_POINT('Ctrl Pts',(2.00000000000002,-4.,3.46410161513774));
#1245=CARTESIAN_POINT('Ctrl Pts',(-1.99999999999999,-4.,3.46410161513776));
#1246=CARTESIAN_POINT('Ctrl Pts',(-1.0717967697243,-4.,4.0000000000001));
#1247=CARTESIAN_POINT('Ctrl Pts',(4.50724197590837E-13,-3.83419246269041,
4.61880215351726));
#1248=CARTESIAN_POINT('Origin',(8.67361737988404E-16,-1.,0.));
#1249=CARTESIAN_POINT('',(1.99999999999997,-1.,-3.46410161513777));
#1250=CARTESIAN_POINT('',(-2.00000000000004,-1.,-3.46410161513773));
#1251=CARTESIAN_POINT('Origin',(8.67361737988404E-16,-1.,0.));
#1252=CARTESIAN_POINT('',(-4.9439619065339E-14,-1.16580753730952,-4.61880215351701));
#1253=CARTESIAN_POINT('Ctrl Pts',(-4.73761212134373E-13,-1.16580753730959,
-4.61880215351726));
#1254=CARTESIAN_POINT('Ctrl Pts',(1.07179676972429,-0.999999999999999,-4.00000000000011));
#1255=CARTESIAN_POINT('Ctrl Pts',(1.99999999999998,-1.,-3.46410161513777));
#1256=CARTESIAN_POINT('Ctrl Pts',(-2.00000000000003,-1.,-3.46410161513774));
#1257=CARTESIAN_POINT('Ctrl Pts',(-1.07179676972436,-1.,-4.00000000000009));
#1258=CARTESIAN_POINT('Ctrl Pts',(3.82614763288225E-13,-1.16580753730959,
-4.61880215351726));
#1259=CARTESIAN_POINT('Origin',(8.67361737988404E-16,1.5,0.));
#1260=CARTESIAN_POINT('',(-2.22505877299084E-16,1.12180961877844,-2.78389121073054));
#1261=CARTESIAN_POINT('Ctrl Pts',(1.5474598604906,1.50000000000002,2.57009104511309));
#1262=CARTESIAN_POINT('Ctrl Pts',(1.25056181784222,1.48811720204656,2.74092829763537));
#1263=CARTESIAN_POINT('Ctrl Pts',(0.92651889439177,1.47597410562551,2.85948678553865));
#1264=CARTESIAN_POINT('Ctrl Pts',(0.242566667075991,1.45188024646983,2.98348556604766));
#1265=CARTESIAN_POINT('Ctrl Pts',(-0.114853854968954,1.44058405110684,2.98492484105421));
#1266=CARTESIAN_POINT('Ctrl Pts',(-0.841147564517791,1.4150656996299,2.85492802761904));
#1267=CARTESIAN_POINT('Ctrl Pts',(-1.20180002239823,1.4012577125857,2.71427617253549));
#1268=CARTESIAN_POINT('Ctrl Pts',(-1.84877300877667,1.37409433299118,2.30269901221031));
#1269=CARTESIAN_POINT('Ctrl Pts',(-2.13092250933248,1.36160375336427,2.03448843408839));
#1270=CARTESIAN_POINT('Ctrl Pts',(-2.56860894220183,1.33482787456812,1.40977311713813));
#1271=CARTESIAN_POINT('Ctrl Pts',(-2.72279147156894,1.32101418787925,1.06103625717699));
#1272=CARTESIAN_POINT('Ctrl Pts',(-2.88852427583639,1.29384510078171,0.324823284738991));
#1273=CARTESIAN_POINT('Ctrl Pts',(-2.89929803209031,1.28135657016235,-0.057834543742823));
#1274=CARTESIAN_POINT('Ctrl Pts',(-2.77140798011371,1.25460967555391,-0.797444930280671));
#1275=CARTESIAN_POINT('Ctrl Pts',(-2.63694902245994,1.24079012574232,-1.14804335218281));
#1276=CARTESIAN_POINT('Ctrl Pts',(-2.24180462998105,1.21361547307943,-1.77663534657703));
#1277=CARTESIAN_POINT('Ctrl Pts',(-1.98413014719203,1.20112871082137,-2.05088674683108));
#1278=CARTESIAN_POINT('Ctrl Pts',(-1.38207671099421,1.1744133812744,-2.47835375056529));
#1279=CARTESIAN_POINT('Ctrl Pts',(-1.0448510911626,1.16058779876767,-2.62987572545588));
#1280=CARTESIAN_POINT('Ctrl Pts',(-0.462652783852728,1.13834841831469,-2.76445472592977));
#1281=CARTESIAN_POINT('Ctrl Pts',(-0.231292669473886,1.12988931105219,-2.78850817774411));
#1282=CARTESIAN_POINT('Ctrl Pts',(-1.38777878078145E-16,1.12180961877844,
-2.78389121073054));
#1283=CARTESIAN_POINT('',(4.99967698244197E-16,1.5,-3.));
#1284=CARTESIAN_POINT('',(-2.47734579633931,0.625000000000001,-0.335794290243199));
#1285=CARTESIAN_POINT('Ctrl Pts',(8.32667268468867E-16,1.12180961877844,
-2.78389121073054));
#1286=CARTESIAN_POINT('Ctrl Pts',(0.136995193988974,1.11702399797632,-2.78115657027218));
#1287=CARTESIAN_POINT('Ctrl Pts',(0.273953400629624,1.11207910613106,-2.7682137859476));
#1288=CARTESIAN_POINT('Ctrl Pts',(0.755328922126528,1.09411318019484,-2.68600128678221));
#1289=CARTESIAN_POINT('Ctrl Pts',(1.08662294301087,1.08066355668312,-2.56161536838013));
#1290=CARTESIAN_POINT('Ctrl Pts',(1.69493762001082,1.05364648712694,-2.18934332053677));
#1291=CARTESIAN_POINT('Ctrl Pts',(1.9657816717313,1.04098716389439,-1.93988142807401));
#1292=CARTESIAN_POINT('Ctrl Pts',(2.38033387043008,1.01456143607573,-1.36567302477675));
#1293=CARTESIAN_POINT('Ctrl Pts',(2.52691089271297,1.00114693393227,-1.05075096630016));
#1294=CARTESIAN_POINT('Ctrl Pts',(2.69755268582153,0.974114747432041,-0.370953186286287));
#1295=CARTESIAN_POINT('Ctrl Pts',(2.71588806968382,0.961407645428844,-0.00920780128224337));
#1296=CARTESIAN_POINT('Ctrl Pts',(2.61167925890954,0.935080323303336,0.678624172844582));
#1297=CARTESIAN_POINT('Ctrl Pts',(2.49811146050924,0.921704763453137,0.999977973931534));
#1298=CARTESIAN_POINT('Ctrl Pts',(2.15056595824297,0.894658302249668,1.59445236699284));
#1299=CARTESIAN_POINT('Ctrl Pts',(1.91448620799156,0.881892925608713,1.86117362647233));
#1300=CARTESIAN_POINT('Ctrl Pts',(1.36880495918164,0.855674339625069,2.27212284399127));
#1301=CARTESIAN_POINT('Ctrl Pts',(1.0687545880131,0.842341993530049,2.4194775842459));
#1302=CARTESIAN_POINT('Ctrl Pts',(0.585457779745299,0.822293364280932,2.55195370957265));
#1303=CARTESIAN_POINT('Ctrl Pts',(0.417702615652096,0.815567732513745,2.58083112947357));
#1304=CARTESIAN_POINT('Ctrl Pts',(0.0770350228631622,0.802374233265863,
2.60587977984591));
#1305=CARTESIAN_POINT('Ctrl Pts',(-0.0961681751822053,0.796026000986858,
2.60169510223913));
#1306=CARTESIAN_POINT('Ctrl Pts',(-0.589768878449971,0.776680238866002,
2.53937063332726));
#1307=CARTESIAN_POINT('Ctrl Pts',(-0.901274087242179,0.763408686113984,
2.43818356258473));
#1308=CARTESIAN_POINT('Ctrl Pts',(-1.33185586886932,0.743377533598172,2.20152954109171));
#1309=CARTESIAN_POINT('Ctrl Pts',(-1.46981285032768,0.736638644913781,2.10724137288905));
#1310=CARTESIAN_POINT('Ctrl Pts',(-1.72764361032313,0.72336458197622,1.89159575182072));
#1311=CARTESIAN_POINT('Ctrl Pts',(-1.84749579050919,0.716982123904476,1.76956973850581));
#1312=CARTESIAN_POINT('Ctrl Pts',(-2.1526080718072,0.69774175121665,1.38812763042486));
#1313=CARTESIAN_POINT('Ctrl Pts',(-2.30264140243385,0.68453633848202,1.10459913049104));
#1314=CARTESIAN_POINT('Ctrl Pts',(-2.45181186238795,0.663478630160516,0.62023432638687));
#1315=CARTESIAN_POINT('Ctrl Pts',(-2.48701573040266,0.655696329524085,0.43407317845439));
#1316=CARTESIAN_POINT('Ctrl Pts',(-2.5157126172113,0.640358560915198,0.0523402770131205));
#1317=CARTESIAN_POINT('Ctrl Pts',(-2.5080452586645,0.632941869196691,-0.143094002008785));
#1318=CARTESIAN_POINT('Ctrl Pts',(-2.47734579633931,0.625000000000001,-0.3357942902432));
#1319=CARTESIAN_POINT('Ctrl Pts',(-2.47734579633931,0.625000000000002,-0.3357942902432));
#1320=CARTESIAN_POINT('Ctrl Pts',(-2.54028874207292,0.653243163427109,0.00841664203387119));
#1321=CARTESIAN_POINT('Ctrl Pts',(-2.52396452961411,0.677279433009685,0.331934055669982));
#1322=CARTESIAN_POINT('Ctrl Pts',(-2.40811215675582,0.725561313061188,0.91561822112307));
#1323=CARTESIAN_POINT('Ctrl Pts',(-2.29223893512031,0.751086753763866,1.2074213351677));
#1324=CARTESIAN_POINT('Ctrl Pts',(-1.91768229676511,0.806703696091507,1.80472747621416));
#1325=CARTESIAN_POINT('Ctrl Pts',(-1.65882174218608,0.831827369460479,2.04703802608847));
#1326=CARTESIAN_POINT('Ctrl Pts',(-1.14073924043955,0.881302149385911,2.41174633391213));
#1327=CARTESIAN_POINT('Ctrl Pts',(-0.829585160465457,0.908118863352382,
2.55166178323572));
#1328=CARTESIAN_POINT('Ctrl Pts',(-0.103991479689472,0.965041519792959,
2.72289456627928));
#1329=CARTESIAN_POINT('Ctrl Pts',(0.262390237720898,0.990114487622167,2.71311481480376));
#1330=CARTESIAN_POINT('Ctrl Pts',(0.915978915991034,1.04007001446215,2.60393989958047));
#1331=CARTESIAN_POINT('Ctrl Pts',(1.25341767304796,1.06747965470537,2.47679066503242));
#1332=CARTESIAN_POINT('Ctrl Pts',(1.91278903936338,1.12476967291105,2.06777666243177));
#1333=CARTESIAN_POINT('Ctrl Pts',(2.17278544883417,1.1497641444568,1.79393167148445));
#1334=CARTESIAN_POINT('Ctrl Pts',(2.57064270825492,1.19974458903301,1.23596815756809));
#1335=CARTESIAN_POINT('Ctrl Pts',(2.72408732793155,1.22714190195944,0.896667870924814));
#1336=CARTESIAN_POINT('Ctrl Pts',(2.90644561745914,1.28433965193458,0.117749176369266));
#1337=CARTESIAN_POINT('Ctrl Pts',(2.89688868934769,1.30933254960047,-0.272035282061881));
#1338=CARTESIAN_POINT('Ctrl Pts',(2.77946314706503,1.35942364370247,-0.971413162793987));
#1339=CARTESIAN_POINT('Ctrl Pts',(2.64378937100458,1.38680917506777,-1.33082540480109));
#1340=CARTESIAN_POINT('Ctrl Pts',(2.38714487996286,1.42053382070763,-1.74423815263167));
#1341=CARTESIAN_POINT('Ctrl Pts',(2.32637106004637,1.42777945552481,-1.83120530161677));
#1342=CARTESIAN_POINT('Ctrl Pts',(2.15914848015417,1.44598046281402,-2.04476811355465));
#1343=CARTESIAN_POINT('Ctrl Pts',(2.04630105696118,1.45653933342894,-2.16585068829912));
#1344=CARTESIAN_POINT('Ctrl Pts',(1.80760599725629,1.47810327306259,-2.38394510517632));
#1345=CARTESIAN_POINT('Ctrl Pts',(1.68113206371225,1.48899441019197,-2.48226571504817));
#1346=CARTESIAN_POINT('Ctrl Pts',(1.54745986048998,1.5,-2.57009104511345));
#1347=CARTESIAN_POINT('Origin',(8.67361737988404E-16,6.,0.));
#1348=CARTESIAN_POINT('Ctrl Pts',(-1.35551292412828E-13,4.14581799173767,
-3.));
#1349=CARTESIAN_POINT('Ctrl Pts',(-0.10590501958606,4.1503836584271,-3.));
#1350=CARTESIAN_POINT('Ctrl Pts',(-0.21192436856924,4.15505439103319,-2.99439232424822));
#1351=CARTESIAN_POINT('Ctrl Pts',(-0.712489285116014,4.17758592556907,-2.94109700061413));
#1352=CARTESIAN_POINT('Ctrl Pts',(-1.09509844489496,4.19622393167732,-2.82106888117859));
#1353=CARTESIAN_POINT('Ctrl Pts',(-1.77998660265572,4.23246127092071,-2.44524416272369));
#1354=CARTESIAN_POINT('Ctrl Pts',(-2.07813805762472,4.2489065477366,-2.19747706017754));
#1355=CARTESIAN_POINT('Ctrl Pts',(-2.57315041846188,4.28381715936862,-1.59273276029011));
#1356=CARTESIAN_POINT('Ctrl Pts',(-2.76125237672598,4.30245649037915,-1.23828997541719));
#1357=CARTESIAN_POINT('Ctrl Pts',(-2.98463397513307,4.33873016898866,-0.489414883377639));
#1358=CARTESIAN_POINT('Ctrl Pts',(-3.02271678346066,4.3552303424889,-0.10363274333703));
#1359=CARTESIAN_POINT('Ctrl Pts',(-2.95005689701685,4.3900839703,0.67473388514399));
#1360=CARTESIAN_POINT('Ctrl Pts',(-2.83475961316582,4.40872384511248,1.05934596757105));
#1361=CARTESIAN_POINT('Ctrl Pts',(-2.46727202749546,4.44503184344112,1.74932648408171));
#1362=CARTESIAN_POINT('Ctrl Pts',(-2.22324261299895,4.46158883383945,2.05054962644763));
#1363=CARTESIAN_POINT('Ctrl Pts',(-1.62434628522424,4.496387096412,2.55338869354132));
#1364=CARTESIAN_POINT('Ctrl Pts',(-1.27178581656925,4.51502681882694,2.74605688379409));
#1365=CARTESIAN_POINT('Ctrl Pts',(-0.52514256836022,4.55136715892995,2.97855967348232));
#1366=CARTESIAN_POINT('Ctrl Pts',(-0.13981086196221,4.56798234507548,3.02126293396677));
#1367=CARTESIAN_POINT('Ctrl Pts',(0.639869730772851,4.60272698141021,2.95787876052153));
#1368=CARTESIAN_POINT('Ctrl Pts',(1.02627617626451,4.62136593898782,2.84696481746992));
#1369=CARTESIAN_POINT('Ctrl Pts',(1.72090612050095,4.65773669487867,2.48718751978846));
#1370=CARTESIAN_POINT('Ctrl Pts',(2.02495310061889,4.6744109451022,2.24658986128543));
#1371=CARTESIAN_POINT('Ctrl Pts',(2.42515529124709,4.70163548490035,1.78085971396452));
#1372=CARTESIAN_POINT('Ctrl Pts',(2.55442791873588,4.71217712128523,1.58988281894158));
#1373=CARTESIAN_POINT('Ctrl Pts',(2.76789282549452,4.73365432584827,1.18011851134682));
#1374=CARTESIAN_POINT('Ctrl Pts',(2.85089571850388,4.7445205188826,0.962447661881179));
#1375=CARTESIAN_POINT('Ctrl Pts',(2.90796642191221,4.75524246157567,0.737381372853358));
#1376=CARTESIAN_POINT('',(-1.98433110728159,4.75524246157567,2.24998445698512));
#1377=CARTESIAN_POINT('Origin',(8.67361737988404E-16,4.75524246157567,0.));
#1378=CARTESIAN_POINT('Ctrl Pts',(-1.98433110728159,4.75524246157567,2.24998445698512));
#1379=CARTESIAN_POINT('Ctrl Pts',(-2.22762604310222,4.74092218859705,2.0354151038973));
#1380=CARTESIAN_POINT('Ctrl Pts',(-2.43451222396648,4.72685281137691,1.7828071490711));
#1381=CARTESIAN_POINT('Ctrl Pts',(-2.76247080367488,4.69655047041628,1.2157601672202));
#1382=CARTESIAN_POINT('Ctrl Pts',(-2.87955789400812,4.6810253833146,0.904139936480872));
#1383=CARTESIAN_POINT('Ctrl Pts',(-3.01806492712235,4.64823486005929,0.200903778899947));
#1384=CARTESIAN_POINT('Ctrl Pts',(-3.01884834560253,4.63209494624553,-0.188766986337023));
#1385=CARTESIAN_POINT('Ctrl Pts',(-2.87130236287408,4.59646535663751,-0.954113956513277));
#1386=CARTESIAN_POINT('Ctrl Pts',(-2.72161059751886,4.57793463782982,-1.32194739996497));
#1387=CARTESIAN_POINT('Ctrl Pts',(-2.29262894080802,4.54220170749527,-1.97311698434872));
#1388=CARTESIAN_POINT('Ctrl Pts',(-2.01968601015024,4.52604346122437,-2.25171199156536));
#1389=CARTESIAN_POINT('Ctrl Pts',(-1.37770582754475,4.49047322510319,-2.69376795073054));
#1390=CARTESIAN_POINT('Ctrl Pts',(-1.01334532057371,4.47195950341349,-2.85089228783143));
#1391=CARTESIAN_POINT('Ctrl Pts',(-0.421841360068266,4.44419395892176,-2.9777458957189));
#1392=CARTESIAN_POINT('Ctrl Pts',(-0.210980436308654,4.43470614809683,-3.));
#1393=CARTESIAN_POINT('Ctrl Pts',(7.14706072102445E-15,4.4256105796909,
-3.));
#1394=CARTESIAN_POINT('Origin',(8.67361737988404E-16,6.,0.));
#1395=CARTESIAN_POINT('Ctrl Pts',(7.81724684983942E-11,4.91255414114698,
2.89889650010367));
#1396=CARTESIAN_POINT('Ctrl Pts',(-0.235574856755391,4.89584338157998,2.90963642916521));
#1397=CARTESIAN_POINT('Ctrl Pts',(-0.451546544805562,4.87986690234203,2.89103431284537));
#1398=CARTESIAN_POINT('Ctrl Pts',(-0.8805760479857,4.84730752519549,2.81656240018876));
#1399=CARTESIAN_POINT('Ctrl Pts',(-1.11593515647633,4.82876305673257,2.74469834724709));
#1400=CARTESIAN_POINT('Ctrl Pts',(-1.57056124177846,4.79151824384648,2.54122538585063));
#1401=CARTESIAN_POINT('Ctrl Pts',(-1.78721456706368,4.7729839175262,2.40862440786478));
#1402=CARTESIAN_POINT('Ctrl Pts',(-1.98433110728158,4.75524246157567,2.24998445698513));
#1403=CARTESIAN_POINT('Origin',(8.67361737988404E-16,-1.,0.));
#1404=CARTESIAN_POINT('',(-4.,-1.16580753730952,-2.30940107675847));
#1405=CARTESIAN_POINT('Ctrl Pts',(-4.00000000000043,-1.16580753730958,-2.30940107675823));
#1406=CARTESIAN_POINT('Ctrl Pts',(-2.9282032302757,-1.,-2.92820323027539));
#1407=CARTESIAN_POINT('Ctrl Pts',(-2.00000000000003,-1.,-3.46410161513774));
#1408=CARTESIAN_POINT('',(-4.,-1.,-7.62765386476301E-22));
#1409=CARTESIAN_POINT('Ctrl Pts',(-4.,-1.,0.));
#1410=CARTESIAN_POINT('Ctrl Pts',(-4.,-1.,-1.07179676972468));
#1411=CARTESIAN_POINT('Ctrl Pts',(-4.,-1.16580753730958,-2.30940107675897));
#1412=CARTESIAN_POINT('Origin',(8.67361737988404E-16,-1.,0.));
#1413=CARTESIAN_POINT('Origin',(8.67361737988404E-16,-1.,0.));
#1414=CARTESIAN_POINT('',(-1.99999999999999,-1.,3.46410161513776));
#1415=CARTESIAN_POINT('',(-4.,-1.16580753730952,2.30940107675851));
#1416=CARTESIAN_POINT('Ctrl Pts',(-1.99999999999999,-1.,3.46410161513776));
#1417=CARTESIAN_POINT('Ctrl Pts',(-2.92820323027568,-1.,2.92820323027542));
#1418=CARTESIAN_POINT('Ctrl Pts',(-4.00000000000043,-1.16580753730959,2.30940107675826));
#1419=CARTESIAN_POINT('Origin',(8.67361737988404E-16,-1.,0.));
#1420=CARTESIAN_POINT('Ctrl Pts',(-4.,-1.16580753730959,2.309401076759));
#1421=CARTESIAN_POINT('Ctrl Pts',(-4.,-1.,1.07179676972469));
#1422=CARTESIAN_POINT('Ctrl Pts',(-4.,-1.,0.));
#1423=CARTESIAN_POINT('Origin',(8.67361737988404E-16,-1.,0.));
#1424=CARTESIAN_POINT('',(4.,-1.16580753730952,-2.30940107675853));
#1425=CARTESIAN_POINT('Ctrl Pts',(1.99999999999998,-1.,-3.46410161513777));
#1426=CARTESIAN_POINT('Ctrl Pts',(2.92820323027567,-1.,-2.92820323027543));
#1427=CARTESIAN_POINT('Ctrl Pts',(4.00000000000043,-1.16580753730959,-2.30940107675828));
#1428=CARTESIAN_POINT('',(4.,-1.,7.0604628739091E-23));
#1429=CARTESIAN_POINT('Origin',(8.67361737988404E-16,-1.,0.));
#1430=CARTESIAN_POINT('Ctrl Pts',(4.,-1.16580753730959,-2.30940107675902));
#1431=CARTESIAN_POINT('Ctrl Pts',(4.,-1.,-1.0717967697247));
#1432=CARTESIAN_POINT('Ctrl Pts',(4.,-1.,0.));
#1433=CARTESIAN_POINT('Origin',(8.67361737988404E-16,-1.,0.));
#1434=CARTESIAN_POINT('',(4.,-1.16580753730952,2.30940107675849));
#1435=CARTESIAN_POINT('Ctrl Pts',(4.,-1.,0.));
#1436=CARTESIAN_POINT('Ctrl Pts',(4.,-1.,1.07179676972468));
#1437=CARTESIAN_POINT('Ctrl Pts',(4.,-1.16580753730959,2.30940107675898));
#1438=CARTESIAN_POINT('',(2.00000000000002,-1.,3.46410161513775));
#1439=CARTESIAN_POINT('Origin',(8.67361737988404E-16,-1.,0.));
#1440=CARTESIAN_POINT('Ctrl Pts',(4.00000000000043,-1.16580753730959,2.30940107675825));
#1441=CARTESIAN_POINT('Ctrl Pts',(2.9282032302757,-1.,2.9282032302754));
#1442=CARTESIAN_POINT('Ctrl Pts',(2.00000000000002,-1.,3.46410161513774));
#1443=CARTESIAN_POINT('Origin',(8.67361737988404E-16,-3.83419246269048,
0.));
#1444=CARTESIAN_POINT('',(-2.00000000000004,-4.,-3.46410161513773));
#1445=CARTESIAN_POINT('',(-4.,-3.83419246269066,-2.30940107675862));
#1446=CARTESIAN_POINT('Ctrl Pts',(-2.00000000000003,-4.,-3.46410161513774));
#1447=CARTESIAN_POINT('Ctrl Pts',(-2.92820323027567,-4.,-2.9282032302754));
#1448=CARTESIAN_POINT('Ctrl Pts',(-4.00000000000035,-3.83419246269043,-2.30940107675827));
#1449=CARTESIAN_POINT('',(-4.,-4.,0.));
#1450=CARTESIAN_POINT('Origin',(8.67361737988404E-16,-4.,0.));
#1451=CARTESIAN_POINT('Ctrl Pts',(-4.,-3.8341924626904,-2.30940107675909));
#1452=CARTESIAN_POINT('Ctrl Pts',(-4.,-4.,-1.07179676972473));
#1453=CARTESIAN_POINT('Ctrl Pts',(-4.,-4.,0.));
#1454=CARTESIAN_POINT('Origin',(8.67361737988404E-16,-3.83419246269048,
0.));
#1455=CARTESIAN_POINT('',(-4.9439619065339E-14,-3.83419246269048,-4.61880215351701));
#1456=CARTESIAN_POINT('Ctrl Pts',(3.78608325976304E-13,-3.83419246269041,
-4.61880215351726));
#1457=CARTESIAN_POINT('Ctrl Pts',(-1.07179676972436,-4.,-4.00000000000009));
#1458=CARTESIAN_POINT('Ctrl Pts',(-2.00000000000003,-4.,-3.46410161513774));
#1459=CARTESIAN_POINT('',(1.99999999999997,-4.,-3.46410161513777));
#1460=CARTESIAN_POINT('Ctrl Pts',(1.99999999999996,-4.,-3.46410161513778));
#1461=CARTESIAN_POINT('Ctrl Pts',(1.07179676972428,-4.,-4.00000000000011));
#1462=CARTESIAN_POINT('Ctrl Pts',(-4.74762821462349E-13,-3.83419246269041,
-4.61880215351726));
#1463=CARTESIAN_POINT('Origin',(8.67361737988404E-16,-4.,0.));
#1464=CARTESIAN_POINT('Origin',(8.67361737988404E-16,-3.83419246269048,
0.));
#1465=CARTESIAN_POINT('',(-4.,-3.83419246269048,2.30940107675851));
#1466=CARTESIAN_POINT('Ctrl Pts',(-4.00000000000042,-3.83419246269041,2.30940107675826));
#1467=CARTESIAN_POINT('Ctrl Pts',(-2.92820323027567,-4.,2.92820323027542));
#1468=CARTESIAN_POINT('Ctrl Pts',(-1.99999999999999,-4.,3.46410161513776));
#1469=CARTESIAN_POINT('Ctrl Pts',(-4.,-4.,0.));
#1470=CARTESIAN_POINT('Ctrl Pts',(-4.,-4.,1.07179676972469));
#1471=CARTESIAN_POINT('Ctrl Pts',(-4.,-3.83419246269041,2.30940107675901));
#1472=CARTESIAN_POINT('Origin',(8.67361737988404E-16,-4.,0.));
#1473=CARTESIAN_POINT('Origin',(8.67361737988404E-16,-3.83419246269048,
0.));
#1474=CARTESIAN_POINT('',(4.,-3.83419246269048,-2.30940107675853));
#1475=CARTESIAN_POINT('Ctrl Pts',(4.00000000000043,-3.83419246269041,-2.30940107675828));
#1476=CARTESIAN_POINT('Ctrl Pts',(2.92820323027566,-4.,-2.92820323027544));
#1477=CARTESIAN_POINT('Ctrl Pts',(1.99999999999996,-4.,-3.46410161513778));
#1478=CARTESIAN_POINT('',(4.,-4.,0.));
#1479=CARTESIAN_POINT('Ctrl Pts',(4.,-4.,2.47919203654601E-15));
#1480=CARTESIAN_POINT('Ctrl Pts',(4.,-4.,-1.0717967697247));
#1481=CARTESIAN_POINT('Ctrl Pts',(4.,-3.83419246269041,-2.30940107675902));
#1482=CARTESIAN_POINT('Origin',(8.67361737988404E-16,-4.,0.));
#1483=CARTESIAN_POINT('Origin',(-0.174999999999999,-6.,0.));
#1484=CARTESIAN_POINT('Origin',(-2.2,6.,0.));
#1485=CARTESIAN_POINT('Origin',(-4.,-1.,0.));
#1486=CARTESIAN_POINT('Origin',(8.67361737988404E-16,-1.,0.));
#1487=CARTESIAN_POINT('Origin',(8.67361737988404E-16,-1.,0.));
#1488=CARTESIAN_POINT('',(1.82145964977565E-14,-1.16580753730952,4.61880215351701));
#1489=CARTESIAN_POINT('Ctrl Pts',(4.43712932294984E-13,-1.16580753730959,
4.61880215351726));
#1490=CARTESIAN_POINT('Ctrl Pts',(-1.07179676972431,-1.,4.0000000000001));
#1491=CARTESIAN_POINT('Ctrl Pts',(-1.99999999999999,-1.,3.46410161513776));
#1492=CARTESIAN_POINT('Ctrl Pts',(2.00000000000002,-1.,3.46410161513774));
#1493=CARTESIAN_POINT('Ctrl Pts',(1.07179676972434,-0.999999999999999,4.00000000000009));
#1494=CARTESIAN_POINT('Ctrl Pts',(-4.05317908055764E-13,-1.16580753730959,
4.61880215351725));
#1495=CARTESIAN_POINT('Origin',(8.67361737988404E-16,-3.83419246269048,
0.));
#1496=CARTESIAN_POINT('',(4.,-3.83419246269048,2.30940107675849));
#1497=CARTESIAN_POINT('Ctrl Pts',(4.,-3.83419246269042,2.30940107675898));
#1498=CARTESIAN_POINT('Ctrl Pts',(4.,-4.,1.07179676972468));
#1499=CARTESIAN_POINT('Ctrl Pts',(4.,-4.,2.47919203654601E-15));
#1500=CARTESIAN_POINT('Ctrl Pts',(2.00000000000001,-4.,3.46410161513775));
#1501=CARTESIAN_POINT('Ctrl Pts',(2.92820323027569,-4.,2.9282032302754));
#1502=CARTESIAN_POINT('Ctrl Pts',(4.00000000000043,-3.83419246269042,2.30940107675824));
#1503=CARTESIAN_POINT('Origin',(8.67361737988404E-16,-4.,0.));
#1504=CARTESIAN_POINT('Origin',(-2.49999999999998,-4.,0.));
#1505=CARTESIAN_POINT('Origin',(-4.,1.156722336347,-5.));
#1506=CARTESIAN_POINT('',(-4.,6.,-2.3094010767585));
#1507=CARTESIAN_POINT('',(-4.,6.,2.3094010767585));
#1508=CARTESIAN_POINT('Origin',(-6.33012701892219,1.156722336347,0.964101615137769));
#1509=CARTESIAN_POINT('',(1.82145964977565E-14,1.156722336347,4.61880215351701));
#1510=CARTESIAN_POINT('Origin',(4.,1.156722336347,5.));
#1511=CARTESIAN_POINT('',(4.,1.156722336347,2.30940107675849));
#1512=CARTESIAN_POINT('',(4.,1.156722336347,-2.30940107675853));
#1513=CARTESIAN_POINT('Origin',(2.33012701892212,1.156722336347,-5.96410161513778));
#1514=CARTESIAN_POINT('',(-4.9439619065339E-14,1.156722336347,-4.61880215351701));
#1515=CARTESIAN_POINT('Origin',(6.33012701892218,1.156722336347,-0.964101615137813));
#1516=CARTESIAN_POINT('Origin',(-2.33012701892216,1.156722336347,5.96410161513777));
#1517=CARTESIAN_POINT('Ctrl Pts',(0.,5.65358983848623,3.1));
#1518=CARTESIAN_POINT('Ctrl Pts',(-1.2840620433566,5.6000184099148,3.1));
#1519=CARTESIAN_POINT('Ctrl Pts',(-2.1920310216783,5.54644698134337,2.1920310216783));
#1520=CARTESIAN_POINT('Ctrl Pts',(-3.1,5.49287555277194,1.2840620433566));
#1521=CARTESIAN_POINT('Ctrl Pts',(-3.1,5.43930412420051,1.8982025386784E-16));
#1522=CARTESIAN_POINT('Ctrl Pts',(-3.1,5.38573269562908,-1.2840620433566));
#1523=CARTESIAN_POINT('Ctrl Pts',(-2.1920310216783,5.33216126705766,-2.1920310216783));
#1524=CARTESIAN_POINT('Ctrl Pts',(-1.2840620433566,5.27858983848623,-3.1));
#1525=CARTESIAN_POINT('Ctrl Pts',(-3.7964050773568E-16,5.2250184099148,
-3.1));
#1526=CARTESIAN_POINT('Ctrl Pts',(1.28406204335659,5.17144698134337,-3.1));
#1527=CARTESIAN_POINT('Ctrl Pts',(2.1920310216783,5.11787555277194,-2.1920310216783));
#1528=CARTESIAN_POINT('Ctrl Pts',(3.1,5.06430412420051,-1.2840620433566));
#1529=CARTESIAN_POINT('Ctrl Pts',(3.1,5.01073269562908,-5.69460761603519E-16));
#1530=CARTESIAN_POINT('Ctrl Pts',(3.1,4.95716126705766,1.2840620433566));
#1531=CARTESIAN_POINT('Ctrl Pts',(2.1920310216783,4.90358983848623,2.1920310216783));
#1532=CARTESIAN_POINT('Ctrl Pts',(1.2840620433566,4.8500184099148,3.1));
#1533=CARTESIAN_POINT('Ctrl Pts',(0.,4.79644698134337,3.1));
#1534=CARTESIAN_POINT('Ctrl Pts',(-1.2840620433566,4.74287555277194,3.1));
#1535=CARTESIAN_POINT('Ctrl Pts',(-2.1920310216783,4.68930412420051,2.1920310216783));
#1536=CARTESIAN_POINT('Ctrl Pts',(-3.1,4.63573269562908,1.2840620433566));
#1537=CARTESIAN_POINT('Ctrl Pts',(-3.1,4.58216126705766,1.8982025386784E-16));
#1538=CARTESIAN_POINT('Ctrl Pts',(-3.1,4.52858983848623,-1.2840620433566));
#1539=CARTESIAN_POINT('Ctrl Pts',(-2.1920310216783,4.4750184099148,-2.1920310216783));
#1540=CARTESIAN_POINT('Ctrl Pts',(-1.2840620433566,4.42144698134337,-3.1));
#1541=CARTESIAN_POINT('Ctrl Pts',(-3.7964050773568E-16,4.36787555277194,
-3.1));
#1542=CARTESIAN_POINT('Ctrl Pts',(1.28406204335659,4.31430412420051,-3.1));
#1543=CARTESIAN_POINT('Ctrl Pts',(2.1920310216783,4.26073269562908,-2.1920310216783));
#1544=CARTESIAN_POINT('Ctrl Pts',(3.1,4.20716126705766,-1.2840620433566));
#1545=CARTESIAN_POINT('Ctrl Pts',(3.1,4.15358983848623,-5.69460761603519E-16));
#1546=CARTESIAN_POINT('Ctrl Pts',(3.1,4.1000184099148,1.2840620433566));
#1547=CARTESIAN_POINT('Ctrl Pts',(2.1920310216783,4.04644698134337,2.1920310216783));
#1548=CARTESIAN_POINT('Ctrl Pts',(1.2840620433566,3.99287555277194,3.1));
#1549=CARTESIAN_POINT('Ctrl Pts',(0.,3.93930412420051,3.1));
#1550=CARTESIAN_POINT('Ctrl Pts',(-1.2840620433566,3.88573269562908,3.1));
#1551=CARTESIAN_POINT('Ctrl Pts',(-2.1920310216783,3.83216126705766,2.1920310216783));
#1552=CARTESIAN_POINT('Ctrl Pts',(-3.1,3.77858983848623,1.2840620433566));
#1553=CARTESIAN_POINT('Ctrl Pts',(-3.1,3.7250184099148,1.8982025386784E-16));
#1554=CARTESIAN_POINT('Ctrl Pts',(-3.1,3.67144698134337,-1.2840620433566));
#1555=CARTESIAN_POINT('Ctrl Pts',(-2.1920310216783,3.61787555277194,-2.1920310216783));
#1556=CARTESIAN_POINT('Ctrl Pts',(-1.2840620433566,3.56430412420051,-3.1));
#1557=CARTESIAN_POINT('Ctrl Pts',(-3.7964050773568E-16,3.51073269562908,
-3.1));
#1558=CARTESIAN_POINT('Ctrl Pts',(1.28406204335659,3.45716126705766,-3.1));
#1559=CARTESIAN_POINT('Ctrl Pts',(2.1920310216783,3.40358983848623,-2.1920310216783));
#1560=CARTESIAN_POINT('Ctrl Pts',(3.1,3.3500184099148,-1.2840620433566));
#1561=CARTESIAN_POINT('Ctrl Pts',(3.1,3.29644698134337,-5.69460761603519E-16));
#1562=CARTESIAN_POINT('Ctrl Pts',(3.1,3.24287555277194,1.2840620433566));
#1563=CARTESIAN_POINT('Ctrl Pts',(2.1920310216783,3.18930412420051,2.1920310216783));
#1564=CARTESIAN_POINT('Ctrl Pts',(1.2840620433566,3.13573269562908,3.1));
#1565=CARTESIAN_POINT('Ctrl Pts',(0.,3.08216126705766,3.1));
#1566=CARTESIAN_POINT('Ctrl Pts',(-1.2840620433566,3.02858983848623,3.1));
#1567=CARTESIAN_POINT('Ctrl Pts',(-2.1920310216783,2.9750184099148,2.1920310216783));
#1568=CARTESIAN_POINT('Ctrl Pts',(-3.1,2.92144698134337,1.2840620433566));
#1569=CARTESIAN_POINT('Ctrl Pts',(-3.1,2.86787555277194,1.8982025386784E-16));
#1570=CARTESIAN_POINT('Ctrl Pts',(-3.1,2.81430412420051,-1.2840620433566));
#1571=CARTESIAN_POINT('Ctrl Pts',(-2.1920310216783,2.76073269562908,-2.1920310216783));
#1572=CARTESIAN_POINT('Ctrl Pts',(-1.2840620433566,2.70716126705766,-3.1));
#1573=CARTESIAN_POINT('Ctrl Pts',(-3.7964050773568E-16,2.65358983848623,
-3.1));
#1574=CARTESIAN_POINT('Ctrl Pts',(1.28406204335659,2.6000184099148,-3.1));
#1575=CARTESIAN_POINT('Ctrl Pts',(2.1920310216783,2.54644698134337,-2.1920310216783));
#1576=CARTESIAN_POINT('Ctrl Pts',(3.1,2.49287555277194,-1.2840620433566));
#1577=CARTESIAN_POINT('Ctrl Pts',(3.1,2.43930412420051,-5.69460761603519E-16));
#1578=CARTESIAN_POINT('Ctrl Pts',(3.1,2.38573269562908,1.2840620433566));
#1579=CARTESIAN_POINT('Ctrl Pts',(2.1920310216783,2.33216126705766,2.1920310216783));
#1580=CARTESIAN_POINT('Ctrl Pts',(1.2840620433566,2.27858983848623,3.1));
#1581=CARTESIAN_POINT('Ctrl Pts',(0.,2.2250184099148,3.1));
#1582=CARTESIAN_POINT('Ctrl Pts',(-1.2840620433566,2.17144698134337,3.1));
#1583=CARTESIAN_POINT('Ctrl Pts',(-2.1920310216783,2.11787555277194,2.1920310216783));
#1584=CARTESIAN_POINT('Ctrl Pts',(-3.1,2.06430412420051,1.2840620433566));
#1585=CARTESIAN_POINT('Ctrl Pts',(-3.1,2.01073269562908,1.8982025386784E-16));
#1586=CARTESIAN_POINT('Ctrl Pts',(-3.1,1.95716126705766,-1.2840620433566));
#1587=CARTESIAN_POINT('Ctrl Pts',(-2.1920310216783,1.90358983848623,-2.1920310216783));
#1588=CARTESIAN_POINT('Ctrl Pts',(-1.2840620433566,1.8500184099148,-3.1));
#1589=CARTESIAN_POINT('Ctrl Pts',(-3.7964050773568E-16,1.79644698134337,
-3.1));
#1590=CARTESIAN_POINT('Ctrl Pts',(1.28406204335659,1.74287555277194,-3.1));
#1591=CARTESIAN_POINT('Ctrl Pts',(2.1920310216783,1.68930412420051,-2.1920310216783));
#1592=CARTESIAN_POINT('Ctrl Pts',(3.1,1.63573269562908,-1.2840620433566));
#1593=CARTESIAN_POINT('Ctrl Pts',(3.1,1.58216126705766,-5.69460761603519E-16));
#1594=CARTESIAN_POINT('Ctrl Pts',(3.1,1.52858983848623,1.2840620433566));
#1595=CARTESIAN_POINT('Ctrl Pts',(2.1920310216783,1.4750184099148,2.1920310216783));
#1596=CARTESIAN_POINT('Ctrl Pts',(1.2840620433566,1.42144698134337,3.1));
#1597=CARTESIAN_POINT('Ctrl Pts',(0.,1.36787555277194,3.1));
#1598=CARTESIAN_POINT('Ctrl Pts',(-1.2840620433566,1.31430412420051,3.1));
#1599=CARTESIAN_POINT('Ctrl Pts',(-2.1920310216783,1.26073269562908,2.1920310216783));
#1600=CARTESIAN_POINT('Ctrl Pts',(-3.1,1.20716126705766,1.2840620433566));
#1601=CARTESIAN_POINT('Ctrl Pts',(-3.1,1.15358983848623,1.8982025386784E-16));
#1602=CARTESIAN_POINT('Ctrl Pts',(-3.1,1.1000184099148,-1.2840620433566));
#1603=CARTESIAN_POINT('Ctrl Pts',(-2.1920310216783,1.04644698134337,-2.1920310216783));
#1604=CARTESIAN_POINT('Ctrl Pts',(-1.2840620433566,0.992875552771941,-3.1));
#1605=CARTESIAN_POINT('Ctrl Pts',(-3.7964050773568E-16,0.939304124200513,
-3.1));
#1606=CARTESIAN_POINT('Ctrl Pts',(1.28406204335659,0.885732695629084,-3.1));
#1607=CARTESIAN_POINT('Ctrl Pts',(2.1920310216783,0.832161267057655,-2.1920310216783));
#1608=CARTESIAN_POINT('Ctrl Pts',(3.1,0.778589838486227,-1.2840620433566));
#1609=CARTESIAN_POINT('Ctrl Pts',(3.1,0.725018409914798,-5.69460761603519E-16));
#1610=CARTESIAN_POINT('Ctrl Pts',(3.1,0.671446981343369,1.2840620433566));
#1611=CARTESIAN_POINT('Ctrl Pts',(2.1920310216783,0.617875552771941,2.1920310216783));
#1612=CARTESIAN_POINT('Ctrl Pts',(1.2840620433566,0.564304124200513,3.1));
#1613=CARTESIAN_POINT('Ctrl Pts',(0.,0.510732695629084,3.1));
#1614=CARTESIAN_POINT('Ctrl Pts',(-1.2840620433566,0.457161267057656,3.1));
#1615=CARTESIAN_POINT('Ctrl Pts',(-2.1920310216783,0.403589838486227,2.1920310216783));
#1616=CARTESIAN_POINT('Ctrl Pts',(-3.1,0.350018409914798,1.2840620433566));
#1617=CARTESIAN_POINT('Ctrl Pts',(-3.1,0.29644698134337,1.8982025386784E-16));
#1618=CARTESIAN_POINT('Ctrl Pts',(-3.1,0.242875552771941,-1.2840620433566));
#1619=CARTESIAN_POINT('Ctrl Pts',(-2.1920310216783,0.189304124200512,-2.1920310216783));
#1620=CARTESIAN_POINT('Ctrl Pts',(-1.2840620433566,0.135732695629084,-3.1));
#1621=CARTESIAN_POINT('Ctrl Pts',(-3.7964050773568E-16,0.0821612670576554,
-3.1));
#1622=CARTESIAN_POINT('Ctrl Pts',(1.28406204335659,0.0285898384862265,-3.1));
#1623=CARTESIAN_POINT('Ctrl Pts',(2.1920310216783,-0.0249815900852015,-2.1920310216783));
#1624=CARTESIAN_POINT('Ctrl Pts',(3.1,-0.0785530186566303,-1.2840620433566));
#1625=CARTESIAN_POINT('Ctrl Pts',(3.1,-0.132124447228059,-5.69460761603519E-16));
#1626=CARTESIAN_POINT('Ctrl Pts',(3.1,-0.185695875799487,1.2840620433566));
#1627=CARTESIAN_POINT('Ctrl Pts',(2.1920310216783,-0.239267304370916,2.1920310216783));
#1628=CARTESIAN_POINT('Ctrl Pts',(1.2840620433566,-0.292838732942345,3.1));
#1629=CARTESIAN_POINT('Ctrl Pts',(0.,-0.346410161513773,3.1));
#1630=CARTESIAN_POINT('Ctrl Pts',(0.,6.,2.5));
#1631=CARTESIAN_POINT('Ctrl Pts',(-1.03553390593274,5.94642857142857,2.5));
#1632=CARTESIAN_POINT('Ctrl Pts',(-1.76776695296637,5.89285714285714,1.76776695296637));
#1633=CARTESIAN_POINT('Ctrl Pts',(-2.5,5.83928571428571,1.03553390593274));
#1634=CARTESIAN_POINT('Ctrl Pts',(-2.5,5.78571428571429,1.53080849893419E-16));
#1635=CARTESIAN_POINT('Ctrl Pts',(-2.5,5.73214285714286,-1.03553390593274));
#1636=CARTESIAN_POINT('Ctrl Pts',(-1.76776695296637,5.67857142857143,-1.76776695296637));
#1637=CARTESIAN_POINT('Ctrl Pts',(-1.03553390593274,5.625,-2.5));
#1638=CARTESIAN_POINT('Ctrl Pts',(-3.06161699786838E-16,5.57142857142857,
-2.5));
#1639=CARTESIAN_POINT('Ctrl Pts',(1.03553390593274,5.51785714285714,-2.5));
#1640=CARTESIAN_POINT('Ctrl Pts',(1.76776695296637,5.46428571428572,-1.76776695296637));
#1641=CARTESIAN_POINT('Ctrl Pts',(2.5,5.41071428571429,-1.03553390593274));
#1642=CARTESIAN_POINT('Ctrl Pts',(2.5,5.35714285714286,-4.59242549680258E-16));
#1643=CARTESIAN_POINT('Ctrl Pts',(2.5,5.30357142857143,1.03553390593274));
#1644=CARTESIAN_POINT('Ctrl Pts',(1.76776695296637,5.25,1.76776695296637));
#1645=CARTESIAN_POINT('Ctrl Pts',(1.03553390593274,5.19642857142857,2.5));
#1646=CARTESIAN_POINT('Ctrl Pts',(0.,5.14285714285714,2.5));
#1647=CARTESIAN_POINT('Ctrl Pts',(-1.03553390593274,5.08928571428572,2.5));
#1648=CARTESIAN_POINT('Ctrl Pts',(-1.76776695296637,5.03571428571429,1.76776695296637));
#1649=CARTESIAN_POINT('Ctrl Pts',(-2.5,4.98214285714286,1.03553390593274));
#1650=CARTESIAN_POINT('Ctrl Pts',(-2.5,4.92857142857143,1.53080849893419E-16));
#1651=CARTESIAN_POINT('Ctrl Pts',(-2.5,4.875,-1.03553390593274));
#1652=CARTESIAN_POINT('Ctrl Pts',(-1.76776695296637,4.82142857142857,-1.76776695296637));
#1653=CARTESIAN_POINT('Ctrl Pts',(-1.03553390593274,4.76785714285714,-2.5));
#1654=CARTESIAN_POINT('Ctrl Pts',(-3.06161699786838E-16,4.71428571428571,
-2.5));
#1655=CARTESIAN_POINT('Ctrl Pts',(1.03553390593274,4.66071428571429,-2.5));
#1656=CARTESIAN_POINT('Ctrl Pts',(1.76776695296637,4.60714285714286,-1.76776695296637));
#1657=CARTESIAN_POINT('Ctrl Pts',(2.5,4.55357142857143,-1.03553390593274));
#1658=CARTESIAN_POINT('Ctrl Pts',(2.5,4.5,-4.59242549680258E-16));
#1659=CARTESIAN_POINT('Ctrl Pts',(2.5,4.44642857142857,1.03553390593274));
#1660=CARTESIAN_POINT('Ctrl Pts',(1.76776695296637,4.39285714285714,1.76776695296637));
#1661=CARTESIAN_POINT('Ctrl Pts',(1.03553390593274,4.33928571428571,2.5));
#1662=CARTESIAN_POINT('Ctrl Pts',(0.,4.28571428571429,2.5));
#1663=CARTESIAN_POINT('Ctrl Pts',(-1.03553390593274,4.23214285714286,2.5));
#1664=CARTESIAN_POINT('Ctrl Pts',(-1.76776695296637,4.17857142857143,1.76776695296637));
#1665=CARTESIAN_POINT('Ctrl Pts',(-2.5,4.125,1.03553390593274));
#1666=CARTESIAN_POINT('Ctrl Pts',(-2.5,4.07142857142857,1.53080849893419E-16));
#1667=CARTESIAN_POINT('Ctrl Pts',(-2.5,4.01785714285714,-1.03553390593274));
#1668=CARTESIAN_POINT('Ctrl Pts',(-1.76776695296637,3.96428571428571,-1.76776695296637));
#1669=CARTESIAN_POINT('Ctrl Pts',(-1.03553390593274,3.91071428571429,-2.5));
#1670=CARTESIAN_POINT('Ctrl Pts',(-3.06161699786838E-16,3.85714285714286,
-2.5));
#1671=CARTESIAN_POINT('Ctrl Pts',(1.03553390593274,3.80357142857143,-2.5));
#1672=CARTESIAN_POINT('Ctrl Pts',(1.76776695296637,3.75,-1.76776695296637));
#1673=CARTESIAN_POINT('Ctrl Pts',(2.5,3.69642857142857,-1.03553390593274));
#1674=CARTESIAN_POINT('Ctrl Pts',(2.5,3.64285714285714,-4.59242549680258E-16));
#1675=CARTESIAN_POINT('Ctrl Pts',(2.5,3.58928571428571,1.03553390593274));
#1676=CARTESIAN_POINT('Ctrl Pts',(1.76776695296637,3.53571428571429,1.76776695296637));
#1677=CARTESIAN_POINT('Ctrl Pts',(1.03553390593274,3.48214285714286,2.5));
#1678=CARTESIAN_POINT('Ctrl Pts',(0.,3.42857142857143,2.5));
#1679=CARTESIAN_POINT('Ctrl Pts',(-1.03553390593274,3.375,2.5));
#1680=CARTESIAN_POINT('Ctrl Pts',(-1.76776695296637,3.32142857142857,1.76776695296637));
#1681=CARTESIAN_POINT('Ctrl Pts',(-2.5,3.26785714285714,1.03553390593274));
#1682=CARTESIAN_POINT('Ctrl Pts',(-2.5,3.21428571428571,1.53080849893419E-16));
#1683=CARTESIAN_POINT('Ctrl Pts',(-2.5,3.16071428571429,-1.03553390593274));
#1684=CARTESIAN_POINT('Ctrl Pts',(-1.76776695296637,3.10714285714286,-1.76776695296637));
#1685=CARTESIAN_POINT('Ctrl Pts',(-1.03553390593274,3.05357142857143,-2.5));
#1686=CARTESIAN_POINT('Ctrl Pts',(-3.06161699786838E-16,3.,-2.5));
#1687=CARTESIAN_POINT('Ctrl Pts',(1.03553390593274,2.94642857142857,-2.5));
#1688=CARTESIAN_POINT('Ctrl Pts',(1.76776695296637,2.89285714285714,-1.76776695296637));
#1689=CARTESIAN_POINT('Ctrl Pts',(2.5,2.83928571428571,-1.03553390593274));
#1690=CARTESIAN_POINT('Ctrl Pts',(2.5,2.78571428571429,-4.59242549680258E-16));
#1691=CARTESIAN_POINT('Ctrl Pts',(2.5,2.73214285714286,1.03553390593274));
#1692=CARTESIAN_POINT('Ctrl Pts',(1.76776695296637,2.67857142857143,1.76776695296637));
#1693=CARTESIAN_POINT('Ctrl Pts',(1.03553390593274,2.625,2.5));
#1694=CARTESIAN_POINT('Ctrl Pts',(0.,2.57142857142857,2.5));
#1695=CARTESIAN_POINT('Ctrl Pts',(-1.03553390593274,2.51785714285714,2.5));
#1696=CARTESIAN_POINT('Ctrl Pts',(-1.76776695296637,2.46428571428571,1.76776695296637));
#1697=CARTESIAN_POINT('Ctrl Pts',(-2.5,2.41071428571429,1.03553390593274));
#1698=CARTESIAN_POINT('Ctrl Pts',(-2.5,2.35714285714286,1.53080849893419E-16));
#1699=CARTESIAN_POINT('Ctrl Pts',(-2.5,2.30357142857143,-1.03553390593274));
#1700=CARTESIAN_POINT('Ctrl Pts',(-1.76776695296637,2.25,-1.76776695296637));
#1701=CARTESIAN_POINT('Ctrl Pts',(-1.03553390593274,2.19642857142857,-2.5));
#1702=CARTESIAN_POINT('Ctrl Pts',(-3.06161699786838E-16,2.14285714285714,
-2.5));
#1703=CARTESIAN_POINT('Ctrl Pts',(1.03553390593274,2.08928571428571,-2.5));
#1704=CARTESIAN_POINT('Ctrl Pts',(1.76776695296637,2.03571428571429,-1.76776695296637));
#1705=CARTESIAN_POINT('Ctrl Pts',(2.5,1.98214285714286,-1.03553390593274));
#1706=CARTESIAN_POINT('Ctrl Pts',(2.5,1.92857142857143,-4.59242549680258E-16));
#1707=CARTESIAN_POINT('Ctrl Pts',(2.5,1.875,1.03553390593274));
#1708=CARTESIAN_POINT('Ctrl Pts',(1.76776695296637,1.82142857142857,1.76776695296637));
#1709=CARTESIAN_POINT('Ctrl Pts',(1.03553390593274,1.76785714285714,2.5));
#1710=CARTESIAN_POINT('Ctrl Pts',(0.,1.71428571428571,2.5));
#1711=CARTESIAN_POINT('Ctrl Pts',(-1.03553390593274,1.66071428571429,2.5));
#1712=CARTESIAN_POINT('Ctrl Pts',(-1.76776695296637,1.60714285714286,1.76776695296637));
#1713=CARTESIAN_POINT('Ctrl Pts',(-2.5,1.55357142857143,1.03553390593274));
#1714=CARTESIAN_POINT('Ctrl Pts',(-2.5,1.5,1.53080849893419E-16));
#1715=CARTESIAN_POINT('Ctrl Pts',(-2.5,1.44642857142857,-1.03553390593274));
#1716=CARTESIAN_POINT('Ctrl Pts',(-1.76776695296637,1.39285714285714,-1.76776695296637));
#1717=CARTESIAN_POINT('Ctrl Pts',(-1.03553390593274,1.33928571428571,-2.5));
#1718=CARTESIAN_POINT('Ctrl Pts',(-3.06161699786838E-16,1.28571428571429,
-2.5));
#1719=CARTESIAN_POINT('Ctrl Pts',(1.03553390593274,1.23214285714286,-2.5));
#1720=CARTESIAN_POINT('Ctrl Pts',(1.76776695296637,1.17857142857143,-1.76776695296637));
#1721=CARTESIAN_POINT('Ctrl Pts',(2.5,1.125,-1.03553390593274));
#1722=CARTESIAN_POINT('Ctrl Pts',(2.5,1.07142857142857,-4.59242549680258E-16));
#1723=CARTESIAN_POINT('Ctrl Pts',(2.5,1.01785714285714,1.03553390593274));
#1724=CARTESIAN_POINT('Ctrl Pts',(1.76776695296637,0.964285714285714,1.76776695296637));
#1725=CARTESIAN_POINT('Ctrl Pts',(1.03553390593274,0.910714285714285,2.5));
#1726=CARTESIAN_POINT('Ctrl Pts',(0.,0.857142857142857,2.5));
#1727=CARTESIAN_POINT('Ctrl Pts',(-1.03553390593274,0.803571428571429,2.5));
#1728=CARTESIAN_POINT('Ctrl Pts',(-1.76776695296637,0.75,1.76776695296637));
#1729=CARTESIAN_POINT('Ctrl Pts',(-2.5,0.696428571428571,1.03553390593274));
#1730=CARTESIAN_POINT('Ctrl Pts',(-2.5,0.642857142857143,1.53080849893419E-16));
#1731=CARTESIAN_POINT('Ctrl Pts',(-2.5,0.589285714285714,-1.03553390593274));
#1732=CARTESIAN_POINT('Ctrl Pts',(-1.76776695296637,0.535714285714285,-1.76776695296637));
#1733=CARTESIAN_POINT('Ctrl Pts',(-1.03553390593274,0.482142857142857,-2.5));
#1734=CARTESIAN_POINT('Ctrl Pts',(-3.06161699786838E-16,0.428571428571428,
-2.5));
#1735=CARTESIAN_POINT('Ctrl Pts',(1.03553390593274,0.375,-2.5));
#1736=CARTESIAN_POINT('Ctrl Pts',(1.76776695296637,0.321428571428571,-1.76776695296637));
#1737=CARTESIAN_POINT('Ctrl Pts',(2.5,0.267857142857143,-1.03553390593274));
#1738=CARTESIAN_POINT('Ctrl Pts',(2.5,0.214285714285714,-4.59242549680258E-16));
#1739=CARTESIAN_POINT('Ctrl Pts',(2.5,0.160714285714286,1.03553390593274));
#1740=CARTESIAN_POINT('Ctrl Pts',(1.76776695296637,0.107142857142857,1.76776695296637));
#1741=CARTESIAN_POINT('Ctrl Pts',(1.03553390593274,0.053571428571428,2.5));
#1742=CARTESIAN_POINT('Ctrl Pts',(0.,0.,2.5));
#1743=CARTESIAN_POINT('Ctrl Pts',(0.697526145391799,5.53321592309088,-2.40072015788906));
#1744=CARTESIAN_POINT('Ctrl Pts',(1.31390053068106,5.49749136202441,-2.22163337525168));
#1745=CARTESIAN_POINT('Ctrl Pts',(1.76776695296637,5.46428571428572,-1.76776695296637));
#1746=CARTESIAN_POINT('Ctrl Pts',(2.5,5.41071428571429,-1.03553390593274));
#1747=CARTESIAN_POINT('Ctrl Pts',(2.5,5.35714285714286,-4.59242549680258E-16));
#1748=CARTESIAN_POINT('Ctrl Pts',(2.5,5.30357142857143,1.03553390593274));
#1749=CARTESIAN_POINT('Ctrl Pts',(1.76776695296637,5.25,1.76776695296637));
#1750=CARTESIAN_POINT('Ctrl Pts',(1.03553390593274,5.19642857142857,2.5));
#1751=CARTESIAN_POINT('Ctrl Pts',(0.,5.14285714285714,2.5));
#1752=CARTESIAN_POINT('Ctrl Pts',(-1.03553390593274,5.08928571428572,2.5));
#1753=CARTESIAN_POINT('Ctrl Pts',(-1.76776695296637,5.03571428571429,1.76776695296637));
#1754=CARTESIAN_POINT('Ctrl Pts',(-2.5,4.98214285714286,1.03553390593274));
#1755=CARTESIAN_POINT('Ctrl Pts',(-2.5,4.92857142857143,1.53080849893419E-16));
#1756=CARTESIAN_POINT('Ctrl Pts',(-2.5,4.875,-1.03553390593274));
#1757=CARTESIAN_POINT('Ctrl Pts',(-1.76776695296637,4.82142857142857,-1.76776695296637));
#1758=CARTESIAN_POINT('Ctrl Pts',(-1.03553390593274,4.76785714285714,-2.5));
#1759=CARTESIAN_POINT('Ctrl Pts',(-3.06161699786838E-16,4.71428571428571,
-2.5));
#1760=CARTESIAN_POINT('Ctrl Pts',(1.03553390593274,4.66071428571429,-2.5));
#1761=CARTESIAN_POINT('Ctrl Pts',(1.76776695296637,4.60714285714286,-1.76776695296637));
#1762=CARTESIAN_POINT('Ctrl Pts',(2.5,4.55357142857143,-1.03553390593274));
#1763=CARTESIAN_POINT('Ctrl Pts',(2.5,4.5,-4.59242549680258E-16));
#1764=CARTESIAN_POINT('Ctrl Pts',(2.5,4.44642857142857,1.03553390593274));
#1765=CARTESIAN_POINT('Ctrl Pts',(1.76776695296637,4.39285714285714,1.76776695296637));
#1766=CARTESIAN_POINT('Ctrl Pts',(1.03553390593274,4.33928571428571,2.5));
#1767=CARTESIAN_POINT('Ctrl Pts',(0.,4.28571428571429,2.5));
#1768=CARTESIAN_POINT('Ctrl Pts',(-1.03553390593274,4.23214285714286,2.5));
#1769=CARTESIAN_POINT('Ctrl Pts',(-1.76776695296637,4.17857142857143,1.76776695296637));
#1770=CARTESIAN_POINT('Ctrl Pts',(-2.5,4.125,1.03553390593274));
#1771=CARTESIAN_POINT('Ctrl Pts',(-2.5,4.07142857142857,1.53080849893419E-16));
#1772=CARTESIAN_POINT('Ctrl Pts',(-2.5,4.01785714285714,-1.03553390593274));
#1773=CARTESIAN_POINT('Ctrl Pts',(-1.76776695296637,3.96428571428571,-1.76776695296637));
#1774=CARTESIAN_POINT('Ctrl Pts',(-1.03553390593274,3.91071428571429,-2.5));
#1775=CARTESIAN_POINT('Ctrl Pts',(-3.06161699786838E-16,3.85714285714286,
-2.5));
#1776=CARTESIAN_POINT('Ctrl Pts',(1.03553390593274,3.80357142857143,-2.5));
#1777=CARTESIAN_POINT('Ctrl Pts',(1.76776695296637,3.75,-1.76776695296637));
#1778=CARTESIAN_POINT('Ctrl Pts',(2.5,3.69642857142857,-1.03553390593274));
#1779=CARTESIAN_POINT('Ctrl Pts',(2.5,3.64285714285714,-4.59242549680258E-16));
#1780=CARTESIAN_POINT('Ctrl Pts',(2.5,3.58928571428571,1.03553390593274));
#1781=CARTESIAN_POINT('Ctrl Pts',(1.76776695296637,3.53571428571429,1.76776695296637));
#1782=CARTESIAN_POINT('Ctrl Pts',(1.03553390593274,3.48214285714286,2.5));
#1783=CARTESIAN_POINT('Ctrl Pts',(0.,3.42857142857143,2.5));
#1784=CARTESIAN_POINT('Ctrl Pts',(-1.03553390593274,3.375,2.5));
#1785=CARTESIAN_POINT('Ctrl Pts',(-1.76776695296637,3.32142857142857,1.76776695296637));
#1786=CARTESIAN_POINT('Ctrl Pts',(-2.5,3.26785714285714,1.03553390593274));
#1787=CARTESIAN_POINT('Ctrl Pts',(-2.5,3.21428571428571,1.53080849893419E-16));
#1788=CARTESIAN_POINT('Ctrl Pts',(-2.5,3.16071428571429,-1.03553390593274));
#1789=CARTESIAN_POINT('Ctrl Pts',(-1.76776695296637,3.10714285714286,-1.76776695296637));
#1790=CARTESIAN_POINT('Ctrl Pts',(-1.03553390593274,3.05357142857143,-2.5));
#1791=CARTESIAN_POINT('Ctrl Pts',(-3.06161699786838E-16,3.,-2.5));
#1792=CARTESIAN_POINT('Ctrl Pts',(1.03553390593274,2.94642857142857,-2.5));
#1793=CARTESIAN_POINT('Ctrl Pts',(1.76776695296637,2.89285714285714,-1.76776695296637));
#1794=CARTESIAN_POINT('Ctrl Pts',(2.5,2.83928571428571,-1.03553390593274));
#1795=CARTESIAN_POINT('Ctrl Pts',(2.5,2.78571428571429,-4.59242549680258E-16));
#1796=CARTESIAN_POINT('Ctrl Pts',(2.5,2.73214285714286,1.03553390593274));
#1797=CARTESIAN_POINT('Ctrl Pts',(1.76776695296637,2.67857142857143,1.76776695296637));
#1798=CARTESIAN_POINT('Ctrl Pts',(1.03553390593274,2.625,2.5));
#1799=CARTESIAN_POINT('Ctrl Pts',(0.,2.57142857142857,2.5));
#1800=CARTESIAN_POINT('Ctrl Pts',(-1.03553390593274,2.51785714285714,2.5));
#1801=CARTESIAN_POINT('Ctrl Pts',(-1.76776695296637,2.46428571428571,1.76776695296637));
#1802=CARTESIAN_POINT('Ctrl Pts',(-2.5,2.41071428571429,1.03553390593274));
#1803=CARTESIAN_POINT('Ctrl Pts',(-2.5,2.35714285714286,1.53080849893419E-16));
#1804=CARTESIAN_POINT('Ctrl Pts',(-2.5,2.30357142857143,-1.03553390593274));
#1805=CARTESIAN_POINT('Ctrl Pts',(-1.76776695296637,2.25,-1.76776695296637));
#1806=CARTESIAN_POINT('Ctrl Pts',(-1.03553390593274,2.19642857142857,-2.5));
#1807=CARTESIAN_POINT('Ctrl Pts',(-3.06161699786838E-16,2.14285714285714,
-2.5));
#1808=CARTESIAN_POINT('Ctrl Pts',(1.03553390593274,2.08928571428571,-2.5));
#1809=CARTESIAN_POINT('Ctrl Pts',(1.76776695296637,2.03571428571429,-1.76776695296637));
#1810=CARTESIAN_POINT('Ctrl Pts',(2.5,1.98214285714286,-1.03553390593274));
#1811=CARTESIAN_POINT('Ctrl Pts',(2.5,1.92857142857143,-4.59242549680258E-16));
#1812=CARTESIAN_POINT('Ctrl Pts',(2.5,1.875,1.03553390593274));
#1813=CARTESIAN_POINT('Ctrl Pts',(1.76776695296637,1.82142857142857,1.76776695296637));
#1814=CARTESIAN_POINT('Ctrl Pts',(1.03553390593274,1.76785714285714,2.5));
#1815=CARTESIAN_POINT('Ctrl Pts',(0.,1.71428571428571,2.5));
#1816=CARTESIAN_POINT('Ctrl Pts',(-1.03553390593274,1.66071428571429,2.5));
#1817=CARTESIAN_POINT('Ctrl Pts',(-1.76776695296637,1.60714285714286,1.76776695296637));
#1818=CARTESIAN_POINT('Ctrl Pts',(-2.5,1.55357142857143,1.03553390593274));
#1819=CARTESIAN_POINT('Ctrl Pts',(-2.5,1.5,1.53080849893419E-16));
#1820=CARTESIAN_POINT('Ctrl Pts',(-2.5,1.44642857142857,-1.03553390593274));
#1821=CARTESIAN_POINT('Ctrl Pts',(-1.76776695296637,1.39285714285714,-1.76776695296637));
#1822=CARTESIAN_POINT('Ctrl Pts',(-1.03553390593274,1.33928571428571,-2.5));
#1823=CARTESIAN_POINT('Ctrl Pts',(-3.06161699786838E-16,1.28571428571429,
-2.5));
#1824=CARTESIAN_POINT('Ctrl Pts',(1.03553390593274,1.23214285714286,-2.5));
#1825=CARTESIAN_POINT('Ctrl Pts',(1.76776695296637,1.17857142857143,-1.76776695296637));
#1826=CARTESIAN_POINT('Ctrl Pts',(2.5,1.125,-1.03553390593274));
#1827=CARTESIAN_POINT('Ctrl Pts',(2.5,1.07142857142857,-4.59242549680258E-16));
#1828=CARTESIAN_POINT('Ctrl Pts',(2.5,1.01785714285714,1.03553390593274));
#1829=CARTESIAN_POINT('Ctrl Pts',(1.76776695296637,0.964285714285714,1.76776695296637));
#1830=CARTESIAN_POINT('Ctrl Pts',(1.03553390593274,0.910714285714285,2.5));
#1831=CARTESIAN_POINT('Ctrl Pts',(0.,0.857142857142857,2.5));
#1832=CARTESIAN_POINT('Ctrl Pts',(-1.03553390593274,0.803571428571429,2.5));
#1833=CARTESIAN_POINT('Ctrl Pts',(-1.76776695296637,0.75,1.76776695296637));
#1834=CARTESIAN_POINT('Ctrl Pts',(-2.5,0.696428571428571,1.03553390593274));
#1835=CARTESIAN_POINT('Ctrl Pts',(-2.5,0.642857142857143,1.53080849893419E-16));
#1836=CARTESIAN_POINT('Ctrl Pts',(-2.5,0.634131761726814,-0.16866132271597));
#1837=CARTESIAN_POINT('Ctrl Pts',(-2.47734579633931,0.625000000000001,-0.335794290243199));
#1838=CARTESIAN_POINT('Ctrl Pts',(0.,6.,2.5));
#1839=CARTESIAN_POINT('Ctrl Pts',(-1.03553390593274,5.94642857142857,2.5));
#1840=CARTESIAN_POINT('Ctrl Pts',(-1.76776695296637,5.89285714285714,1.76776695296637));
#1841=CARTESIAN_POINT('Ctrl Pts',(-2.5,5.83928571428571,1.03553390593274));
#1842=CARTESIAN_POINT('Ctrl Pts',(-2.5,5.78571428571429,1.53080849893419E-16));
#1843=CARTESIAN_POINT('Ctrl Pts',(-2.5,5.73214285714286,-1.03553390593274));
#1844=CARTESIAN_POINT('Ctrl Pts',(-1.76776695296637,5.67857142857143,-1.76776695296637));
#1845=CARTESIAN_POINT('Ctrl Pts',(-1.03553390593274,5.625,-2.5));
#1846=CARTESIAN_POINT('Ctrl Pts',(-3.06161699786838E-16,5.57142857142857,
-2.5));
#1847=CARTESIAN_POINT('Ctrl Pts',(1.03553390593274,5.51785714285714,-2.5));
#1848=CARTESIAN_POINT('Ctrl Pts',(1.76776695296637,5.46428571428572,-1.76776695296637));
#1849=CARTESIAN_POINT('Ctrl Pts',(2.5,5.41071428571429,-1.03553390593274));
#1850=CARTESIAN_POINT('Ctrl Pts',(2.5,5.35714285714286,-4.59242549680258E-16));
#1851=CARTESIAN_POINT('Ctrl Pts',(2.5,5.30357142857143,1.03553390593274));
#1852=CARTESIAN_POINT('Ctrl Pts',(1.76776695296637,5.25,1.76776695296637));
#1853=CARTESIAN_POINT('Ctrl Pts',(1.03553390593274,5.19642857142857,2.5));
#1854=CARTESIAN_POINT('Ctrl Pts',(0.,5.14285714285714,2.5));
#1855=CARTESIAN_POINT('Ctrl Pts',(-1.03553390593274,5.08928571428572,2.5));
#1856=CARTESIAN_POINT('Ctrl Pts',(-1.76776695296637,5.03571428571429,1.76776695296637));
#1857=CARTESIAN_POINT('Ctrl Pts',(-2.5,4.98214285714286,1.03553390593274));
#1858=CARTESIAN_POINT('Ctrl Pts',(-2.5,4.92857142857143,1.53080849893419E-16));
#1859=CARTESIAN_POINT('Ctrl Pts',(-2.5,4.875,-1.03553390593274));
#1860=CARTESIAN_POINT('Ctrl Pts',(-1.76776695296637,4.82142857142857,-1.76776695296637));
#1861=CARTESIAN_POINT('Ctrl Pts',(-1.03553390593274,4.76785714285714,-2.5));
#1862=CARTESIAN_POINT('Ctrl Pts',(-3.06161699786838E-16,4.71428571428571,
-2.5));
#1863=CARTESIAN_POINT('Ctrl Pts',(1.03553390593274,4.66071428571429,-2.5));
#1864=CARTESIAN_POINT('Ctrl Pts',(1.76776695296637,4.60714285714286,-1.76776695296637));
#1865=CARTESIAN_POINT('Ctrl Pts',(2.5,4.55357142857143,-1.03553390593274));
#1866=CARTESIAN_POINT('Ctrl Pts',(2.5,4.5,-4.59242549680258E-16));
#1867=CARTESIAN_POINT('Ctrl Pts',(2.5,4.44642857142857,1.03553390593274));
#1868=CARTESIAN_POINT('Ctrl Pts',(1.76776695296637,4.39285714285714,1.76776695296637));
#1869=CARTESIAN_POINT('Ctrl Pts',(1.03553390593274,4.33928571428571,2.5));
#1870=CARTESIAN_POINT('Ctrl Pts',(0.,4.28571428571429,2.5));
#1871=CARTESIAN_POINT('Ctrl Pts',(-1.03553390593274,4.23214285714286,2.5));
#1872=CARTESIAN_POINT('Ctrl Pts',(-1.76776695296637,4.17857142857143,1.76776695296637));
#1873=CARTESIAN_POINT('Ctrl Pts',(-2.5,4.125,1.03553390593274));
#1874=CARTESIAN_POINT('Ctrl Pts',(-2.5,4.07142857142857,1.53080849893419E-16));
#1875=CARTESIAN_POINT('Ctrl Pts',(-2.5,4.01785714285714,-1.03553390593274));
#1876=CARTESIAN_POINT('Ctrl Pts',(-1.76776695296637,3.96428571428571,-1.76776695296637));
#1877=CARTESIAN_POINT('Ctrl Pts',(-1.03553390593274,3.91071428571429,-2.5));
#1878=CARTESIAN_POINT('Ctrl Pts',(-3.06161699786838E-16,3.85714285714286,
-2.5));
#1879=CARTESIAN_POINT('Ctrl Pts',(1.03553390593274,3.80357142857143,-2.5));
#1880=CARTESIAN_POINT('Ctrl Pts',(1.76776695296637,3.75,-1.76776695296637));
#1881=CARTESIAN_POINT('Ctrl Pts',(2.5,3.69642857142857,-1.03553390593274));
#1882=CARTESIAN_POINT('Ctrl Pts',(2.5,3.64285714285714,-4.59242549680258E-16));
#1883=CARTESIAN_POINT('Ctrl Pts',(2.5,3.58928571428571,1.03553390593274));
#1884=CARTESIAN_POINT('Ctrl Pts',(1.76776695296637,3.53571428571429,1.76776695296637));
#1885=CARTESIAN_POINT('Ctrl Pts',(1.03553390593274,3.48214285714286,2.5));
#1886=CARTESIAN_POINT('Ctrl Pts',(0.,3.42857142857143,2.5));
#1887=CARTESIAN_POINT('Ctrl Pts',(-1.03553390593274,3.375,2.5));
#1888=CARTESIAN_POINT('Ctrl Pts',(-1.76776695296637,3.32142857142857,1.76776695296637));
#1889=CARTESIAN_POINT('Ctrl Pts',(-2.5,3.26785714285714,1.03553390593274));
#1890=CARTESIAN_POINT('Ctrl Pts',(-2.5,3.21428571428571,1.53080849893419E-16));
#1891=CARTESIAN_POINT('Ctrl Pts',(-2.5,3.16071428571429,-1.03553390593274));
#1892=CARTESIAN_POINT('Ctrl Pts',(-1.76776695296637,3.10714285714286,-1.76776695296637));
#1893=CARTESIAN_POINT('Ctrl Pts',(-1.03553390593274,3.05357142857143,-2.5));
#1894=CARTESIAN_POINT('Ctrl Pts',(-3.06161699786838E-16,3.,-2.5));
#1895=CARTESIAN_POINT('Ctrl Pts',(1.03553390593274,2.94642857142857,-2.5));
#1896=CARTESIAN_POINT('Ctrl Pts',(1.76776695296637,2.89285714285714,-1.76776695296637));
#1897=CARTESIAN_POINT('Ctrl Pts',(2.5,2.83928571428571,-1.03553390593274));
#1898=CARTESIAN_POINT('Ctrl Pts',(2.5,2.78571428571429,-4.59242549680258E-16));
#1899=CARTESIAN_POINT('Ctrl Pts',(2.5,2.73214285714286,1.03553390593274));
#1900=CARTESIAN_POINT('Ctrl Pts',(1.76776695296637,2.67857142857143,1.76776695296637));
#1901=CARTESIAN_POINT('Ctrl Pts',(1.03553390593274,2.625,2.5));
#1902=CARTESIAN_POINT('Ctrl Pts',(0.,2.57142857142857,2.5));
#1903=CARTESIAN_POINT('Ctrl Pts',(-1.03553390593274,2.51785714285714,2.5));
#1904=CARTESIAN_POINT('Ctrl Pts',(-1.76776695296637,2.46428571428571,1.76776695296637));
#1905=CARTESIAN_POINT('Ctrl Pts',(-2.5,2.41071428571429,1.03553390593274));
#1906=CARTESIAN_POINT('Ctrl Pts',(-2.5,2.35714285714286,1.53080849893419E-16));
#1907=CARTESIAN_POINT('Ctrl Pts',(-2.5,2.30357142857143,-1.03553390593274));
#1908=CARTESIAN_POINT('Ctrl Pts',(-1.76776695296637,2.25,-1.76776695296637));
#1909=CARTESIAN_POINT('Ctrl Pts',(-1.03553390593274,2.19642857142857,-2.5));
#1910=CARTESIAN_POINT('Ctrl Pts',(-3.06161699786838E-16,2.14285714285714,
-2.5));
#1911=CARTESIAN_POINT('Ctrl Pts',(1.03553390593274,2.08928571428571,-2.5));
#1912=CARTESIAN_POINT('Ctrl Pts',(1.76776695296637,2.03571428571429,-1.76776695296637));
#1913=CARTESIAN_POINT('Ctrl Pts',(2.5,1.98214285714286,-1.03553390593274));
#1914=CARTESIAN_POINT('Ctrl Pts',(2.5,1.92857142857143,-4.59242549680258E-16));
#1915=CARTESIAN_POINT('Ctrl Pts',(2.5,1.875,1.03553390593274));
#1916=CARTESIAN_POINT('Ctrl Pts',(1.76776695296637,1.82142857142857,1.76776695296637));
#1917=CARTESIAN_POINT('Ctrl Pts',(1.03553390593274,1.76785714285714,2.5));
#1918=CARTESIAN_POINT('Ctrl Pts',(0.,1.71428571428571,2.5));
#1919=CARTESIAN_POINT('Ctrl Pts',(-1.03553390593274,1.66071428571429,2.5));
#1920=CARTESIAN_POINT('Ctrl Pts',(-1.76776695296637,1.60714285714286,1.76776695296637));
#1921=CARTESIAN_POINT('Ctrl Pts',(-2.5,1.55357142857143,1.03553390593274));
#1922=CARTESIAN_POINT('Ctrl Pts',(-2.5,1.5,1.53080849893419E-16));
#1923=CARTESIAN_POINT('Ctrl Pts',(-2.5,1.44642857142857,-1.03553390593274));
#1924=CARTESIAN_POINT('Ctrl Pts',(-1.76776695296637,1.39285714285714,-1.76776695296637));
#1925=CARTESIAN_POINT('Ctrl Pts',(-1.03553390593274,1.33928571428571,-2.5));
#1926=CARTESIAN_POINT('Ctrl Pts',(-3.06161699786838E-16,1.28571428571429,
-2.5));
#1927=CARTESIAN_POINT('Ctrl Pts',(1.03553390593274,1.23214285714286,-2.5));
#1928=CARTESIAN_POINT('Ctrl Pts',(1.76776695296637,1.17857142857143,-1.76776695296637));
#1929=CARTESIAN_POINT('Ctrl Pts',(2.5,1.125,-1.03553390593274));
#1930=CARTESIAN_POINT('Ctrl Pts',(2.5,1.07142857142857,-4.59242549680258E-16));
#1931=CARTESIAN_POINT('Ctrl Pts',(2.5,1.01785714285714,1.03553390593274));
#1932=CARTESIAN_POINT('Ctrl Pts',(1.76776695296637,0.964285714285714,1.76776695296637));
#1933=CARTESIAN_POINT('Ctrl Pts',(1.03553390593274,0.910714285714285,2.5));
#1934=CARTESIAN_POINT('Ctrl Pts',(0.,0.857142857142857,2.5));
#1935=CARTESIAN_POINT('Ctrl Pts',(-1.03553390593274,0.803571428571429,2.5));
#1936=CARTESIAN_POINT('Ctrl Pts',(-1.76776695296637,0.75,1.76776695296637));
#1937=CARTESIAN_POINT('Ctrl Pts',(-2.5,0.696428571428571,1.03553390593274));
#1938=CARTESIAN_POINT('Ctrl Pts',(-2.5,0.642857142857143,1.53080849893419E-16));
#1939=CARTESIAN_POINT('Ctrl Pts',(-2.5,0.589285714285714,-1.03553390593274));
#1940=CARTESIAN_POINT('Ctrl Pts',(-1.76776695296637,0.535714285714285,-1.76776695296637));
#1941=CARTESIAN_POINT('Ctrl Pts',(-1.03553390593274,0.482142857142857,-2.5));
#1942=CARTESIAN_POINT('Ctrl Pts',(-3.06161699786838E-16,0.428571428571428,
-2.5));
#1943=CARTESIAN_POINT('Ctrl Pts',(1.03553390593274,0.375,-2.5));
#1944=CARTESIAN_POINT('Ctrl Pts',(1.76776695296637,0.321428571428571,-1.76776695296637));
#1945=CARTESIAN_POINT('Ctrl Pts',(2.5,0.267857142857143,-1.03553390593274));
#1946=CARTESIAN_POINT('Ctrl Pts',(2.5,0.214285714285714,-4.59242549680258E-16));
#1947=CARTESIAN_POINT('Ctrl Pts',(2.5,0.160714285714286,1.03553390593274));
#1948=CARTESIAN_POINT('Ctrl Pts',(1.76776695296637,0.107142857142857,1.76776695296637));
#1949=CARTESIAN_POINT('Ctrl Pts',(1.03553390593274,0.053571428571428,2.5));
#1950=CARTESIAN_POINT('Ctrl Pts',(0.,0.,2.5));
#1951=CARTESIAN_POINT('Ctrl Pts',(0.,6.34641016151377,3.1));
#1952=CARTESIAN_POINT('Ctrl Pts',(-1.2840620433566,6.29283873294234,3.1));
#1953=CARTESIAN_POINT('Ctrl Pts',(-2.1920310216783,6.23926730437092,2.1920310216783));
#1954=CARTESIAN_POINT('Ctrl Pts',(-3.1,6.18569587579949,1.2840620433566));
#1955=CARTESIAN_POINT('Ctrl Pts',(-3.1,6.13212444722806,1.8982025386784E-16));
#1956=CARTESIAN_POINT('Ctrl Pts',(-3.1,6.07855301865663,-1.2840620433566));
#1957=CARTESIAN_POINT('Ctrl Pts',(-2.1920310216783,6.0249815900852,-2.1920310216783));
#1958=CARTESIAN_POINT('Ctrl Pts',(-1.2840620433566,5.97141016151377,-3.1));
#1959=CARTESIAN_POINT('Ctrl Pts',(-3.7964050773568E-16,5.91783873294235,
-3.1));
#1960=CARTESIAN_POINT('Ctrl Pts',(1.28406204335659,5.86426730437092,-3.1));
#1961=CARTESIAN_POINT('Ctrl Pts',(2.1920310216783,5.81069587579949,-2.1920310216783));
#1962=CARTESIAN_POINT('Ctrl Pts',(3.1,5.75712444722806,-1.2840620433566));
#1963=CARTESIAN_POINT('Ctrl Pts',(3.1,5.70355301865663,-5.69460761603519E-16));
#1964=CARTESIAN_POINT('Ctrl Pts',(3.1,5.6499815900852,1.2840620433566));
#1965=CARTESIAN_POINT('Ctrl Pts',(2.1920310216783,5.59641016151377,2.1920310216783));
#1966=CARTESIAN_POINT('Ctrl Pts',(1.2840620433566,5.54283873294235,3.1));
#1967=CARTESIAN_POINT('Ctrl Pts',(0.,5.48926730437092,3.1));
#1968=CARTESIAN_POINT('Ctrl Pts',(-1.2840620433566,5.43569587579949,3.1));
#1969=CARTESIAN_POINT('Ctrl Pts',(-2.1920310216783,5.38212444722806,2.1920310216783));
#1970=CARTESIAN_POINT('Ctrl Pts',(-3.1,5.32855301865663,1.2840620433566));
#1971=CARTESIAN_POINT('Ctrl Pts',(-3.1,5.2749815900852,1.8982025386784E-16));
#1972=CARTESIAN_POINT('Ctrl Pts',(-3.1,5.22141016151377,-1.2840620433566));
#1973=CARTESIAN_POINT('Ctrl Pts',(-2.1920310216783,5.16783873294234,-2.1920310216783));
#1974=CARTESIAN_POINT('Ctrl Pts',(-1.2840620433566,5.11426730437092,-3.1));
#1975=CARTESIAN_POINT('Ctrl Pts',(-3.7964050773568E-16,5.06069587579949,
-3.1));
#1976=CARTESIAN_POINT('Ctrl Pts',(1.28406204335659,5.00712444722806,-3.1));
#1977=CARTESIAN_POINT('Ctrl Pts',(2.1920310216783,4.95355301865663,-2.1920310216783));
#1978=CARTESIAN_POINT('Ctrl Pts',(3.1,4.8999815900852,-1.2840620433566));
#1979=CARTESIAN_POINT('Ctrl Pts',(3.1,4.84641016151377,-5.69460761603519E-16));
#1980=CARTESIAN_POINT('Ctrl Pts',(3.1,4.79283873294234,1.2840620433566));
#1981=CARTESIAN_POINT('Ctrl Pts',(2.1920310216783,4.73926730437092,2.1920310216783));
#1982=CARTESIAN_POINT('Ctrl Pts',(1.2840620433566,4.68569587579949,3.1));
#1983=CARTESIAN_POINT('Ctrl Pts',(0.,4.63212444722806,3.1));
#1984=CARTESIAN_POINT('Ctrl Pts',(-1.2840620433566,4.57855301865663,3.1));
#1985=CARTESIAN_POINT('Ctrl Pts',(-2.1920310216783,4.5249815900852,2.1920310216783));
#1986=CARTESIAN_POINT('Ctrl Pts',(-3.1,4.47141016151377,1.2840620433566));
#1987=CARTESIAN_POINT('Ctrl Pts',(-3.1,4.41783873294234,1.8982025386784E-16));
#1988=CARTESIAN_POINT('Ctrl Pts',(-3.1,4.36426730437092,-1.2840620433566));
#1989=CARTESIAN_POINT('Ctrl Pts',(-2.1920310216783,4.31069587579949,-2.1920310216783));
#1990=CARTESIAN_POINT('Ctrl Pts',(-1.2840620433566,4.25712444722806,-3.1));
#1991=CARTESIAN_POINT('Ctrl Pts',(-3.7964050773568E-16,4.20355301865663,
-3.1));
#1992=CARTESIAN_POINT('Ctrl Pts',(1.28406204335659,4.1499815900852,-3.1));
#1993=CARTESIAN_POINT('Ctrl Pts',(2.1920310216783,4.09641016151377,-2.1920310216783));
#1994=CARTESIAN_POINT('Ctrl Pts',(3.1,4.04283873294234,-1.2840620433566));
#1995=CARTESIAN_POINT('Ctrl Pts',(3.1,3.98926730437092,-5.69460761603519E-16));
#1996=CARTESIAN_POINT('Ctrl Pts',(3.1,3.93569587579949,1.2840620433566));
#1997=CARTESIAN_POINT('Ctrl Pts',(2.1920310216783,3.88212444722806,2.1920310216783));
#1998=CARTESIAN_POINT('Ctrl Pts',(1.2840620433566,3.82855301865663,3.1));
#1999=CARTESIAN_POINT('Ctrl Pts',(0.,3.7749815900852,3.1));
#2000=CARTESIAN_POINT('Ctrl Pts',(-1.2840620433566,3.72141016151377,3.1));
#2001=CARTESIAN_POINT('Ctrl Pts',(-2.1920310216783,3.66783873294234,2.1920310216783));
#2002=CARTESIAN_POINT('Ctrl Pts',(-3.1,3.61426730437092,1.2840620433566));
#2003=CARTESIAN_POINT('Ctrl Pts',(-3.1,3.56069587579949,1.8982025386784E-16));
#2004=CARTESIAN_POINT('Ctrl Pts',(-3.1,3.50712444722806,-1.2840620433566));
#2005=CARTESIAN_POINT('Ctrl Pts',(-2.1920310216783,3.45355301865663,-2.1920310216783));
#2006=CARTESIAN_POINT('Ctrl Pts',(-1.2840620433566,3.3999815900852,-3.1));
#2007=CARTESIAN_POINT('Ctrl Pts',(-3.7964050773568E-16,3.34641016151377,
-3.1));
#2008=CARTESIAN_POINT('Ctrl Pts',(1.28406204335659,3.29283873294234,-3.1));
#2009=CARTESIAN_POINT('Ctrl Pts',(2.1920310216783,3.23926730437092,-2.1920310216783));
#2010=CARTESIAN_POINT('Ctrl Pts',(3.1,3.18569587579949,-1.2840620433566));
#2011=CARTESIAN_POINT('Ctrl Pts',(3.1,3.13212444722806,-5.69460761603519E-16));
#2012=CARTESIAN_POINT('Ctrl Pts',(3.1,3.07855301865663,1.2840620433566));
#2013=CARTESIAN_POINT('Ctrl Pts',(2.1920310216783,3.0249815900852,2.1920310216783));
#2014=CARTESIAN_POINT('Ctrl Pts',(1.2840620433566,2.97141016151377,3.1));
#2015=CARTESIAN_POINT('Ctrl Pts',(0.,2.91783873294234,3.1));
#2016=CARTESIAN_POINT('Ctrl Pts',(-1.2840620433566,2.86426730437092,3.1));
#2017=CARTESIAN_POINT('Ctrl Pts',(-2.1920310216783,2.81069587579949,2.1920310216783));
#2018=CARTESIAN_POINT('Ctrl Pts',(-3.1,2.75712444722806,1.2840620433566));
#2019=CARTESIAN_POINT('Ctrl Pts',(-3.1,2.70355301865663,1.8982025386784E-16));
#2020=CARTESIAN_POINT('Ctrl Pts',(-3.1,2.6499815900852,-1.2840620433566));
#2021=CARTESIAN_POINT('Ctrl Pts',(-2.1920310216783,2.59641016151377,-2.1920310216783));
#2022=CARTESIAN_POINT('Ctrl Pts',(-1.2840620433566,2.54283873294234,-3.1));
#2023=CARTESIAN_POINT('Ctrl Pts',(-3.7964050773568E-16,2.48926730437092,
-3.1));
#2024=CARTESIAN_POINT('Ctrl Pts',(1.28406204335659,2.43569587579949,-3.1));
#2025=CARTESIAN_POINT('Ctrl Pts',(2.1920310216783,2.38212444722806,-2.1920310216783));
#2026=CARTESIAN_POINT('Ctrl Pts',(3.1,2.32855301865663,-1.2840620433566));
#2027=CARTESIAN_POINT('Ctrl Pts',(3.1,2.2749815900852,-5.69460761603519E-16));
#2028=CARTESIAN_POINT('Ctrl Pts',(3.1,2.22141016151377,1.2840620433566));
#2029=CARTESIAN_POINT('Ctrl Pts',(2.1920310216783,2.16783873294234,2.1920310216783));
#2030=CARTESIAN_POINT('Ctrl Pts',(1.2840620433566,2.11426730437092,3.1));
#2031=CARTESIAN_POINT('Ctrl Pts',(0.,2.06069587579949,3.1));
#2032=CARTESIAN_POINT('Ctrl Pts',(-1.2840620433566,2.00712444722806,3.1));
#2033=CARTESIAN_POINT('Ctrl Pts',(-2.1920310216783,1.95355301865663,2.1920310216783));
#2034=CARTESIAN_POINT('Ctrl Pts',(-3.1,1.8999815900852,1.2840620433566));
#2035=CARTESIAN_POINT('Ctrl Pts',(-3.1,1.84641016151377,1.8982025386784E-16));
#2036=CARTESIAN_POINT('Ctrl Pts',(-3.1,1.79283873294234,-1.2840620433566));
#2037=CARTESIAN_POINT('Ctrl Pts',(-2.1920310216783,1.73926730437092,-2.1920310216783));
#2038=CARTESIAN_POINT('Ctrl Pts',(-1.2840620433566,1.68569587579949,-3.1));
#2039=CARTESIAN_POINT('Ctrl Pts',(-3.7964050773568E-16,1.63212444722806,
-3.1));
#2040=CARTESIAN_POINT('Ctrl Pts',(1.28406204335659,1.57855301865663,-3.1));
#2041=CARTESIAN_POINT('Ctrl Pts',(2.1920310216783,1.5249815900852,-2.1920310216783));
#2042=CARTESIAN_POINT('Ctrl Pts',(3.1,1.47141016151377,-1.2840620433566));
#2043=CARTESIAN_POINT('Ctrl Pts',(3.1,1.41783873294234,-5.69460761603519E-16));
#2044=CARTESIAN_POINT('Ctrl Pts',(3.1,1.36426730437092,1.2840620433566));
#2045=CARTESIAN_POINT('Ctrl Pts',(2.1920310216783,1.31069587579949,2.1920310216783));
#2046=CARTESIAN_POINT('Ctrl Pts',(1.2840620433566,1.25712444722806,3.1));
#2047=CARTESIAN_POINT('Ctrl Pts',(0.,1.20355301865663,3.1));
#2048=CARTESIAN_POINT('Ctrl Pts',(-1.2840620433566,1.1499815900852,3.1));
#2049=CARTESIAN_POINT('Ctrl Pts',(-2.1920310216783,1.09641016151377,2.1920310216783));
#2050=CARTESIAN_POINT('Ctrl Pts',(-3.1,1.04283873294234,1.2840620433566));
#2051=CARTESIAN_POINT('Ctrl Pts',(-3.1,0.989267304370916,1.8982025386784E-16));
#2052=CARTESIAN_POINT('Ctrl Pts',(-3.1,0.935695875799487,-1.2840620433566));
#2053=CARTESIAN_POINT('Ctrl Pts',(-2.1920310216783,0.882124447228058,-2.1920310216783));
#2054=CARTESIAN_POINT('Ctrl Pts',(-1.2840620433566,0.82855301865663,-3.1));
#2055=CARTESIAN_POINT('Ctrl Pts',(-3.7964050773568E-16,0.774981590085201,
-3.1));
#2056=CARTESIAN_POINT('Ctrl Pts',(1.28406204335659,0.721410161513772,-3.1));
#2057=CARTESIAN_POINT('Ctrl Pts',(2.1920310216783,0.667838732942345,-2.1920310216783));
#2058=CARTESIAN_POINT('Ctrl Pts',(3.1,0.614267304370916,-1.2840620433566));
#2059=CARTESIAN_POINT('Ctrl Pts',(3.1,0.560695875799487,-5.69460761603519E-16));
#2060=CARTESIAN_POINT('Ctrl Pts',(3.1,0.507124447228059,1.2840620433566));
#2061=CARTESIAN_POINT('Ctrl Pts',(2.1920310216783,0.45355301865663,2.1920310216783));
#2062=CARTESIAN_POINT('Ctrl Pts',(1.2840620433566,0.399981590085201,3.1));
#2063=CARTESIAN_POINT('Ctrl Pts',(0.,0.346410161513773,3.1));
#2064=UNCERTAINTY_MEASURE_WITH_UNIT(LENGTH_MEASURE(0.01),#2068,
'DISTANCE_ACCURACY_VALUE',
'Maximum model space distance between geometric entities at asserted c
onnectivities');
#2065=UNCERTAINTY_MEASURE_WITH_UNIT(LENGTH_MEASURE(0.01),#2068,
'DISTANCE_ACCURACY_VALUE',
'Maximum model space distance between geometric entities at asserted c
onnectivities');
#2066=(
GEOMETRIC_REPRESENTATION_CONTEXT(3)
GLOBAL_UNCERTAINTY_ASSIGNED_CONTEXT((#2064))
GLOBAL_UNIT_ASSIGNED_CONTEXT((#2068,#2070,#2071))
REPRESENTATION_CONTEXT('','3D')
);
#2067=(
GEOMETRIC_REPRESENTATION_CONTEXT(3)
GLOBAL_UNCERTAINTY_ASSIGNED_CONTEXT((#2065))
GLOBAL_UNIT_ASSIGNED_CONTEXT((#2068,#2070,#2071))
REPRESENTATION_CONTEXT('','3D')
);
#2068=(
LENGTH_UNIT()
NAMED_UNIT(*)
SI_UNIT(.MILLI.,.METRE.)
);
#2069=(
LENGTH_UNIT()
NAMED_UNIT(*)
SI_UNIT($,.METRE.)
);
#2070=(
NAMED_UNIT(*)
PLANE_ANGLE_UNIT()
SI_UNIT($,.RADIAN.)
);
#2071=(
NAMED_UNIT(*)
SI_UNIT($,.STERADIAN.)
SOLID_ANGLE_UNIT()
);
#2072=SHAPE_DEFINITION_REPRESENTATION(#2073,#2074);
#2073=PRODUCT_DEFINITION_SHAPE('',$,#2076);
#2074=SHAPE_REPRESENTATION('',(#629),#2066);
#2075=PRODUCT_DEFINITION_CONTEXT('part definition',#2080,'design');
#2076=PRODUCT_DEFINITION('Nozzle','Nozzle v1',#2077,#2075);
#2077=PRODUCT_DEFINITION_FORMATION('',$,#2082);
#2078=PRODUCT_RELATED_PRODUCT_CATEGORY('Nozzle v1','Nozzle v1',(#2082));
#2079=APPLICATION_PROTOCOL_DEFINITION('international standard',
'automotive_design',2009,#2080);
#2080=APPLICATION_CONTEXT(
'Core Data for Automotive Mechanical Design Process');
#2081=PRODUCT_CONTEXT('part definition',#2080,'mechanical');
#2082=PRODUCT('Nozzle','Nozzle v1','STEP AP203',(#2081));
#2083=PRESENTATION_STYLE_ASSIGNMENT((#2084));
#2084=SURFACE_STYLE_USAGE(.BOTH.,#2085);
#2085=SURFACE_SIDE_STYLE('',(#2086));
#2086=SURFACE_STYLE_FILL_AREA(#2087);
#2087=FILL_AREA_STYLE('Steel - Satin',(#2088));
#2088=FILL_AREA_STYLE_COLOUR('Steel - Satin',#2089);
#2089=COLOUR_RGB('Steel - Satin',0.627450980392157,0.627450980392157,0.627450980392157);
ENDSEC;
END-ISO-10303-21;
