ISO-10303-21;
HEADER;
/* Generated by software containing ST-Developer
 * from STEP Tools, Inc. (www.steptools.com) 
 */

FILE_DESCRIPTION(
/* description */ (''),
/* implementation_level */ '2;1');

FILE_NAME(
/* name */ 'Spool Holder Base.step',
/* time_stamp */ '2026-08-01T11:42:12-07:00',
/* author */ (''),
/* organization */ (''),
/* preprocessor_version */ 'ST-DEVELOPER v20.1',
/* originating_system */ 'Autodesk Translation Framework v15.8.0.0',
/* authorisation */ '');

FILE_SCHEMA (('AUTOMOTIVE_DESIGN { 1 0 10303 214 3 1 1 }'));
ENDSEC;

DATA;
#10=MECHANICAL_DESIGN_GEOMETRIC_PRESENTATION_REPRESENTATION('',(#13),#4999);
#11=SHAPE_REPRESENTATION_RELATIONSHIP('SRR','None',#5006,#12);
#12=ADVANCED_BREP_SHAPE_REPRESENTATION('',(#14),#4998);
#13=STYLED_ITEM('',(#5016),#14);
#14=MANIFOLD_SOLID_BREP('Body1',#1260);
#15=TOROIDAL_SURFACE('',#1322,3.,2.);
#16=TOROIDAL_SURFACE('',#1343,3.,2.);
#17=TOROIDAL_SURFACE('',#1361,18.,2.);
#18=TOROIDAL_SURFACE('',#1365,18.,2.);
#19=TOROIDAL_SURFACE('',#1368,3.,2.);
#20=TOROIDAL_SURFACE('',#1376,3.,2.);
#21=TOROIDAL_SURFACE('',#1385,7.,2.);
#22=TOROIDAL_SURFACE('',#1390,7.,2.);
#23=FACE_BOUND('',#157,.T.);
#24=FACE_BOUND('',#161,.T.);
#25=FACE_BOUND('',#163,.T.);
#26=FACE_BOUND('',#172,.T.);
#27=FACE_BOUND('',#173,.T.);
#28=FACE_BOUND('',#177,.T.);
#29=FACE_BOUND('',#205,.T.);
#30=FACE_BOUND('',#207,.T.);
#31=CONICAL_SURFACE('',#1302,3.75893368394535,1.02974425867665);
#32=B_SPLINE_SURFACE_WITH_KNOTS('',3,3,((#3143,#3144,#3145,#3146,#3147,
#3148,#3149,#3150,#3151,#3152,#3153,#3154,#3155,#3156,#3157,#3158,#3159,
#3160,#3161,#3162,#3163,#3164,#3165,#3166,#3167,#3168,#3169,#3170,#3171,
#3172,#3173,#3174,#3175,#3176,#3177,#3178,#3179,#3180,#3181,#3182,#3183,
#3184,#3185,#3186,#3187,#3188,#3189,#3190,#3191,#3192,#3193,#3194,#3195,
#3196,#3197,#3198,#3199,#3200,#3201,#3202,#3203,#3204,#3205,#3206,#3207,
#3208,#3209,#3210,#3211,#3212,#3213,#3214,#3215,#3216,#3217,#3218,#3219,
#3220,#3221,#3222,#3223,#3224,#3225,#3226,#3227,#3228,#3229,#3230,#3231,
#3232,#3233,#3234,#3235,#3236,#3237,#3238,#3239,#3240,#3241,#3242,#3243,
#3244,#3245,#3246,#3247,#3248,#3249,#3250,#3251,#3252,#3253,#3254,#3255,
#3256,#3257,#3258,#3259,#3260,#3261,#3262,#3263,#3264,#3265,#3266,#3267,
#3268,#3269,#3270,#3271,#3272,#3273,#3274,#3275),(#3276,#3277,#3278,#3279,
#3280,#3281,#3282,#3283,#3284,#3285,#3286,#3287,#3288,#3289,#3290,#3291,
#3292,#3293,#3294,#3295,#3296,#3297,#3298,#3299,#3300,#3301,#3302,#3303,
#3304,#3305,#3306,#3307,#3308,#3309,#3310,#3311,#3312,#3313,#3314,#3315,
#3316,#3317,#3318,#3319,#3320,#3321,#3322,#3323,#3324,#3325,#3326,#3327,
#3328,#3329,#3330,#3331,#3332,#3333,#3334,#3335,#3336,#3337,#3338,#3339,
#3340,#3341,#3342,#3343,#3344,#3345,#3346,#3347,#3348,#3349,#3350,#3351,
#3352,#3353,#3354,#3355,#3356,#3357,#3358,#3359,#3360,#3361,#3362,#3363,
#3364,#3365,#3366,#3367,#3368,#3369,#3370,#3371,#3372,#3373,#3374,#3375,
#3376,#3377,#3378,#3379,#3380,#3381,#3382,#3383,#3384,#3385,#3386,#3387,
#3388,#3389,#3390,#3391,#3392,#3393,#3394,#3395,#3396,#3397,#3398,#3399,
#3400,#3401,#3402,#3403,#3404,#3405,#3406,#3407,#3408),(#3409,#3410,#3411,
#3412,#3413,#3414,#3415,#3416,#3417,#3418,#3419,#3420,#3421,#3422,#3423,
#3424,#3425,#3426,#3427,#3428,#3429,#3430,#3431,#3432,#3433,#3434,#3435,
#3436,#3437,#3438,#3439,#3440,#3441,#3442,#3443,#3444,#3445,#3446,#3447,
#3448,#3449,#3450,#3451,#3452,#3453,#3454,#3455,#3456,#3457,#3458,#3459,
#3460,#3461,#3462,#3463,#3464,#3465,#3466,#3467,#3468,#3469,#3470,#3471,
#3472,#3473,#3474,#3475,#3476,#3477,#3478,#3479,#3480,#3481,#3482,#3483,
#3484,#3485,#3486,#3487,#3488,#3489,#3490,#3491,#3492,#3493,#3494,#3495,
#3496,#3497,#3498,#3499,#3500,#3501,#3502,#3503,#3504,#3505,#3506,#3507,
#3508,#3509,#3510,#3511,#3512,#3513,#3514,#3515,#3516,#3517,#3518,#3519,
#3520,#3521,#3522,#3523,#3524,#3525,#3526,#3527,#3528,#3529,#3530,#3531,
#3532,#3533,#3534,#3535,#3536,#3537,#3538,#3539,#3540,#3541),(#3542,#3543,
#3544,#3545,#3546,#3547,#3548,#3549,#3550,#3551,#3552,#3553,#3554,#3555,
#3556,#3557,#3558,#3559,#3560,#3561,#3562,#3563,#3564,#3565,#3566,#3567,
#3568,#3569,#3570,#3571,#3572,#3573,#3574,#3575,#3576,#3577,#3578,#3579,
#3580,#3581,#3582,#3583,#3584,#3585,#3586,#3587,#3588,#3589,#3590,#3591,
#3592,#3593,#3594,#3595,#3596,#3597,#3598,#3599,#3600,#3601,#3602,#3603,
#3604,#3605,#3606,#3607,#3608,#3609,#3610,#3611,#3612,#3613,#3614,#3615,
#3616,#3617,#3618,#3619,#3620,#3621,#3622,#3623,#3624,#3625,#3626,#3627,
#3628,#3629,#3630,#3631,#3632,#3633,#3634,#3635,#3636,#3637,#3638,#3639,
#3640,#3641,#3642,#3643,#3644,#3645,#3646,#3647,#3648,#3649,#3650,#3651,
#3652,#3653,#3654,#3655,#3656,#3657,#3658,#3659,#3660,#3661,#3662,#3663,
#3664,#3665,#3666,#3667,#3668,#3669,#3670,#3671,#3672,#3673,#3674)),
 .UNSPECIFIED.,.F.,.F.,.F.,(4,4),(4,1,1,1,1,1,1,1,1,1,1,1,1,1,1,1,1,1,1,
1,1,1,1,1,1,1,1,1,1,1,1,1,1,1,1,1,1,1,1,1,1,1,1,1,1,1,1,1,1,1,1,1,1,1,1,
1,1,1,1,1,1,1,1,1,1,1,1,1,1,1,1,1,1,1,1,1,1,1,1,1,1,1,1,1,1,1,1,1,1,1,1,
1,1,1,1,1,1,1,1,1,1,1,1,1,1,1,1,1,1,1,1,1,1,1,1,1,1,1,1,1,1,1,1,1,1,1,1,
1,1,1,4),(0.,0.0644727045604054),(11.8499198654867,12.3488223487316,12.8477248319765,
13.3466273152214,13.8455297984663,14.3444322817112,14.8433347649561,15.342237248201,
15.8411397314459,16.3400422146908,16.8389446979357,17.3378471811806,17.8367496644255,
18.3356521476703,18.8345546309152,19.3334571141601,19.832359597405,20.3312620806499,
20.8301645638948,21.3290670471397,21.8279695303846,22.3268720136295,22.8257744968744,
23.3246769801193,23.8235794633642,24.3224819466091,24.821384429854,25.3202869130989,
25.8191893963437,26.3180918795886,26.8169943628335,27.3158968460784,27.8147993293233,
28.3137018125682,28.8126042958131,29.311506779058,29.8104092623029,30.3093117455478,
30.8082142287927,31.3071167120376,31.8060191952825,32.3049216785274,32.8038241617723,
33.3027266450171,33.801629128262,34.3005316115069,34.7994340947518,35.2983365779967,
35.7972390612416,36.2961415444865,36.7950440277314,37.2939465109763,37.7928489942212,
38.2917514774661,38.790653960711,39.2895564439559,39.7884589272008,40.2873614104457,
40.7862638936905,41.2851663769354,41.7840688601803,42.2829713434252,42.7818738266701,
43.280776309915,43.7796787931599,44.2785812764048,44.7774837596497,45.2763862428946,
45.7752887261395,46.2741912093844,46.7730936926293,47.2719961758742,47.7708986591191,
48.2698011423639,48.7687036256088,49.2676061088537,49.7665085920986,50.2654110753435,
50.7643135585884,51.2632160418333,51.7621185250782,52.2610210083231,52.759923491568,
53.2588259748129,53.7577284580578,54.2566309413027,54.7555334245476,55.2544359077925,
55.7533383910373,56.2522408742822,56.7511433575271,57.250045840772,57.7489483240169,
58.2478508072618,58.7467532905067,59.2456557737516,59.7445582569965,60.2434607402414,
60.7423632234863,61.2412657067312,61.7401681899761,62.239070673221,62.7379731564659,
63.2368756397107,63.7357781229556,64.2346806062005,64.7335830894454,65.2324855726903,
65.7313880559352,66.2302905391801,66.729193022425,67.2280955056699,67.7269979889148,
68.2259004721597,68.7248029554046,69.2237054386495,69.7226079218944,70.2215104051393,
70.7204128883841,71.219315371629,71.7182178548739,72.2171203381188,72.7160228213637,
73.2149253046086,73.7138277878535,74.2127302710984,74.7116327543433,75.2105352375882,
75.7094377208331,76.208340204078,76.7072426873229),.UNSPECIFIED.);
#33=B_SPLINE_SURFACE_WITH_KNOTS('',3,3,((#3836,#3837,#3838,#3839,#3840,
#3841,#3842,#3843,#3844,#3845,#3846,#3847,#3848,#3849,#3850,#3851,#3852,
#3853,#3854,#3855,#3856,#3857,#3858,#3859,#3860,#3861,#3862,#3863,#3864,
#3865,#3866,#3867,#3868,#3869,#3870,#3871,#3872,#3873,#3874,#3875,#3876,
#3877,#3878,#3879,#3880,#3881,#3882,#3883,#3884,#3885,#3886,#3887,#3888,
#3889,#3890,#3891,#3892,#3893,#3894,#3895,#3896,#3897,#3898,#3899,#3900,
#3901,#3902,#3903,#3904,#3905,#3906,#3907,#3908,#3909,#3910,#3911,#3912,
#3913,#3914,#3915,#3916,#3917,#3918,#3919,#3920,#3921,#3922,#3923,#3924,
#3925,#3926,#3927,#3928,#3929,#3930,#3931,#3932,#3933,#3934,#3935,#3936,
#3937,#3938,#3939,#3940,#3941,#3942,#3943,#3944,#3945,#3946,#3947,#3948,
#3949,#3950,#3951,#3952,#3953,#3954,#3955,#3956,#3957,#3958,#3959,#3960,
#3961,#3962,#3963,#3964,#3965,#3966,#3967,#3968),(#3969,#3970,#3971,#3972,
#3973,#3974,#3975,#3976,#3977,#3978,#3979,#3980,#3981,#3982,#3983,#3984,
#3985,#3986,#3987,#3988,#3989,#3990,#3991,#3992,#3993,#3994,#3995,#3996,
#3997,#3998,#3999,#4000,#4001,#4002,#4003,#4004,#4005,#4006,#4007,#4008,
#4009,#4010,#4011,#4012,#4013,#4014,#4015,#4016,#4017,#4018,#4019,#4020,
#4021,#4022,#4023,#4024,#4025,#4026,#4027,#4028,#4029,#4030,#4031,#4032,
#4033,#4034,#4035,#4036,#4037,#4038,#4039,#4040,#4041,#4042,#4043,#4044,
#4045,#4046,#4047,#4048,#4049,#4050,#4051,#4052,#4053,#4054,#4055,#4056,
#4057,#4058,#4059,#4060,#4061,#4062,#4063,#4064,#4065,#4066,#4067,#4068,
#4069,#4070,#4071,#4072,#4073,#4074,#4075,#4076,#4077,#4078,#4079,#4080,
#4081,#4082,#4083,#4084,#4085,#4086,#4087,#4088,#4089,#4090,#4091,#4092,
#4093,#4094,#4095,#4096,#4097,#4098,#4099,#4100,#4101),(#4102,#4103,#4104,
#4105,#4106,#4107,#4108,#4109,#4110,#4111,#4112,#4113,#4114,#4115,#4116,
#4117,#4118,#4119,#4120,#4121,#4122,#4123,#4124,#4125,#4126,#4127,#4128,
#4129,#4130,#4131,#4132,#4133,#4134,#4135,#4136,#4137,#4138,#4139,#4140,
#4141,#4142,#4143,#4144,#4145,#4146,#4147,#4148,#4149,#4150,#4151,#4152,
#4153,#4154,#4155,#4156,#4157,#4158,#4159,#4160,#4161,#4162,#4163,#4164,
#4165,#4166,#4167,#4168,#4169,#4170,#4171,#4172,#4173,#4174,#4175,#4176,
#4177,#4178,#4179,#4180,#4181,#4182,#4183,#4184,#4185,#4186,#4187,#4188,
#4189,#4190,#4191,#4192,#4193,#4194,#4195,#4196,#4197,#4198,#4199,#4200,
#4201,#4202,#4203,#4204,#4205,#4206,#4207,#4208,#4209,#4210,#4211,#4212,
#4213,#4214,#4215,#4216,#4217,#4218,#4219,#4220,#4221,#4222,#4223,#4224,
#4225,#4226,#4227,#4228,#4229,#4230,#4231,#4232,#4233,#4234),(#4235,#4236,
#4237,#4238,#4239,#4240,#4241,#4242,#4243,#4244,#4245,#4246,#4247,#4248,
#4249,#4250,#4251,#4252,#4253,#4254,#4255,#4256,#4257,#4258,#4259,#4260,
#4261,#4262,#4263,#4264,#4265,#4266,#4267,#4268,#4269,#4270,#4271,#4272,
#4273,#4274,#4275,#4276,#4277,#4278,#4279,#4280,#4281,#4282,#4283,#4284,
#4285,#4286,#4287,#4288,#4289,#4290,#4291,#4292,#4293,#4294,#4295,#4296,
#4297,#4298,#4299,#4300,#4301,#4302,#4303,#4304,#4305,#4306,#4307,#4308,
#4309,#4310,#4311,#4312,#4313,#4314,#4315,#4316,#4317,#4318,#4319,#4320,
#4321,#4322,#4323,#4324,#4325,#4326,#4327,#4328,#4329,#4330,#4331,#4332,
#4333,#4334,#4335,#4336,#4337,#4338,#4339,#4340,#4341,#4342,#4343,#4344,
#4345,#4346,#4347,#4348,#4349,#4350,#4351,#4352,#4353,#4354,#4355,#4356,
#4357,#4358,#4359,#4360,#4361,#4362,#4363,#4364,#4365,#4366,#4367)),
 .UNSPECIFIED.,.F.,.F.,.F.,(4,4),(4,1,1,1,1,1,1,1,1,1,1,1,1,1,1,1,1,1,1,
1,1,1,1,1,1,1,1,1,1,1,1,1,1,1,1,1,1,1,1,1,1,1,1,1,1,1,1,1,1,1,1,1,1,1,1,
1,1,1,1,1,1,1,1,1,1,1,1,1,1,1,1,1,1,1,1,1,1,1,1,1,1,1,1,1,1,1,1,1,1,1,1,
1,1,1,1,1,1,1,1,1,1,1,1,1,1,1,1,1,1,1,1,1,1,1,1,1,1,1,1,1,1,1,1,1,1,1,1,
1,1,1,4),(0.,0.0644727045604054),(14.3989442667812,14.8978467500261,15.396749233271,
15.8956517165159,16.3945541997608,16.8934566830056,17.3923591662505,17.8912616494954,
18.3901641327403,18.8890666159852,19.3879690992301,19.886871582475,20.3857740657199,
20.8846765489648,21.3835790322097,21.8824815154546,22.3813839986995,22.8802864819444,
23.3791889651893,23.8780914484342,24.3769939316791,24.8758964149239,25.3747988981688,
25.8737013814137,26.3726038646586,26.8715063479035,27.3704088311484,27.8693113143933,
28.3682137976382,28.8671162808831,29.366018764128,29.8649212473729,30.3638237306178,
30.8627262138627,31.3616286971076,31.8605311803525,32.3594336635973,32.8583361468422,
33.3572386300871,33.856141113332,34.3550435965769,34.8539460798218,35.3528485630667,
35.8517510463116,36.3506535295565,36.8495560128014,37.3484584960463,37.8473609792912,
38.3462634625361,38.845165945781,39.3440684290259,39.8429709122707,40.3418733955156,
40.8407758787605,41.3396783620054,41.8385808452503,42.3374833284952,42.8363858117401,
43.335288294985,43.8341907782299,44.3330932614748,44.8319957447197,45.3308982279646,
45.8298007112095,46.3287031944544,46.8276056776993,47.3265081609441,47.825410644189,
48.3243131274339,48.8232156106788,49.3221180939237,49.8210205771686,50.3199230604135,
50.8188255436584,51.3177280269033,51.8166305101482,52.3155329933931,52.814435476638,
53.3133379598829,53.8122404431278,54.3111429263727,54.8100454096176,55.3089478928624,
55.8078503761073,56.3067528593522,56.8056553425971,57.304557825842,57.8034603090869,
58.3023627923318,58.8012652755767,59.3001677588216,59.7990702420665,60.2979727253114,
60.7968752085563,61.2957776918012,61.7946801750461,62.293582658291,62.7924851415358,
63.2913876247807,63.7902901080256,64.2891925912705,64.7880950745154,65.2869975577603,
65.7859000410052,66.2848025242501,66.783705007495,67.2826074907399,67.7815099739848,
68.2804124572297,68.7793149404746,69.2782174237195,69.7771199069644,70.2760223902092,
70.7749248734541,71.273827356699,71.7727298399439,72.2716323231888,72.7705348064337,
73.2694372896786,73.7683397729235,74.2672422561684,74.7661447394133,75.2650472226582,
75.7639497059031,76.262852189148,76.7617546723929,77.2606571556378,77.7595596388826,
78.2584621221275,78.7573646053724,79.2562670886173),.UNSPECIFIED.);
#34=B_SPLINE_SURFACE_WITH_KNOTS('',3,3,((#4563,#4564,#4565,#4566,#4567,
#4568,#4569,#4570,#4571,#4572,#4573,#4574),(#4575,#4576,#4577,#4578,#4579,
#4580,#4581,#4582,#4583,#4584,#4585,#4586),(#4587,#4588,#4589,#4590,#4591,
#4592,#4593,#4594,#4595,#4596,#4597,#4598),(#4599,#4600,#4601,#4602,#4603,
#4604,#4605,#4606,#4607,#4608,#4609,#4610)),.UNSPECIFIED.,.F.,.F.,.F.,(4,
4),(4,2,1,1,1,1,1,1,4),(0.,1.),(-0.00129346167403069,0.,0.470048604827831,
0.587560756034789,0.705072907241747,0.822585058448704,0.940097209655662,
1.05760936086262,1.17512151206958),.UNSPECIFIED.);
#35=B_SPLINE_SURFACE_WITH_KNOTS('',3,3,((#4757,#4758,#4759,#4760,#4761,
#4762,#4763,#4764),(#4765,#4766,#4767,#4768,#4769,#4770,#4771,#4772),(#4773,
#4774,#4775,#4776,#4777,#4778,#4779,#4780),(#4781,#4782,#4783,#4784,#4785,
#4786,#4787,#4788)),.UNSPECIFIED.,.F.,.F.,.F.,(4,4),(4,2,1,1,4),(0.,1.),
(-1.17641455185394,-1.17512033102926,-0.705072198617555,-0.470048132411703,
0.),.UNSPECIFIED.);
#36=B_SPLINE_SURFACE_WITH_KNOTS('',3,3,((#4820,#4821,#4822,#4823,#4824,
#4825,#4826,#4827),(#4828,#4829,#4830,#4831,#4832,#4833,#4834,#4835),(#4836,
#4837,#4838,#4839,#4840,#4841,#4842,#4843),(#4844,#4845,#4846,#4847,#4848,
#4849,#4850,#4851),(#4852,#4853,#4854,#4855,#4856,#4857,#4858,#4859)),
 .UNSPECIFIED.,.F.,.F.,.F.,(4,1,4),(4,1,1,2,4),(0.,0.571428571428571,1.),
(0.,0.470048292643847,0.70507243896577,1.17512073160962,1.17641469497565),
 .UNSPECIFIED.);
#37=B_SPLINE_SURFACE_WITH_KNOTS('',3,3,((#4916,#4917,#4918,#4919,#4920,
#4921,#4922,#4923),(#4924,#4925,#4926,#4927,#4928,#4929,#4930,#4931),(#4932,
#4933,#4934,#4935,#4936,#4937,#4938,#4939),(#4940,#4941,#4942,#4943,#4944,
#4945,#4946,#4947)),.UNSPECIFIED.,.F.,.F.,.F.,(4,4),(4,2,1,1,4),(0.,1.),
(-0.00129471846630367,0.,0.470047822649939,0.705071733974909,1.17511955662485),
 .UNSPECIFIED.);
#38=PLANE('',#1298);
#39=PLANE('',#1309);
#40=PLANE('',#1315);
#41=PLANE('',#1316);
#42=PLANE('',#1321);
#43=PLANE('',#1331);
#44=PLANE('',#1332);
#45=PLANE('',#1348);
#46=PLANE('',#1360);
#47=PLANE('',#1380);
#48=PLANE('',#1396);
#49=PLANE('',#1397);
#50=PLANE('',#1399);
#51=PLANE('',#1401);
#52=PLANE('',#1405);
#53=FACE_OUTER_BOUND('',#129,.T.);
#54=FACE_OUTER_BOUND('',#130,.T.);
#55=FACE_OUTER_BOUND('',#131,.T.);
#56=FACE_OUTER_BOUND('',#132,.T.);
#57=FACE_OUTER_BOUND('',#133,.T.);
#58=FACE_OUTER_BOUND('',#134,.T.);
#59=FACE_OUTER_BOUND('',#135,.T.);
#60=FACE_OUTER_BOUND('',#136,.T.);
#61=FACE_OUTER_BOUND('',#137,.T.);
#62=FACE_OUTER_BOUND('',#138,.T.);
#63=FACE_OUTER_BOUND('',#139,.T.);
#64=FACE_OUTER_BOUND('',#140,.T.);
#65=FACE_OUTER_BOUND('',#141,.T.);
#66=FACE_OUTER_BOUND('',#142,.T.);
#67=FACE_OUTER_BOUND('',#143,.T.);
#68=FACE_OUTER_BOUND('',#144,.T.);
#69=FACE_OUTER_BOUND('',#145,.T.);
#70=FACE_OUTER_BOUND('',#146,.T.);
#71=FACE_OUTER_BOUND('',#147,.T.);
#72=FACE_OUTER_BOUND('',#148,.T.);
#73=FACE_OUTER_BOUND('',#149,.T.);
#74=FACE_OUTER_BOUND('',#150,.T.);
#75=FACE_OUTER_BOUND('',#151,.T.);
#76=FACE_OUTER_BOUND('',#152,.T.);
#77=FACE_OUTER_BOUND('',#153,.T.);
#78=FACE_OUTER_BOUND('',#154,.T.);
#79=FACE_OUTER_BOUND('',#155,.T.);
#80=FACE_OUTER_BOUND('',#156,.T.);
#81=FACE_OUTER_BOUND('',#158,.T.);
#82=FACE_OUTER_BOUND('',#159,.T.);
#83=FACE_OUTER_BOUND('',#160,.T.);
#84=FACE_OUTER_BOUND('',#162,.T.);
#85=FACE_OUTER_BOUND('',#164,.T.);
#86=FACE_OUTER_BOUND('',#165,.T.);
#87=FACE_OUTER_BOUND('',#166,.T.);
#88=FACE_OUTER_BOUND('',#167,.T.);
#89=FACE_OUTER_BOUND('',#168,.T.);
#90=FACE_OUTER_BOUND('',#169,.T.);
#91=FACE_OUTER_BOUND('',#170,.T.);
#92=FACE_OUTER_BOUND('',#171,.T.);
#93=FACE_OUTER_BOUND('',#174,.T.);
#94=FACE_OUTER_BOUND('',#175,.T.);
#95=FACE_OUTER_BOUND('',#176,.T.);
#96=FACE_OUTER_BOUND('',#178,.T.);
#97=FACE_OUTER_BOUND('',#179,.T.);
#98=FACE_OUTER_BOUND('',#180,.T.);
#99=FACE_OUTER_BOUND('',#181,.T.);
#100=FACE_OUTER_BOUND('',#182,.T.);
#101=FACE_OUTER_BOUND('',#183,.T.);
#102=FACE_OUTER_BOUND('',#184,.T.);
#103=FACE_OUTER_BOUND('',#185,.T.);
#104=FACE_OUTER_BOUND('',#186,.T.);
#105=FACE_OUTER_BOUND('',#187,.T.);
#106=FACE_OUTER_BOUND('',#188,.T.);
#107=FACE_OUTER_BOUND('',#189,.T.);
#108=FACE_OUTER_BOUND('',#190,.T.);
#109=FACE_OUTER_BOUND('',#191,.T.);
#110=FACE_OUTER_BOUND('',#192,.T.);
#111=FACE_OUTER_BOUND('',#193,.T.);
#112=FACE_OUTER_BOUND('',#194,.T.);
#113=FACE_OUTER_BOUND('',#195,.T.);
#114=FACE_OUTER_BOUND('',#196,.T.);
#115=FACE_OUTER_BOUND('',#197,.T.);
#116=FACE_OUTER_BOUND('',#198,.T.);
#117=FACE_OUTER_BOUND('',#199,.T.);
#118=FACE_OUTER_BOUND('',#200,.T.);
#119=FACE_OUTER_BOUND('',#201,.T.);
#120=FACE_OUTER_BOUND('',#202,.T.);
#121=FACE_OUTER_BOUND('',#203,.T.);
#122=FACE_OUTER_BOUND('',#204,.T.);
#123=FACE_OUTER_BOUND('',#206,.T.);
#124=FACE_OUTER_BOUND('',#208,.T.);
#125=FACE_OUTER_BOUND('',#209,.T.);
#126=FACE_OUTER_BOUND('',#210,.T.);
#127=FACE_OUTER_BOUND('',#211,.T.);
#128=FACE_OUTER_BOUND('',#212,.T.);
#129=EDGE_LOOP('',(#766,#767,#768,#769));
#130=EDGE_LOOP('',(#770,#771,#772,#773));
#131=EDGE_LOOP('',(#774,#775,#776,#777));
#132=EDGE_LOOP('',(#778,#779,#780,#781));
#133=EDGE_LOOP('',(#782,#783,#784,#785));
#134=EDGE_LOOP('',(#786,#787,#788,#789));
#135=EDGE_LOOP('',(#790,#791,#792,#793));
#136=EDGE_LOOP('',(#794,#795,#796,#797));
#137=EDGE_LOOP('',(#798,#799,#800,#801));
#138=EDGE_LOOP('',(#802,#803,#804,#805));
#139=EDGE_LOOP('',(#806,#807,#808,#809));
#140=EDGE_LOOP('',(#810,#811,#812,#813));
#141=EDGE_LOOP('',(#814,#815,#816,#817));
#142=EDGE_LOOP('',(#818,#819,#820,#821));
#143=EDGE_LOOP('',(#822,#823,#824,#825));
#144=EDGE_LOOP('',(#826,#827,#828,#829));
#145=EDGE_LOOP('',(#830,#831,#832,#833));
#146=EDGE_LOOP('',(#834,#835,#836,#837));
#147=EDGE_LOOP('',(#838,#839,#840,#841));
#148=EDGE_LOOP('',(#842,#843,#844,#845));
#149=EDGE_LOOP('',(#846,#847,#848,#849,#850));
#150=EDGE_LOOP('',(#851,#852,#853,#854));
#151=EDGE_LOOP('',(#855,#856,#857,#858,#859,#860,#861,#862,#863,#864,#865,
#866,#867,#868,#869,#870,#871,#872,#873,#874,#875,#876,#877,#878));
#152=EDGE_LOOP('',(#879,#880,#881,#882,#883,#884,#885,#886,#887,#888,#889,
#890,#891,#892,#893,#894,#895,#896,#897,#898,#899,#900,#901,#902));
#153=EDGE_LOOP('',(#903,#904,#905,#906,#907,#908,#909));
#154=EDGE_LOOP('',(#910,#911,#912,#913));
#155=EDGE_LOOP('',(#914,#915,#916,#917));
#156=EDGE_LOOP('',(#918));
#157=EDGE_LOOP('',(#919));
#158=EDGE_LOOP('',(#920,#921,#922,#923,#924));
#159=EDGE_LOOP('',(#925,#926,#927,#928));
#160=EDGE_LOOP('',(#929));
#161=EDGE_LOOP('',(#930,#931,#932,#933));
#162=EDGE_LOOP('',(#934));
#163=EDGE_LOOP('',(#935));
#164=EDGE_LOOP('',(#936,#937,#938,#939));
#165=EDGE_LOOP('',(#940,#941,#942));
#166=EDGE_LOOP('',(#943,#944,#945,#946));
#167=EDGE_LOOP('',(#947,#948,#949,#950));
#168=EDGE_LOOP('',(#951,#952,#953,#954));
#169=EDGE_LOOP('',(#955,#956,#957,#958,#959,#960,#961));
#170=EDGE_LOOP('',(#962,#963,#964,#965));
#171=EDGE_LOOP('',(#966,#967,#968,#969,#970,#971,#972,#973,#974,#975,#976,
#977,#978,#979,#980,#981));
#172=EDGE_LOOP('',(#982));
#173=EDGE_LOOP('',(#983));
#174=EDGE_LOOP('',(#984,#985,#986,#987));
#175=EDGE_LOOP('',(#988,#989,#990,#991));
#176=EDGE_LOOP('',(#992,#993,#994,#995,#996,#997,#998,#999,#1000,#1001,
#1002,#1003,#1004,#1005,#1006,#1007,#1008));
#177=EDGE_LOOP('',(#1009));
#178=EDGE_LOOP('',(#1010,#1011,#1012,#1013));
#179=EDGE_LOOP('',(#1014,#1015,#1016));
#180=EDGE_LOOP('',(#1017,#1018,#1019,#1020));
#181=EDGE_LOOP('',(#1021,#1022,#1023,#1024));
#182=EDGE_LOOP('',(#1025,#1026,#1027,#1028));
#183=EDGE_LOOP('',(#1029,#1030,#1031,#1032));
#184=EDGE_LOOP('',(#1033,#1034,#1035));
#185=EDGE_LOOP('',(#1036,#1037,#1038,#1039));
#186=EDGE_LOOP('',(#1040,#1041,#1042,#1043));
#187=EDGE_LOOP('',(#1044,#1045,#1046,#1047));
#188=EDGE_LOOP('',(#1048,#1049,#1050,#1051));
#189=EDGE_LOOP('',(#1052,#1053,#1054,#1055,#1056,#1057));
#190=EDGE_LOOP('',(#1058,#1059,#1060,#1061));
#191=EDGE_LOOP('',(#1062,#1063,#1064,#1065));
#192=EDGE_LOOP('',(#1066,#1067,#1068,#1069));
#193=EDGE_LOOP('',(#1070,#1071,#1072,#1073));
#194=EDGE_LOOP('',(#1074,#1075,#1076));
#195=EDGE_LOOP('',(#1077,#1078,#1079,#1080));
#196=EDGE_LOOP('',(#1081,#1082,#1083,#1084));
#197=EDGE_LOOP('',(#1085,#1086,#1087,#1088));
#198=EDGE_LOOP('',(#1089,#1090,#1091,#1092,#1093,#1094));
#199=EDGE_LOOP('',(#1095,#1096,#1097,#1098));
#200=EDGE_LOOP('',(#1099,#1100,#1101,#1102,#1103,#1104));
#201=EDGE_LOOP('',(#1105,#1106,#1107,#1108));
#202=EDGE_LOOP('',(#1109,#1110,#1111,#1112));
#203=EDGE_LOOP('',(#1113,#1114,#1115,#1116));
#204=EDGE_LOOP('',(#1117));
#205=EDGE_LOOP('',(#1118));
#206=EDGE_LOOP('',(#1119));
#207=EDGE_LOOP('',(#1120));
#208=EDGE_LOOP('',(#1121));
#209=EDGE_LOOP('',(#1122,#1123,#1124,#1125));
#210=EDGE_LOOP('',(#1126,#1127,#1128,#1129));
#211=EDGE_LOOP('',(#1130,#1131,#1132,#1133));
#212=EDGE_LOOP('',(#1134,#1135,#1136,#1137));
#213=CIRCLE('',#1275,7.51775);
#214=CIRCLE('',#1285,7.51775);
#215=CIRCLE('',#1287,8.0761);
#216=CIRCLE('',#1297,8.0761);
#217=CIRCLE('',#1299,7.51775);
#218=CIRCLE('',#1300,7.51775);
#219=CIRCLE('',#1303,6.9);
#220=CIRCLE('',#1304,6.9);
#221=CIRCLE('',#1307,9.00000013411045);
#222=CIRCLE('',#1308,9.00000013411045);
#223=CIRCLE('',#1310,9.9);
#224=CIRCLE('',#1312,6.9);
#225=CIRCLE('',#1314,9.9);
#226=CIRCLE('',#1317,17.6);
#227=CIRCLE('',#1319,5.);
#228=CIRCLE('',#1320,5.);
#229=CIRCLE('',#1323,2.);
#230=CIRCLE('',#1324,5.);
#231=CIRCLE('',#1325,2.);
#232=CIRCLE('',#1326,3.);
#233=CIRCLE('',#1328,5.);
#234=CIRCLE('',#1330,2.);
#235=CIRCLE('',#1333,20.);
#236=CIRCLE('',#1334,5.);
#237=CIRCLE('',#1335,5.);
#238=CIRCLE('',#1336,5.);
#239=CIRCLE('',#1337,5.);
#240=CIRCLE('',#1338,20.);
#241=CIRCLE('',#1339,5.);
#242=CIRCLE('',#1340,5.);
#243=CIRCLE('',#1341,2.5);
#244=CIRCLE('',#1342,2.5);
#245=CIRCLE('',#1344,5.);
#246=CIRCLE('',#1345,2.);
#247=CIRCLE('',#1346,3.);
#248=CIRCLE('',#1349,7.);
#249=CIRCLE('',#1350,18.);
#250=CIRCLE('',#1351,3.);
#251=CIRCLE('',#1352,7.);
#252=CIRCLE('',#1353,7.);
#253=CIRCLE('',#1354,3.);
#254=CIRCLE('',#1355,18.);
#255=CIRCLE('',#1356,17.6);
#256=CIRCLE('',#1358,5.);
#257=CIRCLE('',#1362,20.);
#258=CIRCLE('',#1364,5.);
#259=CIRCLE('',#1366,20.);
#260=CIRCLE('',#1369,2.);
#261=CIRCLE('',#1370,5.);
#262=CIRCLE('',#1371,2.);
#263=CIRCLE('',#1374,2.);
#264=CIRCLE('',#1377,2.);
#265=CIRCLE('',#1378,5.);
#266=CIRCLE('',#1381,5.);
#267=CIRCLE('',#1386,5.);
#268=CIRCLE('',#1387,2.);
#269=CIRCLE('',#1389,5.);
#270=CIRCLE('',#1391,5.);
#271=CIRCLE('',#1392,2.);
#272=CIRCLE('',#1394,5.);
#273=CIRCLE('',#1398,2.5);
#274=CIRCLE('',#1400,2.5);
#275=B_SPLINE_CURVE_WITH_KNOTS('',3,(#1743,#1744,#1745,#1746,#1747,#1748,
#1749),.UNSPECIFIED.,.F.,.F.,(4,3,4),(64.1408720729636,64.3584203385912,
64.8573228218361),.UNSPECIFIED.);
#276=B_SPLINE_CURVE_WITH_KNOTS('',3,(#1752,#1753,#1754,#1755,#1756,#1757,
#1758,#1759,#1760,#1761,#1762,#1763,#1764,#1765,#1766,#1767),
 .UNSPECIFIED.,.F.,.F.,(4,3,3,3,3,4),(-62.8318530717958,-62.3628104056117,
-61.8639079223668,-61.3650054391219,-60.866102955877,-60.4067111670785),
 .UNSPECIFIED.);
#277=B_SPLINE_CURVE_WITH_KNOTS('',3,(#1772,#1773,#1774,#1775,#1776,#1777,
#1778,#1779,#1780,#1781,#1782,#1783,#1784,#1785,#1786,#1787,#1788,#1789,
#1790,#1791,#1792,#1793,#1794,#1795,#1796,#1797,#1798,#1799,#1800,#1801,
#1802,#1803,#1804,#1805,#1806,#1807,#1808,#1809,#1810,#1811,#1812,#1813,
#1814),.UNSPECIFIED.,.F.,.F.,(4,3,3,3,3,3,3,3,3,3,3,3,3,3,4),(57.857686765784,
57.8726880564076,58.3715905396525,58.8704930228974,59.3693955061423,59.8682979893872,
60.3672004726321,60.866102955877,61.3650054391219,61.8639079223668,62.3628104056117,
62.8617128888566,63.3606153721015,63.8595178553464,64.1408720729636),
 .UNSPECIFIED.);
#278=B_SPLINE_CURVE_WITH_KNOTS('',3,(#1815,#1816,#1817,#1818,#1819,#1820,
#1821,#1822,#1823,#1824,#1825,#1826,#1827,#1828,#1829,#1830,#1831,#1832,
#1833,#1834,#1835,#1836,#1837,#1838,#1839,#1840,#1841,#1842,#1843,#1844,
#1845,#1846,#1847,#1848,#1849,#1850,#1851,#1852,#1853,#1854,#1855,#1856,
#1857),.UNSPECIFIED.,.F.,.F.,(4,3,3,3,3,3,3,3,3,3,3,3,3,3,4),(-60.4067111670785,
-60.3672004726321,-59.8682979893872,-59.3693955061423,-58.8704930228974,
-58.3715905396525,-57.8726880564076,-57.3737855731627,-56.8748830899178,
-56.375980606673,-55.877078123428,-55.3781756401832,-54.8792731569383,-54.3803706736934,
-54.1235258598989),.UNSPECIFIED.);
#279=B_SPLINE_CURVE_WITH_KNOTS('',3,(#1862,#1863,#1864,#1865,#1866,#1867,
#1868,#1869,#1870,#1871,#1872,#1873,#1874,#1875,#1876,#1877,#1878,#1879,
#1880,#1881,#1882,#1883,#1884,#1885,#1886,#1887,#1888,#1889,#1890,#1891,
#1892,#1893,#1894,#1895,#1896,#1897,#1898,#1899,#1900,#1901),
 .UNSPECIFIED.,.F.,.F.,(4,3,3,3,3,3,3,3,3,3,3,3,3,4),(51.5745014586044,
51.8858582574689,52.3847607407138,52.8836632239587,53.3825657072036,53.8814681904485,
54.3803706736934,54.8792731569383,55.3781756401832,55.8770781234281,56.375980606673,
56.8748830899179,57.3737855731628,57.857686765784),.UNSPECIFIED.);
#280=B_SPLINE_CURVE_WITH_KNOTS('',3,(#1902,#1903,#1904,#1905,#1906,#1907,
#1908,#1909,#1910,#1911,#1912,#1913,#1914,#1915,#1916,#1917,#1918,#1919,
#1920,#1921,#1922,#1923,#1924,#1925,#1926,#1927,#1928,#1929,#1930,#1931,
#1932,#1933,#1934,#1935,#1936,#1937,#1938,#1939,#1940,#1941,#1942,#1943,
#1944),.UNSPECIFIED.,.F.,.F.,(4,3,3,3,3,3,3,3,3,3,3,3,3,3,4),(-54.1235258598989,
-53.8814681904485,-53.3825657072036,-52.8836632239587,-52.3847607407138,
-51.8858582574689,-51.386955774224,-50.8880532909791,-50.3891508077342,
-49.8902483244893,-49.3913458412444,-48.8924433579995,-48.3935408747547,
-47.8946383915098,-47.8403405527193),.UNSPECIFIED.);
#281=B_SPLINE_CURVE_WITH_KNOTS('',3,(#1949,#1950,#1951,#1952,#1953,#1954,
#1955,#1956,#1957,#1958,#1959,#1960,#1961,#1962,#1963,#1964,#1965,#1966,
#1967,#1968,#1969,#1970,#1971,#1972,#1973,#1974,#1975,#1976,#1977,#1978,
#1979,#1980,#1981,#1982,#1983,#1984,#1985,#1986,#1987,#1988,#1989,#1990,
#1991),.UNSPECIFIED.,.F.,.F.,(4,3,3,3,3,3,3,3,3,3,3,3,3,3,4),(45.2913161514248,
45.4001259752853,45.8990284585302,46.3979309417751,46.89683342502,47.3957359082649,
47.8946383915098,48.3935408747547,48.8924433579996,49.3913458412444,49.8902483244893,
50.3891508077342,50.8880532909791,51.386955774224,51.5745014586044),
 .UNSPECIFIED.);
#282=B_SPLINE_CURVE_WITH_KNOTS('',3,(#1992,#1993,#1994,#1995,#1996,#1997,
#1998,#1999,#2000,#2001,#2002,#2003,#2004,#2005,#2006,#2007,#2008,#2009,
#2010,#2011,#2012,#2013,#2014,#2015,#2016,#2017,#2018,#2019,#2020,#2021,
#2022,#2023,#2024,#2025,#2026,#2027,#2028,#2029,#2030,#2031),
 .UNSPECIFIED.,.F.,.F.,(4,3,3,3,3,3,3,3,3,3,3,3,3,4),(-47.8403405527193,
-47.3957359082649,-46.89683342502,-46.3979309417751,-45.8990284585302,-45.4001259752853,
-44.9012234920404,-44.4023210087955,-43.9034185255506,-43.4045160423057,
-42.9056135590608,-42.4067110758159,-41.907808592571,-41.5571552455397),
 .UNSPECIFIED.);
#283=B_SPLINE_CURVE_WITH_KNOTS('',3,(#2036,#2037,#2038,#2039,#2040,#2041,
#2042,#2043,#2044,#2045,#2046,#2047,#2048,#2049,#2050,#2051,#2052,#2053,
#2054,#2055,#2056,#2057,#2058,#2059,#2060,#2061,#2062,#2063,#2064,#2065,
#2066,#2067,#2068,#2069,#2070,#2071,#2072,#2073,#2074,#2075),
 .UNSPECIFIED.,.F.,.F.,(4,3,3,3,3,3,3,3,3,3,3,3,3,4),(39.0081308442452,
39.4132961763466,39.9121986595915,40.4111011428364,40.9100036260813,41.4089061093262,
41.9078085925711,42.4067110758159,42.9056135590608,43.4045160423057,43.9034185255506,
44.4023210087955,44.9012234920404,45.2913161514248),.UNSPECIFIED.);
#284=B_SPLINE_CURVE_WITH_KNOTS('',3,(#2076,#2077,#2078,#2079,#2080,#2081,
#2082,#2083,#2084,#2085,#2086,#2087,#2088,#2089,#2090,#2091,#2092,#2093,
#2094,#2095,#2096,#2097,#2098,#2099,#2100,#2101,#2102,#2103,#2104,#2105,
#2106,#2107,#2108,#2109,#2110,#2111,#2112,#2113,#2114,#2115,#2116,#2117,
#2118),.UNSPECIFIED.,.F.,.F.,(4,3,3,3,3,3,3,3,3,3,3,3,3,3,4),(-41.5571552455397,
-41.4089061093261,-40.9100036260813,-40.4111011428364,-39.9121986595915,
-39.4132961763466,-38.9143936931017,-38.4154912098568,-37.9165887266119,
-37.417686243367,-36.9187837601221,-36.4198812768772,-35.9209787936323,
-35.4220763103874,-35.2739699383601),.UNSPECIFIED.);
#285=B_SPLINE_CURVE_WITH_KNOTS('',3,(#2123,#2124,#2125,#2126,#2127,#2128,
#2129,#2130,#2131,#2132,#2133,#2134,#2135,#2136,#2137,#2138,#2139,#2140,
#2141,#2142,#2143,#2144,#2145,#2146,#2147,#2148,#2149,#2150,#2151,#2152,
#2153,#2154,#2155,#2156,#2157,#2158,#2159,#2160,#2161,#2162,#2163,#2164,
#2165),.UNSPECIFIED.,.F.,.F.,(4,3,3,3,3,3,3,3,3,3,3,3,3,3,4),(32.7249455370657,
32.927563894163,33.4264663774079,33.9253688606528,34.4242713438977,34.9231738271425,
35.4220763103874,35.9209787936323,36.4198812768772,36.9187837601221,37.417686243367,
37.9165887266119,38.4154912098568,38.9143936931017,39.0081308442452),
 .UNSPECIFIED.);
#286=B_SPLINE_CURVE_WITH_KNOTS('',3,(#2166,#2167,#2168,#2169,#2170,#2171,
#2172,#2173,#2174,#2175,#2176,#2177,#2178,#2179,#2180,#2181,#2182,#2183,
#2184,#2185,#2186,#2187,#2188,#2189,#2190,#2191,#2192,#2193,#2194,#2195,
#2196,#2197,#2198,#2199,#2200,#2201,#2202,#2203,#2204,#2205),
 .UNSPECIFIED.,.F.,.F.,(4,3,3,3,3,3,3,3,3,3,3,3,3,4),(-35.2739699383601,
-34.9231738271425,-34.4242713438976,-33.9253688606527,-33.4264663774078,
-32.927563894163,-32.4286614109181,-31.9297589276732,-31.4308564444283,
-30.9319539611834,-30.4330514779385,-29.9341489946936,-29.4352465114487,
-28.9907846311805),.UNSPECIFIED.);
#287=B_SPLINE_CURVE_WITH_KNOTS('',3,(#2210,#2211,#2212,#2213,#2214,#2215,
#2216,#2217,#2218,#2219,#2220,#2221,#2222,#2223,#2224,#2225,#2226,#2227,
#2228,#2229,#2230,#2231,#2232,#2233,#2234,#2235,#2236,#2237,#2238,#2239,
#2240,#2241,#2242,#2243,#2244,#2245,#2246,#2247,#2248,#2249),
 .UNSPECIFIED.,.F.,.F.,(4,3,3,3,3,3,3,3,3,3,3,3,3,4),(26.441760229886,26.9407340952243,
27.4396365784691,27.938539061714,28.4374415449589,28.9363440282038,29.4352465114487,
29.9341489946936,30.4330514779385,30.9319539611834,31.4308564444283,31.9297589276732,
32.4286614109181,32.7249455370657),.UNSPECIFIED.);
#288=B_SPLINE_CURVE_WITH_KNOTS('',3,(#2250,#2251,#2252,#2253,#2254,#2255,
#2256,#2257,#2258,#2259,#2260,#2261,#2262,#2263,#2264,#2265,#2266,#2267,
#2268,#2269,#2270,#2271,#2272,#2273,#2274,#2275,#2276,#2277,#2278,#2279,
#2280,#2281,#2282,#2283,#2284,#2285,#2286,#2287,#2288,#2289,#2290,#2291,
#2292),.UNSPECIFIED.,.F.,.F.,(4,3,3,3,3,3,3,3,3,3,3,3,3,3,4),(-28.9907846311805,
-28.9363440282038,-28.4374415449589,-27.938539061714,-27.4396365784691,
-26.9407340952242,-26.4418316119793,-25.9429291287345,-25.4440266454896,
-24.9451241622447,-24.4462216789998,-23.9473191957549,-23.44841671251,-22.9495142292651,
-22.7075993240009),.UNSPECIFIED.);
#289=B_SPLINE_CURVE_WITH_KNOTS('',3,(#2297,#2298,#2299,#2300,#2301,#2302,
#2303,#2304,#2305,#2306,#2307,#2308,#2309,#2310,#2311,#2312,#2313,#2314,
#2315,#2316,#2317,#2318,#2319,#2320,#2321,#2322,#2323,#2324,#2325,#2326,
#2327,#2328,#2329,#2330,#2331,#2332,#2333,#2334,#2335,#2336),
 .UNSPECIFIED.,.F.,.F.,(4,3,3,3,3,3,3,3,3,3,3,3,3,4),(20.1585749227065,
20.4550018130406,20.9539042962855,21.4528067795304,21.9517092627753,22.4506117460202,
22.9495142292651,23.44841671251,23.9473191957549,24.4462216789998,24.9451241622447,
25.4440266454896,25.9429291287345,26.441760229886),.UNSPECIFIED.);
#290=B_SPLINE_CURVE_WITH_KNOTS('',3,(#2337,#2338,#2339,#2340,#2341,#2342,
#2343,#2344,#2345,#2346,#2347,#2348,#2349,#2350,#2351,#2352,#2353,#2354,
#2355,#2356,#2357,#2358,#2359,#2360,#2361,#2362,#2363,#2364,#2365,#2366,
#2367,#2368,#2369,#2370,#2371,#2372,#2373,#2374,#2375,#2376,#2377,#2378,
#2379),.UNSPECIFIED.,.F.,.F.,(4,3,3,3,3,3,3,3,3,3,3,3,3,3,4),(-22.7075993240009,
-22.4506117460202,-21.9517092627753,-21.4528067795304,-20.9539042962855,
-20.4550018130406,-19.9560993297957,-19.4571968465508,-18.9582943633059,
-18.4593918800611,-17.9604893968162,-17.4615869135713,-16.9626844303264,
-16.4637819470815,-16.4244140168214),.UNSPECIFIED.);
#291=B_SPLINE_CURVE_WITH_KNOTS('',3,(#2384,#2385,#2386,#2387,#2388,#2389,
#2390,#2391,#2392,#2393,#2394,#2395,#2396,#2397,#2398,#2399,#2400,#2401,
#2402,#2403,#2404,#2405,#2406,#2407,#2408,#2409,#2410,#2411,#2412,#2413,
#2414,#2415,#2416,#2417,#2418,#2419,#2420,#2421,#2422,#2423,#2424,#2425,
#2426),.UNSPECIFIED.,.F.,.F.,(4,3,3,3,3,3,3,3,3,3,3,3,3,3,4),(13.8753896155269,
13.969269530857,14.4681720141019,14.9670744973468,15.4659769805917,15.9648794638366,
16.4637819470815,16.9626844303264,17.4615869135713,17.9604893968162,18.4593918800611,
18.9582943633059,19.4571968465508,19.9560993297957,20.1585749227065),
 .UNSPECIFIED.);
#292=B_SPLINE_CURVE_WITH_KNOTS('',3,(#2427,#2428,#2429,#2430,#2431,#2432,
#2433,#2434,#2435,#2436,#2437,#2438,#2439,#2440,#2441,#2442,#2443,#2444,
#2445,#2446,#2447,#2448,#2449,#2450,#2451,#2452,#2453,#2454,#2455,#2456,
#2457,#2458,#2459,#2460,#2461,#2462,#2463,#2464,#2465,#2466),
 .UNSPECIFIED.,.F.,.F.,(4,3,3,3,3,3,3,3,3,3,3,3,3,4),(-16.4244140168214,
-15.9648794638366,-15.4659769805917,-14.9670744973468,-14.4681720141019,
-13.969269530857,-13.4703670476121,-12.9714645643672,-12.4725620811223,
-11.9736595978774,-11.4747571146325,-10.9758546313877,-10.4769521481428,
-10.1412287096418),.UNSPECIFIED.);
#293=B_SPLINE_CURVE_WITH_KNOTS('',3,(#2472,#2473,#2474,#2475,#2476,#2477,
#2478,#2479,#2480,#2481,#2482,#2483,#2484,#2485,#2486,#2487,#2488,#2489,
#2490,#2491,#2492,#2493,#2494,#2495,#2496),.UNSPECIFIED.,.F.,.F.,(4,3,3,
3,3,3,3,3,4),(-3.85804340246217,-3.49231738271426,-2.99341489946936,-2.49451241622447,
-1.99560993297957,-1.49670744973468,-0.997804966489787,-0.498902483244894,
0.),.UNSPECIFIED.);
#294=B_SPLINE_CURVE_WITH_KNOTS('',3,(#2499,#2500,#2501,#2502,#2503,#2504,
#2505,#2506,#2507,#2508,#2509,#2510,#2511,#2512,#2513,#2514,#2515,#2516,
#2517,#2518,#2519,#2520,#2521,#2522,#2523,#2524,#2525,#2526,#2527,#2528,
#2529,#2530,#2531,#2532,#2533,#2534,#2535),.UNSPECIFIED.,.F.,.F.,(4,3,3,
3,3,3,3,3,3,3,3,3,4),(2.02546975004033,2.49451241622447,2.99341489946936,
3.49231738271426,3.99121986595915,4.49012234920404,4.98902483244894,5.48792731569383,
5.98682979893872,6.48573228218362,6.98463476542851,7.4835372486734,7.59220430834728),
 .UNSPECIFIED.);
#295=B_SPLINE_CURVE_WITH_KNOTS('',3,(#2541,#2542,#2543,#2544,#2545,#2546,
#2547,#2548,#2549,#2550,#2551,#2552),.UNSPECIFIED.,.F.,.F.,(4,1,1,1,1,1,
1,1,1,4),(72.2566310325653,72.7160228213637,73.2149253046086,73.7138277878535,
74.2127302710984,74.7116327543433,75.2105352375882,75.7094377208331,76.208340204078,
76.7072426873229),.UNSPECIFIED.);
#296=B_SPLINE_CURVE_WITH_KNOTS('',3,(#2555,#2556,#2557,#2558,#2559,#2560,
#2561,#2562,#2563,#2564,#2565,#2566,#2567,#2568),.UNSPECIFIED.,.F.,.F.,
(4,1,1,1,1,1,1,1,1,1,1,4),(72.2566310325652,72.2716323231888,72.7705348064337,
73.2694372896786,73.7683397729235,74.2672422561684,74.7661447394133,75.2650472226582,
75.7639497059031,76.262852189148,76.7617546723929,77.230797338577),
 .UNSPECIFIED.);
#297=B_SPLINE_CURVE_WITH_KNOTS('',3,(#2573,#2574,#2575,#2576,#2577,#2578,
#2579,#2580,#2581,#2582,#2583,#2584,#2585,#2586,#2587,#2588,#2589),
 .UNSPECIFIED.,.F.,.F.,(4,1,1,1,1,1,1,1,1,1,1,1,1,1,4),(65.9734457253856,
66.2302905391801,66.729193022425,67.2280955056699,67.7269979889148,68.2259004721597,
68.7248029554046,69.2237054386495,69.7226079218944,70.2215104051393,70.7204128883841,
71.219315371629,71.7182178548739,72.2171203381188,72.2566310325653),
 .UNSPECIFIED.);
#298=B_SPLINE_CURVE_WITH_KNOTS('',3,(#2590,#2591,#2592,#2593,#2594,#2595,
#2596,#2597,#2598,#2599,#2600,#2601,#2602,#2603,#2604,#2605),
 .UNSPECIFIED.,.F.,.F.,(4,1,1,1,1,1,1,1,1,1,1,1,1,4),(65.9734457253856,
66.2848025242501,66.783705007495,67.2826074907399,67.7815099739848,68.2804124572297,
68.7793149404746,69.2782174237195,69.7771199069644,70.2760223902092,70.7749248734541,
71.273827356699,71.7727298399439,72.2566310325652),.UNSPECIFIED.);
#299=B_SPLINE_CURVE_WITH_KNOTS('',3,(#2610,#2611,#2612,#2613,#2614,#2615,
#2616,#2617,#2618,#2619,#2620,#2621,#2622,#2623,#2624,#2625,#2626),
 .UNSPECIFIED.,.F.,.F.,(4,1,1,1,1,1,1,1,1,1,1,1,1,1,4),(59.690260418206,
59.7445582569965,60.2434607402414,60.7423632234863,61.2412657067312,61.7401681899761,
62.239070673221,62.7379731564659,63.2368756397107,63.7357781229556,64.2346806062005,
64.7335830894454,65.2324855726903,65.7313880559352,65.9734457253856),
 .UNSPECIFIED.);
#300=B_SPLINE_CURVE_WITH_KNOTS('',3,(#2627,#2628,#2629,#2630,#2631,#2632,
#2633,#2634,#2635,#2636,#2637,#2638,#2639,#2640,#2641,#2642,#2643),
 .UNSPECIFIED.,.F.,.F.,(4,1,1,1,1,1,1,1,1,1,1,1,1,1,4),(59.6902604182061,
59.7990702420665,60.2979727253114,60.7968752085563,61.2957776918012,61.7946801750461,
62.293582658291,62.7924851415358,63.2913876247807,63.7902901080256,64.2891925912705,
64.7880950745154,65.2869975577603,65.7859000410052,65.9734457253856),
 .UNSPECIFIED.);
#301=B_SPLINE_CURVE_WITH_KNOTS('',3,(#2648,#2649,#2650,#2651,#2652,#2653,
#2654,#2655,#2656,#2657,#2658,#2659,#2660,#2661,#2662,#2663),
 .UNSPECIFIED.,.F.,.F.,(4,1,1,1,1,1,1,1,1,1,1,1,1,4),(53.4070751110265,
53.7577284580578,54.2566309413027,54.7555334245476,55.2544359077925,55.7533383910373,
56.2522408742822,56.7511433575271,57.250045840772,57.7489483240169,58.2478508072618,
58.7467532905067,59.2456557737516,59.690260418206),.UNSPECIFIED.);
#302=B_SPLINE_CURVE_WITH_KNOTS('',3,(#2664,#2665,#2666,#2667,#2668,#2669,
#2670,#2671,#2672,#2673,#2674,#2675,#2676,#2677,#2678,#2679),
 .UNSPECIFIED.,.F.,.F.,(4,1,1,1,1,1,1,1,1,1,1,1,1,4),(53.4070751110265,
53.8122404431278,54.3111429263727,54.8100454096176,55.3089478928624,55.8078503761073,
56.3067528593522,56.8056553425971,57.304557825842,57.8034603090869,58.3023627923318,
58.8012652755767,59.3001677588216,59.6902604182061),.UNSPECIFIED.);
#303=B_SPLINE_CURVE_WITH_KNOTS('',3,(#2684,#2685,#2686,#2687,#2688,#2689,
#2690,#2691,#2692,#2693,#2694,#2695,#2696,#2697,#2698,#2699,#2700),
 .UNSPECIFIED.,.F.,.F.,(4,1,1,1,1,1,1,1,1,1,1,1,1,1,4),(47.1238898038468,
47.2719961758742,47.7708986591191,48.2698011423639,48.7687036256088,49.2676061088537,
49.7665085920986,50.2654110753435,50.7643135585884,51.2632160418333,51.7621185250782,
52.2610210083231,52.759923491568,53.2588259748129,53.4070751110265),
 .UNSPECIFIED.);
#304=B_SPLINE_CURVE_WITH_KNOTS('',3,(#2701,#2702,#2703,#2704,#2705,#2706,
#2707,#2708,#2709,#2710,#2711,#2712,#2713,#2714,#2715,#2716,#2717),
 .UNSPECIFIED.,.F.,.F.,(4,1,1,1,1,1,1,1,1,1,1,1,1,1,4),(47.1238898038468,
47.3265081609441,47.825410644189,48.3243131274339,48.8232156106788,49.3221180939237,
49.8210205771686,50.3199230604135,50.8188255436584,51.3177280269033,51.8166305101482,
52.3155329933931,52.814435476638,53.3133379598829,53.4070751110265),
 .UNSPECIFIED.);
#305=B_SPLINE_CURVE_WITH_KNOTS('',3,(#2722,#2723,#2724,#2725,#2726,#2727,
#2728,#2729,#2730,#2731,#2732,#2733,#2734,#2735,#2736,#2737),
 .UNSPECIFIED.,.F.,.F.,(4,1,1,1,1,1,1,1,1,1,1,1,1,4),(40.8407044966673,
41.2851663769354,41.7840688601803,42.2829713434252,42.7818738266701,43.280776309915,
43.7796787931599,44.2785812764048,44.7774837596497,45.2763862428946,45.7752887261395,
46.2741912093844,46.7730936926293,47.1238898038468),.UNSPECIFIED.);
#306=B_SPLINE_CURVE_WITH_KNOTS('',3,(#2738,#2739,#2740,#2741,#2742,#2743,
#2744,#2745,#2746,#2747,#2748,#2749,#2750,#2751,#2752,#2753,#2754),
 .UNSPECIFIED.,.F.,.F.,(4,1,1,1,1,1,1,1,1,1,1,1,1,1,4),(40.8407044966673,
40.8407758787605,41.3396783620054,41.8385808452503,42.3374833284952,42.8363858117401,
43.335288294985,43.8341907782299,44.3330932614748,44.8319957447197,45.3308982279646,
45.8298007112095,46.3287031944544,46.8276056776993,47.1238898038468),
 .UNSPECIFIED.);
#307=B_SPLINE_CURVE_WITH_KNOTS('',3,(#2759,#2760,#2761,#2762,#2763,#2764,
#2765,#2766,#2767,#2768,#2769,#2770,#2771,#2772,#2773,#2774,#2775),
 .UNSPECIFIED.,.F.,.F.,(4,1,1,1,1,1,1,1,1,1,1,1,1,1,4),(34.5575191894877,
34.7994340947518,35.2983365779967,35.7972390612416,36.2961415444865,36.7950440277314,
37.2939465109763,37.7928489942212,38.2917514774661,38.790653960711,39.2895564439559,
39.7884589272008,40.2873614104457,40.7862638936905,40.8407044966673),
 .UNSPECIFIED.);
#308=B_SPLINE_CURVE_WITH_KNOTS('',3,(#2776,#2777,#2778,#2779,#2780,#2781,
#2782,#2783,#2784,#2785,#2786,#2787,#2788,#2789,#2790,#2791),
 .UNSPECIFIED.,.F.,.F.,(4,1,1,1,1,1,1,1,1,1,1,1,1,4),(34.5575191894877,
34.8539460798218,35.3528485630667,35.8517510463116,36.3506535295565,36.8495560128014,
37.3484584960463,37.8473609792912,38.3462634625361,38.845165945781,39.3440684290259,
39.8429709122707,40.3418733955156,40.8407044966673),.UNSPECIFIED.);
#309=B_SPLINE_CURVE_WITH_KNOTS('',3,(#2796,#2797,#2798,#2799,#2800,#2801,
#2802,#2803,#2804,#2805,#2806,#2807,#2808,#2809,#2810,#2811,#2812),
 .UNSPECIFIED.,.F.,.F.,(4,1,1,1,1,1,1,1,1,1,1,1,1,1,4),(28.2743338823081,
28.3137018125682,28.8126042958131,29.311506779058,29.8104092623029,30.3093117455478,
30.8082142287927,31.3071167120376,31.8060191952825,32.3049216785274,32.8038241617723,
33.3027266450171,33.801629128262,34.3005316115069,34.5575191894877),
 .UNSPECIFIED.);
#310=B_SPLINE_CURVE_WITH_KNOTS('',3,(#2813,#2814,#2815,#2816,#2817,#2818,
#2819,#2820,#2821,#2822,#2823,#2824,#2825,#2826,#2827,#2828,#2829),
 .UNSPECIFIED.,.F.,.F.,(4,1,1,1,1,1,1,1,1,1,1,1,1,1,4),(28.2743338823081,
28.3682137976382,28.8671162808831,29.366018764128,29.8649212473729,30.3638237306178,
30.8627262138627,31.3616286971076,31.8605311803525,32.3594336635973,32.8583361468422,
33.3572386300871,33.856141113332,34.3550435965769,34.5575191894877),
 .UNSPECIFIED.);
#311=B_SPLINE_CURVE_WITH_KNOTS('',3,(#2834,#2835,#2836,#2837,#2838,#2839,
#2840,#2841,#2842,#2843,#2844,#2845,#2846,#2847,#2848,#2849),
 .UNSPECIFIED.,.F.,.F.,(4,1,1,1,1,1,1,1,1,1,1,1,1,4),(21.9911485751285,
22.3268720136295,22.8257744968744,23.3246769801193,23.8235794633642,24.3224819466091,
24.821384429854,25.3202869130989,25.8191893963437,26.3180918795886,26.8169943628335,
27.3158968460784,27.8147993293233,28.2743338823081),.UNSPECIFIED.);
#312=B_SPLINE_CURVE_WITH_KNOTS('',3,(#2850,#2851,#2852,#2853,#2854,#2855,
#2856,#2857,#2858,#2859,#2860,#2861,#2862,#2863,#2864,#2865),
 .UNSPECIFIED.,.F.,.F.,(4,1,1,1,1,1,1,1,1,1,1,1,1,4),(21.9911485751285,
22.3813839986995,22.8802864819444,23.3791889651893,23.8780914484342,24.3769939316791,
24.8758964149239,25.3747988981688,25.8737013814137,26.3726038646586,26.8715063479035,
27.3704088311484,27.8693113143933,28.2743338823081),.UNSPECIFIED.);
#313=B_SPLINE_CURVE_WITH_KNOTS('',3,(#2871,#2872,#2873,#2874,#2875,#2876),
 .UNSPECIFIED.,.F.,.F.,(4,1,1,4),(14.3989442667812,14.8978467500261,15.396749233271,
15.7079632679489),.UNSPECIFIED.);
#314=B_SPLINE_CURVE_WITH_KNOTS('',3,(#2879,#2880,#2881,#2882,#2883,#2884,
#2885),.UNSPECIFIED.,.F.,.F.,(4,1,1,1,4),(13.8753896155271,14.3444322817112,
14.8433347649561,15.342237248201,15.7079632679489),.UNSPECIFIED.);
#315=B_SPLINE_CURVE_WITH_KNOTS('',3,(#2890,#2891,#2892,#2893,#2894,#2895,
#2896,#2897,#2898,#2899,#2900,#2901,#2902,#2903,#2904,#2905,#2906,#2907,
#2908,#2909,#2910,#2911,#2912,#2913,#2914,#2915,#2916,#2917,#2918,#2919,
#2920,#2921,#2922,#2923,#2924,#2925,#2926,#2927,#2928,#2929,#2930,#2931,
#2932,#2933,#2934,#2935,#2936,#2937,#2938,#2939,#2940,#2941,#2942,#2943,
#2944,#2945,#2946,#2947,#2948,#2949,#2950,#2951,#2952,#2953,#2954,#2955,
#2956,#2957,#2958,#2959,#2960,#2961,#2962,#2963,#2964,#2965,#2966,#2967,
#2968,#2969,#2970,#2971,#2972,#2973,#2974,#2975,#2976,#2977,#2978,#2979,
#2980,#2981,#2982,#2983,#2984,#2985,#2986,#2987,#2988,#2989,#2990,#2991,
#2992,#2993,#2994,#2995,#2996,#2997,#2998),.UNSPECIFIED.,.F.,.F.,(4,3,3,
3,3,3,3,3,3,3,3,3,3,3,3,3,3,3,3,3,3,3,3,3,3,3,3,3,3,3,3,3,3,3,3,3,4),(-1.5856844258698,
-1.52576011497448,-1.4652075131025,-1.43281264088817,-1.41074236309366,
-1.40166993266389,-1.34058494976971,-1.27948075579218,-1.24276464559002,
-1.22866531872935,-1.22078266123081,-1.20604853538786,-1.14558901676948,
-1.0843074944281,-1.02261691435825,-0.971677948573756,-0.933473724235386,
-0.926422282218341,-0.864188681902898,-0.818861051220275,-0.756960824201413,
-0.69467074223148,-0.632498142785517,-0.623403674288559,-0.615558136065835,
-0.552932841228993,-0.488866491117481,-0.42480014100597,-0.361932577934404,
-0.319707761496782,-0.312904810874706,-0.250361194113217,-0.186836775769318,
-0.123246801574308,-0.0603072799645102,-0.0241340464334283,0.),
 .UNSPECIFIED.);
#316=B_SPLINE_CURVE_WITH_KNOTS('',3,(#2999,#3000,#3001,#3002,#3003,#3004,
#3005,#3006,#3007,#3008,#3009,#3010,#3011,#3012,#3013,#3014,#3015,#3016,
#3017,#3018,#3019,#3020,#3021,#3022,#3023,#3024,#3025,#3026,#3027,#3028,
#3029,#3030,#3031,#3032,#3033,#3034,#3035,#3036,#3037,#3038,#3039,#3040,
#3041,#3042,#3043,#3044,#3045,#3046,#3047,#3048,#3049,#3050,#3051,#3052,
#3053,#3054,#3055,#3056,#3057,#3058,#3059,#3060,#3061,#3062,#3063,#3064,
#3065,#3066,#3067,#3068,#3069,#3070,#3071,#3072,#3073,#3074,#3075,#3076,
#3077,#3078,#3079,#3080,#3081,#3082,#3083,#3084,#3085,#3086,#3087,#3088,
#3089,#3090,#3091,#3092,#3093,#3094,#3095,#3096,#3097,#3098,#3099,#3100,
#3101,#3102,#3103,#3104,#3105,#3106,#3107),.UNSPECIFIED.,.F.,.F.,(4,3,3,
3,3,3,3,3,3,3,3,3,3,3,3,3,3,3,3,3,3,3,3,3,3,3,3,3,3,3,3,3,3,3,3,3,4),(-1.58330361395396,
-1.52007976644857,-1.45652716658966,-1.42241435930823,-1.39661893054554,
-1.38747408106808,-1.32433924050619,-1.26150946887489,-1.22256708860655,
-1.20948221351937,-1.20138616523613,-1.18362470833822,-1.12152601426777,
-1.05885998421509,-0.996143162591026,-0.944580953737901,-0.905909297098057,
-0.898289345622216,-0.836265472174877,-0.789894327178525,-0.727854582059546,
-0.665781808659128,-0.60419802840672,-0.595893824761157,-0.588339863555933,
-0.526932357872744,-0.464846946455165,-0.402761535037585,-0.341347590892163,
-0.301490432135791,-0.294448619921759,-0.234038880175091,-0.173187264551229,
-0.112600643276318,-0.0530132224773443,-0.0224903208411923,0.),
 .UNSPECIFIED.);
#317=B_SPLINE_CURVE_WITH_KNOTS('',3,(#3109,#3110,#3111,#3112,#3113,#3114,
#3115,#3116,#3117,#3118,#3119,#3120,#3121,#3122,#3123,#3124,#3125),
 .UNSPECIFIED.,.F.,.F.,(4,1,1,1,1,1,1,1,1,1,1,1,1,1,4),(15.7079632679489,
15.8411397314459,16.3400422146908,16.8389446979357,17.3378471811806,17.8367496644255,
18.3356521476703,18.8345546309152,19.3334571141601,19.832359597405,20.3312620806499,
20.8301645638948,21.3290670471397,21.8279695303846,21.9911485751285),
 .UNSPECIFIED.);
#318=B_SPLINE_CURVE_WITH_KNOTS('',3,(#3126,#3127,#3128,#3129,#3130,#3131,
#3132,#3133,#3134,#3135,#3136,#3137,#3138,#3139,#3140,#3141,#3142),
 .UNSPECIFIED.,.F.,.F.,(4,1,1,1,1,1,1,1,1,1,1,1,1,1,4),(15.7079632679489,
15.8956517165159,16.3945541997608,16.8934566830056,17.3923591662505,17.8912616494954,
18.3901641327403,18.8890666159852,19.3879690992301,19.886871582475,20.3857740657199,
20.8846765489648,21.3835790322097,21.8824815154546,21.9911485751285),
 .UNSPECIFIED.);
#319=B_SPLINE_CURVE_WITH_KNOTS('',3,(#3675,#3676,#3677,#3678,#3679,#3680,
#3681,#3682,#3683,#3684,#3685,#3686,#3687,#3688,#3689,#3690,#3691,#3692,
#3693,#3694,#3695,#3696,#3697,#3698,#3699,#3700,#3701,#3702,#3703,#3704,
#3705,#3706,#3707,#3708,#3709,#3710,#3711,#3712,#3713,#3714,#3715,#3716,
#3717,#3718,#3719,#3720,#3721,#3722,#3723,#3724,#3725,#3726,#3727,#3728,
#3729,#3730,#3731,#3732,#3733,#3734,#3735,#3736,#3737,#3738,#3739,#3740,
#3741,#3742,#3743,#3744,#3745,#3746,#3747,#3748,#3749,#3750,#3751,#3752,
#3753,#3754,#3755,#3756,#3757,#3758,#3759,#3760,#3761,#3762,#3763,#3764,
#3765,#3766,#3767,#3768,#3769,#3770,#3771,#3772,#3773,#3774,#3775,#3776,
#3777,#3778,#3779,#3780,#3781,#3782,#3783,#3784,#3785,#3786,#3787,#3788,
#3789,#3790,#3791,#3792),.UNSPECIFIED.,.F.,.F.,(4,3,3,3,3,3,3,3,3,3,3,3,
3,3,3,3,3,3,3,3,3,3,3,3,3,3,3,3,3,3,3,3,3,3,3,3,3,3,3,4),(0.,0.0594029707485433,
0.119689645797726,0.180485457973435,0.241127457434184,0.275793186449264,
0.290954617405575,0.300444013448467,0.36182129873523,0.379790373494503,
0.440658696777307,0.502044885107058,0.563458348507092,0.588848335510437,
0.596226769308772,0.657970361624683,0.720079335043348,0.766509736460744,
0.828485063401385,0.86991192307827,0.888036174186908,0.898521650310279,
0.906052913647645,0.969514670439851,1.03223015686521,1.09606504884084,1.15989994081647,
1.18488595727505,1.19800222575915,1.20597855892889,1.21435565582266,1.27692484969119,
1.34001324486402,1.37210654551891,1.39237834906658,1.40159345103905,1.46510934705266,
1.5284352435225,1.55920849079,1.58330361395388),.UNSPECIFIED.);
#320=B_SPLINE_CURVE_WITH_KNOTS('',3,(#3793,#3794,#3795,#3796,#3797,#3798,
#3799,#3800,#3801,#3802,#3803,#3804,#3805,#3806,#3807,#3808,#3809,#3810,
#3811,#3812,#3813,#3814,#3815,#3816,#3817,#3818,#3819,#3820,#3821,#3822,
#3823,#3824,#3825,#3826,#3827,#3828,#3829,#3830,#3831,#3832,#3833,#3834,
#3835),.UNSPECIFIED.,.F.,.F.,(4,3,3,3,3,3,3,3,3,3,3,3,3,3,4),(-10.1412287096418,
-9.97804966489787,-9.47914718165297,-8.98024469840808,-8.48134221516319,
-7.98243973191829,-7.4835372486734,-6.98463476542851,-6.48573228218361,
-5.98682979893872,-5.48792731569383,-4.98902483244893,-4.49012234920404,
-3.99121986595915,-3.85804340246217),.UNSPECIFIED.);
#321=B_SPLINE_CURVE_WITH_KNOTS('',3,(#4368,#4369,#4370,#4371,#4372,#4373,
#4374,#4375,#4376,#4377,#4378,#4379,#4380,#4381,#4382,#4383,#4384,#4385,
#4386,#4387,#4388,#4389,#4390,#4391,#4392,#4393,#4394,#4395,#4396,#4397,
#4398,#4399,#4400,#4401,#4402,#4403,#4404,#4405,#4406,#4407),
 .UNSPECIFIED.,.F.,.F.,(4,3,3,3,3,3,3,3,3,3,3,3,3,4),(7.59220430834728,
7.9824397319183,8.48134221516319,8.98024469840809,9.47914718165298,9.97804966489787,
10.4769521481428,10.9758546313877,11.4747571146326,11.9736595978774,12.4725620811223,
12.9714645643672,13.4703670476121,13.8753896155269),.UNSPECIFIED.);
#322=B_SPLINE_CURVE_WITH_KNOTS('',3,(#4408,#4409,#4410,#4411,#4412,#4413,
#4414,#4415,#4416,#4417,#4418,#4419,#4420,#4421,#4422,#4423,#4424,#4425,
#4426,#4427,#4428,#4429,#4430,#4431,#4432,#4433,#4434,#4435,#4436,#4437,
#4438,#4439,#4440,#4441,#4442,#4443,#4444,#4445,#4446,#4447,#4448,#4449,
#4450,#4451,#4452,#4453,#4454,#4455,#4456,#4457,#4458,#4459,#4460,#4461,
#4462,#4463,#4464,#4465,#4466,#4467,#4468,#4469,#4470,#4471,#4472,#4473,
#4474,#4475,#4476,#4477,#4478,#4479,#4480,#4481,#4482,#4483,#4484,#4485,
#4486,#4487,#4488,#4489,#4490,#4491,#4492,#4493,#4494,#4495,#4496,#4497,
#4498,#4499,#4500,#4501,#4502,#4503,#4504,#4505,#4506,#4507,#4508,#4509,
#4510,#4511,#4512,#4513,#4514,#4515,#4516,#4517,#4518,#4519,#4520,#4521,
#4522,#4523,#4524,#4525),.UNSPECIFIED.,.F.,.F.,(4,3,3,3,3,3,3,3,3,3,3,3,
3,3,3,3,3,3,3,3,3,3,3,3,3,3,3,3,3,3,3,3,3,3,3,3,3,3,3,4),(0.,0.0627375776340702,
0.126155871893356,0.189763961065049,0.252704233302195,0.289774565488199,
0.305868923896215,0.312841657876922,0.320222365166351,0.383080331130528,
0.400985562046211,0.46377403967383,0.526747696693258,0.589368559774394,
0.615127657705405,0.6221063164295,0.629355942069249,0.691613115751062,0.75367892121454,
0.795441343222484,0.857763107843145,0.898429447551871,0.916220971174438,
0.927478746641292,0.934312798695429,0.996508055399809,1.05819168200472,
1.12064275375883,1.18309382551295,1.20791026557799,1.22094073930607,1.22932463294135,
1.29025950933252,1.35139984574666,1.40668758654921,1.41669148334919,1.47736646013154,
1.53739956299172,1.56317106019023,1.58568442586973),.UNSPECIFIED.);
#323=B_SPLINE_CURVE_WITH_KNOTS('',3,(#4612,#4613,#4614,#4615,#4616,#4617,
#4618,#4619,#4620,#4621,#4622,#4623),.UNSPECIFIED.,.F.,.F.,(4,1,1,1,1,1,
1,2,4),(-1.17512151206958,-1.05760936086262,-0.940097209655662,-0.822585058448704,
-0.705072907241747,-0.587560756034789,-0.470048604827831,0.,0.00129346167403069),
 .UNSPECIFIED.);
#324=B_SPLINE_CURVE_WITH_KNOTS('',3,(#4624,#4625,#4626,#4627,#4628,#4629,
#4630,#4631,#4632,#4633,#4634,#4635),.UNSPECIFIED.,.F.,.F.,(4,2,1,1,1,1,
1,1,4),(-0.00129346167403069,0.,0.470048604827831,0.587560756034789,0.705072907241747,
0.822585058448704,0.940097209655662,1.05760936086262,1.17512151206958),
 .UNSPECIFIED.);
#325=B_SPLINE_CURVE_WITH_KNOTS('',3,(#4662,#4663,#4664,#4665,#4666,#4667,
#4668,#4669),.UNSPECIFIED.,.F.,.F.,(4,2,2,4),(0.43679545791791,0.666973450571451,
0.873590915835811,0.874940947522606),.UNSPECIFIED.);
#326=B_SPLINE_CURVE_WITH_KNOTS('',3,(#4671,#4672,#4673,#4674,#4675,#4676,
#4677,#4678),.UNSPECIFIED.,.F.,.F.,(4,2,2,4),(-0.00135003168533062,0.,0.206617465264368,
0.43679545791791),.UNSPECIFIED.);
#327=B_SPLINE_CURVE_WITH_KNOTS('',3,(#4749,#4750,#4751,#4752,#4753,#4754,
#4755,#4756),.UNSPECIFIED.,.F.,.F.,(4,2,1,1,4),(-1.17641455185394,-1.17512033102926,
-0.705072198617555,-0.470048132411703,0.),.UNSPECIFIED.);
#328=B_SPLINE_CURVE_WITH_KNOTS('',3,(#4791,#4792,#4793,#4794,#4795,#4796,
#4797,#4798),.UNSPECIFIED.,.F.,.F.,(4,1,1,2,4),(0.,0.470048132411703,0.705072198617555,
1.17512033102926,1.17641455185394),.UNSPECIFIED.);
#329=B_SPLINE_CURVE_WITH_KNOTS('',3,(#4806,#4807,#4808,#4809,#4810,#4811,
#4812,#4813),.UNSPECIFIED.,.F.,.F.,(4,2,1,1,4),(-0.00129471846630367,0.,
0.470047822649939,0.705071733974909,1.17511955662485),.UNSPECIFIED.);
#330=B_SPLINE_CURVE_WITH_KNOTS('',3,(#4860,#4861,#4862,#4863,#4864,#4865,
#4866,#4867),.UNSPECIFIED.,.F.,.F.,(4,1,1,2,4),(0.,0.470048292643847,0.70507243896577,
1.17512073160962,1.17641469497565),.UNSPECIFIED.);
#331=B_SPLINE_CURVE_WITH_KNOTS('',3,(#4868,#4869,#4870,#4871,#4872,#4873,
#4874,#4875),.UNSPECIFIED.,.F.,.F.,(4,2,1,1,4),(-1.17641469497565,-1.17512073160962,
-0.70507243896577,-0.470048292643847,0.),.UNSPECIFIED.);
#332=B_SPLINE_CURVE_WITH_KNOTS('',3,(#4889,#4890,#4891,#4892,#4893,#4894,
#4895,#4896,#4897,#4898,#4899,#4900,#4901,#4902),.UNSPECIFIED.,.F.,.F.,
(4,2,2,2,2,2,4),(-0.0013500316854433,0.,0.206617465272761,0.436795457944275,
0.666973450615789,0.87359091588855,0.874940947575049),.UNSPECIFIED.);
#333=B_SPLINE_CURVE_WITH_KNOTS('',3,(#4950,#4951,#4952,#4953,#4954,#4955,
#4956,#4957),.UNSPECIFIED.,.F.,.F.,(4,1,1,2,4),(-1.17511955662485,-0.705071733974909,
-0.470047822649939,0.,0.00129471846630367),.UNSPECIFIED.);
#334=LINE('',#1741,#399);
#335=LINE('',#1771,#400);
#336=LINE('',#1861,#401);
#337=LINE('',#1948,#402);
#338=LINE('',#2035,#403);
#339=LINE('',#2122,#404);
#340=LINE('',#2209,#405);
#341=LINE('',#2296,#406);
#342=LINE('',#2383,#407);
#343=LINE('',#2470,#408);
#344=LINE('',#2539,#409);
#345=LINE('',#2572,#410);
#346=LINE('',#2609,#411);
#347=LINE('',#2647,#412);
#348=LINE('',#2683,#413);
#349=LINE('',#2721,#414);
#350=LINE('',#2758,#415);
#351=LINE('',#2795,#416);
#352=LINE('',#2833,#417);
#353=LINE('',#2869,#418);
#354=LINE('',#4528,#419);
#355=LINE('',#4537,#420);
#356=LINE('',#4544,#421);
#357=LINE('',#4548,#422);
#358=LINE('',#4559,#423);
#359=LINE('',#4562,#424);
#360=LINE('',#4638,#425);
#361=LINE('',#4640,#426);
#362=LINE('',#4641,#427);
#363=LINE('',#4653,#428);
#364=LINE('',#4656,#429);
#365=LINE('',#4660,#430);
#366=LINE('',#4679,#431);
#367=LINE('',#4682,#432);
#368=LINE('',#4683,#433);
#369=LINE('',#4690,#434);
#370=LINE('',#4694,#435);
#371=LINE('',#4698,#436);
#372=LINE('',#4706,#437);
#373=LINE('',#4719,#438);
#374=LINE('',#4723,#439);
#375=LINE('',#4727,#440);
#376=LINE('',#4731,#441);
#377=LINE('',#4737,#442);
#378=LINE('',#4741,#443);
#379=LINE('',#4743,#444);
#380=LINE('',#4748,#445);
#381=LINE('',#4800,#446);
#382=LINE('',#4801,#447);
#383=LINE('',#4818,#448);
#384=LINE('',#4819,#449);
#385=LINE('',#4886,#450);
#386=LINE('',#4887,#451);
#387=LINE('',#4905,#452);
#388=LINE('',#4907,#453);
#389=LINE('',#4913,#454);
#390=LINE('',#4914,#455);
#391=LINE('',#4959,#456);
#392=LINE('',#4960,#457);
#393=LINE('',#4963,#458);
#394=LINE('',#4970,#459);
#395=LINE('',#4978,#460);
#396=LINE('',#4990,#461);
#397=LINE('',#4992,#462);
#398=LINE('',#4994,#463);
#399=VECTOR('',#1410,7.518);
#400=VECTOR('',#1415,7.518);
#401=VECTOR('',#1418,7.518);
#402=VECTOR('',#1421,7.518);
#403=VECTOR('',#1424,7.518);
#404=VECTOR('',#1427,7.518);
#405=VECTOR('',#1430,7.518);
#406=VECTOR('',#1433,7.518);
#407=VECTOR('',#1436,7.518);
#408=VECTOR('',#1439,7.518);
#409=VECTOR('',#1444,8.0761);
#410=VECTOR('',#1449,8.0761);
#411=VECTOR('',#1452,8.0761);
#412=VECTOR('',#1455,8.0761);
#413=VECTOR('',#1458,8.0761);
#414=VECTOR('',#1461,8.0761);
#415=VECTOR('',#1464,8.0761);
#416=VECTOR('',#1467,8.0761);
#417=VECTOR('',#1470,8.0761);
#418=VECTOR('',#1473,8.0761);
#419=VECTOR('',#1486,3.759);
#420=VECTOR('',#1497,9.00000013411045);
#421=VECTOR('',#1506,6.9);
#422=VECTOR('',#1511,9.9);
#423=VECTOR('',#1524,10.);
#424=VECTOR('',#1527,10.);
#425=VECTOR('',#1530,10.);
#426=VECTOR('',#1531,10.);
#427=VECTOR('',#1532,10.);
#428=VECTOR('',#1547,10.);
#429=VECTOR('',#1550,10.);
#430=VECTOR('',#1553,10.);
#431=VECTOR('',#1554,10.);
#432=VECTOR('',#1557,10.);
#433=VECTOR('',#1558,10.);
#434=VECTOR('',#1565,10.);
#435=VECTOR('',#1568,10.);
#436=VECTOR('',#1571,10.);
#437=VECTOR('',#1578,10.);
#438=VECTOR('',#1595,10.);
#439=VECTOR('',#1600,10.);
#440=VECTOR('',#1603,10.);
#441=VECTOR('',#1606,10.);
#442=VECTOR('',#1611,10.);
#443=VECTOR('',#1614,10.);
#444=VECTOR('',#1617,10.);
#445=VECTOR('',#1622,10.);
#446=VECTOR('',#1627,10.);
#447=VECTOR('',#1628,10.);
#448=VECTOR('',#1639,10.);
#449=VECTOR('',#1640,10.);
#450=VECTOR('',#1657,10.);
#451=VECTOR('',#1658,10.);
#452=VECTOR('',#1663,10.);
#453=VECTOR('',#1666,10.);
#454=VECTOR('',#1675,10.);
#455=VECTOR('',#1676,10.);
#456=VECTOR('',#1683,10.);
#457=VECTOR('',#1684,10.);
#458=VECTOR('',#1689,10.);
#459=VECTOR('',#1698,5.);
#460=VECTOR('',#1709,5.);
#461=VECTOR('',#1728,2.5);
#462=VECTOR('',#1731,2.5);
#463=VECTOR('',#1734,17.6);
#464=VERTEX_POINT('',#1739);
#465=VERTEX_POINT('',#1740);
#466=VERTEX_POINT('',#1742);
#467=VERTEX_POINT('',#1750);
#468=VERTEX_POINT('',#1769);
#469=VERTEX_POINT('',#1770);
#470=VERTEX_POINT('',#1859);
#471=VERTEX_POINT('',#1860);
#472=VERTEX_POINT('',#1946);
#473=VERTEX_POINT('',#1947);
#474=VERTEX_POINT('',#2033);
#475=VERTEX_POINT('',#2034);
#476=VERTEX_POINT('',#2120);
#477=VERTEX_POINT('',#2121);
#478=VERTEX_POINT('',#2207);
#479=VERTEX_POINT('',#2208);
#480=VERTEX_POINT('',#2294);
#481=VERTEX_POINT('',#2295);
#482=VERTEX_POINT('',#2381);
#483=VERTEX_POINT('',#2382);
#484=VERTEX_POINT('',#2468);
#485=VERTEX_POINT('',#2469);
#486=VERTEX_POINT('',#2471);
#487=VERTEX_POINT('',#2497);
#488=VERTEX_POINT('',#2537);
#489=VERTEX_POINT('',#2538);
#490=VERTEX_POINT('',#2540);
#491=VERTEX_POINT('',#2553);
#492=VERTEX_POINT('',#2570);
#493=VERTEX_POINT('',#2571);
#494=VERTEX_POINT('',#2607);
#495=VERTEX_POINT('',#2608);
#496=VERTEX_POINT('',#2645);
#497=VERTEX_POINT('',#2646);
#498=VERTEX_POINT('',#2681);
#499=VERTEX_POINT('',#2682);
#500=VERTEX_POINT('',#2719);
#501=VERTEX_POINT('',#2720);
#502=VERTEX_POINT('',#2756);
#503=VERTEX_POINT('',#2757);
#504=VERTEX_POINT('',#2793);
#505=VERTEX_POINT('',#2794);
#506=VERTEX_POINT('',#2831);
#507=VERTEX_POINT('',#2832);
#508=VERTEX_POINT('',#2867);
#509=VERTEX_POINT('',#2868);
#510=VERTEX_POINT('',#2870);
#511=VERTEX_POINT('',#2877);
#512=VERTEX_POINT('',#2887);
#513=VERTEX_POINT('',#4527);
#514=VERTEX_POINT('',#4529);
#515=VERTEX_POINT('',#4534);
#516=VERTEX_POINT('',#4536);
#517=VERTEX_POINT('',#4540);
#518=VERTEX_POINT('',#4543);
#519=VERTEX_POINT('',#4547);
#520=VERTEX_POINT('',#4552);
#521=VERTEX_POINT('',#4555);
#522=VERTEX_POINT('',#4556);
#523=VERTEX_POINT('',#4558);
#524=VERTEX_POINT('',#4560);
#525=VERTEX_POINT('',#4611);
#526=VERTEX_POINT('',#4637);
#527=VERTEX_POINT('',#4639);
#528=VERTEX_POINT('',#4643);
#529=VERTEX_POINT('',#4645);
#530=VERTEX_POINT('',#4647);
#531=VERTEX_POINT('',#4651);
#532=VERTEX_POINT('',#4655);
#533=VERTEX_POINT('',#4657);
#534=VERTEX_POINT('',#4659);
#535=VERTEX_POINT('',#4661);
#536=VERTEX_POINT('',#4670);
#537=VERTEX_POINT('',#4681);
#538=VERTEX_POINT('',#4685);
#539=VERTEX_POINT('',#4687);
#540=VERTEX_POINT('',#4689);
#541=VERTEX_POINT('',#4691);
#542=VERTEX_POINT('',#4693);
#543=VERTEX_POINT('',#4695);
#544=VERTEX_POINT('',#4697);
#545=VERTEX_POINT('',#4699);
#546=VERTEX_POINT('',#4701);
#547=VERTEX_POINT('',#4703);
#548=VERTEX_POINT('',#4705);
#549=VERTEX_POINT('',#4708);
#550=VERTEX_POINT('',#4710);
#551=VERTEX_POINT('',#4713);
#552=VERTEX_POINT('',#4715);
#553=VERTEX_POINT('',#4722);
#554=VERTEX_POINT('',#4724);
#555=VERTEX_POINT('',#4726);
#556=VERTEX_POINT('',#4728);
#557=VERTEX_POINT('',#4730);
#558=VERTEX_POINT('',#4732);
#559=VERTEX_POINT('',#4734);
#560=VERTEX_POINT('',#4736);
#561=VERTEX_POINT('',#4738);
#562=VERTEX_POINT('',#4740);
#563=VERTEX_POINT('',#4744);
#564=VERTEX_POINT('',#4747);
#565=VERTEX_POINT('',#4789);
#566=VERTEX_POINT('',#4804);
#567=VERTEX_POINT('',#4815);
#568=VERTEX_POINT('',#4816);
#569=VERTEX_POINT('',#4880);
#570=VERTEX_POINT('',#4882);
#571=VERTEX_POINT('',#4903);
#572=VERTEX_POINT('',#4909);
#573=VERTEX_POINT('',#4948);
#574=VERTEX_POINT('',#4965);
#575=VERTEX_POINT('',#4969);
#576=VERTEX_POINT('',#4973);
#577=VERTEX_POINT('',#4977);
#578=VERTEX_POINT('',#4983);
#579=VERTEX_POINT('',#4986);
#580=EDGE_CURVE('',#464,#465,#334,.T.);
#581=EDGE_CURVE('',#465,#466,#275,.T.);
#582=EDGE_CURVE('',#466,#467,#213,.T.);
#583=EDGE_CURVE('',#467,#464,#276,.T.);
#584=EDGE_CURVE('',#468,#469,#335,.T.);
#585=EDGE_CURVE('',#469,#465,#277,.T.);
#586=EDGE_CURVE('',#464,#468,#278,.T.);
#587=EDGE_CURVE('',#470,#471,#336,.T.);
#588=EDGE_CURVE('',#471,#469,#279,.T.);
#589=EDGE_CURVE('',#468,#470,#280,.T.);
#590=EDGE_CURVE('',#472,#473,#337,.T.);
#591=EDGE_CURVE('',#473,#471,#281,.T.);
#592=EDGE_CURVE('',#470,#472,#282,.T.);
#593=EDGE_CURVE('',#474,#475,#338,.T.);
#594=EDGE_CURVE('',#475,#473,#283,.T.);
#595=EDGE_CURVE('',#472,#474,#284,.T.);
#596=EDGE_CURVE('',#476,#477,#339,.T.);
#597=EDGE_CURVE('',#477,#475,#285,.T.);
#598=EDGE_CURVE('',#474,#476,#286,.T.);
#599=EDGE_CURVE('',#478,#479,#340,.T.);
#600=EDGE_CURVE('',#479,#477,#287,.T.);
#601=EDGE_CURVE('',#476,#478,#288,.T.);
#602=EDGE_CURVE('',#480,#481,#341,.T.);
#603=EDGE_CURVE('',#481,#479,#289,.T.);
#604=EDGE_CURVE('',#478,#480,#290,.T.);
#605=EDGE_CURVE('',#482,#483,#342,.T.);
#606=EDGE_CURVE('',#483,#481,#291,.T.);
#607=EDGE_CURVE('',#480,#482,#292,.T.);
#608=EDGE_CURVE('',#484,#485,#343,.T.);
#609=EDGE_CURVE('',#484,#486,#293,.T.);
#610=EDGE_CURVE('',#487,#486,#214,.T.);
#611=EDGE_CURVE('',#487,#485,#294,.T.);
#612=EDGE_CURVE('',#488,#489,#344,.T.);
#613=EDGE_CURVE('',#489,#490,#295,.T.);
#614=EDGE_CURVE('',#491,#490,#215,.T.);
#615=EDGE_CURVE('',#488,#491,#296,.T.);
#616=EDGE_CURVE('',#492,#493,#345,.T.);
#617=EDGE_CURVE('',#493,#489,#297,.T.);
#618=EDGE_CURVE('',#492,#488,#298,.T.);
#619=EDGE_CURVE('',#494,#495,#346,.T.);
#620=EDGE_CURVE('',#495,#493,#299,.T.);
#621=EDGE_CURVE('',#494,#492,#300,.T.);
#622=EDGE_CURVE('',#496,#497,#347,.T.);
#623=EDGE_CURVE('',#497,#495,#301,.T.);
#624=EDGE_CURVE('',#496,#494,#302,.T.);
#625=EDGE_CURVE('',#498,#499,#348,.T.);
#626=EDGE_CURVE('',#499,#497,#303,.T.);
#627=EDGE_CURVE('',#498,#496,#304,.T.);
#628=EDGE_CURVE('',#500,#501,#349,.T.);
#629=EDGE_CURVE('',#501,#499,#305,.T.);
#630=EDGE_CURVE('',#500,#498,#306,.T.);
#631=EDGE_CURVE('',#502,#503,#350,.T.);
#632=EDGE_CURVE('',#503,#501,#307,.T.);
#633=EDGE_CURVE('',#502,#500,#308,.T.);
#634=EDGE_CURVE('',#504,#505,#351,.T.);
#635=EDGE_CURVE('',#505,#503,#309,.T.);
#636=EDGE_CURVE('',#504,#502,#310,.T.);
#637=EDGE_CURVE('',#506,#507,#352,.T.);
#638=EDGE_CURVE('',#507,#505,#311,.T.);
#639=EDGE_CURVE('',#506,#504,#312,.T.);
#640=EDGE_CURVE('',#508,#509,#353,.T.);
#641=EDGE_CURVE('',#510,#508,#313,.T.);
#642=EDGE_CURVE('',#511,#510,#216,.T.);
#643=EDGE_CURVE('',#511,#509,#314,.T.);
#644=EDGE_CURVE('',#467,#512,#217,.T.);
#645=EDGE_CURVE('',#512,#466,#218,.T.);
#646=EDGE_CURVE('',#466,#491,#315,.T.);
#647=EDGE_CURVE('',#490,#467,#316,.T.);
#648=EDGE_CURVE('',#509,#507,#317,.T.);
#649=EDGE_CURVE('',#508,#506,#318,.T.);
#650=EDGE_CURVE('',#486,#511,#319,.T.);
#651=EDGE_CURVE('',#482,#484,#320,.T.);
#652=EDGE_CURVE('',#485,#483,#321,.T.);
#653=EDGE_CURVE('',#510,#487,#322,.T.);
#654=EDGE_CURVE('',#512,#513,#354,.T.);
#655=EDGE_CURVE('',#514,#513,#219,.T.);
#656=EDGE_CURVE('',#513,#514,#220,.T.);
#657=EDGE_CURVE('',#515,#515,#221,.T.);
#658=EDGE_CURVE('',#515,#516,#355,.T.);
#659=EDGE_CURVE('',#516,#516,#222,.T.);
#660=EDGE_CURVE('',#517,#517,#223,.T.);
#661=EDGE_CURVE('',#514,#518,#356,.T.);
#662=EDGE_CURVE('',#518,#518,#224,.T.);
#663=EDGE_CURVE('',#517,#519,#357,.T.);
#664=EDGE_CURVE('',#519,#519,#225,.T.);
#665=EDGE_CURVE('',#520,#520,#226,.T.);
#666=EDGE_CURVE('',#521,#522,#227,.T.);
#667=EDGE_CURVE('',#522,#523,#358,.T.);
#668=EDGE_CURVE('',#523,#524,#228,.T.);
#669=EDGE_CURVE('',#524,#521,#359,.T.);
#670=EDGE_CURVE('',#523,#525,#323,.T.);
#671=EDGE_CURVE('',#525,#524,#324,.T.);
#672=EDGE_CURVE('',#526,#522,#360,.T.);
#673=EDGE_CURVE('',#527,#526,#361,.T.);
#674=EDGE_CURVE('',#523,#527,#362,.T.);
#675=EDGE_CURVE('',#528,#527,#229,.T.);
#676=EDGE_CURVE('',#527,#529,#230,.T.);
#677=EDGE_CURVE('',#529,#530,#231,.T.);
#678=EDGE_CURVE('',#530,#528,#232,.T.);
#679=EDGE_CURVE('',#526,#531,#233,.T.);
#680=EDGE_CURVE('',#531,#529,#363,.T.);
#681=EDGE_CURVE('',#529,#532,#364,.T.);
#682=EDGE_CURVE('',#533,#532,#234,.T.);
#683=EDGE_CURVE('',#533,#534,#365,.T.);
#684=EDGE_CURVE('',#535,#534,#325,.T.);
#685=EDGE_CURVE('',#536,#535,#326,.T.);
#686=EDGE_CURVE('',#536,#530,#366,.T.);
#687=EDGE_CURVE('',#537,#531,#367,.T.);
#688=EDGE_CURVE('',#532,#537,#368,.T.);
#689=EDGE_CURVE('',#521,#538,#235,.T.);
#690=EDGE_CURVE('',#539,#538,#236,.T.);
#691=EDGE_CURVE('',#539,#540,#369,.T.);
#692=EDGE_CURVE('',#541,#540,#237,.T.);
#693=EDGE_CURVE('',#541,#542,#370,.T.);
#694=EDGE_CURVE('',#543,#542,#238,.T.);
#695=EDGE_CURVE('',#543,#544,#371,.T.);
#696=EDGE_CURVE('',#545,#544,#239,.T.);
#697=EDGE_CURVE('',#545,#546,#240,.T.);
#698=EDGE_CURVE('',#547,#546,#241,.T.);
#699=EDGE_CURVE('',#547,#548,#372,.T.);
#700=EDGE_CURVE('',#537,#548,#242,.T.);
#701=EDGE_CURVE('',#549,#549,#243,.T.);
#702=EDGE_CURVE('',#550,#550,#244,.T.);
#703=EDGE_CURVE('',#532,#551,#245,.T.);
#704=EDGE_CURVE('',#551,#552,#246,.T.);
#705=EDGE_CURVE('',#552,#533,#247,.T.);
#706=EDGE_CURVE('',#548,#551,#373,.T.);
#707=EDGE_CURVE('',#534,#536,#248,.T.);
#708=EDGE_CURVE('',#553,#552,#374,.T.);
#709=EDGE_CURVE('',#554,#553,#249,.T.);
#710=EDGE_CURVE('',#555,#554,#375,.T.);
#711=EDGE_CURVE('',#556,#555,#250,.T.);
#712=EDGE_CURVE('',#557,#556,#376,.T.);
#713=EDGE_CURVE('',#558,#557,#251,.T.);
#714=EDGE_CURVE('',#559,#558,#252,.T.);
#715=EDGE_CURVE('',#560,#559,#377,.T.);
#716=EDGE_CURVE('',#561,#560,#253,.T.);
#717=EDGE_CURVE('',#562,#561,#378,.T.);
#718=EDGE_CURVE('',#525,#562,#254,.T.);
#719=EDGE_CURVE('',#528,#525,#379,.T.);
#720=EDGE_CURVE('',#563,#563,#255,.T.);
#721=EDGE_CURVE('',#551,#564,#380,.T.);
#722=EDGE_CURVE('',#553,#564,#327,.T.);
#723=EDGE_CURVE('',#564,#565,#256,.T.);
#724=EDGE_CURVE('',#565,#553,#328,.T.);
#725=EDGE_CURVE('',#564,#547,#381,.T.);
#726=EDGE_CURVE('',#546,#565,#382,.T.);
#727=EDGE_CURVE('',#565,#566,#257,.T.);
#728=EDGE_CURVE('',#554,#566,#329,.T.);
#729=EDGE_CURVE('',#567,#568,#258,.T.);
#730=EDGE_CURVE('',#568,#539,#383,.T.);
#731=EDGE_CURVE('',#538,#567,#384,.T.);
#732=EDGE_CURVE('',#567,#562,#330,.T.);
#733=EDGE_CURVE('',#562,#568,#331,.T.);
#734=EDGE_CURVE('',#567,#524,#259,.T.);
#735=EDGE_CURVE('',#560,#569,#260,.T.);
#736=EDGE_CURVE('',#569,#570,#261,.T.);
#737=EDGE_CURVE('',#570,#561,#262,.T.);
#738=EDGE_CURVE('',#540,#570,#385,.T.);
#739=EDGE_CURVE('',#569,#541,#386,.T.);
#740=EDGE_CURVE('',#557,#559,#332,.T.);
#741=EDGE_CURVE('',#571,#556,#263,.T.);
#742=EDGE_CURVE('',#571,#569,#387,.T.);
#743=EDGE_CURVE('',#570,#568,#388,.T.);
#744=EDGE_CURVE('',#555,#572,#264,.T.);
#745=EDGE_CURVE('',#572,#571,#265,.T.);
#746=EDGE_CURVE('',#542,#571,#389,.T.);
#747=EDGE_CURVE('',#572,#543,#390,.T.);
#748=EDGE_CURVE('',#566,#573,#266,.T.);
#749=EDGE_CURVE('',#573,#554,#333,.T.);
#750=EDGE_CURVE('',#566,#545,#391,.T.);
#751=EDGE_CURVE('',#544,#573,#392,.T.);
#752=EDGE_CURVE('',#573,#572,#393,.T.);
#753=EDGE_CURVE('',#574,#574,#267,.T.);
#754=EDGE_CURVE('',#574,#535,#268,.T.);
#755=EDGE_CURVE('',#574,#575,#394,.T.);
#756=EDGE_CURVE('',#575,#575,#269,.T.);
#757=EDGE_CURVE('',#576,#576,#270,.T.);
#758=EDGE_CURVE('',#576,#558,#271,.T.);
#759=EDGE_CURVE('',#576,#577,#395,.T.);
#760=EDGE_CURVE('',#577,#577,#272,.T.);
#761=EDGE_CURVE('',#578,#578,#273,.T.);
#762=EDGE_CURVE('',#579,#579,#274,.T.);
#763=EDGE_CURVE('',#550,#579,#396,.T.);
#764=EDGE_CURVE('',#549,#578,#397,.T.);
#765=EDGE_CURVE('',#563,#520,#398,.T.);
#766=ORIENTED_EDGE('',*,*,#580,.T.);
#767=ORIENTED_EDGE('',*,*,#581,.T.);
#768=ORIENTED_EDGE('',*,*,#582,.T.);
#769=ORIENTED_EDGE('',*,*,#583,.T.);
#770=ORIENTED_EDGE('',*,*,#584,.T.);
#771=ORIENTED_EDGE('',*,*,#585,.T.);
#772=ORIENTED_EDGE('',*,*,#580,.F.);
#773=ORIENTED_EDGE('',*,*,#586,.T.);
#774=ORIENTED_EDGE('',*,*,#587,.T.);
#775=ORIENTED_EDGE('',*,*,#588,.T.);
#776=ORIENTED_EDGE('',*,*,#584,.F.);
#777=ORIENTED_EDGE('',*,*,#589,.T.);
#778=ORIENTED_EDGE('',*,*,#590,.T.);
#779=ORIENTED_EDGE('',*,*,#591,.T.);
#780=ORIENTED_EDGE('',*,*,#587,.F.);
#781=ORIENTED_EDGE('',*,*,#592,.T.);
#782=ORIENTED_EDGE('',*,*,#593,.T.);
#783=ORIENTED_EDGE('',*,*,#594,.T.);
#784=ORIENTED_EDGE('',*,*,#590,.F.);
#785=ORIENTED_EDGE('',*,*,#595,.T.);
#786=ORIENTED_EDGE('',*,*,#596,.T.);
#787=ORIENTED_EDGE('',*,*,#597,.T.);
#788=ORIENTED_EDGE('',*,*,#593,.F.);
#789=ORIENTED_EDGE('',*,*,#598,.T.);
#790=ORIENTED_EDGE('',*,*,#599,.T.);
#791=ORIENTED_EDGE('',*,*,#600,.T.);
#792=ORIENTED_EDGE('',*,*,#596,.F.);
#793=ORIENTED_EDGE('',*,*,#601,.T.);
#794=ORIENTED_EDGE('',*,*,#602,.T.);
#795=ORIENTED_EDGE('',*,*,#603,.T.);
#796=ORIENTED_EDGE('',*,*,#599,.F.);
#797=ORIENTED_EDGE('',*,*,#604,.T.);
#798=ORIENTED_EDGE('',*,*,#605,.T.);
#799=ORIENTED_EDGE('',*,*,#606,.T.);
#800=ORIENTED_EDGE('',*,*,#602,.F.);
#801=ORIENTED_EDGE('',*,*,#607,.T.);
#802=ORIENTED_EDGE('',*,*,#608,.F.);
#803=ORIENTED_EDGE('',*,*,#609,.T.);
#804=ORIENTED_EDGE('',*,*,#610,.F.);
#805=ORIENTED_EDGE('',*,*,#611,.T.);
#806=ORIENTED_EDGE('',*,*,#612,.T.);
#807=ORIENTED_EDGE('',*,*,#613,.T.);
#808=ORIENTED_EDGE('',*,*,#614,.F.);
#809=ORIENTED_EDGE('',*,*,#615,.F.);
#810=ORIENTED_EDGE('',*,*,#616,.T.);
#811=ORIENTED_EDGE('',*,*,#617,.T.);
#812=ORIENTED_EDGE('',*,*,#612,.F.);
#813=ORIENTED_EDGE('',*,*,#618,.F.);
#814=ORIENTED_EDGE('',*,*,#619,.T.);
#815=ORIENTED_EDGE('',*,*,#620,.T.);
#816=ORIENTED_EDGE('',*,*,#616,.F.);
#817=ORIENTED_EDGE('',*,*,#621,.F.);
#818=ORIENTED_EDGE('',*,*,#622,.T.);
#819=ORIENTED_EDGE('',*,*,#623,.T.);
#820=ORIENTED_EDGE('',*,*,#619,.F.);
#821=ORIENTED_EDGE('',*,*,#624,.F.);
#822=ORIENTED_EDGE('',*,*,#625,.T.);
#823=ORIENTED_EDGE('',*,*,#626,.T.);
#824=ORIENTED_EDGE('',*,*,#622,.F.);
#825=ORIENTED_EDGE('',*,*,#627,.F.);
#826=ORIENTED_EDGE('',*,*,#628,.T.);
#827=ORIENTED_EDGE('',*,*,#629,.T.);
#828=ORIENTED_EDGE('',*,*,#625,.F.);
#829=ORIENTED_EDGE('',*,*,#630,.F.);
#830=ORIENTED_EDGE('',*,*,#631,.T.);
#831=ORIENTED_EDGE('',*,*,#632,.T.);
#832=ORIENTED_EDGE('',*,*,#628,.F.);
#833=ORIENTED_EDGE('',*,*,#633,.F.);
#834=ORIENTED_EDGE('',*,*,#634,.T.);
#835=ORIENTED_EDGE('',*,*,#635,.T.);
#836=ORIENTED_EDGE('',*,*,#631,.F.);
#837=ORIENTED_EDGE('',*,*,#636,.F.);
#838=ORIENTED_EDGE('',*,*,#637,.T.);
#839=ORIENTED_EDGE('',*,*,#638,.T.);
#840=ORIENTED_EDGE('',*,*,#634,.F.);
#841=ORIENTED_EDGE('',*,*,#639,.F.);
#842=ORIENTED_EDGE('',*,*,#640,.F.);
#843=ORIENTED_EDGE('',*,*,#641,.F.);
#844=ORIENTED_EDGE('',*,*,#642,.F.);
#845=ORIENTED_EDGE('',*,*,#643,.T.);
#846=ORIENTED_EDGE('',*,*,#644,.T.);
#847=ORIENTED_EDGE('',*,*,#645,.T.);
#848=ORIENTED_EDGE('',*,*,#646,.T.);
#849=ORIENTED_EDGE('',*,*,#614,.T.);
#850=ORIENTED_EDGE('',*,*,#647,.T.);
#851=ORIENTED_EDGE('',*,*,#640,.T.);
#852=ORIENTED_EDGE('',*,*,#648,.T.);
#853=ORIENTED_EDGE('',*,*,#637,.F.);
#854=ORIENTED_EDGE('',*,*,#649,.F.);
#855=ORIENTED_EDGE('',*,*,#647,.F.);
#856=ORIENTED_EDGE('',*,*,#613,.F.);
#857=ORIENTED_EDGE('',*,*,#617,.F.);
#858=ORIENTED_EDGE('',*,*,#620,.F.);
#859=ORIENTED_EDGE('',*,*,#623,.F.);
#860=ORIENTED_EDGE('',*,*,#626,.F.);
#861=ORIENTED_EDGE('',*,*,#629,.F.);
#862=ORIENTED_EDGE('',*,*,#632,.F.);
#863=ORIENTED_EDGE('',*,*,#635,.F.);
#864=ORIENTED_EDGE('',*,*,#638,.F.);
#865=ORIENTED_EDGE('',*,*,#648,.F.);
#866=ORIENTED_EDGE('',*,*,#643,.F.);
#867=ORIENTED_EDGE('',*,*,#650,.F.);
#868=ORIENTED_EDGE('',*,*,#609,.F.);
#869=ORIENTED_EDGE('',*,*,#651,.F.);
#870=ORIENTED_EDGE('',*,*,#607,.F.);
#871=ORIENTED_EDGE('',*,*,#604,.F.);
#872=ORIENTED_EDGE('',*,*,#601,.F.);
#873=ORIENTED_EDGE('',*,*,#598,.F.);
#874=ORIENTED_EDGE('',*,*,#595,.F.);
#875=ORIENTED_EDGE('',*,*,#592,.F.);
#876=ORIENTED_EDGE('',*,*,#589,.F.);
#877=ORIENTED_EDGE('',*,*,#586,.F.);
#878=ORIENTED_EDGE('',*,*,#583,.F.);
#879=ORIENTED_EDGE('',*,*,#646,.F.);
#880=ORIENTED_EDGE('',*,*,#581,.F.);
#881=ORIENTED_EDGE('',*,*,#585,.F.);
#882=ORIENTED_EDGE('',*,*,#588,.F.);
#883=ORIENTED_EDGE('',*,*,#591,.F.);
#884=ORIENTED_EDGE('',*,*,#594,.F.);
#885=ORIENTED_EDGE('',*,*,#597,.F.);
#886=ORIENTED_EDGE('',*,*,#600,.F.);
#887=ORIENTED_EDGE('',*,*,#603,.F.);
#888=ORIENTED_EDGE('',*,*,#606,.F.);
#889=ORIENTED_EDGE('',*,*,#652,.F.);
#890=ORIENTED_EDGE('',*,*,#611,.F.);
#891=ORIENTED_EDGE('',*,*,#653,.F.);
#892=ORIENTED_EDGE('',*,*,#641,.T.);
#893=ORIENTED_EDGE('',*,*,#649,.T.);
#894=ORIENTED_EDGE('',*,*,#639,.T.);
#895=ORIENTED_EDGE('',*,*,#636,.T.);
#896=ORIENTED_EDGE('',*,*,#633,.T.);
#897=ORIENTED_EDGE('',*,*,#630,.T.);
#898=ORIENTED_EDGE('',*,*,#627,.T.);
#899=ORIENTED_EDGE('',*,*,#624,.T.);
#900=ORIENTED_EDGE('',*,*,#621,.T.);
#901=ORIENTED_EDGE('',*,*,#618,.T.);
#902=ORIENTED_EDGE('',*,*,#615,.T.);
#903=ORIENTED_EDGE('',*,*,#644,.F.);
#904=ORIENTED_EDGE('',*,*,#582,.F.);
#905=ORIENTED_EDGE('',*,*,#645,.F.);
#906=ORIENTED_EDGE('',*,*,#654,.T.);
#907=ORIENTED_EDGE('',*,*,#655,.F.);
#908=ORIENTED_EDGE('',*,*,#656,.F.);
#909=ORIENTED_EDGE('',*,*,#654,.F.);
#910=ORIENTED_EDGE('',*,*,#608,.T.);
#911=ORIENTED_EDGE('',*,*,#652,.T.);
#912=ORIENTED_EDGE('',*,*,#605,.F.);
#913=ORIENTED_EDGE('',*,*,#651,.T.);
#914=ORIENTED_EDGE('',*,*,#657,.F.);
#915=ORIENTED_EDGE('',*,*,#658,.T.);
#916=ORIENTED_EDGE('',*,*,#659,.T.);
#917=ORIENTED_EDGE('',*,*,#658,.F.);
#918=ORIENTED_EDGE('',*,*,#660,.F.);
#919=ORIENTED_EDGE('',*,*,#659,.F.);
#920=ORIENTED_EDGE('',*,*,#655,.T.);
#921=ORIENTED_EDGE('',*,*,#656,.T.);
#922=ORIENTED_EDGE('',*,*,#661,.T.);
#923=ORIENTED_EDGE('',*,*,#662,.F.);
#924=ORIENTED_EDGE('',*,*,#661,.F.);
#925=ORIENTED_EDGE('',*,*,#660,.T.);
#926=ORIENTED_EDGE('',*,*,#663,.T.);
#927=ORIENTED_EDGE('',*,*,#664,.F.);
#928=ORIENTED_EDGE('',*,*,#663,.F.);
#929=ORIENTED_EDGE('',*,*,#657,.T.);
#930=ORIENTED_EDGE('',*,*,#653,.T.);
#931=ORIENTED_EDGE('',*,*,#610,.T.);
#932=ORIENTED_EDGE('',*,*,#650,.T.);
#933=ORIENTED_EDGE('',*,*,#642,.T.);
#934=ORIENTED_EDGE('',*,*,#665,.T.);
#935=ORIENTED_EDGE('',*,*,#664,.T.);
#936=ORIENTED_EDGE('',*,*,#666,.T.);
#937=ORIENTED_EDGE('',*,*,#667,.T.);
#938=ORIENTED_EDGE('',*,*,#668,.T.);
#939=ORIENTED_EDGE('',*,*,#669,.T.);
#940=ORIENTED_EDGE('',*,*,#668,.F.);
#941=ORIENTED_EDGE('',*,*,#670,.T.);
#942=ORIENTED_EDGE('',*,*,#671,.T.);
#943=ORIENTED_EDGE('',*,*,#667,.F.);
#944=ORIENTED_EDGE('',*,*,#672,.F.);
#945=ORIENTED_EDGE('',*,*,#673,.F.);
#946=ORIENTED_EDGE('',*,*,#674,.F.);
#947=ORIENTED_EDGE('',*,*,#675,.T.);
#948=ORIENTED_EDGE('',*,*,#676,.T.);
#949=ORIENTED_EDGE('',*,*,#677,.T.);
#950=ORIENTED_EDGE('',*,*,#678,.T.);
#951=ORIENTED_EDGE('',*,*,#679,.T.);
#952=ORIENTED_EDGE('',*,*,#680,.T.);
#953=ORIENTED_EDGE('',*,*,#676,.F.);
#954=ORIENTED_EDGE('',*,*,#673,.T.);
#955=ORIENTED_EDGE('',*,*,#677,.F.);
#956=ORIENTED_EDGE('',*,*,#681,.T.);
#957=ORIENTED_EDGE('',*,*,#682,.F.);
#958=ORIENTED_EDGE('',*,*,#683,.T.);
#959=ORIENTED_EDGE('',*,*,#684,.F.);
#960=ORIENTED_EDGE('',*,*,#685,.F.);
#961=ORIENTED_EDGE('',*,*,#686,.T.);
#962=ORIENTED_EDGE('',*,*,#680,.F.);
#963=ORIENTED_EDGE('',*,*,#687,.F.);
#964=ORIENTED_EDGE('',*,*,#688,.F.);
#965=ORIENTED_EDGE('',*,*,#681,.F.);
#966=ORIENTED_EDGE('',*,*,#679,.F.);
#967=ORIENTED_EDGE('',*,*,#672,.T.);
#968=ORIENTED_EDGE('',*,*,#666,.F.);
#969=ORIENTED_EDGE('',*,*,#689,.T.);
#970=ORIENTED_EDGE('',*,*,#690,.F.);
#971=ORIENTED_EDGE('',*,*,#691,.T.);
#972=ORIENTED_EDGE('',*,*,#692,.F.);
#973=ORIENTED_EDGE('',*,*,#693,.T.);
#974=ORIENTED_EDGE('',*,*,#694,.F.);
#975=ORIENTED_EDGE('',*,*,#695,.T.);
#976=ORIENTED_EDGE('',*,*,#696,.F.);
#977=ORIENTED_EDGE('',*,*,#697,.T.);
#978=ORIENTED_EDGE('',*,*,#698,.F.);
#979=ORIENTED_EDGE('',*,*,#699,.T.);
#980=ORIENTED_EDGE('',*,*,#700,.F.);
#981=ORIENTED_EDGE('',*,*,#687,.T.);
#982=ORIENTED_EDGE('',*,*,#701,.T.);
#983=ORIENTED_EDGE('',*,*,#702,.T.);
#984=ORIENTED_EDGE('',*,*,#682,.T.);
#985=ORIENTED_EDGE('',*,*,#703,.T.);
#986=ORIENTED_EDGE('',*,*,#704,.T.);
#987=ORIENTED_EDGE('',*,*,#705,.T.);
#988=ORIENTED_EDGE('',*,*,#700,.T.);
#989=ORIENTED_EDGE('',*,*,#706,.T.);
#990=ORIENTED_EDGE('',*,*,#703,.F.);
#991=ORIENTED_EDGE('',*,*,#688,.T.);
#992=ORIENTED_EDGE('',*,*,#678,.F.);
#993=ORIENTED_EDGE('',*,*,#686,.F.);
#994=ORIENTED_EDGE('',*,*,#707,.F.);
#995=ORIENTED_EDGE('',*,*,#683,.F.);
#996=ORIENTED_EDGE('',*,*,#705,.F.);
#997=ORIENTED_EDGE('',*,*,#708,.F.);
#998=ORIENTED_EDGE('',*,*,#709,.F.);
#999=ORIENTED_EDGE('',*,*,#710,.F.);
#1000=ORIENTED_EDGE('',*,*,#711,.F.);
#1001=ORIENTED_EDGE('',*,*,#712,.F.);
#1002=ORIENTED_EDGE('',*,*,#713,.F.);
#1003=ORIENTED_EDGE('',*,*,#714,.F.);
#1004=ORIENTED_EDGE('',*,*,#715,.F.);
#1005=ORIENTED_EDGE('',*,*,#716,.F.);
#1006=ORIENTED_EDGE('',*,*,#717,.F.);
#1007=ORIENTED_EDGE('',*,*,#718,.F.);
#1008=ORIENTED_EDGE('',*,*,#719,.F.);
#1009=ORIENTED_EDGE('',*,*,#720,.F.);
#1010=ORIENTED_EDGE('',*,*,#704,.F.);
#1011=ORIENTED_EDGE('',*,*,#721,.T.);
#1012=ORIENTED_EDGE('',*,*,#722,.F.);
#1013=ORIENTED_EDGE('',*,*,#708,.T.);
#1014=ORIENTED_EDGE('',*,*,#723,.T.);
#1015=ORIENTED_EDGE('',*,*,#724,.T.);
#1016=ORIENTED_EDGE('',*,*,#722,.T.);
#1017=ORIENTED_EDGE('',*,*,#723,.F.);
#1018=ORIENTED_EDGE('',*,*,#725,.T.);
#1019=ORIENTED_EDGE('',*,*,#698,.T.);
#1020=ORIENTED_EDGE('',*,*,#726,.T.);
#1021=ORIENTED_EDGE('',*,*,#706,.F.);
#1022=ORIENTED_EDGE('',*,*,#699,.F.);
#1023=ORIENTED_EDGE('',*,*,#725,.F.);
#1024=ORIENTED_EDGE('',*,*,#721,.F.);
#1025=ORIENTED_EDGE('',*,*,#724,.F.);
#1026=ORIENTED_EDGE('',*,*,#727,.T.);
#1027=ORIENTED_EDGE('',*,*,#728,.F.);
#1028=ORIENTED_EDGE('',*,*,#709,.T.);
#1029=ORIENTED_EDGE('',*,*,#729,.T.);
#1030=ORIENTED_EDGE('',*,*,#730,.T.);
#1031=ORIENTED_EDGE('',*,*,#690,.T.);
#1032=ORIENTED_EDGE('',*,*,#731,.T.);
#1033=ORIENTED_EDGE('',*,*,#732,.T.);
#1034=ORIENTED_EDGE('',*,*,#733,.T.);
#1035=ORIENTED_EDGE('',*,*,#729,.F.);
#1036=ORIENTED_EDGE('',*,*,#671,.F.);
#1037=ORIENTED_EDGE('',*,*,#718,.T.);
#1038=ORIENTED_EDGE('',*,*,#732,.F.);
#1039=ORIENTED_EDGE('',*,*,#734,.T.);
#1040=ORIENTED_EDGE('',*,*,#669,.F.);
#1041=ORIENTED_EDGE('',*,*,#734,.F.);
#1042=ORIENTED_EDGE('',*,*,#731,.F.);
#1043=ORIENTED_EDGE('',*,*,#689,.F.);
#1044=ORIENTED_EDGE('',*,*,#735,.T.);
#1045=ORIENTED_EDGE('',*,*,#736,.T.);
#1046=ORIENTED_EDGE('',*,*,#737,.T.);
#1047=ORIENTED_EDGE('',*,*,#716,.T.);
#1048=ORIENTED_EDGE('',*,*,#692,.T.);
#1049=ORIENTED_EDGE('',*,*,#738,.T.);
#1050=ORIENTED_EDGE('',*,*,#736,.F.);
#1051=ORIENTED_EDGE('',*,*,#739,.T.);
#1052=ORIENTED_EDGE('',*,*,#735,.F.);
#1053=ORIENTED_EDGE('',*,*,#715,.T.);
#1054=ORIENTED_EDGE('',*,*,#740,.F.);
#1055=ORIENTED_EDGE('',*,*,#712,.T.);
#1056=ORIENTED_EDGE('',*,*,#741,.F.);
#1057=ORIENTED_EDGE('',*,*,#742,.T.);
#1058=ORIENTED_EDGE('',*,*,#733,.F.);
#1059=ORIENTED_EDGE('',*,*,#717,.T.);
#1060=ORIENTED_EDGE('',*,*,#737,.F.);
#1061=ORIENTED_EDGE('',*,*,#743,.T.);
#1062=ORIENTED_EDGE('',*,*,#744,.T.);
#1063=ORIENTED_EDGE('',*,*,#745,.T.);
#1064=ORIENTED_EDGE('',*,*,#741,.T.);
#1065=ORIENTED_EDGE('',*,*,#711,.T.);
#1066=ORIENTED_EDGE('',*,*,#694,.T.);
#1067=ORIENTED_EDGE('',*,*,#746,.T.);
#1068=ORIENTED_EDGE('',*,*,#745,.F.);
#1069=ORIENTED_EDGE('',*,*,#747,.T.);
#1070=ORIENTED_EDGE('',*,*,#739,.F.);
#1071=ORIENTED_EDGE('',*,*,#742,.F.);
#1072=ORIENTED_EDGE('',*,*,#746,.F.);
#1073=ORIENTED_EDGE('',*,*,#693,.F.);
#1074=ORIENTED_EDGE('',*,*,#748,.T.);
#1075=ORIENTED_EDGE('',*,*,#749,.T.);
#1076=ORIENTED_EDGE('',*,*,#728,.T.);
#1077=ORIENTED_EDGE('',*,*,#748,.F.);
#1078=ORIENTED_EDGE('',*,*,#750,.T.);
#1079=ORIENTED_EDGE('',*,*,#696,.T.);
#1080=ORIENTED_EDGE('',*,*,#751,.T.);
#1081=ORIENTED_EDGE('',*,*,#726,.F.);
#1082=ORIENTED_EDGE('',*,*,#697,.F.);
#1083=ORIENTED_EDGE('',*,*,#750,.F.);
#1084=ORIENTED_EDGE('',*,*,#727,.F.);
#1085=ORIENTED_EDGE('',*,*,#744,.F.);
#1086=ORIENTED_EDGE('',*,*,#710,.T.);
#1087=ORIENTED_EDGE('',*,*,#749,.F.);
#1088=ORIENTED_EDGE('',*,*,#752,.T.);
#1089=ORIENTED_EDGE('',*,*,#753,.T.);
#1090=ORIENTED_EDGE('',*,*,#754,.T.);
#1091=ORIENTED_EDGE('',*,*,#684,.T.);
#1092=ORIENTED_EDGE('',*,*,#707,.T.);
#1093=ORIENTED_EDGE('',*,*,#685,.T.);
#1094=ORIENTED_EDGE('',*,*,#754,.F.);
#1095=ORIENTED_EDGE('',*,*,#753,.F.);
#1096=ORIENTED_EDGE('',*,*,#755,.T.);
#1097=ORIENTED_EDGE('',*,*,#756,.T.);
#1098=ORIENTED_EDGE('',*,*,#755,.F.);
#1099=ORIENTED_EDGE('',*,*,#757,.T.);
#1100=ORIENTED_EDGE('',*,*,#758,.T.);
#1101=ORIENTED_EDGE('',*,*,#713,.T.);
#1102=ORIENTED_EDGE('',*,*,#740,.T.);
#1103=ORIENTED_EDGE('',*,*,#714,.T.);
#1104=ORIENTED_EDGE('',*,*,#758,.F.);
#1105=ORIENTED_EDGE('',*,*,#757,.F.);
#1106=ORIENTED_EDGE('',*,*,#759,.T.);
#1107=ORIENTED_EDGE('',*,*,#760,.T.);
#1108=ORIENTED_EDGE('',*,*,#759,.F.);
#1109=ORIENTED_EDGE('',*,*,#670,.F.);
#1110=ORIENTED_EDGE('',*,*,#674,.T.);
#1111=ORIENTED_EDGE('',*,*,#675,.F.);
#1112=ORIENTED_EDGE('',*,*,#719,.T.);
#1113=ORIENTED_EDGE('',*,*,#730,.F.);
#1114=ORIENTED_EDGE('',*,*,#743,.F.);
#1115=ORIENTED_EDGE('',*,*,#738,.F.);
#1116=ORIENTED_EDGE('',*,*,#691,.F.);
#1117=ORIENTED_EDGE('',*,*,#756,.F.);
#1118=ORIENTED_EDGE('',*,*,#761,.F.);
#1119=ORIENTED_EDGE('',*,*,#760,.F.);
#1120=ORIENTED_EDGE('',*,*,#762,.F.);
#1121=ORIENTED_EDGE('',*,*,#662,.T.);
#1122=ORIENTED_EDGE('',*,*,#702,.F.);
#1123=ORIENTED_EDGE('',*,*,#763,.T.);
#1124=ORIENTED_EDGE('',*,*,#762,.T.);
#1125=ORIENTED_EDGE('',*,*,#763,.F.);
#1126=ORIENTED_EDGE('',*,*,#701,.F.);
#1127=ORIENTED_EDGE('',*,*,#764,.T.);
#1128=ORIENTED_EDGE('',*,*,#761,.T.);
#1129=ORIENTED_EDGE('',*,*,#764,.F.);
#1130=ORIENTED_EDGE('',*,*,#720,.T.);
#1131=ORIENTED_EDGE('',*,*,#765,.T.);
#1132=ORIENTED_EDGE('',*,*,#665,.F.);
#1133=ORIENTED_EDGE('',*,*,#765,.F.);
#1134=ORIENTED_EDGE('',*,*,#747,.F.);
#1135=ORIENTED_EDGE('',*,*,#752,.F.);
#1136=ORIENTED_EDGE('',*,*,#751,.F.);
#1137=ORIENTED_EDGE('',*,*,#695,.F.);
#1138=CYLINDRICAL_SURFACE('',#1274,7.51775);
#1139=CYLINDRICAL_SURFACE('',#1276,7.51775);
#1140=CYLINDRICAL_SURFACE('',#1277,7.51775);
#1141=CYLINDRICAL_SURFACE('',#1278,7.51775);
#1142=CYLINDRICAL_SURFACE('',#1279,7.51775);
#1143=CYLINDRICAL_SURFACE('',#1280,7.51775);
#1144=CYLINDRICAL_SURFACE('',#1281,7.51775);
#1145=CYLINDRICAL_SURFACE('',#1282,7.51775);
#1146=CYLINDRICAL_SURFACE('',#1283,7.51775);
#1147=CYLINDRICAL_SURFACE('',#1284,7.51775);
#1148=CYLINDRICAL_SURFACE('',#1286,8.0761);
#1149=CYLINDRICAL_SURFACE('',#1288,8.0761);
#1150=CYLINDRICAL_SURFACE('',#1289,8.0761);
#1151=CYLINDRICAL_SURFACE('',#1290,8.0761);
#1152=CYLINDRICAL_SURFACE('',#1291,8.0761);
#1153=CYLINDRICAL_SURFACE('',#1292,8.0761);
#1154=CYLINDRICAL_SURFACE('',#1293,8.0761);
#1155=CYLINDRICAL_SURFACE('',#1294,8.0761);
#1156=CYLINDRICAL_SURFACE('',#1295,8.0761);
#1157=CYLINDRICAL_SURFACE('',#1296,8.0761);
#1158=CYLINDRICAL_SURFACE('',#1301,8.0761);
#1159=CYLINDRICAL_SURFACE('',#1305,7.51775);
#1160=CYLINDRICAL_SURFACE('',#1306,9.00000013411045);
#1161=CYLINDRICAL_SURFACE('',#1311,6.9);
#1162=CYLINDRICAL_SURFACE('',#1313,9.9);
#1163=CYLINDRICAL_SURFACE('',#1318,5.);
#1164=CYLINDRICAL_SURFACE('',#1327,5.);
#1165=CYLINDRICAL_SURFACE('',#1329,2.);
#1166=CYLINDRICAL_SURFACE('',#1347,5.);
#1167=CYLINDRICAL_SURFACE('',#1357,2.);
#1168=CYLINDRICAL_SURFACE('',#1359,5.);
#1169=CYLINDRICAL_SURFACE('',#1363,5.);
#1170=CYLINDRICAL_SURFACE('',#1367,20.);
#1171=CYLINDRICAL_SURFACE('',#1372,5.);
#1172=CYLINDRICAL_SURFACE('',#1373,2.);
#1173=CYLINDRICAL_SURFACE('',#1375,2.);
#1174=CYLINDRICAL_SURFACE('',#1379,5.);
#1175=CYLINDRICAL_SURFACE('',#1382,5.);
#1176=CYLINDRICAL_SURFACE('',#1383,20.);
#1177=CYLINDRICAL_SURFACE('',#1384,2.);
#1178=CYLINDRICAL_SURFACE('',#1388,5.);
#1179=CYLINDRICAL_SURFACE('',#1393,5.);
#1180=CYLINDRICAL_SURFACE('',#1395,2.);
#1181=CYLINDRICAL_SURFACE('',#1402,2.5);
#1182=CYLINDRICAL_SURFACE('',#1403,2.5);
#1183=CYLINDRICAL_SURFACE('',#1404,17.6);
#1184=ADVANCED_FACE('',(#53),#1138,.F.);
#1185=ADVANCED_FACE('',(#54),#1139,.F.);
#1186=ADVANCED_FACE('',(#55),#1140,.F.);
#1187=ADVANCED_FACE('',(#56),#1141,.F.);
#1188=ADVANCED_FACE('',(#57),#1142,.F.);
#1189=ADVANCED_FACE('',(#58),#1143,.F.);
#1190=ADVANCED_FACE('',(#59),#1144,.F.);
#1191=ADVANCED_FACE('',(#60),#1145,.F.);
#1192=ADVANCED_FACE('',(#61),#1146,.F.);
#1193=ADVANCED_FACE('',(#62),#1147,.F.);
#1194=ADVANCED_FACE('',(#63),#1148,.F.);
#1195=ADVANCED_FACE('',(#64),#1149,.F.);
#1196=ADVANCED_FACE('',(#65),#1150,.F.);
#1197=ADVANCED_FACE('',(#66),#1151,.F.);
#1198=ADVANCED_FACE('',(#67),#1152,.F.);
#1199=ADVANCED_FACE('',(#68),#1153,.F.);
#1200=ADVANCED_FACE('',(#69),#1154,.F.);
#1201=ADVANCED_FACE('',(#70),#1155,.F.);
#1202=ADVANCED_FACE('',(#71),#1156,.F.);
#1203=ADVANCED_FACE('',(#72),#1157,.F.);
#1204=ADVANCED_FACE('',(#73),#38,.T.);
#1205=ADVANCED_FACE('',(#74),#1158,.F.);
#1206=ADVANCED_FACE('',(#75),#32,.F.);
#1207=ADVANCED_FACE('',(#76),#33,.F.);
#1208=ADVANCED_FACE('',(#77),#31,.F.);
#1209=ADVANCED_FACE('',(#78),#1159,.F.);
#1210=ADVANCED_FACE('',(#79),#1160,.T.);
#1211=ADVANCED_FACE('',(#80,#23),#39,.T.);
#1212=ADVANCED_FACE('',(#81),#1161,.F.);
#1213=ADVANCED_FACE('',(#82),#1162,.T.);
#1214=ADVANCED_FACE('',(#83,#24),#40,.T.);
#1215=ADVANCED_FACE('',(#84,#25),#41,.F.);
#1216=ADVANCED_FACE('',(#85),#1163,.F.);
#1217=ADVANCED_FACE('',(#86),#34,.T.);
#1218=ADVANCED_FACE('',(#87),#42,.T.);
#1219=ADVANCED_FACE('',(#88),#15,.T.);
#1220=ADVANCED_FACE('',(#89),#1164,.T.);
#1221=ADVANCED_FACE('',(#90),#1165,.T.);
#1222=ADVANCED_FACE('',(#91),#43,.T.);
#1223=ADVANCED_FACE('',(#92,#26,#27),#44,.T.);
#1224=ADVANCED_FACE('',(#93),#16,.T.);
#1225=ADVANCED_FACE('',(#94),#1166,.T.);
#1226=ADVANCED_FACE('',(#95,#28),#45,.T.);
#1227=ADVANCED_FACE('',(#96),#1167,.T.);
#1228=ADVANCED_FACE('',(#97),#35,.T.);
#1229=ADVANCED_FACE('',(#98),#1168,.F.);
#1230=ADVANCED_FACE('',(#99),#46,.T.);
#1231=ADVANCED_FACE('',(#100),#17,.T.);
#1232=ADVANCED_FACE('',(#101),#1169,.F.);
#1233=ADVANCED_FACE('',(#102),#36,.T.);
#1234=ADVANCED_FACE('',(#103),#18,.T.);
#1235=ADVANCED_FACE('',(#104),#1170,.T.);
#1236=ADVANCED_FACE('',(#105),#19,.T.);
#1237=ADVANCED_FACE('',(#106),#1171,.T.);
#1238=ADVANCED_FACE('',(#107),#1172,.T.);
#1239=ADVANCED_FACE('',(#108),#1173,.T.);
#1240=ADVANCED_FACE('',(#109),#20,.T.);
#1241=ADVANCED_FACE('',(#110),#1174,.T.);
#1242=ADVANCED_FACE('',(#111),#47,.T.);
#1243=ADVANCED_FACE('',(#112),#37,.T.);
#1244=ADVANCED_FACE('',(#113),#1175,.F.);
#1245=ADVANCED_FACE('',(#114),#1176,.T.);
#1246=ADVANCED_FACE('',(#115),#1177,.T.);
#1247=ADVANCED_FACE('',(#116),#21,.T.);
#1248=ADVANCED_FACE('',(#117),#1178,.F.);
#1249=ADVANCED_FACE('',(#118),#22,.T.);
#1250=ADVANCED_FACE('',(#119),#1179,.F.);
#1251=ADVANCED_FACE('',(#120),#1180,.T.);
#1252=ADVANCED_FACE('',(#121),#48,.T.);
#1253=ADVANCED_FACE('',(#122,#29),#49,.F.);
#1254=ADVANCED_FACE('',(#123,#30),#50,.F.);
#1255=ADVANCED_FACE('',(#124),#51,.F.);
#1256=ADVANCED_FACE('',(#125),#1181,.F.);
#1257=ADVANCED_FACE('',(#126),#1182,.F.);
#1258=ADVANCED_FACE('',(#127),#1183,.F.);
#1259=ADVANCED_FACE('',(#128),#52,.T.);
#1260=CLOSED_SHELL('',(#1184,#1185,#1186,#1187,#1188,#1189,#1190,#1191,
#1192,#1193,#1194,#1195,#1196,#1197,#1198,#1199,#1200,#1201,#1202,#1203,
#1204,#1205,#1206,#1207,#1208,#1209,#1210,#1211,#1212,#1213,#1214,#1215,
#1216,#1217,#1218,#1219,#1220,#1221,#1222,#1223,#1224,#1225,#1226,#1227,
#1228,#1229,#1230,#1231,#1232,#1233,#1234,#1235,#1236,#1237,#1238,#1239,
#1240,#1241,#1242,#1243,#1244,#1245,#1246,#1247,#1248,#1249,#1250,#1251,
#1252,#1253,#1254,#1255,#1256,#1257,#1258,#1259));
#1261=DERIVED_UNIT_ELEMENT(#1263,1.);
#1262=DERIVED_UNIT_ELEMENT(#5001,-3.);
#1263=(
MASS_UNIT()
NAMED_UNIT(*)
SI_UNIT(.KILO.,.GRAM.)
);
#1264=DERIVED_UNIT((#1261,#1262));
#1265=MEASURE_REPRESENTATION_ITEM('density measure',
POSITIVE_RATIO_MEASURE(7850.),#1264);
#1266=PROPERTY_DEFINITION_REPRESENTATION(#1271,#1268);
#1267=PROPERTY_DEFINITION_REPRESENTATION(#1272,#1269);
#1268=REPRESENTATION('material name',(#1270),#4998);
#1269=REPRESENTATION('density',(#1265),#4998);
#1270=DESCRIPTIVE_REPRESENTATION_ITEM('Steel','Steel');
#1271=PROPERTY_DEFINITION('material property','material name',#5008);
#1272=PROPERTY_DEFINITION('material property','density of part',#5008);
#1273=AXIS2_PLACEMENT_3D('',#1737,#1406,#1407);
#1274=AXIS2_PLACEMENT_3D('',#1738,#1408,#1409);
#1275=AXIS2_PLACEMENT_3D('',#1751,#1411,#1412);
#1276=AXIS2_PLACEMENT_3D('',#1768,#1413,#1414);
#1277=AXIS2_PLACEMENT_3D('',#1858,#1416,#1417);
#1278=AXIS2_PLACEMENT_3D('',#1945,#1419,#1420);
#1279=AXIS2_PLACEMENT_3D('',#2032,#1422,#1423);
#1280=AXIS2_PLACEMENT_3D('',#2119,#1425,#1426);
#1281=AXIS2_PLACEMENT_3D('',#2206,#1428,#1429);
#1282=AXIS2_PLACEMENT_3D('',#2293,#1431,#1432);
#1283=AXIS2_PLACEMENT_3D('',#2380,#1434,#1435);
#1284=AXIS2_PLACEMENT_3D('',#2467,#1437,#1438);
#1285=AXIS2_PLACEMENT_3D('',#2498,#1440,#1441);
#1286=AXIS2_PLACEMENT_3D('',#2536,#1442,#1443);
#1287=AXIS2_PLACEMENT_3D('',#2554,#1445,#1446);
#1288=AXIS2_PLACEMENT_3D('',#2569,#1447,#1448);
#1289=AXIS2_PLACEMENT_3D('',#2606,#1450,#1451);
#1290=AXIS2_PLACEMENT_3D('',#2644,#1453,#1454);
#1291=AXIS2_PLACEMENT_3D('',#2680,#1456,#1457);
#1292=AXIS2_PLACEMENT_3D('',#2718,#1459,#1460);
#1293=AXIS2_PLACEMENT_3D('',#2755,#1462,#1463);
#1294=AXIS2_PLACEMENT_3D('',#2792,#1465,#1466);
#1295=AXIS2_PLACEMENT_3D('',#2830,#1468,#1469);
#1296=AXIS2_PLACEMENT_3D('',#2866,#1471,#1472);
#1297=AXIS2_PLACEMENT_3D('',#2878,#1474,#1475);
#1298=AXIS2_PLACEMENT_3D('',#2886,#1476,#1477);
#1299=AXIS2_PLACEMENT_3D('',#2888,#1478,#1479);
#1300=AXIS2_PLACEMENT_3D('',#2889,#1480,#1481);
#1301=AXIS2_PLACEMENT_3D('',#3108,#1482,#1483);
#1302=AXIS2_PLACEMENT_3D('',#4526,#1484,#1485);
#1303=AXIS2_PLACEMENT_3D('',#4530,#1487,#1488);
#1304=AXIS2_PLACEMENT_3D('',#4531,#1489,#1490);
#1305=AXIS2_PLACEMENT_3D('',#4532,#1491,#1492);
#1306=AXIS2_PLACEMENT_3D('',#4533,#1493,#1494);
#1307=AXIS2_PLACEMENT_3D('',#4535,#1495,#1496);
#1308=AXIS2_PLACEMENT_3D('',#4538,#1498,#1499);
#1309=AXIS2_PLACEMENT_3D('',#4539,#1500,#1501);
#1310=AXIS2_PLACEMENT_3D('',#4541,#1502,#1503);
#1311=AXIS2_PLACEMENT_3D('',#4542,#1504,#1505);
#1312=AXIS2_PLACEMENT_3D('',#4545,#1507,#1508);
#1313=AXIS2_PLACEMENT_3D('',#4546,#1509,#1510);
#1314=AXIS2_PLACEMENT_3D('',#4549,#1512,#1513);
#1315=AXIS2_PLACEMENT_3D('',#4550,#1514,#1515);
#1316=AXIS2_PLACEMENT_3D('',#4551,#1516,#1517);
#1317=AXIS2_PLACEMENT_3D('',#4553,#1518,#1519);
#1318=AXIS2_PLACEMENT_3D('',#4554,#1520,#1521);
#1319=AXIS2_PLACEMENT_3D('',#4557,#1522,#1523);
#1320=AXIS2_PLACEMENT_3D('',#4561,#1525,#1526);
#1321=AXIS2_PLACEMENT_3D('',#4636,#1528,#1529);
#1322=AXIS2_PLACEMENT_3D('',#4642,#1533,#1534);
#1323=AXIS2_PLACEMENT_3D('',#4644,#1535,#1536);
#1324=AXIS2_PLACEMENT_3D('',#4646,#1537,#1538);
#1325=AXIS2_PLACEMENT_3D('',#4648,#1539,#1540);
#1326=AXIS2_PLACEMENT_3D('',#4649,#1541,#1542);
#1327=AXIS2_PLACEMENT_3D('',#4650,#1543,#1544);
#1328=AXIS2_PLACEMENT_3D('',#4652,#1545,#1546);
#1329=AXIS2_PLACEMENT_3D('',#4654,#1548,#1549);
#1330=AXIS2_PLACEMENT_3D('',#4658,#1551,#1552);
#1331=AXIS2_PLACEMENT_3D('',#4680,#1555,#1556);
#1332=AXIS2_PLACEMENT_3D('',#4684,#1559,#1560);
#1333=AXIS2_PLACEMENT_3D('',#4686,#1561,#1562);
#1334=AXIS2_PLACEMENT_3D('',#4688,#1563,#1564);
#1335=AXIS2_PLACEMENT_3D('',#4692,#1566,#1567);
#1336=AXIS2_PLACEMENT_3D('',#4696,#1569,#1570);
#1337=AXIS2_PLACEMENT_3D('',#4700,#1572,#1573);
#1338=AXIS2_PLACEMENT_3D('',#4702,#1574,#1575);
#1339=AXIS2_PLACEMENT_3D('',#4704,#1576,#1577);
#1340=AXIS2_PLACEMENT_3D('',#4707,#1579,#1580);
#1341=AXIS2_PLACEMENT_3D('',#4709,#1581,#1582);
#1342=AXIS2_PLACEMENT_3D('',#4711,#1583,#1584);
#1343=AXIS2_PLACEMENT_3D('',#4712,#1585,#1586);
#1344=AXIS2_PLACEMENT_3D('',#4714,#1587,#1588);
#1345=AXIS2_PLACEMENT_3D('',#4716,#1589,#1590);
#1346=AXIS2_PLACEMENT_3D('',#4717,#1591,#1592);
#1347=AXIS2_PLACEMENT_3D('',#4718,#1593,#1594);
#1348=AXIS2_PLACEMENT_3D('',#4720,#1596,#1597);
#1349=AXIS2_PLACEMENT_3D('',#4721,#1598,#1599);
#1350=AXIS2_PLACEMENT_3D('',#4725,#1601,#1602);
#1351=AXIS2_PLACEMENT_3D('',#4729,#1604,#1605);
#1352=AXIS2_PLACEMENT_3D('',#4733,#1607,#1608);
#1353=AXIS2_PLACEMENT_3D('',#4735,#1609,#1610);
#1354=AXIS2_PLACEMENT_3D('',#4739,#1612,#1613);
#1355=AXIS2_PLACEMENT_3D('',#4742,#1615,#1616);
#1356=AXIS2_PLACEMENT_3D('',#4745,#1618,#1619);
#1357=AXIS2_PLACEMENT_3D('',#4746,#1620,#1621);
#1358=AXIS2_PLACEMENT_3D('',#4790,#1623,#1624);
#1359=AXIS2_PLACEMENT_3D('',#4799,#1625,#1626);
#1360=AXIS2_PLACEMENT_3D('',#4802,#1629,#1630);
#1361=AXIS2_PLACEMENT_3D('',#4803,#1631,#1632);
#1362=AXIS2_PLACEMENT_3D('',#4805,#1633,#1634);
#1363=AXIS2_PLACEMENT_3D('',#4814,#1635,#1636);
#1364=AXIS2_PLACEMENT_3D('',#4817,#1637,#1638);
#1365=AXIS2_PLACEMENT_3D('',#4876,#1641,#1642);
#1366=AXIS2_PLACEMENT_3D('',#4877,#1643,#1644);
#1367=AXIS2_PLACEMENT_3D('',#4878,#1645,#1646);
#1368=AXIS2_PLACEMENT_3D('',#4879,#1647,#1648);
#1369=AXIS2_PLACEMENT_3D('',#4881,#1649,#1650);
#1370=AXIS2_PLACEMENT_3D('',#4883,#1651,#1652);
#1371=AXIS2_PLACEMENT_3D('',#4884,#1653,#1654);
#1372=AXIS2_PLACEMENT_3D('',#4885,#1655,#1656);
#1373=AXIS2_PLACEMENT_3D('',#4888,#1659,#1660);
#1374=AXIS2_PLACEMENT_3D('',#4904,#1661,#1662);
#1375=AXIS2_PLACEMENT_3D('',#4906,#1664,#1665);
#1376=AXIS2_PLACEMENT_3D('',#4908,#1667,#1668);
#1377=AXIS2_PLACEMENT_3D('',#4910,#1669,#1670);
#1378=AXIS2_PLACEMENT_3D('',#4911,#1671,#1672);
#1379=AXIS2_PLACEMENT_3D('',#4912,#1673,#1674);
#1380=AXIS2_PLACEMENT_3D('',#4915,#1677,#1678);
#1381=AXIS2_PLACEMENT_3D('',#4949,#1679,#1680);
#1382=AXIS2_PLACEMENT_3D('',#4958,#1681,#1682);
#1383=AXIS2_PLACEMENT_3D('',#4961,#1685,#1686);
#1384=AXIS2_PLACEMENT_3D('',#4962,#1687,#1688);
#1385=AXIS2_PLACEMENT_3D('',#4964,#1690,#1691);
#1386=AXIS2_PLACEMENT_3D('',#4966,#1692,#1693);
#1387=AXIS2_PLACEMENT_3D('',#4967,#1694,#1695);
#1388=AXIS2_PLACEMENT_3D('',#4968,#1696,#1697);
#1389=AXIS2_PLACEMENT_3D('',#4971,#1699,#1700);
#1390=AXIS2_PLACEMENT_3D('',#4972,#1701,#1702);
#1391=AXIS2_PLACEMENT_3D('',#4974,#1703,#1704);
#1392=AXIS2_PLACEMENT_3D('',#4975,#1705,#1706);
#1393=AXIS2_PLACEMENT_3D('',#4976,#1707,#1708);
#1394=AXIS2_PLACEMENT_3D('',#4979,#1710,#1711);
#1395=AXIS2_PLACEMENT_3D('',#4980,#1712,#1713);
#1396=AXIS2_PLACEMENT_3D('',#4981,#1714,#1715);
#1397=AXIS2_PLACEMENT_3D('',#4982,#1716,#1717);
#1398=AXIS2_PLACEMENT_3D('',#4984,#1718,#1719);
#1399=AXIS2_PLACEMENT_3D('',#4985,#1720,#1721);
#1400=AXIS2_PLACEMENT_3D('',#4987,#1722,#1723);
#1401=AXIS2_PLACEMENT_3D('',#4988,#1724,#1725);
#1402=AXIS2_PLACEMENT_3D('',#4989,#1726,#1727);
#1403=AXIS2_PLACEMENT_3D('',#4991,#1729,#1730);
#1404=AXIS2_PLACEMENT_3D('',#4993,#1732,#1733);
#1405=AXIS2_PLACEMENT_3D('',#4995,#1735,#1736);
#1406=DIRECTION('axis',(0.,0.,1.));
#1407=DIRECTION('refdir',(1.,0.,0.));
#1408=DIRECTION('center_axis',(0.,0.,-1.));
#1409=DIRECTION('ref_axis',(-0.350614513077834,0.936519868032277,0.));
#1410=DIRECTION('',(0.,0.,-1.));
#1411=DIRECTION('center_axis',(0.,0.,-1.));
#1412=DIRECTION('ref_axis',(1.,0.,0.));
#1413=DIRECTION('center_axis',(0.,0.,-1.));
#1414=DIRECTION('ref_axis',(1.,0.,0.));
#1415=DIRECTION('',(0.,0.,-1.));
#1416=DIRECTION('center_axis',(0.,0.,-1.));
#1417=DIRECTION('ref_axis',(1.,0.,0.));
#1418=DIRECTION('',(0.,0.,-1.));
#1419=DIRECTION('center_axis',(0.,0.,-1.));
#1420=DIRECTION('ref_axis',(1.,0.,0.));
#1421=DIRECTION('',(0.,0.,-1.));
#1422=DIRECTION('center_axis',(0.,0.,-1.));
#1423=DIRECTION('ref_axis',(1.,0.,0.));
#1424=DIRECTION('',(0.,0.,-1.));
#1425=DIRECTION('center_axis',(0.,0.,-1.));
#1426=DIRECTION('ref_axis',(1.,0.,0.));
#1427=DIRECTION('',(0.,0.,-1.));
#1428=DIRECTION('center_axis',(0.,0.,-1.));
#1429=DIRECTION('ref_axis',(1.,0.,0.));
#1430=DIRECTION('',(0.,0.,-1.));
#1431=DIRECTION('center_axis',(0.,0.,-1.));
#1432=DIRECTION('ref_axis',(1.,0.,0.));
#1433=DIRECTION('',(0.,0.,-1.));
#1434=DIRECTION('center_axis',(0.,0.,-1.));
#1435=DIRECTION('ref_axis',(1.,0.,0.));
#1436=DIRECTION('',(0.,0.,-1.));
#1437=DIRECTION('center_axis',(0.,0.,-1.));
#1438=DIRECTION('ref_axis',(0.936517688961471,-0.350620333498023,0.));
#1439=DIRECTION('',(0.,0.,-1.));
#1440=DIRECTION('center_axis',(0.,0.,-1.));
#1441=DIRECTION('ref_axis',(1.,0.,0.));
#1442=DIRECTION('center_axis',(0.,0.,-1.));
#1443=DIRECTION('ref_axis',(0.793345519179063,0.608771621544979,0.));
#1444=DIRECTION('',(1.22464679914735E-16,-6.15113760034855E-30,-1.));
#1445=DIRECTION('center_axis',(0.,0.,1.));
#1446=DIRECTION('ref_axis',(1.,-5.01053855429512E-14,0.));
#1447=DIRECTION('center_axis',(0.,0.,-1.));
#1448=DIRECTION('ref_axis',(1.,-5.01053855429512E-14,0.));
#1449=DIRECTION('',(1.22464679914735E-16,-6.15113760034855E-30,-1.));
#1450=DIRECTION('center_axis',(0.,0.,-1.));
#1451=DIRECTION('ref_axis',(1.,-5.01053855429512E-14,0.));
#1452=DIRECTION('',(1.22464679914735E-16,-6.15113760034855E-30,-1.));
#1453=DIRECTION('center_axis',(0.,0.,-1.));
#1454=DIRECTION('ref_axis',(1.,-5.01053855429512E-14,0.));
#1455=DIRECTION('',(1.22464679914735E-16,-6.15113760034855E-30,-1.));
#1456=DIRECTION('center_axis',(0.,0.,-1.));
#1457=DIRECTION('ref_axis',(1.,-5.01053855429512E-14,0.));
#1458=DIRECTION('',(1.22464679914735E-16,-6.15113760034855E-30,-1.));
#1459=DIRECTION('center_axis',(0.,0.,-1.));
#1460=DIRECTION('ref_axis',(1.,-5.01053855429512E-14,0.));
#1461=DIRECTION('',(1.22464679914735E-16,-6.15113760034855E-30,-1.));
#1462=DIRECTION('center_axis',(0.,0.,-1.));
#1463=DIRECTION('ref_axis',(1.,-5.01053855429512E-14,0.));
#1464=DIRECTION('',(1.22464679914735E-16,-6.15113760034855E-30,-1.));
#1465=DIRECTION('center_axis',(0.,0.,-1.));
#1466=DIRECTION('ref_axis',(1.,-5.01053855429512E-14,0.));
#1467=DIRECTION('',(1.22464679914735E-16,-6.15113760034855E-30,-1.));
#1468=DIRECTION('center_axis',(0.,0.,-1.));
#1469=DIRECTION('ref_axis',(1.,-5.01053855429512E-14,0.));
#1470=DIRECTION('',(1.22464679914735E-16,-6.15113760034855E-30,-1.));
#1471=DIRECTION('center_axis',(0.,0.,-1.));
#1472=DIRECTION('ref_axis',(-0.608776550415234,-0.79334173699896,0.));
#1473=DIRECTION('',(1.22464679914735E-16,-6.15113760034855E-30,-1.));
#1474=DIRECTION('center_axis',(0.,0.,-1.));
#1475=DIRECTION('ref_axis',(1.,-5.01053855429512E-14,0.));
#1476=DIRECTION('center_axis',(0.,0.,1.));
#1477=DIRECTION('ref_axis',(1.,0.,0.));
#1478=DIRECTION('center_axis',(0.,0.,-1.));
#1479=DIRECTION('ref_axis',(1.,0.,0.));
#1480=DIRECTION('center_axis',(0.,0.,-1.));
#1481=DIRECTION('ref_axis',(1.,0.,0.));
#1482=DIRECTION('center_axis',(0.,0.,-1.));
#1483=DIRECTION('ref_axis',(1.,-5.01053855429512E-14,0.));
#1484=DIRECTION('center_axis',(0.,0.,1.));
#1485=DIRECTION('ref_axis',(1.,0.,0.));
#1486=DIRECTION('',(0.857167300702112,-1.04972719113862E-16,-0.515038074910054));
#1487=DIRECTION('center_axis',(0.,0.,1.));
#1488=DIRECTION('ref_axis',(-1.,0.,0.));
#1489=DIRECTION('center_axis',(0.,0.,1.));
#1490=DIRECTION('ref_axis',(-1.,0.,0.));
#1491=DIRECTION('center_axis',(0.,0.,-1.));
#1492=DIRECTION('ref_axis',(1.,0.,0.));
#1493=DIRECTION('center_axis',(-4.58892183511731E-16,-3.19353470441279E-16,
-1.));
#1494=DIRECTION('ref_axis',(-1.,-9.97876260249461E-32,4.58892183511731E-16));
#1495=DIRECTION('center_axis',(0.,0.,1.));
#1496=DIRECTION('ref_axis',(-1.,-9.97876260249461E-32,4.58892183511731E-16));
#1497=DIRECTION('',(-4.58892183511731E-16,-3.19353470441279E-16,-1.));
#1498=DIRECTION('center_axis',(4.6258718914511E-16,3.19353470441279E-16,
1.));
#1499=DIRECTION('ref_axis',(-1.,-9.86076131526266E-32,4.6258718914511E-16));
#1500=DIRECTION('center_axis',(4.6258718914511E-16,3.19353470441279E-16,
1.));
#1501=DIRECTION('ref_axis',(-1.,-9.86076131526266E-32,4.6258718914511E-16));
#1502=DIRECTION('center_axis',(-4.6258718914511E-16,-3.19353470441279E-16,
-1.));
#1503=DIRECTION('ref_axis',(-1.,0.,0.));
#1504=DIRECTION('center_axis',(0.,0.,1.));
#1505=DIRECTION('ref_axis',(-1.,0.,0.));
#1506=DIRECTION('',(0.,0.,-1.));
#1507=DIRECTION('center_axis',(0.,0.,1.));
#1508=DIRECTION('ref_axis',(-1.,0.,0.));
#1509=DIRECTION('center_axis',(0.,0.,1.));
#1510=DIRECTION('ref_axis',(-1.,0.,0.));
#1511=DIRECTION('',(0.,0.,-1.));
#1512=DIRECTION('center_axis',(0.,0.,-1.));
#1513=DIRECTION('ref_axis',(-1.,0.,0.));
#1514=DIRECTION('center_axis',(0.,0.,1.));
#1515=DIRECTION('ref_axis',(-1.,0.,0.));
#1516=DIRECTION('center_axis',(0.,0.,-1.));
#1517=DIRECTION('ref_axis',(1.,0.,0.));
#1518=DIRECTION('center_axis',(0.,0.,1.));
#1519=DIRECTION('ref_axis',(1.,0.,0.));
#1520=DIRECTION('center_axis',(0.,0.,1.));
#1521=DIRECTION('ref_axis',(0.447213595499958,-0.894427190999916,0.));
#1522=DIRECTION('center_axis',(0.,0.,-1.));
#1523=DIRECTION('ref_axis',(0.447213595499958,-0.894427190999916,0.));
#1524=DIRECTION('',(0.,0.,1.));
#1525=DIRECTION('center_axis',(5.55111512312578E-16,0.,1.));
#1526=DIRECTION('ref_axis',(0.,-1.,0.));
#1527=DIRECTION('',(0.,0.,-1.));
#1528=DIRECTION('center_axis',(0.,1.,0.));
#1529=DIRECTION('ref_axis',(-1.,0.,0.));
#1530=DIRECTION('',(1.,0.,0.));
#1531=DIRECTION('',(0.,0.,-1.));
#1532=DIRECTION('',(-1.,0.,0.));
#1533=DIRECTION('center_axis',(0.,0.,-1.));
#1534=DIRECTION('ref_axis',(-1.,0.,0.));
#1535=DIRECTION('center_axis',(-1.,0.,0.));
#1536=DIRECTION('ref_axis',(0.,5.55111512312578E-16,1.));
#1537=DIRECTION('center_axis',(0.,0.,1.));
#1538=DIRECTION('ref_axis',(-0.707106781186547,0.707106781186547,0.));
#1539=DIRECTION('center_axis',(0.,1.,0.));
#1540=DIRECTION('ref_axis',(-1.,0.,0.));
#1541=DIRECTION('center_axis',(0.,0.,-1.));
#1542=DIRECTION('ref_axis',(-0.707106781186548,0.707106781186548,0.));
#1543=DIRECTION('center_axis',(0.,0.,-1.));
#1544=DIRECTION('ref_axis',(-0.707106781186547,0.707106781186547,0.));
#1545=DIRECTION('center_axis',(0.,0.,1.));
#1546=DIRECTION('ref_axis',(-0.707106781186547,0.707106781186547,0.));
#1547=DIRECTION('',(0.,0.,1.));
#1548=DIRECTION('center_axis',(0.,1.,0.));
#1549=DIRECTION('ref_axis',(-0.707106781186548,0.,0.707106781186548));
#1550=DIRECTION('',(0.,-1.,0.));
#1551=DIRECTION('center_axis',(0.,-1.,-2.77555756156289E-16));
#1552=DIRECTION('ref_axis',(0.,-2.77555756156289E-16,1.));
#1553=DIRECTION('',(0.,1.,0.));
#1554=DIRECTION('',(0.,1.,0.));
#1555=DIRECTION('center_axis',(-1.,0.,0.));
#1556=DIRECTION('ref_axis',(0.,-1.,0.));
#1557=DIRECTION('',(0.,1.,0.));
#1558=DIRECTION('',(0.,0.,-1.));
#1559=DIRECTION('center_axis',(0.,0.,-1.));
#1560=DIRECTION('ref_axis',(1.,0.,0.));
#1561=DIRECTION('center_axis',(0.,0.,-1.));
#1562=DIRECTION('ref_axis',(1.,0.,0.));
#1563=DIRECTION('center_axis',(0.,0.,-1.));
#1564=DIRECTION('ref_axis',(-0.447213595499958,-0.894427190999916,0.));
#1565=DIRECTION('',(1.,0.,0.));
#1566=DIRECTION('center_axis',(0.,0.,1.));
#1567=DIRECTION('ref_axis',(0.707106781186547,0.707106781186547,0.));
#1568=DIRECTION('',(0.,-1.,0.));
#1569=DIRECTION('center_axis',(0.,0.,1.));
#1570=DIRECTION('ref_axis',(0.707106781186547,-0.707106781186547,0.));
#1571=DIRECTION('',(-1.,0.,0.));
#1572=DIRECTION('center_axis',(0.,0.,-1.));
#1573=DIRECTION('ref_axis',(-0.447213595499958,0.894427190999916,0.));
#1574=DIRECTION('center_axis',(0.,0.,-1.));
#1575=DIRECTION('ref_axis',(1.,0.,0.));
#1576=DIRECTION('center_axis',(0.,0.,-1.));
#1577=DIRECTION('ref_axis',(0.447213595499958,0.894427190999916,0.));
#1578=DIRECTION('',(-1.,0.,0.));
#1579=DIRECTION('center_axis',(0.,0.,1.));
#1580=DIRECTION('ref_axis',(-0.707106781186548,-0.707106781186547,0.));
#1581=DIRECTION('center_axis',(0.,0.,1.));
#1582=DIRECTION('ref_axis',(1.,0.,0.));
#1583=DIRECTION('center_axis',(0.,0.,1.));
#1584=DIRECTION('ref_axis',(1.,0.,0.));
#1585=DIRECTION('center_axis',(0.,0.,-1.));
#1586=DIRECTION('ref_axis',(-1.,0.,0.));
#1587=DIRECTION('center_axis',(0.,0.,1.));
#1588=DIRECTION('ref_axis',(-0.707106781186547,-0.707106781186548,0.));
#1589=DIRECTION('center_axis',(-1.,0.,0.));
#1590=DIRECTION('ref_axis',(0.,-1.,0.));
#1591=DIRECTION('center_axis',(0.,0.,-1.));
#1592=DIRECTION('ref_axis',(-0.707106781186547,-0.707106781186548,0.));
#1593=DIRECTION('center_axis',(0.,0.,-1.));
#1594=DIRECTION('ref_axis',(-0.707106781186548,-0.707106781186547,0.));
#1595=DIRECTION('',(0.,0.,1.));
#1596=DIRECTION('center_axis',(0.,0.,1.));
#1597=DIRECTION('ref_axis',(1.,0.,0.));
#1598=DIRECTION('center_axis',(0.,0.,1.));
#1599=DIRECTION('ref_axis',(1.,0.,0.));
#1600=DIRECTION('',(-1.,0.,0.));
#1601=DIRECTION('center_axis',(0.,0.,-1.));
#1602=DIRECTION('ref_axis',(6.12323399573676E-17,-1.,0.));
#1603=DIRECTION('',(-1.,0.,0.));
#1604=DIRECTION('center_axis',(0.,0.,-1.));
#1605=DIRECTION('ref_axis',(0.707106781186547,-0.707106781186548,0.));
#1606=DIRECTION('',(0.,-1.,0.));
#1607=DIRECTION('center_axis',(0.,0.,1.));
#1608=DIRECTION('ref_axis',(1.,0.,0.));
#1609=DIRECTION('center_axis',(0.,0.,1.));
#1610=DIRECTION('ref_axis',(1.,0.,0.));
#1611=DIRECTION('',(0.,-1.,0.));
#1612=DIRECTION('center_axis',(0.,0.,-1.));
#1613=DIRECTION('ref_axis',(0.707106781186548,0.707106781186548,0.));
#1614=DIRECTION('',(1.,0.,0.));
#1615=DIRECTION('center_axis',(0.,0.,-1.));
#1616=DIRECTION('ref_axis',(6.12323399573676E-17,1.,0.));
#1617=DIRECTION('',(1.,0.,0.));
#1618=DIRECTION('center_axis',(0.,0.,1.));
#1619=DIRECTION('ref_axis',(1.,0.,0.));
#1620=DIRECTION('center_axis',(-1.,0.,0.));
#1621=DIRECTION('ref_axis',(0.,-0.707106781186548,0.707106781186548));
#1622=DIRECTION('',(1.,0.,0.));
#1623=DIRECTION('center_axis',(2.22044604925031E-16,4.44089209850063E-16,
-1.));
#1624=DIRECTION('ref_axis',(0.,1.,4.44089209850063E-16));
#1625=DIRECTION('center_axis',(0.,0.,-1.));
#1626=DIRECTION('ref_axis',(0.447213595499958,0.894427190999916,0.));
#1627=DIRECTION('',(0.,0.,-1.));
#1628=DIRECTION('',(0.,0.,1.));
#1629=DIRECTION('center_axis',(0.,-1.,0.));
#1630=DIRECTION('ref_axis',(1.,0.,0.));
#1631=DIRECTION('center_axis',(0.,0.,-1.));
#1632=DIRECTION('ref_axis',(-1.,0.,0.));
#1633=DIRECTION('center_axis',(0.,0.,1.));
#1634=DIRECTION('ref_axis',(6.12323399573677E-17,-1.,0.));
#1635=DIRECTION('center_axis',(0.,0.,-1.));
#1636=DIRECTION('ref_axis',(-0.447213595499958,-0.894427190999916,0.));
#1637=DIRECTION('center_axis',(-3.33066907387547E-16,4.44089209850063E-16,
1.));
#1638=DIRECTION('ref_axis',(-0.8,-0.6,0.));
#1639=DIRECTION('',(0.,0.,-1.));
#1640=DIRECTION('',(0.,0.,1.));
#1641=DIRECTION('center_axis',(0.,0.,-1.));
#1642=DIRECTION('ref_axis',(-1.,0.,0.));
#1643=DIRECTION('center_axis',(0.,0.,1.));
#1644=DIRECTION('ref_axis',(6.12323399573677E-17,1.,0.));
#1645=DIRECTION('center_axis',(0.,0.,1.));
#1646=DIRECTION('ref_axis',(1.,0.,0.));
#1647=DIRECTION('center_axis',(0.,0.,-1.));
#1648=DIRECTION('ref_axis',(-1.,0.,0.));
#1649=DIRECTION('center_axis',(0.,1.,0.));
#1650=DIRECTION('ref_axis',(0.,0.,1.));
#1651=DIRECTION('center_axis',(0.,0.,1.));
#1652=DIRECTION('ref_axis',(0.707106781186547,0.707106781186547,0.));
#1653=DIRECTION('center_axis',(1.,0.,0.));
#1654=DIRECTION('ref_axis',(0.,1.,0.));
#1655=DIRECTION('center_axis',(0.,0.,-1.));
#1656=DIRECTION('ref_axis',(0.707106781186547,0.707106781186547,0.));
#1657=DIRECTION('',(0.,0.,1.));
#1658=DIRECTION('',(0.,0.,-1.));
#1659=DIRECTION('center_axis',(0.,-1.,0.));
#1660=DIRECTION('ref_axis',(0.707106781186548,0.,0.707106781186548));
#1661=DIRECTION('center_axis',(2.77555756156289E-16,-1.,5.55111512312578E-16));
#1662=DIRECTION('ref_axis',(1.,2.77555756156289E-16,0.));
#1663=DIRECTION('',(0.,1.,0.));
#1664=DIRECTION('center_axis',(1.,0.,0.));
#1665=DIRECTION('ref_axis',(0.,0.707106781186547,0.707106781186548));
#1666=DIRECTION('',(-1.,0.,0.));
#1667=DIRECTION('center_axis',(0.,0.,-1.));
#1668=DIRECTION('ref_axis',(-1.,0.,0.));
#1669=DIRECTION('center_axis',(1.,0.,0.));
#1670=DIRECTION('ref_axis',(0.,-5.55111512312578E-16,1.));
#1671=DIRECTION('center_axis',(0.,0.,1.));
#1672=DIRECTION('ref_axis',(0.707106781186547,-0.707106781186548,0.));
#1673=DIRECTION('center_axis',(0.,0.,-1.));
#1674=DIRECTION('ref_axis',(0.707106781186547,-0.707106781186547,0.));
#1675=DIRECTION('',(0.,0.,1.));
#1676=DIRECTION('',(0.,0.,-1.));
#1677=DIRECTION('center_axis',(1.,0.,0.));
#1678=DIRECTION('ref_axis',(0.,1.,0.));
#1679=DIRECTION('center_axis',(-7.77156117237609E-16,4.44089209850062E-16,
-1.));
#1680=DIRECTION('ref_axis',(-0.8,0.6,8.88178419700125E-16));
#1681=DIRECTION('center_axis',(0.,0.,-1.));
#1682=DIRECTION('ref_axis',(-0.447213595499958,0.894427190999916,0.));
#1683=DIRECTION('',(0.,0.,-1.));
#1684=DIRECTION('',(0.,0.,1.));
#1685=DIRECTION('center_axis',(0.,0.,1.));
#1686=DIRECTION('ref_axis',(1.,0.,0.));
#1687=DIRECTION('center_axis',(-1.,0.,0.));
#1688=DIRECTION('ref_axis',(0.,-0.707106781186548,0.707106781186548));
#1689=DIRECTION('',(1.,0.,0.));
#1690=DIRECTION('center_axis',(0.,0.,1.));
#1691=DIRECTION('ref_axis',(1.,0.,0.));
#1692=DIRECTION('center_axis',(0.,0.,-1.));
#1693=DIRECTION('ref_axis',(1.,0.,0.));
#1694=DIRECTION('center_axis',(1.22464679914735E-16,-1.,0.));
#1695=DIRECTION('ref_axis',(-1.,-1.22464679914735E-16,0.));
#1696=DIRECTION('center_axis',(0.,0.,1.));
#1697=DIRECTION('ref_axis',(1.,0.,0.));
#1698=DIRECTION('',(0.,0.,-1.));
#1699=DIRECTION('center_axis',(0.,0.,-1.));
#1700=DIRECTION('ref_axis',(1.,0.,0.));
#1701=DIRECTION('center_axis',(0.,0.,1.));
#1702=DIRECTION('ref_axis',(1.,0.,0.));
#1703=DIRECTION('center_axis',(0.,0.,-1.));
#1704=DIRECTION('ref_axis',(1.,0.,0.));
#1705=DIRECTION('center_axis',(1.22464679914735E-16,-1.,0.));
#1706=DIRECTION('ref_axis',(-1.,-1.22464679914735E-16,0.));
#1707=DIRECTION('center_axis',(0.,0.,1.));
#1708=DIRECTION('ref_axis',(1.,0.,0.));
#1709=DIRECTION('',(0.,0.,-1.));
#1710=DIRECTION('center_axis',(0.,0.,-1.));
#1711=DIRECTION('ref_axis',(1.,0.,0.));
#1712=DIRECTION('center_axis',(1.,0.,0.));
#1713=DIRECTION('ref_axis',(0.,0.707106781186547,0.707106781186548));
#1714=DIRECTION('center_axis',(0.,1.,0.));
#1715=DIRECTION('ref_axis',(-1.,0.,0.));
#1716=DIRECTION('center_axis',(0.,0.,-1.));
#1717=DIRECTION('ref_axis',(1.,0.,0.));
#1718=DIRECTION('center_axis',(0.,0.,1.));
#1719=DIRECTION('ref_axis',(1.,0.,0.));
#1720=DIRECTION('center_axis',(0.,0.,-1.));
#1721=DIRECTION('ref_axis',(1.,0.,0.));
#1722=DIRECTION('center_axis',(0.,0.,1.));
#1723=DIRECTION('ref_axis',(1.,0.,0.));
#1724=DIRECTION('center_axis',(0.,0.,-1.));
#1725=DIRECTION('ref_axis',(1.,0.,0.));
#1726=DIRECTION('center_axis',(0.,0.,-1.));
#1727=DIRECTION('ref_axis',(1.,0.,0.));
#1728=DIRECTION('',(0.,0.,1.));
#1729=DIRECTION('center_axis',(0.,0.,-1.));
#1730=DIRECTION('ref_axis',(1.,0.,0.));
#1731=DIRECTION('',(0.,0.,1.));
#1732=DIRECTION('center_axis',(0.,0.,1.));
#1733=DIRECTION('ref_axis',(1.,0.,0.));
#1734=DIRECTION('',(0.,0.,-1.));
#1735=DIRECTION('center_axis',(0.,-1.,0.));
#1736=DIRECTION('ref_axis',(1.,0.,0.));
#1737=CARTESIAN_POINT('',(0.,0.,0.));
#1738=CARTESIAN_POINT('Origin',(-3.508354701546E-16,5.55111512312578E-16,
68.));
#1739=CARTESIAN_POINT('',(-7.51829128115935,-9.96924671289173E-5,63.3859733218351));
#1740=CARTESIAN_POINT('',(-7.51715241409058,0.000152313359374169,63.114026678165));
#1741=CARTESIAN_POINT('',(-7.51775,1.47577035974158E-15,68.));
#1742=CARTESIAN_POINT('',(-5.66944583855491,4.93699796902859,63.));
#1743=CARTESIAN_POINT('Ctrl Pts',(-7.51715241409058,0.000152313359374169,
63.114026678165));
#1744=CARTESIAN_POINT('Ctrl Pts',(-7.51733374996717,0.545444485217552,63.1024853842197));
#1745=CARTESIAN_POINT('Ctrl Pts',(-7.45880545613376,1.09067073614883,63.0909440902745));
#1746=CARTESIAN_POINT('Ctrl Pts',(-7.34114281051073,1.62276171393322,63.0794027963292));
#1747=CARTESIAN_POINT('Ctrl Pts',(-7.0713075814542,2.84300361916254,63.0529351975528));
#1748=CARTESIAN_POINT('Ctrl Pts',(-6.49047268739605,3.99416443320274,63.0264675987764));
#1749=CARTESIAN_POINT('Ctrl Pts',(-5.66944583855491,4.93699796902859,63.));
#1750=CARTESIAN_POINT('',(5.66994315674392,4.93733503828688,63.));
#1751=CARTESIAN_POINT('Origin',(-3.508354701546E-16,5.55111512312578E-16,
63.));
#1752=CARTESIAN_POINT('Ctrl Pts',(5.66994315674392,4.93733503828688,63.));
#1753=CARTESIAN_POINT('Ctrl Pts',(4.89777877870816,5.8231223265318,63.0248834862814));
#1754=CARTESIAN_POINT('Ctrl Pts',(3.91463032537162,6.52554826482291,63.0497669725628));
#1755=CARTESIAN_POINT('Ctrl Pts',(2.82571182056217,6.96718053456513,63.0746504588442));
#1756=CARTESIAN_POINT('Ctrl Pts',(1.66747146149115,7.43692764275032,63.1011180576206));
#1757=CARTESIAN_POINT('Ctrl Pts',(0.389565495661136,7.61161927775372,63.1275856563971));
#1758=CARTESIAN_POINT('Ctrl Pts',(-0.852250011551318,7.46994184760662,63.1540532551735));
#1759=CARTESIAN_POINT('Ctrl Pts',(-2.09406551876377,7.32826441745953,63.1805208539499));
#1760=CARTESIAN_POINT('Ctrl Pts',(-3.29979056735867,6.87021792216193,63.2069884527263));
#1761=CARTESIAN_POINT('Ctrl Pts',(-4.32245219280778,6.15164431161062,63.2334560515027));
#1762=CARTESIAN_POINT('Ctrl Pts',(-5.3451138182569,5.43307070105931,63.2599236502791));
#1763=CARTESIAN_POINT('Ctrl Pts',(-6.18471202056023,4.45396997525427,63.2863912490555));
#1764=CARTESIAN_POINT('Ctrl Pts',(-6.73890911006161,3.3336816569012,63.312858847832));
#1765=CARTESIAN_POINT('Ctrl Pts',(-7.24921643632924,2.30211482405846,63.3372303391663));
#1766=CARTESIAN_POINT('Ctrl Pts',(-7.51753745793987,1.15083765284774,63.3616018305007));
#1767=CARTESIAN_POINT('Ctrl Pts',(-7.51829128115935,-9.96924671289173E-5,
63.3859733218351));
#1768=CARTESIAN_POINT('Origin',(-3.508354701546E-16,5.55111512312578E-16,
68.));
#1769=CARTESIAN_POINT('',(-7.51711164406553,-1.72766876105346E-5,64.3859733218351));
#1770=CARTESIAN_POINT('',(-7.51838212876856,3.96342106876065E-5,64.114026678165));
#1771=CARTESIAN_POINT('',(-7.51775,1.47577035974158E-15,68.));
#1772=CARTESIAN_POINT('Ctrl Pts',(-7.51838212876856,3.96342106876065E-5,
64.114026678165));
#1773=CARTESIAN_POINT('Ctrl Pts',(-7.51839308470776,0.0376217884296505,
64.1132308349798));
#1774=CARTESIAN_POINT('Ctrl Pts',(-7.51811718118541,0.0752037812565171,
64.1124349917946));
#1775=CARTESIAN_POINT('Ctrl Pts',(-7.51755342531875,0.112781455625882,64.1116391486095));
#1776=CARTESIAN_POINT('Ctrl Pts',(-7.49880442505755,1.36251359719996,64.085171549833));
#1777=CARTESIAN_POINT('Ctrl Pts',(-7.16167683679772,2.60746931631753,64.0587039510566));
#1778=CARTESIAN_POINT('Ctrl Pts',(-6.54726373619702,3.6958986591338,64.0322363522802));
#1779=CARTESIAN_POINT('Ctrl Pts',(-5.93285063559633,4.78432800195008,64.0057687535038));
#1780=CARTESIAN_POINT('Ctrl Pts',(-5.04115202265477,5.71623096846505,63.9793011547274));
#1781=CARTESIAN_POINT('Ctrl Pts',(-3.98085865565362,6.3780163894595,63.9528335559509));
#1782=CARTESIAN_POINT('Ctrl Pts',(-2.92056528865246,7.03980181045394,63.9263659571745));
#1783=CARTESIAN_POINT('Ctrl Pts',(-1.6916771675917,7.43146968592785,63.8998983583981));
#1784=CARTESIAN_POINT('Ctrl Pts',(-0.443985625601742,7.50527860980653,63.8734307596217));
#1785=CARTESIAN_POINT('Ctrl Pts',(0.803705916388252,7.57908753368521,63.8469631608453));
#1786=CARTESIAN_POINT('Ctrl Pts',(2.07020087930744,7.33503750596863,63.8204955620689));
#1787=CARTESIAN_POINT('Ctrl Pts',(3.20112384711065,6.80287685041082,63.7940279632925));
#1788=CARTESIAN_POINT('Ctrl Pts',(4.33204681491384,6.27071619485302,63.7675603645161));
#1789=CARTESIAN_POINT('Ctrl Pts',(5.32739778760105,5.450444911454,63.7410927657396));
#1790=CARTESIAN_POINT('Ctrl Pts',(6.06585181565673,4.44204604896048,63.7146251669632));
#1791=CARTESIAN_POINT('Ctrl Pts',(6.8043058437124,3.43364718646698,63.6881575681868));
#1792=CARTESIAN_POINT('Ctrl Pts',(7.28586292713655,2.23712074487893,63.6616899694104));
#1793=CARTESIAN_POINT('Ctrl Pts',(7.45182488161204,0.99831609972152,63.635222370634));
#1794=CARTESIAN_POINT('Ctrl Pts',(7.61778683608752,-0.240488545435942,63.6087547718576));
#1795=CARTESIAN_POINT('Ctrl Pts',(7.46815366161433,-1.52157139416281,63.5822871730811));
#1796=CARTESIAN_POINT('Ctrl Pts',(7.02116508743166,-2.68878433281909,63.5558195743047));
#1797=CARTESIAN_POINT('Ctrl Pts',(6.574176513249,-3.85599727147533,63.5293519755283));
#1798=CARTESIAN_POINT('Ctrl Pts',(5.82983253935688,-4.90934030006098,63.5028843767519));
#1799=CARTESIAN_POINT('Ctrl Pts',(4.87886120764007,-5.72040858661211,63.4764167779755));
#1800=CARTESIAN_POINT('Ctrl Pts',(3.92788987592326,-6.53147687316324,63.4499491791991));
#1801=CARTESIAN_POINT('Ctrl Pts',(2.77029118638177,-7.10027041767986,63.4234815804227));
#1802=CARTESIAN_POINT('Ctrl Pts',(1.54716972819308,-7.35748036281354,63.3970139816462));
#1803=CARTESIAN_POINT('Ctrl Pts',(0.324048270004378,-7.61469030794722,63.3705463828698));
#1804=CARTESIAN_POINT('Ctrl Pts',(-0.964595956831519,-7.56031665369797,
63.3440787840934));
#1805=CARTESIAN_POINT('Ctrl Pts',(-2.16169355324257,-7.20094131648048,63.317611185317));
#1806=CARTESIAN_POINT('Ctrl Pts',(-3.35879114965362,-6.84156597926299,63.2911435865406));
#1807=CARTESIAN_POINT('Ctrl Pts',(-4.46434211563983,-6.17718895907728,63.2646759877642));
#1808=CARTESIAN_POINT('Ctrl Pts',(-5.34357694630811,-5.28888615652463,63.2382083889877));
#1809=CARTESIAN_POINT('Ctrl Pts',(-6.2228117769764,-4.40058335397199,63.2117407902113));
#1810=CARTESIAN_POINT('Ctrl Pts',(-6.87573047232676,-3.28835476905241,63.1852731914349));
#1811=CARTESIAN_POINT('Ctrl Pts',(-7.22277203797447,-2.08757897838343,63.1588055926585));
#1812=CARTESIAN_POINT('Ctrl Pts',(-7.41848485052333,-1.41040589453743,63.1438792878273));
#1813=CARTESIAN_POINT('Ctrl Pts',(-7.51691789319685,-0.705071660471467,
63.1289529829961));
#1814=CARTESIAN_POINT('Ctrl Pts',(-7.51715241409058,0.000152313359374169,
63.114026678165));
#1815=CARTESIAN_POINT('Ctrl Pts',(-7.51829128115935,-9.96924671289173E-5,
63.3859733218351));
#1816=CARTESIAN_POINT('Ctrl Pts',(-7.51835611487997,-0.0990878217425259,
63.3880694292771));
#1817=CARTESIAN_POINT('Ctrl Pts',(-7.51644172099083,-0.198073437283804,
63.3901655367192));
#1818=CARTESIAN_POINT('Ctrl Pts',(-7.51253182490338,-0.296980163064047,
63.3922616441612));
#1819=CARTESIAN_POINT('Ctrl Pts',(-7.46316147354432,-1.54587775377515,63.4187292429376));
#1820=CARTESIAN_POINT('Ctrl Pts',(-7.09562479412674,-2.7821970242962,63.4451968417141));
#1821=CARTESIAN_POINT('Ctrl Pts',(-6.45472207374789,-3.8552419600614,63.4716644404905));
#1822=CARTESIAN_POINT('Ctrl Pts',(-5.81381935336906,-4.92828689582657,63.4981320392669));
#1823=CARTESIAN_POINT('Ctrl Pts',(-4.89955059202899,-5.83805749683589,63.5245996380433));
#1824=CARTESIAN_POINT('Ctrl Pts',(-3.82335735925284,-6.47365963240183,63.5510672368197));
#1825=CARTESIAN_POINT('Ctrl Pts',(-2.7471641264767,-7.10926176796777,63.5775348355961));
#1826=CARTESIAN_POINT('Ctrl Pts',(-1.50904642226449,-7.47069543809033,63.6040024343725));
#1827=CARTESIAN_POINT('Ctrl Pts',(-0.259920768574482,-7.51390512221123,
63.630470033149));
#1828=CARTESIAN_POINT('Ctrl Pts',(0.989204885115559,-7.55711480633214,63.6569376319254));
#1829=CARTESIAN_POINT('Ctrl Pts',(2.24933848828339,-7.28210050445137,63.6834052307018));
#1830=CARTESIAN_POINT('Ctrl Pts',(3.36688016979979,-6.72238406673978,63.7098728294782));
#1831=CARTESIAN_POINT('Ctrl Pts',(4.48442185131612,-6.16266762902823,63.7363404282546));
#1832=CARTESIAN_POINT('Ctrl Pts',(5.45937161118102,-5.31824905548589,63.762808027031));
#1833=CARTESIAN_POINT('Ctrl Pts',(6.17289104532285,-4.29205610300205,63.7892756258074));
#1834=CARTESIAN_POINT('Ctrl Pts',(6.88641047946471,-3.26586315051815,63.8157432245838));
#1835=CARTESIAN_POINT('Ctrl Pts',(7.33849958788347,-2.05789581909273,63.8422108233603));
#1836=CARTESIAN_POINT('Ctrl Pts',(7.47405243665319,-0.815395375684852,63.8686784221367));
#1837=CARTESIAN_POINT('Ctrl Pts',(7.60960528542291,0.427105067722988,63.8951460209131));
#1838=CARTESIAN_POINT('Ctrl Pts',(7.42862187454363,1.70413862311327,63.9216136196895));
#1839=CARTESIAN_POINT('Ctrl Pts',(6.95316258776913,2.86004536972042,63.9480812184659));
#1840=CARTESIAN_POINT('Ctrl Pts',(6.47770330099462,4.01595211632756,63.9745488172424));
#1841=CARTESIAN_POINT('Ctrl Pts',(5.7077681383249,5.05073205415156,64.0010164160188));
#1842=CARTESIAN_POINT('Ctrl Pts',(4.73720587822444,5.83825401289473,64.0274840147952));
#1843=CARTESIAN_POINT('Ctrl Pts',(3.76664361812394,6.62577597163793,64.0539516135716));
#1844=CARTESIAN_POINT('Ctrl Pts',(2.59545426059269,7.16603995130027,64.080419212348));
#1845=CARTESIAN_POINT('Ctrl Pts',(1.36639616998957,7.39319220497051,64.1068868111244));
#1846=CARTESIAN_POINT('Ctrl Pts',(0.137338079386517,7.62034445864073,64.1333544099008));
#1847=CARTESIAN_POINT('Ctrl Pts',(-1.14958874428839,7.53438498631887,64.1598220086773));
#1848=CARTESIAN_POINT('Ctrl Pts',(-2.33751848699323,7.14579154374006,64.1862896074537));
#1849=CARTESIAN_POINT('Ctrl Pts',(-3.52544822969813,6.75719810116123,64.2127572062301));
#1850=CARTESIAN_POINT('Ctrl Pts',(-4.61438089143294,6.06597068832541,64.2392248050065));
#1851=CARTESIAN_POINT('Ctrl Pts',(-5.47158452220348,5.15636425041708,64.2656924037829));
#1852=CARTESIAN_POINT('Ctrl Pts',(-6.328788152974,4.24675781250877,64.2921600025593));
#1853=CARTESIAN_POINT('Ctrl Pts',(-6.95426275278026,3.11877234952797,64.3186276013357));
#1854=CARTESIAN_POINT('Ctrl Pts',(-7.27176810332995,1.90990002818959,64.3450952001122));
#1855=CARTESIAN_POINT('Ctrl Pts',(-7.43522610440118,1.28754877378014,64.3587212406865));
#1856=CARTESIAN_POINT('Ctrl Pts',(-7.5170601522247,0.643759323314195,64.3723472812607));
#1857=CARTESIAN_POINT('Ctrl Pts',(-7.51711164406553,-1.72766876105346E-5,
64.3859733218351));
#1858=CARTESIAN_POINT('Origin',(-3.508354701546E-16,5.55111512312578E-16,
68.));
#1859=CARTESIAN_POINT('',(-7.51820760816415,0.000130347908249284,65.3859733218351));
#1860=CARTESIAN_POINT('',(-7.51726474601435,-0.000132290492845578,65.114026678165));
#1861=CARTESIAN_POINT('',(-7.51775,1.47577035974158E-15,68.));
#1862=CARTESIAN_POINT('Ctrl Pts',(-7.51726474601435,-0.000132290492845578,
65.114026678165));
#1863=CARTESIAN_POINT('Ctrl Pts',(-7.51677440854246,0.780232057834658,65.0975086869635));
#1864=CARTESIAN_POINT('Ctrl Pts',(-7.39586665565292,1.56074485637423,65.0809906957619));
#1865=CARTESIAN_POINT('Ctrl Pts',(-7.15690563840933,2.303265260381,65.0644727045604));
#1866=CARTESIAN_POINT('Ctrl Pts',(-6.77400651644914,3.49304263081251,65.038005105784));
#1867=CARTESIAN_POINT('Ctrl Pts',(-6.08800272660268,4.58527359123936,65.0115375070076));
#1868=CARTESIAN_POINT('Ctrl Pts',(-5.18251249820833,5.44682415566509,64.9850699082312));
#1869=CARTESIAN_POINT('Ctrl Pts',(-4.277022269814,6.30837472009079,64.9586023094547));
#1870=CARTESIAN_POINT('Ctrl Pts',(-3.1520456028718,6.9392448885154,64.9321347106783));
#1871=CARTESIAN_POINT('Ctrl Pts',(-1.94470791612348,7.26253676738725,64.9056671119019));
#1872=CARTESIAN_POINT('Ctrl Pts',(-0.737370229375112,7.58582864625911,64.8791995131255));
#1873=CARTESIAN_POINT('Ctrl Pts',(0.552328477179393,7.60154223557821,64.8527319143491));
#1874=CARTESIAN_POINT('Ctrl Pts',(1.76718452068067,7.30776217776955,64.8262643155727));
#1875=CARTESIAN_POINT('Ctrl Pts',(2.98204056418188,7.01398211996091,64.7997967167962));
#1876=CARTESIAN_POINT('Ctrl Pts',(4.12205394462989,6.41070841502454,64.7733291180198));
#1877=CARTESIAN_POINT('Ctrl Pts',(5.04826639135873,5.57147517434937,64.7468615192434));
#1878=CARTESIAN_POINT('Ctrl Pts',(5.9744788380876,4.73224193367418,64.720393920467));
#1879=CARTESIAN_POINT('Ctrl Pts',(6.6868903510973,3.65704915726017,64.6939263216906));
#1880=CARTESIAN_POINT('Ctrl Pts',(7.09866381645321,2.47695401611296,64.6674587229142));
#1881=CARTESIAN_POINT('Ctrl Pts',(7.51043728180913,1.29685887496571,64.6409911241378));
#1882=CARTESIAN_POINT('Ctrl Pts',(7.62157269951126,0.0118613690852515,64.6145235253613));
#1883=CARTESIAN_POINT('Ctrl Pts',(7.41852357459042,-1.221407855927,64.5880559265849));
#1884=CARTESIAN_POINT('Ctrl Pts',(7.2154744496696,-2.45467708093919,64.5615883278085));
#1885=CARTESIAN_POINT('Ctrl Pts',(6.69824078212588,-3.63621802508313,64.5351207290321));
#1886=CARTESIAN_POINT('Ctrl Pts',(5.92986910925623,-4.62201054968202,64.5086531302557));
#1887=CARTESIAN_POINT('Ctrl Pts',(5.16149743638654,-5.60780307428095,64.4821855314793));
#1888=CARTESIAN_POINT('Ctrl Pts',(4.14198775819092,-6.39784717933477,64.4557179327028));
#1889=CARTESIAN_POINT('Ctrl Pts',(2.99560993318789,-6.8958429732623,64.4292503339264));
#1890=CARTESIAN_POINT('Ctrl Pts',(1.8492321081849,-7.39383876718981,64.40278273515));
#1891=CARTESIAN_POINT('Ctrl Pts',(0.575986136374505,-7.59978624999105,64.3763151363736));
#1892=CARTESIAN_POINT('Ctrl Pts',(-0.668929752120261,-7.48858211873991,
64.3498475375972));
#1893=CARTESIAN_POINT('Ctrl Pts',(-1.91384564061503,-7.37737798748877,64.3233799388208));
#1894=CARTESIAN_POINT('Ctrl Pts',(-3.13043144579417,-6.94902224218525,64.2969123400444));
#1895=CARTESIAN_POINT('Ctrl Pts',(-4.17039534823903,-6.25572792238811,64.2704447412679));
#1896=CARTESIAN_POINT('Ctrl Pts',(-5.21035925068391,-5.56243360259096,64.2439771424915));
#1897=CARTESIAN_POINT('Ctrl Pts',(-6.0737012503945,-4.60420070830016,64.2175095437151));
#1898=CARTESIAN_POINT('Ctrl Pts',(-6.65518704411851,-3.49782997913946,64.1910419449387));
#1899=CARTESIAN_POINT('Ctrl Pts',(-7.21918838411033,-2.42472624984951,64.1653701893475));
#1900=CARTESIAN_POINT('Ctrl Pts',(-7.51802871970676,-1.21225934086455,64.1396984337562));
#1901=CARTESIAN_POINT('Ctrl Pts',(-7.51838212876856,3.96342106876065E-5,
64.114026678165));
#1902=CARTESIAN_POINT('Ctrl Pts',(-7.51711164406553,-1.72766876105346E-5,
64.3859733218351));
#1903=CARTESIAN_POINT('Ctrl Pts',(-7.51716017140311,-0.606730182979137,
64.3988148800372));
#1904=CARTESIAN_POINT('Ctrl Pts',(-7.44457188707145,-1.21343167587411,64.4116564382393));
#1905=CARTESIAN_POINT('Ctrl Pts',(-7.2992140348707,-1.80216645706961,64.4244979964414));
#1906=CARTESIAN_POINT('Ctrl Pts',(-6.99961851456866,-3.01560144129448,64.4509655952178));
#1907=CARTESIAN_POINT('Ctrl Pts',(-6.39089137267146,-4.15271223004827,64.4774331939942));
#1908=CARTESIAN_POINT('Ctrl Pts',(-5.54723144958377,-5.07489435466848,64.5039007927706));
#1909=CARTESIAN_POINT('Ctrl Pts',(-4.70357152649607,-5.99707647928868,64.5303683915471));
#1910=CARTESIAN_POINT('Ctrl Pts',(-3.62497882221786,-6.70432993977531,64.5568359903235));
#1911=CARTESIAN_POINT('Ctrl Pts',(-2.4429249313145,-7.1104463464661,64.5833035890999));
#1912=CARTESIAN_POINT('Ctrl Pts',(-1.26087104041111,-7.51656275315691,64.6097711878763));
#1913=CARTESIAN_POINT('Ctrl Pts',(0.0246440371174357,-7.62154210605187,
64.6362387866527));
#1914=CARTESIAN_POINT('Ctrl Pts',(1.25692656844467,-7.41258828397244,64.6627063854291));
#1915=CARTESIAN_POINT('Ctrl Pts',(2.48920909977187,-7.20363446189301,64.6891739842056));
#1916=CARTESIAN_POINT('Ctrl Pts',(3.66825908489778,-6.68074746483919,64.715641582982));
#1917=CARTESIAN_POINT('Ctrl Pts',(4.65036001157668,-5.90766292444206,64.7421091817584));
#1918=CARTESIAN_POINT('Ctrl Pts',(5.63246093825558,-5.13457838404493,64.7685767805348));
#1919=CARTESIAN_POINT('Ctrl Pts',(6.41761280648748,-4.11129630030448,64.7950443793112));
#1920=CARTESIAN_POINT('Ctrl Pts',(6.91011205026553,-2.96254635725471,64.8215119780876));
#1921=CARTESIAN_POINT('Ctrl Pts',(7.40261129404358,-1.81379641420493,64.847979576864));
#1922=CARTESIAN_POINT('Ctrl Pts',(7.60245791336776,-0.539578611845855,64.8744471756405));
#1923=CARTESIAN_POINT('Ctrl Pts',(7.48529224624222,0.704790362063708,64.9009147744169));
#1924=CARTESIAN_POINT('Ctrl Pts',(7.36812657911669,1.94915933597325,64.9273823731933));
#1925=CARTESIAN_POINT('Ctrl Pts',(6.93394862554143,3.16367948143326,64.9538499719697));
#1926=CARTESIAN_POINT('Ctrl Pts',(6.23568111310827,4.20031076489956,64.9803175707461));
#1927=CARTESIAN_POINT('Ctrl Pts',(5.53741360067509,5.23694204836589,65.0067851695225));
#1928=CARTESIAN_POINT('Ctrl Pts',(4.57505652938398,6.09568446983853,65.033252768299));
#1929=CARTESIAN_POINT('Ctrl Pts',(3.46591332450041,6.67186437910429,65.0597203670754));
#1930=CARTESIAN_POINT('Ctrl Pts',(2.35677011961686,7.24804428837004,65.0861879658518));
#1931=CARTESIAN_POINT('Ctrl Pts',(1.10084078114084,7.54166168542894,65.1126555646282));
#1932=CARTESIAN_POINT('Ctrl Pts',(-0.148787216755934,7.51692702041454,65.1391231634046));
#1933=CARTESIAN_POINT('Ctrl Pts',(-1.39841521465271,7.49219235540014,65.165590762181));
#1934=CARTESIAN_POINT('Ctrl Pts',(-2.64174187197026,7.14910562831244,65.1920583609574));
#1935=CARTESIAN_POINT('Ctrl Pts',(-3.72721587789222,6.52948629416565,65.2185259597339));
#1936=CARTESIAN_POINT('Ctrl Pts',(-4.81268988381418,5.90986696001886,65.2449935585103));
#1937=CARTESIAN_POINT('Ctrl Pts',(-5.74031123834056,5.01371501881297,65.2714611572867));
#1938=CARTESIAN_POINT('Ctrl Pts',(-6.39701051487098,3.95026403405379,65.2979287560631));
#1939=CARTESIAN_POINT('Ctrl Pts',(-7.05370979140141,2.88681304929459,65.3243963548395));
#1940=CARTESIAN_POINT('Ctrl Pts',(-7.43948698993588,1.65606302098209,65.350863953616));
#1941=CARTESIAN_POINT('Ctrl Pts',(-7.50731903751374,0.408032272121206,65.3773315523924));
#1942=CARTESIAN_POINT('Ctrl Pts',(-7.51470150945547,0.272203378333279,65.3802121422066));
#1943=CARTESIAN_POINT('Ctrl Pts',(-7.51831793243305,0.136169795027285,65.3830927320209));
#1944=CARTESIAN_POINT('Ctrl Pts',(-7.51820760816415,0.000130347908249284,
65.3859733218351));
#1945=CARTESIAN_POINT('Origin',(-3.508354701546E-16,5.55111512312578E-16,
68.));
#1946=CARTESIAN_POINT('',(-7.51750203917765,-0.000183709412954619,66.3859733218351));
#1947=CARTESIAN_POINT('',(-7.51780295017949,0.000193596349519837,66.1140266781649));
#1948=CARTESIAN_POINT('',(-7.51775,1.47577035974158E-15,68.));
#1949=CARTESIAN_POINT('Ctrl Pts',(-7.51780295017949,0.000193596349519837,
66.1140266781649));
#1950=CARTESIAN_POINT('Ctrl Pts',(-7.51808460694253,0.272851382862965,66.1082541377235));
#1951=CARTESIAN_POINT('Ctrl Pts',(-7.50353847813095,0.545479276866997,66.102481597282));
#1952=CARTESIAN_POINT('Ctrl Pts',(-7.47393593394304,0.81646238866103,66.0967090568406));
#1953=CARTESIAN_POINT('Ctrl Pts',(-7.33820570038755,2.05894346798737,66.0702414580642));
#1954=CARTESIAN_POINT('Ctrl Pts',(-6.88594413562269,3.26684625696583,66.0437738592878));
#1955=CARTESIAN_POINT('Ctrl Pts',(-6.17227821096257,4.29293732347211,66.0173062605114));
#1956=CARTESIAN_POINT('Ctrl Pts',(-5.45861228630246,5.31902838997838,65.990838661735));
#1957=CARTESIAN_POINT('Ctrl Pts',(-4.4835420017471,6.16330773401245,65.9643710629585));
#1958=CARTESIAN_POINT('Ctrl Pts',(-3.36592041887352,6.72286463574818,65.9379034641821));
#1959=CARTESIAN_POINT('Ctrl Pts',(-2.24829883599994,7.2824215374839,65.9114358654057));
#1960=CARTESIAN_POINT('Ctrl Pts',(-0.988125954808151,7.55725599692127,65.8849682666293));
#1961=CARTESIAN_POINT('Ctrl Pts',(0.260993497516191,7.51386795006656,65.8585006678529));
#1962=CARTESIAN_POINT('Ctrl Pts',(1.51011294984053,7.47047990321185,65.8320330690764));
#1963=CARTESIAN_POINT('Ctrl Pts',(2.74817897329746,7.10886935006502,65.8055654703));
#1964=CARTESIAN_POINT('Ctrl Pts',(3.82428148514403,6.4731136479416,65.7790978715236));
#1965=CARTESIAN_POINT('Ctrl Pts',(4.90038399699062,5.83735794581816,65.7526302727472));
#1966=CARTESIAN_POINT('Ctrl Pts',(5.81452299722686,4.92745709471814,65.7261626739708));
#1967=CARTESIAN_POINT('Ctrl Pts',(6.45527244753949,3.8543205373737,65.6996950751944));
#1968=CARTESIAN_POINT('Ctrl Pts',(7.09602189785211,2.78118398002928,65.673227476418));
#1969=CARTESIAN_POINT('Ctrl Pts',(7.46338179824109,1.54481171644049,65.6467598776415));
#1970=CARTESIAN_POINT('Ctrl Pts',(7.51257399316889,0.295907373929351,65.6202922788651));
#1971=CARTESIAN_POINT('Ctrl Pts',(7.56176618809668,-0.952996968581775,65.5938246800887));
#1972=CARTESIAN_POINT('Ctrl Pts',(7.29279067756327,-2.2144333900153,65.5673570813123));
#1973=CARTESIAN_POINT('Ctrl Pts',(6.73843336779771,-3.33464314800456,65.5408894825359));
#1974=CARTESIAN_POINT('Ctrl Pts',(6.18407605803216,-4.4548529059938,65.5144218837595));
#1975=CARTESIAN_POINT('Ctrl Pts',(5.34433694903447,-5.43383600053883,65.487954284983));
#1976=CARTESIAN_POINT('Ctrl Pts',(4.32157334325885,-6.15226243065241,65.4614866862066));
#1977=CARTESIAN_POINT('Ctrl Pts',(3.2988097374832,-6.87068886076601,65.4350190874302));
#1978=CARTESIAN_POINT('Ctrl Pts',(2.09302163492962,-7.32855862644814,65.4085514886538));
#1979=CARTESIAN_POINT('Ctrl Pts',(0.851184704810442,-7.47006116274032,65.3820838898774));
#1980=CARTESIAN_POINT('Ctrl Pts',(-0.390652225308732,-7.6115636990325,65.355616291101));
#1981=CARTESIAN_POINT('Ctrl Pts',(-1.66853798299349,-7.43669900593473,65.3291486923246));
#1982=CARTESIAN_POINT('Ctrl Pts',(-2.8267087868505,-6.96678165375684,65.3026810935481));
#1983=CARTESIAN_POINT('Ctrl Pts',(-3.98487959070755,-6.49686430157893,65.2762134947717));
#1984=CARTESIAN_POINT('Ctrl Pts',(-5.02333544073685,-5.73189429032089,65.2497458959953));
#1985=CARTESIAN_POINT('Ctrl Pts',(-5.8154970953767,-4.76511518333517,65.2232782972189));
#1986=CARTESIAN_POINT('Ctrl Pts',(-6.60765875001654,-3.79833607634947,65.1968106984425));
#1987=CARTESIAN_POINT('Ctrl Pts',(-7.15352620926694,-2.62974787363611,65.1703430996661));
#1988=CARTESIAN_POINT('Ctrl Pts',(-7.38656271185518,-1.40179188206136,65.1438755008897));
#1989=CARTESIAN_POINT('Ctrl Pts',(-7.47416498250186,-0.940182941310043,
65.1339258933148));
#1990=CARTESIAN_POINT('Ctrl Pts',(-7.51756010065917,-0.470184546640368,
65.1239762857399));
#1991=CARTESIAN_POINT('Ctrl Pts',(-7.51726474601435,-0.000132290492845578,
65.114026678165));
#1992=CARTESIAN_POINT('Ctrl Pts',(-7.51820760816415,0.000130347908249284,
65.3859733218351));
#1993=CARTESIAN_POINT('Ctrl Pts',(-7.51730424472571,-1.11379557189732,65.4095603307972));
#1994=CARTESIAN_POINT('Ctrl Pts',(-7.26653161474218,-2.22811464599189,65.4331473397594));
#1995=CARTESIAN_POINT('Ctrl Pts',(-6.78746646104987,-3.23367105720913,65.4567343487216));
#1996=CARTESIAN_POINT('Ctrl Pts',(-6.24989494038689,-4.36203216826929,65.483201947498));
#1997=CARTESIAN_POINT('Ctrl Pts',(-5.42486500243967,-5.35344292098037,65.5096695462744));
#1998=CARTESIAN_POINT('Ctrl Pts',(-4.4129410224855,-6.08705848486552,65.5361371450509));
#1999=CARTESIAN_POINT('Ctrl Pts',(-3.40101704253133,-6.82067404875068,65.5626047438273));
#2000=CARTESIAN_POINT('Ctrl Pts',(-2.20219902057019,-7.29649442380992,65.5890723426037));
#2001=CARTESIAN_POINT('Ctrl Pts',(-0.962613030220236,-7.456521013191,65.6155399413801));
#2002=CARTESIAN_POINT('Ctrl Pts',(0.276972960129724,-7.61654760257209,65.6420075401565));
#2003=CARTESIAN_POINT('Ctrl Pts',(1.55732691886851,-7.46078040627501,65.6684751389329));
#2004=CARTESIAN_POINT('Ctrl Pts',(2.72238421116031,-7.00820616655459,65.6949427377094));
#2005=CARTESIAN_POINT('Ctrl Pts',(3.88744150345212,-6.55563192683417,65.7214103364858));
#2006=CARTESIAN_POINT('Ctrl Pts',(4.93720212929695,-5.8062506436904,65.7478779352622));
#2007=CARTESIAN_POINT('Ctrl Pts',(5.74370888778229,-4.85140574251624,65.7743455340386));
#2008=CARTESIAN_POINT('Ctrl Pts',(6.55021564626762,-3.89656084134207,65.800813132815));
#2009=CARTESIAN_POINT('Ctrl Pts',(7.11346853739346,-2.7362523221375,65.8272807315914));
#2010=CARTESIAN_POINT('Ctrl Pts',(7.36481165849025,-1.51191226632859,65.8537483303678));
#2011=CARTESIAN_POINT('Ctrl Pts',(7.61615477958704,-0.287572210519647,65.8802159291443));
#2012=CARTESIAN_POINT('Ctrl Pts',(7.55558813065475,1.00079938189364,65.9066835279207));
#2013=CARTESIAN_POINT('Ctrl Pts',(7.1904942888974,2.19616059236174,65.9331511266971));
#2014=CARTESIAN_POINT('Ctrl Pts',(6.82540044714005,3.39152180282981,65.9596187254735));
#2015=CARTESIAN_POINT('Ctrl Pts',(6.15577941255765,4.49387263135271,65.9860863242499));
#2016=CARTESIAN_POINT('Ctrl Pts',(5.26325249113922,5.36884556311928,66.0125539230263));
#2017=CARTESIAN_POINT('Ctrl Pts',(4.3707255697208,6.24381849488584,66.0390215218028));
#2018=CARTESIAN_POINT('Ctrl Pts',(3.25529276146633,6.89141352989606,66.0654891205792));
#2019=CARTESIAN_POINT('Ctrl Pts',(2.05291616710272,7.23269415065763,66.0919567193556));
#2020=CARTESIAN_POINT('Ctrl Pts',(0.850539572739098,7.57397477141919,66.118424318132));
#2021=CARTESIAN_POINT('Ctrl Pts',(-0.438780807733682,7.60894097793209,66.1448919169084));
#2022=CARTESIAN_POINT('Ctrl Pts',(-1.65788740629196,7.33333067672304,66.1713595156848));
#2023=CARTESIAN_POINT('Ctrl Pts',(-2.87699400485024,7.05772037551399,66.1978271144612));
#2024=CARTESIAN_POINT('Ctrl Pts',(-4.02588682149401,6.471533566583,66.2242947132376));
#2025=CARTESIAN_POINT('Ctrl Pts',(-4.96452525520729,5.64622160887418,66.2507623120141));
#2026=CARTESIAN_POINT('Ctrl Pts',(-5.90316368892057,4.82090965116536,66.2772299107905));
#2027=CARTESIAN_POINT('Ctrl Pts',(-6.63154773970335,3.75647254467873,66.3036975095669));
#2028=CARTESIAN_POINT('Ctrl Pts',(-7.06089337238334,2.58265643281133,66.3301651083434));
#2029=CARTESIAN_POINT('Ctrl Pts',(-7.36265872370675,1.75764039811757,66.3487678461739));
#2030=CARTESIAN_POINT('Ctrl Pts',(-7.5166998797942,0.878591421275136,66.3673705840045));
#2031=CARTESIAN_POINT('Ctrl Pts',(-7.51750203917765,-0.000183709412954619,
66.3859733218351));
#2032=CARTESIAN_POINT('Origin',(-3.508354701546E-16,5.55111512312578E-16,
68.));
#2033=CARTESIAN_POINT('',(-7.51750304559525,0.000183826448024726,67.3859733218351));
#2034=CARTESIAN_POINT('',(-7.51792256705949,-0.000184903249407039,67.114026678165));
#2035=CARTESIAN_POINT('',(-7.51775,1.47577035974158E-15,68.));
#2036=CARTESIAN_POINT('Ctrl Pts',(-7.51792256705949,-0.000184903249407039,
67.114026678165));
#2037=CARTESIAN_POINT('Ctrl Pts',(-7.5168849547455,1.01503977474902,67.0925319897072));
#2038=CARTESIAN_POINT('Ctrl Pts',(-7.3097873747018,2.03067486437069,67.0710373012494));
#2039=CARTESIAN_POINT('Ctrl Pts',(-6.90968901664399,2.9635328360004,67.0495426127916));
#2040=CARTESIAN_POINT('Ctrl Pts',(-6.41702577879494,4.1122124531509,67.0230750140151));
#2041=CARTESIAN_POINT('Ctrl Pts',(-5.63172783253902,5.13538243228033,66.9966074152387));
#2042=CARTESIAN_POINT('Ctrl Pts',(-4.64951654959791,5.90832675398021,66.9701398164623));
#2043=CARTESIAN_POINT('Ctrl Pts',(-3.66730526665679,6.68127107568009,66.9436722176859));
#2044=CARTESIAN_POINT('Ctrl Pts',(-2.48818064703048,7.20398973995043,66.9172046189095));
#2045=CARTESIAN_POINT('Ctrl Pts',(-1.25586830029114,7.41276763355678,66.890737020133));
#2046=CARTESIAN_POINT('Ctrl Pts',(-0.0235559535517597,7.62154552716314,
66.8642694213566));
#2047=CARTESIAN_POINT('Ctrl Pts',(1.26194412030064,7.51638265010549,66.8378018225803));
#2048=CARTESIAN_POINT('Ctrl Pts',(2.44394001725165,7.11009749362547,66.8113342238039));
#2049=CARTESIAN_POINT('Ctrl Pts',(3.62593591420263,6.70381233714546,66.7848666250274));
#2050=CARTESIAN_POINT('Ctrl Pts',(4.70442763425221,5.9964049012431,66.758399026251));
#2051=CARTESIAN_POINT('Ctrl Pts',(5.5479558920097,5.0741023439716,66.7319314274746));
#2052=CARTESIAN_POINT('Ctrl Pts',(6.39148414976718,4.15179978670009,66.7054638286981));
#2053=CARTESIAN_POINT('Ctrl Pts',(7.00004894523257,3.01460210805946,66.6789962299217));
#2054=CARTESIAN_POINT('Ctrl Pts',(7.29947122664442,1.80112436776958,66.6525286311453));
#2055=CARTESIAN_POINT('Ctrl Pts',(7.59889350805628,0.587646627479675,66.6260610323689));
#2056=CARTESIAN_POINT('Ctrl Pts',(7.58917327541461,-0.70211117445948,66.5995934335925));
#2057=CARTESIAN_POINT('Ctrl Pts',(7.2714953452675,-1.91093815193906,66.5731258348161));
#2058=CARTESIAN_POINT('Ctrl Pts',(6.95381741512039,-3.11976512941864,66.5466582360397));
#2059=CARTESIAN_POINT('Ctrl Pts',(6.32818178746785,-4.24766128243865,66.5201906372633));
#2060=CARTESIAN_POINT('Ctrl Pts',(5.47084830834967,-5.15714533087935,66.4937230384868));
#2061=CARTESIAN_POINT('Ctrl Pts',(4.61351482923151,-6.06662937932004,66.4672554397104));
#2062=CARTESIAN_POINT('Ctrl Pts',(3.52448349864771,-6.75770132318144,66.440787840934));
#2063=CARTESIAN_POINT('Ctrl Pts',(2.33649829397445,-7.14612516676259,66.4143202421576));
#2064=CARTESIAN_POINT('Ctrl Pts',(1.14851308930119,-7.53454901034375,66.3878526433812));
#2065=CARTESIAN_POINT('Ctrl Pts',(-0.138425989461535,-7.62032475364467,
66.3613850446048));
#2066=CARTESIAN_POINT('Ctrl Pts',(-1.36745163541613,-7.39299703784473,66.3349174458284));
#2067=CARTESIAN_POINT('Ctrl Pts',(-2.59647728137072,-7.16566932204479,66.3084498470519));
#2068=CARTESIAN_POINT('Ctrl Pts',(-3.76758949451719,-6.62523814714399,66.2819822482755));
#2069=CARTESIAN_POINT('Ctrl Pts',(-4.73803931184494,-5.83757763598867,66.2555146494991));
#2070=CARTESIAN_POINT('Ctrl Pts',(-5.7084891291727,-5.04991712483336,66.2290470507227));
#2071=CARTESIAN_POINT('Ctrl Pts',(-6.47827655068175,-4.01502727742354,66.2025794519463));
#2072=CARTESIAN_POINT('Ctrl Pts',(-6.95357081026321,-2.85905266888153,66.1761118531699));
#2073=CARTESIAN_POINT('Ctrl Pts',(-7.32520416134291,-1.95519425091156,66.1554167948349));
#2074=CARTESIAN_POINT('Ctrl Pts',(-7.51679318624614,-0.977308225354418,
66.1347217364999));
#2075=CARTESIAN_POINT('Ctrl Pts',(-7.51780295017949,0.000193596349519837,
66.1140266781649));
#2076=CARTESIAN_POINT('Ctrl Pts',(-7.51750203917765,-0.000183709412954619,
66.3859733218351));
#2077=CARTESIAN_POINT('Ctrl Pts',(-7.51784117592541,-0.371712044030145,
66.3938381827809));
#2078=CARTESIAN_POINT('Ctrl Pts',(-7.49078995737824,-0.743191430640464,
66.4017030437267));
#2079=CARTESIAN_POINT('Ctrl Pts',(-7.43593163658494,-1.11051797020312,66.4095679046726));
#2080=CARTESIAN_POINT('Ctrl Pts',(-7.25131705352932,-2.34668114410211,66.4360355034489));
#2081=CARTESIAN_POINT('Ctrl Pts',(-6.75178067284087,-3.53581237465197,66.4625031022254));
#2082=CARTESIAN_POINT('Ctrl Pts',(-5.99821187773057,-4.53296632857124,66.4889707010018));
#2083=CARTESIAN_POINT('Ctrl Pts',(-5.24464308262027,-5.53012028249051,66.5154382997782));
#2084=CARTESIAN_POINT('Ctrl Pts',(-4.23704187308811,-6.3352969597792,66.5419058985546));
#2085=CARTESIAN_POINT('Ctrl Pts',(-3.09822656336077,-6.8503519346231,66.568373497331));
#2086=CARTESIAN_POINT('Ctrl Pts',(-1.95941125363343,-7.365406909467,66.5948410961074));
#2087=CARTESIAN_POINT('Ctrl Pts',(-0.689381843710902,-7.59034018186612,
66.6213086948839));
#2088=CARTESIAN_POINT('Ctrl Pts',(0.557055509298863,-7.49773423279784,66.6477762936603));
#2089=CARTESIAN_POINT('Ctrl Pts',(1.80349286230866,-7.40512828372955,66.6742438924367));
#2090=CARTESIAN_POINT('Ctrl Pts',(3.02633815840571,-6.99498311319386,66.7007114912131));
#2091=CARTESIAN_POINT('Ctrl Pts',(4.0765365965379,-6.31729204985775,66.7271790899895));
#2092=CARTESIAN_POINT('Ctrl Pts',(5.12673503467006,-5.63960098652166,66.753646688766));
#2093=CARTESIAN_POINT('Ctrl Pts',(6.00428661483739,-4.69436403038518,66.7801142875424));
#2094=CARTESIAN_POINT('Ctrl Pts',(6.60222500482084,-3.59679780524666,66.8065818863188));
#2095=CARTESIAN_POINT('Ctrl Pts',(7.20016339480431,-2.49923158010812,66.8330494850952));
#2096=CARTESIAN_POINT('Ctrl Pts',(7.51848859460389,-1.24933608596759,66.8595170838716));
#2097=CARTESIAN_POINT('Ctrl Pts',(7.51839937606964,0.000536679085286415,
66.885984682648));
#2098=CARTESIAN_POINT('Ctrl Pts',(7.51831015753538,1.25040944413814,66.9124522814245));
#2099=CARTESIAN_POINT('Ctrl Pts',(7.19980652066728,2.50025948010331,66.9389198802009));
#2100=CARTESIAN_POINT('Ctrl Pts',(6.60171144362886,3.59774032986937,66.9653874789773));
#2101=CARTESIAN_POINT('Ctrl Pts',(6.00361636659042,4.69522117963546,66.9918550777537));
#2102=CARTESIAN_POINT('Ctrl Pts',(5.12592984938163,5.64033284320244,67.0183226765301));
#2103=CARTESIAN_POINT('Ctrl Pts',(4.07563467193895,6.31787396890741,67.0447902753065));
#2104=CARTESIAN_POINT('Ctrl Pts',(3.02533949449631,6.99541509461235,67.0712578740829));
#2105=CARTESIAN_POINT('Ctrl Pts',(1.80243565681978,7.40538568245532,67.0977254728594));
#2106=CARTESIAN_POINT('Ctrl Pts',(0.555985095699322,7.49781368396608,67.1241930716358));
#2107=CARTESIAN_POINT('Ctrl Pts',(-0.690465465421173,7.59024168547684,67.1506606704122));
#2108=CARTESIAN_POINT('Ctrl Pts',(-1.96046274998561,7.36512710065539,67.1771282691886));
#2109=CARTESIAN_POINT('Ctrl Pts',(-3.09920451670342,6.84990954901989,67.203595867965));
#2110=CARTESIAN_POINT('Ctrl Pts',(-4.23794628342121,6.3346919973844,67.2300634667415));
#2111=CARTESIAN_POINT('Ctrl Pts',(-5.24543253229238,5.52937147893486,67.2565310655178));
#2112=CARTESIAN_POINT('Ctrl Pts',(-5.99885896185091,4.53210995254195,67.2829986642943));
#2113=CARTESIAN_POINT('Ctrl Pts',(-6.75228539140942,3.53484842614906,67.3094662630707));
#2114=CARTESIAN_POINT('Ctrl Pts',(-7.2516520016553,2.34564589181278,67.3359338618471));
#2115=CARTESIAN_POINT('Ctrl Pts',(-7.43609010300057,1.10945637416068,67.3624014606235));
#2116=CARTESIAN_POINT('Ctrl Pts',(-7.49084320399976,0.742475750198142,67.3702587476941));
#2117=CARTESIAN_POINT('Ctrl Pts',(-7.51784214209111,0.371354235993409,67.3781160347646));
#2118=CARTESIAN_POINT('Ctrl Pts',(-7.51750304559525,0.000183826448024726,
67.3859733218351));
#2119=CARTESIAN_POINT('Origin',(-3.508354701546E-16,5.55111512312578E-16,
68.));
#2120=CARTESIAN_POINT('',(-7.5182067186232,-0.000130621325093033,68.3859733218351));
#2121=CARTESIAN_POINT('',(-7.51719952470498,0.000104095834351213,68.114026678165));
#2122=CARTESIAN_POINT('',(-7.51775,1.47577035974158E-15,68.));
#2123=CARTESIAN_POINT('Ctrl Pts',(-7.51719952470498,0.000104095834351213,
68.114026678165));
#2124=CARTESIAN_POINT('Ctrl Pts',(-7.51744781956771,0.507946129539101,68.1032774404672));
#2125=CARTESIAN_POINT('Ctrl Pts',(-7.46674422839924,1.01573926020905,68.0925282027695));
#2126=CARTESIAN_POINT('Ctrl Pts',(-7.36459571766548,1.5129636783897,68.0817789650717));
#2127=CARTESIAN_POINT('Ctrl Pts',(-7.11307780786243,2.73726783579232,68.0553113662953));
#2128=CARTESIAN_POINT('Ctrl Pts',(-6.54965927341734,3.89749592786272,68.0288437675189));
#2129=CARTESIAN_POINT('Ctrl Pts',(-5.74301620756032,4.85222567658211,68.0023761687425));
#2130=CARTESIAN_POINT('Ctrl Pts',(-4.93637314170332,5.80695542530148,67.9759085699661));
#2131=CARTESIAN_POINT('Ctrl Pts',(-3.8865055444344,6.55618683066985,67.9494409711897));
#2132=CARTESIAN_POINT('Ctrl Pts',(-2.72138365560436,7.00859473616449,67.9229733724133));
#2133=CARTESIAN_POINT('Ctrl Pts',(-1.55626176677432,7.46100264165913,67.8965057736369));
#2134=CARTESIAN_POINT('Ctrl Pts',(-0.275885586383161,7.61658704728004,67.8700381748604));
#2135=CARTESIAN_POINT('Ctrl Pts',(0.963677542096358,7.45638349145497,67.843570576084));
#2136=CARTESIAN_POINT('Ctrl Pts',(2.20324067057588,7.29617993562991,67.8171029773076));
#2137=CARTESIAN_POINT('Ctrl Pts',(3.40199074714375,6.82018841835887,67.7906353785312));
#2138=CARTESIAN_POINT('Ctrl Pts',(4.41380998016739,6.08642839732449,67.7641677797548));
#2139=CARTESIAN_POINT('Ctrl Pts',(5.42562921319105,5.3526683762901,67.7377001809784));
#2140=CARTESIAN_POINT('Ctrl Pts',(6.25051760267047,4.36113985149236,67.711232582202));
#2141=CARTESIAN_POINT('Ctrl Pts',(6.78792802692438,3.23270200885848,67.6847649834256));
#2142=CARTESIAN_POINT('Ctrl Pts',(7.32533845117829,2.1042641662246,67.6582973846491));
#2143=CARTESIAN_POINT('Ctrl Pts',(7.5752709102067,0.838917005754586,67.6318297858727));
#2144=CARTESIAN_POINT('Ctrl Pts',(7.50726068940029,-0.409104043206862,67.6053621870963));
#2145=CARTESIAN_POINT('Ctrl Pts',(7.43925046859388,-1.65712509216829,67.5788945883199));
#2146=CARTESIAN_POINT('Ctrl Pts',(7.05329756795267,-2.88782002962115,67.5524269895434));
#2147=CARTESIAN_POINT('Ctrl Pts',(6.39644647708147,-3.95117724768395,67.525959390767));
#2148=CARTESIAN_POINT('Ctrl Pts',(5.73959538621027,-5.01453446574674,67.4994917919906));
#2149=CARTESIAN_POINT('Ctrl Pts',(4.81184610510909,-5.91055396441946,67.4730241932143));
#2150=CARTESIAN_POINT('Ctrl Pts',(3.72628365357734,-6.53001832385373,67.4465565944378));
#2151=CARTESIAN_POINT('Ctrl Pts',(2.64072120204559,-7.149482683288,67.4200889956614));
#2152=CARTESIAN_POINT('Ctrl Pts',(1.39734558008328,-7.49239190348382,67.3936213968849));
#2153=CARTESIAN_POINT('Ctrl Pts',(0.147714066894994,-7.51694816605945,67.3671537981085));
#2154=CARTESIAN_POINT('Ctrl Pts',(-1.10191744629329,-7.54150442863508,67.3406861993321));
#2155=CARTESIAN_POINT('Ctrl Pts',(-2.35780485070755,-7.24770773359054,67.3142186005557));
#2156=CARTESIAN_POINT('Ctrl Pts',(-3.46686578359407,-6.67136948574488,67.2877510017793));
#2157=CARTESIAN_POINT('Ctrl Pts',(-4.57592671648061,-6.09503123789921,67.2612834030029));
#2158=CARTESIAN_POINT('Ctrl Pts',(-5.53816117783941,-5.23615143725242,67.2348158042264));
#2159=CARTESIAN_POINT('Ctrl Pts',(-6.23628068754868,-4.1994204794103,67.20834820545));
#2160=CARTESIAN_POINT('Ctrl Pts',(-6.93440019725795,-3.16268952156817,67.1818806066736));
#2161=CARTESIAN_POINT('Ctrl Pts',(-7.36840475531769,-1.9481074065307,67.1554130078973));
#2162=CARTESIAN_POINT('Ctrl Pts',(-7.48539276962646,-0.70372172142617,67.1289454091208));
#2163=CARTESIAN_POINT('Ctrl Pts',(-7.50737326390646,-0.46991817671978,67.1239724988022));
#2164=CARTESIAN_POINT('Ctrl Pts',(-7.5181626241784,-0.235062523683039,67.1189995884836));
#2165=CARTESIAN_POINT('Ctrl Pts',(-7.51792256705949,-0.000184903249407039,
67.114026678165));
#2166=CARTESIAN_POINT('Ctrl Pts',(-7.51750304559525,0.000183826448024726,
67.3859733218351));
#2167=CARTESIAN_POINT('Ctrl Pts',(-7.51669988142042,-0.878948748911603,
67.404583633541));
#2168=CARTESIAN_POINT('Ctrl Pts',(-7.36253062856921,-1.75835562662192,67.4231939452469));
#2169=CARTESIAN_POINT('Ctrl Pts',(-7.06052458958439,-2.58366444918509,67.4418042569528));
#2170=CARTESIAN_POINT('Ctrl Pts',(-6.63101138237832,-3.75741925391069,67.4682718557292));
#2171=CARTESIAN_POINT('Ctrl Pts',(-5.90247537552156,-4.82175236239391,67.4947394545056));
#2172=CARTESIAN_POINT('Ctrl Pts',(-4.96371912638411,-5.64693030774042,67.521207053282));
#2173=CARTESIAN_POINT('Ctrl Pts',(-4.02496287724668,-6.47210825308691,67.5476746520584));
#2174=CARTESIAN_POINT('Ctrl Pts',(-2.87598638582859,-7.05813103529668,67.5741422508349));
#2175=CARTESIAN_POINT('Ctrl Pts',(-1.65684045241377,-7.33356728893614,67.6006098496113));
#2176=CARTESIAN_POINT('Ctrl Pts',(-0.437694518998944,-7.60900354257559,
67.6270774483877));
#2177=CARTESIAN_POINT('Ctrl Pts',(0.851620856412596,-7.57385326764472,67.6535450471641));
#2178=CARTESIAN_POINT('Ctrl Pts',(2.05394871587308,-7.23240099404562,67.6800126459405));
#2179=CARTESIAN_POINT('Ctrl Pts',(3.25627657533359,-6.89094872044651,67.7064802447169));
#2180=CARTESIAN_POINT('Ctrl Pts',(4.37161691884303,-6.24319444817916,67.7329478434934));
#2181=CARTESIAN_POINT('Ctrl Pts',(5.26401891636774,-5.36809410445005,67.7594154422698));
#2182=CARTESIAN_POINT('Ctrl Pts',(6.15642091389244,-4.49299376072095,67.7858830410462));
#2183=CARTESIAN_POINT('Ctrl Pts',(6.82588456543241,-3.39054734553011,67.8123506398226));
#2184=CARTESIAN_POINT('Ctrl Pts',(7.19080774869925,-2.19513402491866,67.838818238599));
#2185=CARTESIAN_POINT('Ctrl Pts',(7.55573093196608,-0.999720704307243,67.8652858373754));
#2186=CARTESIAN_POINT('Ctrl Pts',(7.61611364695979,0.288659521724785,67.8917534361518));
#2187=CARTESIAN_POINT('Ctrl Pts',(7.36459573651325,1.51296368226065,67.9182210349282));
#2188=CARTESIAN_POINT('Ctrl Pts',(7.1130778260667,2.73726784279651,67.9446886337047));
#2189=CARTESIAN_POINT('Ctrl Pts',(6.54965929017989,3.89749593783623,67.9711562324811));
#2190=CARTESIAN_POINT('Ctrl Pts',(5.74301622225866,4.85222568899908,67.9976238312575));
#2191=CARTESIAN_POINT('Ctrl Pts',(4.93637315433744,5.80695544016193,68.0240914300339));
#2192=CARTESIAN_POINT('Ctrl Pts',(3.88650555438182,6.5561868474479,68.0505590288103));
#2193=CARTESIAN_POINT('Ctrl Pts',(2.72138366257006,7.00859475410053,68.0770266275867));
#2194=CARTESIAN_POINT('Ctrl Pts',(1.5562617707583,7.46100266075316,68.1034942263632));
#2195=CARTESIAN_POINT('Ctrl Pts',(0.275885587090397,7.61658706677245,68.1299618251396));
#2196=CARTESIAN_POINT('Ctrl Pts',(-0.963677544561442,7.45638351053759,68.156429423916));
#2197=CARTESIAN_POINT('Ctrl Pts',(-2.20324067621333,7.29617995430272,68.1828970226924));
#2198=CARTESIAN_POINT('Ctrl Pts',(-3.40199075584916,6.82018843581368,68.2093646214688));
#2199=CARTESIAN_POINT('Ctrl Pts',(-4.41380999146239,6.08642841290157,68.2358322202452));
#2200=CARTESIAN_POINT('Ctrl Pts',(-5.4256292270756,5.35266838998949,68.2622998190216));
#2201=CARTESIAN_POINT('Ctrl Pts',(-6.25051761866621,4.36113986265436,68.2887674177981));
#2202=CARTESIAN_POINT('Ctrl Pts',(-6.78792804429564,3.23270201713266,68.3152350165745));
#2203=CARTESIAN_POINT('Ctrl Pts',(-7.26669585217949,2.22740013263565,68.3388144516613));
#2204=CARTESIAN_POINT('Ctrl Pts',(-7.51730220883579,1.11343799440554,68.3623938867482));
#2205=CARTESIAN_POINT('Ctrl Pts',(-7.5182067186232,-0.000130621325093033,
68.3859733218351));
#2206=CARTESIAN_POINT('Origin',(-3.508354701546E-16,5.55111512312578E-16,
68.));
#2207=CARTESIAN_POINT('',(-7.51711173322627,1.76093807041644E-5,69.3859733218351));
#2208=CARTESIAN_POINT('',(-7.51839937576218,1.90268437755468E-7,69.114026678165));
#2209=CARTESIAN_POINT('',(-7.51775,1.47577035974158E-15,68.));
#2210=CARTESIAN_POINT('Ctrl Pts',(-7.51839937556912,1.90268381189556E-7,
69.114026678165));
#2211=CARTESIAN_POINT('Ctrl Pts',(-7.51840127286614,1.25005178511351,69.0875552924509));
#2212=CARTESIAN_POINT('Ctrl Pts',(-7.19989207663674,2.50010244806872,69.0610839067368));
#2213=CARTESIAN_POINT('Ctrl Pts',(-6.60171142673312,3.59774032066303,69.0346125210227));
#2214=CARTESIAN_POINT('Ctrl Pts',(-6.00361635122518,4.69522116762031,69.0081449222463));
#2215=CARTESIAN_POINT('Ctrl Pts',(-5.12592983626246,5.64033282876839,68.9816773234699));
#2216=CARTESIAN_POINT('Ctrl Pts',(-4.07563466150764,6.31787395273922,68.9552097246935));
#2217=CARTESIAN_POINT('Ctrl Pts',(-3.02533948675281,6.99541507671006,68.9287421259171));
#2218=CARTESIAN_POINT('Ctrl Pts',(-1.80243565220588,7.40538566350364,68.9022745271407));
#2219=CARTESIAN_POINT('Ctrl Pts',(-0.555985094275316,7.49781366477768,68.8758069283642));
#2220=CARTESIAN_POINT('Ctrl Pts',(0.690465463655265,7.59024166605171,68.8493393295878));
#2221=CARTESIAN_POINT('Ctrl Pts',(1.96046274496948,7.36512708180619,68.8228717308114));
#2222=CARTESIAN_POINT('Ctrl Pts',(3.09920450877293,6.84990953148906,68.796404132035));
#2223=CARTESIAN_POINT('Ctrl Pts',(4.23794627257638,6.33469198117194,68.7699365332585));
#2224=CARTESIAN_POINT('Ctrl Pts',(5.24543251886907,5.52937146478323,68.7434689344821));
#2225=CARTESIAN_POINT('Ctrl Pts',(5.99885894649927,4.53210994094239,68.7170013357057));
#2226=CARTESIAN_POINT('Ctrl Pts',(6.75228537412947,3.53484841710156,68.6905337369293));
#2227=CARTESIAN_POINT('Ctrl Pts',(7.25165198309718,2.34564588580861,68.6640661381529));
#2228=CARTESIAN_POINT('Ctrl Pts',(7.43609008397023,1.10945637132013,68.6375985393765));
#2229=CARTESIAN_POINT('Ctrl Pts',(7.62052818484328,-0.126733143168357,68.6111309406001));
#2230=CARTESIAN_POINT('Ctrl Pts',(7.49003777762166,-1.40990964085237,68.5846633418236));
#2231=CARTESIAN_POINT('Ctrl Pts',(7.06052457151464,-2.583664442574,68.5581957430472));
#2232=CARTESIAN_POINT('Ctrl Pts',(6.63101136540761,-3.75741924429564,68.5317281442708));
#2233=CARTESIAN_POINT('Ctrl Pts',(5.90247536041518,-4.82175235005489,68.5052605454945));
#2234=CARTESIAN_POINT('Ctrl Pts',(4.9637191136801,-5.64693029328945,68.478792946718));
#2235=CARTESIAN_POINT('Ctrl Pts',(4.02496286694503,-6.472108236524,68.4523253479416));
#2236=CARTESIAN_POINT('Ctrl Pts',(2.87598637846732,-7.05813101723385,68.4258577491651));
#2237=CARTESIAN_POINT('Ctrl Pts',(1.65684044817251,-7.33356727016823,68.3993901503887));
#2238=CARTESIAN_POINT('Ctrl Pts',(0.43769451787767,-7.60900352310262,68.3729225516123));
#2239=CARTESIAN_POINT('Ctrl Pts',(-0.851620854234276,-7.57385324826151,
68.3464549528359));
#2240=CARTESIAN_POINT('Ctrl Pts',(-2.05394871061773,-7.23240097553606,68.3199873540595));
#2241=CARTESIAN_POINT('Ctrl Pts',(-3.25627656700115,-6.89094870281061,68.2935197552831));
#2242=CARTESIAN_POINT('Ctrl Pts',(-4.37161690765609,-6.24319443220084,68.2670521565067));
#2243=CARTESIAN_POINT('Ctrl Pts',(-5.26401890289681,-5.36809409071118,68.2405845577303));
#2244=CARTESIAN_POINT('Ctrl Pts',(-6.15642089813752,-4.49299374922152,68.2141169589539));
#2245=CARTESIAN_POINT('Ctrl Pts',(-6.82588454796402,-3.39054733685199,68.1876493601774));
#2246=CARTESIAN_POINT('Ctrl Pts',(-7.19080773029677,-2.19513401929983,68.161181761401));
#2247=CARTESIAN_POINT('Ctrl Pts',(-7.40752532505642,-1.48521173574554,68.1454634003223));
#2248=CARTESIAN_POINT('Ctrl Pts',(-7.51683644888359,-0.74250153641324,68.1297450392437));
#2249=CARTESIAN_POINT('Ctrl Pts',(-7.51719952470498,0.000104095834351213,
68.114026678165));
#2250=CARTESIAN_POINT('Ctrl Pts',(-7.5182067186232,-0.000130621325093033,
68.3859733218351));
#2251=CARTESIAN_POINT('Ctrl Pts',(-7.51831750890784,-0.136527800898209,
68.3888614855246));
#2252=CARTESIAN_POINT('Ctrl Pts',(-7.51468203354743,-0.272919076470857,
68.3917496492142));
#2253=CARTESIAN_POINT('Ctrl Pts',(-7.50726070861302,-0.409104044252719,
68.3946378129037));
#2254=CARTESIAN_POINT('Ctrl Pts',(-7.43925048763274,-1.65712509640809,68.4211054116801));
#2255=CARTESIAN_POINT('Ctrl Pts',(-7.05329758600399,-2.8878200370106,68.4475730104565));
#2256=CARTESIAN_POINT('Ctrl Pts',(-6.39644649345194,-3.95117725779484,68.4740406092329));
#2257=CARTESIAN_POINT('Ctrl Pts',(-5.73959540089989,-5.01453447857909,68.5005082080094));
#2258=CARTESIAN_POINT('Ctrl Pts',(-4.81184611742454,-5.91055397954506,68.5269758067858));
#2259=CARTESIAN_POINT('Ctrl Pts',(-3.72628366311471,-6.53001834056484,68.5534434055622));
#2260=CARTESIAN_POINT('Ctrl Pts',(-2.64072120880486,-7.14948270158463,68.5799110043387));
#2261=CARTESIAN_POINT('Ctrl Pts',(-1.39734558366052,-7.49239192265821,68.606378603115));
#2262=CARTESIAN_POINT('Ctrl Pts',(-0.147714067274152,-7.51694818529688,
68.6328462018915));
#2263=CARTESIAN_POINT('Ctrl Pts',(1.10191744911222,-7.54150444793555,68.6593138006679));
#2264=CARTESIAN_POINT('Ctrl Pts',(2.35780485674061,-7.24770775213929,68.6857813994443));
#2265=CARTESIAN_POINT('Ctrl Pts',(3.46686579246555,-6.67136950281881,68.7122489982207));
#2266=CARTESIAN_POINT('Ctrl Pts',(4.57592672819048,-6.09503125349834,68.7387165969971));
#2267=CARTESIAN_POINT('Ctrl Pts',(5.53816119201195,-5.23615145065365,68.7651841957735));
#2268=CARTESIAN_POINT('Ctrl Pts',(6.236280703508,-4.19942049015843,68.7916517945499));
#2269=CARTESIAN_POINT('Ctrl Pts',(6.93440021500406,-3.16268952966321,68.8181193933263));
#2270=CARTESIAN_POINT('Ctrl Pts',(7.36840477417469,-1.94810741151745,68.8445869921028));
#2271=CARTESIAN_POINT('Ctrl Pts',(7.48539278878305,-0.703721723228319,68.8710545908792));
#2272=CARTESIAN_POINT('Ctrl Pts',(7.60238080339142,0.540663965060816,68.8975221896557));
#2273=CARTESIAN_POINT('Ctrl Pts',(7.40235227343751,1.81485322349333,68.9239897884321));
#2274=CARTESIAN_POINT('Ctrl Pts',(6.90968903432781,2.96353284358362,68.9504573872084));
#2275=CARTESIAN_POINT('Ctrl Pts',(6.4170257952181,4.11221246367393,68.9769249859849));
#2276=CARTESIAN_POINT('Ctrl Pts',(5.63172784695259,5.135382445422,69.0033925847612));
#2277=CARTESIAN_POINT('Ctrl Pts',(4.64951656149789,5.90832676910017,69.0298601835377));
#2278=CARTESIAN_POINT('Ctrl Pts',(3.6673052760432,6.68127109277833,69.0563277823141));
#2279=CARTESIAN_POINT('Ctrl Pts',(2.48818065339928,7.2039897583866,69.0827953810905));
#2280=CARTESIAN_POINT('Ctrl Pts',(1.25586830350623,7.41276765252744,69.1092629798669));
#2281=CARTESIAN_POINT('Ctrl Pts',(0.0235559536131658,7.62154554666827,69.1357305786433));
#2282=CARTESIAN_POINT('Ctrl Pts',(-1.26194412352908,7.51638266934168,69.1621981774198));
#2283=CARTESIAN_POINT('Ctrl Pts',(-2.44394002350509,7.11009751182209,69.1886657761962));
#2284=CARTESIAN_POINT('Ctrl Pts',(-3.62593592348111,6.7038123543025,69.2151333749726));
#2285=CARTESIAN_POINT('Ctrl Pts',(-4.70442764629089,5.9964049165899,69.2416009737491));
#2286=CARTESIAN_POINT('Ctrl Pts',(-5.54795590620729,5.07410235695817,69.2680685725255));
#2287=CARTESIAN_POINT('Ctrl Pts',(-6.39148416612369,4.15179979732643,69.2945361713019));
#2288=CARTESIAN_POINT('Ctrl Pts',(-7.00004896314669,3.01460211577556,69.3210037700783));
#2289=CARTESIAN_POINT('Ctrl Pts',(-7.29947124532502,1.80112437238018,69.3474713688547));
#2290=CARTESIAN_POINT('Ctrl Pts',(-7.44465936416548,1.21271608981488,69.3603053531815));
#2291=CARTESIAN_POINT('Ctrl Pts',(-7.51716116670109,0.606372659423776,69.3731393375083));
#2292=CARTESIAN_POINT('Ctrl Pts',(-7.51711173322627,1.76093807041644E-5,
69.3859733218351));
#2293=CARTESIAN_POINT('Origin',(-3.508354701546E-16,5.55111512312578E-16,
68.));
#2294=CARTESIAN_POINT('',(-7.51829190389709,9.91880379769272E-5,70.3859733218351));
#2295=CARTESIAN_POINT('',(-7.5172000651698,-0.000104379978751459,70.114026678165));
#2296=CARTESIAN_POINT('',(-7.51775,1.47577035974158E-15,68.));
#2297=CARTESIAN_POINT('Ctrl Pts',(-7.5172000651698,-0.000104379978751459,
70.114026678165));
#2298=CARTESIAN_POINT('Ctrl Pts',(-7.51683578979345,0.742858923097396,70.098300743211));
#2299=CARTESIAN_POINT('Ctrl Pts',(-7.40741768849749,1.48592718955889,70.082574808257));
#2300=CARTESIAN_POINT('Ctrl Pts',(-7.19049427049508,2.19616058674238,70.0668488733029));
#2301=CARTESIAN_POINT('Ctrl Pts',(-6.82540042967191,3.39152179415122,70.0403812745265));
#2302=CARTESIAN_POINT('Ctrl Pts',(-6.15577939680304,4.49387261985287,70.0139136757501));
#2303=CARTESIAN_POINT('Ctrl Pts',(-5.26325247766865,5.36884554938006,69.9874460769737));
#2304=CARTESIAN_POINT('Ctrl Pts',(-4.37072555853424,6.24381847890726,69.9609784781972));
#2305=CARTESIAN_POINT('Ctrl Pts',(-3.25529275313429,6.89141351225999,69.9345108794209));
#2306=CARTESIAN_POINT('Ctrl Pts',(-2.05291616184774,7.23269413214796,69.9080432806444));
#2307=CARTESIAN_POINT('Ctrl Pts',(-0.850539570561217,7.57397475203593,69.881575681868));
#2308=CARTESIAN_POINT('Ctrl Pts',(0.438780806611909,7.60894095845915,69.8551080830916));
#2309=CARTESIAN_POINT('Ctrl Pts',(1.65788740205018,7.33333065795526,69.8286404843152));
#2310=CARTESIAN_POINT('Ctrl Pts',(2.87699399748844,7.05772035745138,69.8021728855388));
#2311=CARTESIAN_POINT('Ctrl Pts',(4.02588681119186,6.47153355002039,69.7757052867623));
#2312=CARTESIAN_POINT('Ctrl Pts',(4.96452524250283,5.6462215944236,69.7492376879859));
#2313=CARTESIAN_POINT('Ctrl Pts',(5.9031636738138,4.82090963882681,69.7227700892095));
#2314=CARTESIAN_POINT('Ctrl Pts',(6.63154772273234,3.75647253506421,69.6963024904331));
#2315=CARTESIAN_POINT('Ctrl Pts',(7.06089335431338,2.58265642620081,69.6698348916567));
#2316=CARTESIAN_POINT('Ctrl Pts',(7.49023898589444,1.40884031733739,69.6433672928803));
#2317=CARTESIAN_POINT('Ctrl Pts',(7.62054620013799,0.1256452033732,69.6168996941039));
#2318=CARTESIAN_POINT('Ctrl Pts',(7.43593161755465,-1.11051796736219,69.5904320953275));
#2319=CARTESIAN_POINT('Ctrl Pts',(7.25131703497132,-2.34668113809757,69.563964496551));
#2320=CARTESIAN_POINT('Ctrl Pts',(6.7517806555611,-3.53581236560412,69.5374968977746));
#2321=CARTESIAN_POINT('Ctrl Pts',(5.99821186237917,-4.53296631697136,69.5110292989982));
#2322=CARTESIAN_POINT('Ctrl Pts',(5.24464306919726,-5.53012026833859,69.4845617002218));
#2323=CARTESIAN_POINT('Ctrl Pts',(4.23704186224363,-6.33529694356652,69.4580941014454));
#2324=CARTESIAN_POINT('Ctrl Pts',(3.09822655543068,-6.8503519170921,69.431626502669));
#2325=CARTESIAN_POINT('Ctrl Pts',(1.95941124861772,-7.36540689061769,69.4051589038926));
#2326=CARTESIAN_POINT('Ctrl Pts',(0.689381841945437,-7.59034016244094,69.3786913051161));
#2327=CARTESIAN_POINT('Ctrl Pts',(-0.557055507874419,-7.49773421360946,
69.3522237063397));
#2328=CARTESIAN_POINT('Ctrl Pts',(-1.80349285769428,-7.40512826477798,69.3257561075633));
#2329=CARTESIAN_POINT('Ctrl Pts',(-3.0263381506617,-6.99498309529177,69.2992885087869));
#2330=CARTESIAN_POINT('Ctrl Pts',(-4.07653658610609,-6.31729203368989,69.2728209100105));
#2331=CARTESIAN_POINT('Ctrl Pts',(-5.12673502155048,-5.639600972088,69.2463533112341));
#2332=CARTESIAN_POINT('Ctrl Pts',(-6.00428659947182,-4.69436401837045,69.2198857124576));
#2333=CARTESIAN_POINT('Ctrl Pts',(-6.60222498792487,-3.59679779604075,69.1934181136812));
#2334=CARTESIAN_POINT('Ctrl Pts',(-7.20007782440078,-2.4993886115634,69.1669543018424));
#2335=CARTESIAN_POINT('Ctrl Pts',(-7.51839747881496,-1.24969374536531,69.1404904900037));
#2336=CARTESIAN_POINT('Ctrl Pts',(-7.51839937556912,1.90268381189556E-7,
69.114026678165));
#2337=CARTESIAN_POINT('Ctrl Pts',(-7.51711173322627,1.76093807041644E-5,
69.3859733218351));
#2338=CARTESIAN_POINT('Ctrl Pts',(-7.51705921976517,-0.644116804481792,
69.3996069362847));
#2339=CARTESIAN_POINT('Ctrl Pts',(-7.4351331183423,-1.28826433104435,69.4132405507343));
#2340=CARTESIAN_POINT('Ctrl Pts',(-7.27149536387709,-1.91093815682841,69.4268741651839));
#2341=CARTESIAN_POINT('Ctrl Pts',(-6.95381743291716,-3.11976513740168,69.4533417639604));
#2342=CARTESIAN_POINT('Ctrl Pts',(-6.32818180366367,-4.24766129330832,69.4798093627367));
#2343=CARTESIAN_POINT('Ctrl Pts',(-5.47084832235154,-5.15714534407672,69.5062769615132));
#2344=CARTESIAN_POINT('Ctrl Pts',(-4.61351484103942,-6.0666293948451,69.5327445602896));
#2345=CARTESIAN_POINT('Ctrl Pts',(-3.52448350766867,-6.75770134047526,69.559212159066));
#2346=CARTESIAN_POINT('Ctrl Pts',(-2.33649829995516,-7.14612518505067,69.5856797578424));
#2347=CARTESIAN_POINT('Ctrl Pts',(-1.14851309224166,-7.53454902962607,69.6121473566188));
#2348=CARTESIAN_POINT('Ctrl Pts',(0.138425989814599,-7.62032477314671,69.6386149553952));
#2349=CARTESIAN_POINT('Ctrl Pts',(1.36745163891456,-7.39299705676518,69.6650825541716));
#2350=CARTESIAN_POINT('Ctrl Pts',(2.59647728801453,-7.16566934038365,69.6915501529481));
#2351=CARTESIAN_POINT('Ctrl Pts',(3.7675895041582,-6.62523816409996,69.7180177517245));
#2352=CARTESIAN_POINT('Ctrl Pts',(4.73803932396967,-5.83757765092901,69.7444853505009));
#2353=CARTESIAN_POINT('Ctrl Pts',(5.70848914378115,-5.04991713775804,69.7709529492773));
#2354=CARTESIAN_POINT('Ctrl Pts',(6.47827656726041,-4.01502728769983,69.7974205480537));
#2355=CARTESIAN_POINT('Ctrl Pts',(6.95357082805844,-2.85905267619949,69.8238881468301));
#2356=CARTESIAN_POINT('Ctrl Pts',(7.42886508885645,-1.70307806469918,69.8503557456066));
#2357=CARTESIAN_POINT('Ctrl Pts',(7.60966618697321,-0.426018691756755,69.876823344383));
#2358=CARTESIAN_POINT('Ctrl Pts',(7.47393595307055,0.816462390749355,69.9032909431594));
#2359=CARTESIAN_POINT('Ctrl Pts',(7.33820571916789,2.05894347325547,69.9297585419359));
#2360=CARTESIAN_POINT('Ctrl Pts',(6.88594415324578,3.26684626532531,69.9562261407122));
#2361=CARTESIAN_POINT('Ctrl Pts',(6.1722782267594,4.29293733445768,69.9826937394886));
#2362=CARTESIAN_POINT('Ctrl Pts',(5.45861230027303,5.31902840359004,70.0091613382651));
#2363=CARTESIAN_POINT('Ctrl Pts',(4.48354201322241,6.16330774978495,70.0356289370415));
#2364=CARTESIAN_POINT('Ctrl Pts',(3.36592042748868,6.72286465295288,70.0620965358179));
#2365=CARTESIAN_POINT('Ctrl Pts',(2.24829884175495,7.2824215561208,70.0885641345943));
#2366=CARTESIAN_POINT('Ctrl Pts',(0.988125957338139,7.55725601626173,70.1150317333707));
#2367=CARTESIAN_POINT('Ctrl Pts',(-0.260993498182975,7.51386796929617,70.1414993321471));
#2368=CARTESIAN_POINT('Ctrl Pts',(-1.51011295370409,7.47047992233061,70.1679669309235));
#2369=CARTESIAN_POINT('Ctrl Pts',(-2.74817898032951,7.10886936825855,70.1944345297));
#2370=CARTESIAN_POINT('Ctrl Pts',(-3.82428149493015,6.47311366450826,70.2209021284764));
#2371=CARTESIAN_POINT('Ctrl Pts',(-4.9003840095308,5.83735796075798,70.2473697272528));
#2372=CARTESIAN_POINT('Ctrl Pts',(-5.81452301210667,4.92745710732945,70.2738373260292));
#2373=CARTESIAN_POINT('Ctrl Pts',(-6.45527246405927,3.85432054723876,70.3003049248056));
#2374=CARTESIAN_POINT('Ctrl Pts',(-7.09602191601187,2.78118398714806,70.326772523582));
#2375=CARTESIAN_POINT('Ctrl Pts',(-7.4633818173412,1.54481172039519,70.3532401223585));
#2376=CARTESIAN_POINT('Ctrl Pts',(-7.51257401239509,0.295907374687847,70.3797077211349));
#2377=CARTESIAN_POINT('Ctrl Pts',(-7.51645572268771,0.197357496035043,70.3817962547016));
#2378=CARTESIAN_POINT('Ctrl Pts',(-7.51835631686291,0.0987295846243194,
70.3838847882683));
#2379=CARTESIAN_POINT('Ctrl Pts',(-7.51829190389709,9.91880379769272E-5,
70.3859733218351));
#2380=CARTESIAN_POINT('Origin',(-3.508354701546E-16,5.55111512312578E-16,
68.));
#2381=CARTESIAN_POINT('',(-7.51740190361428,-0.000168497939008749,71.3859733218351));
#2382=CARTESIAN_POINT('',(-7.5179214436677,0.000185018356752481,71.1140266781649));
#2383=CARTESIAN_POINT('',(-7.51775,1.47577035974158E-15,68.));
#2384=CARTESIAN_POINT('Ctrl Pts',(-7.5179214436677,0.000185018356752481,
71.1140266781649));
#2385=CARTESIAN_POINT('Ctrl Pts',(-7.51816193019262,0.235420465036932,71.109046193971));
#2386=CARTESIAN_POINT('Ctrl Pts',(-7.5073396276311,0.470633871699944,71.1040657097771));
#2387=CARTESIAN_POINT('Ctrl Pts',(-7.48529222708567,0.704790360261124,71.0990852255831));
#2388=CARTESIAN_POINT('Ctrl Pts',(-7.3681265602598,1.94915933098606,71.0726176268067));
#2389=CARTESIAN_POINT('Ctrl Pts',(-6.93394860779552,3.16367947333779,71.0461500280303));
#2390=CARTESIAN_POINT('Ctrl Pts',(-6.2356810971492,4.20031075415104,71.0196824292539));
#2391=CARTESIAN_POINT('Ctrl Pts',(-5.53741358650289,5.23694203496428,70.9932148304775));
#2392=CARTESIAN_POINT('Ctrl Pts',(-4.57505651767456,6.09568445423905,70.966747231701));
#2393=CARTESIAN_POINT('Ctrl Pts',(-3.46591331562945,6.67186436203008,70.9402796329246));
#2394=CARTESIAN_POINT('Ctrl Pts',(-2.35677011358434,7.24804426982111,70.9138120341482));
#2395=CARTESIAN_POINT('Ctrl Pts',(-1.10084077832247,7.5416616661284,70.8873444353718));
#2396=CARTESIAN_POINT('Ctrl Pts',(0.148787216376255,7.51692700117712,70.8608768365954));
#2397=CARTESIAN_POINT('Ctrl Pts',(1.39841521107498,7.49219233622584,70.834409237819));
#2398=CARTESIAN_POINT('Ctrl Pts',(2.64174186521057,7.14910561001597,70.8079416390426));
#2399=CARTESIAN_POINT('Ctrl Pts',(3.72721586835449,6.52948627745475,70.7814740402661));
#2400=CARTESIAN_POINT('Ctrl Pts',(4.81268987149839,5.90986694489353,70.7550064414897));
#2401=CARTESIAN_POINT('Ctrl Pts',(5.74031122365064,5.01371500598095,70.7285388427133));
#2402=CARTESIAN_POINT('Ctrl Pts',(6.39701049850028,3.95026402394327,70.7020712439369));
#2403=CARTESIAN_POINT('Ctrl Pts',(7.05370977334992,2.88681304190557,70.6756036451605));
#2404=CARTESIAN_POINT('Ctrl Pts',(7.43948697089692,1.65606301674276,70.6491360463841));
#2405=CARTESIAN_POINT('Ctrl Pts',(7.507319018301,0.408032271075839,70.6226684476077));
#2406=CARTESIAN_POINT('Ctrl Pts',(7.57515106570507,-0.839998474591064,70.5962008488312));
#2407=CARTESIAN_POINT('Ctrl Pts',(7.32503796296623,-2.10530994076208,70.5697332500548));
#2408=CARTESIAN_POINT('Ctrl Pts',(6.78746644367885,-3.23367104893445,70.5432656512784));
#2409=CARTESIAN_POINT('Ctrl Pts',(6.24989492439146,-4.36203215710682,70.516798052502));
#2410=CARTESIAN_POINT('Ctrl Pts',(5.42486498855554,-5.35344290728055,70.4903304537256));
#2411=CARTESIAN_POINT('Ctrl Pts',(4.41294101119099,-6.08705846928809,70.4638628549492));
#2412=CARTESIAN_POINT('Ctrl Pts',(3.40101703382643,-6.82067403129563,70.4373952561727));
#2413=CARTESIAN_POINT('Ctrl Pts',(2.20219901493326,-7.29649440513697,70.4109276573963));
#2414=CARTESIAN_POINT('Ctrl Pts',(0.962613027755639,-7.45652099410833,70.3844600586199));
#2415=CARTESIAN_POINT('Ctrl Pts',(-0.276972959421999,-7.6165475830797,70.3579924598435));
#2416=CARTESIAN_POINT('Ctrl Pts',(-1.55732691488408,-7.46078038718108,70.3315248610671));
#2417=CARTESIAN_POINT('Ctrl Pts',(-2.72238420419421,-7.00820614861871,70.3050572622907));
#2418=CARTESIAN_POINT('Ctrl Pts',(-3.88744149350434,-6.55563191005634,70.2785896635143));
#2419=CARTESIAN_POINT('Ctrl Pts',(-4.93720211666251,-5.80625062883023,70.2521220647378));
#2420=CARTESIAN_POINT('Ctrl Pts',(-5.74370887308369,-4.85140573009957,70.2256544659614));
#2421=CARTESIAN_POINT('Ctrl Pts',(-6.55021562950485,-3.89656083136892,70.199186867185));
#2422=CARTESIAN_POINT('Ctrl Pts',(-7.11346851918903,-2.73625231513373,70.1727192684086));
#2423=CARTESIAN_POINT('Ctrl Pts',(-7.36481163964239,-1.51191226245813,70.1462516696322));
#2424=CARTESIAN_POINT('Ctrl Pts',(-7.46681724002912,-1.01502361905532,70.1355100058098));
#2425=CARTESIAN_POINT('Ctrl Pts',(-7.517448884947,-0.507588485525562,70.1247683419874));
#2426=CARTESIAN_POINT('Ctrl Pts',(-7.5172000651698,-0.000104379978751459,
70.114026678165));
#2427=CARTESIAN_POINT('Ctrl Pts',(-7.51829190389709,9.91880379769272E-5,
70.3859733218351));
#2428=CARTESIAN_POINT('Ctrl Pts',(-7.51754002328613,-1.15119514993053,70.4103523870448));
#2429=CARTESIAN_POINT('Ctrl Pts',(-7.24904687714692,-2.30282810451346,70.4347314522545));
#2430=CARTESIAN_POINT('Ctrl Pts',(-6.73843338504335,-3.33464315653746,70.4591105174642));
#2431=CARTESIAN_POINT('Ctrl Pts',(-6.18407607385926,-4.45485291739368,70.4855781162406));
#2432=CARTESIAN_POINT('Ctrl Pts',(-5.34433696271263,-5.43383601444432,70.5120457150169));
#2433=CARTESIAN_POINT('Ctrl Pts',(-4.32157335431961,-6.15226244639669,70.5385133137933));
#2434=CARTESIAN_POINT('Ctrl Pts',(-3.2988097459266,-6.87068887834905,70.5649809125698));
#2435=CARTESIAN_POINT('Ctrl Pts',(-2.0930216402872,-7.32855864520316,70.5914485113462));
#2436=CARTESIAN_POINT('Ctrl Pts',(-0.851184706989923,-7.47006118185766,
70.6179161101226));
#2437=CARTESIAN_POINT('Ctrl Pts',(0.390652226307359,-7.61156371851216,70.6443837088991));
#2438=CARTESIAN_POINT('Ctrl Pts',(1.66853798726253,-7.43669902496706,70.6708513076755));
#2439=CARTESIAN_POINT('Ctrl Pts',(2.82670879408363,-6.96678167158672,70.6973189064519));
#2440=CARTESIAN_POINT('Ctrl Pts',(3.98487960090472,-6.49686431820637,70.7237865052283));
#2441=CARTESIAN_POINT('Ctrl Pts',(5.02333545359174,-5.73189430499078,70.7502541040047));
#2442=CARTESIAN_POINT('Ctrl Pts',(5.81549711025904,-4.76511519553101,70.7767217027811));
#2443=CARTESIAN_POINT('Ctrl Pts',(6.60765876692634,-3.79833608607124,70.8031893015575));
#2444=CARTESIAN_POINT('Ctrl Pts',(7.15352622757392,-2.62974788036729,70.8296569003339));
#2445=CARTESIAN_POINT('Ctrl Pts',(7.38656273075874,-1.40179188564995,70.8561244991104));
#2446=CARTESIAN_POINT('Ctrl Pts',(7.61959923394355,-0.173835890932634,70.8825920978868));
#2447=CARTESIAN_POINT('Ctrl Pts',(7.53980477966562,1.11348789279806,70.9090596966632));
#2448=CARTESIAN_POINT('Ctrl Pts',(7.15690565672571,2.30326526627448,70.9355272954396));
#2449=CARTESIAN_POINT('Ctrl Pts',(6.77400653378578,3.4930426397509,70.961994894216));
#2450=CARTESIAN_POINT('Ctrl Pts',(6.08800274218388,4.58527360297303,70.9884624929924));
#2451=CARTESIAN_POINT('Ctrl Pts',(5.18251251147236,5.44682416960379,71.0149300917688));
#2452=CARTESIAN_POINT('Ctrl Pts',(4.27702228076083,6.30837473623456,71.0413976905453));
#2453=CARTESIAN_POINT('Ctrl Pts',(3.1520456109397,6.93924490627395,71.0678652893217));
#2454=CARTESIAN_POINT('Ctrl Pts',(1.94470792110157,7.26253678597334,71.0943328880981));
#2455=CARTESIAN_POINT('Ctrl Pts',(0.737370231263448,7.58582866567272,71.1208004868745));
#2456=CARTESIAN_POINT('Ctrl Pts',(-0.552328478591662,7.60154225503212,71.1472680856509));
#2457=CARTESIAN_POINT('Ctrl Pts',(-1.76718452520201,7.3077621964719,71.1737356844273));
#2458=CARTESIAN_POINT('Ctrl Pts',(-2.98204057181237,7.01398213791168,71.2002032832037));
#2459=CARTESIAN_POINT('Ctrl Pts',(-4.12205395517798,6.41070843143184,71.2266708819802));
#2460=CARTESIAN_POINT('Ctrl Pts',(-5.04826640427739,5.57147518860888,71.2531384807566));
#2461=CARTESIAN_POINT('Ctrl Pts',(-5.97447885337681,4.73224194578593,71.279606079533));
#2462=CARTESIAN_POINT('Ctrl Pts',(-6.68689036821005,3.65704916661984,71.3060736783094));
#2463=CARTESIAN_POINT('Ctrl Pts',(-7.09866383461988,2.47695402245283,71.3325412770858));
#2464=CARTESIAN_POINT('Ctrl Pts',(-7.37575606941382,1.68283971582274,71.3503519586689));
#2465=CARTESIAN_POINT('Ctrl Pts',(-7.51671137899158,0.841222820967304,71.368162640252));
#2466=CARTESIAN_POINT('Ctrl Pts',(-7.51740190361428,-0.000168497939008749,
71.3859733218351));
#2467=CARTESIAN_POINT('Origin',(-3.508354701546E-16,5.55111512312578E-16,
68.));
#2468=CARTESIAN_POINT('',(-7.51761244972176,0.000193110352561532,72.3859733218351));
#2469=CARTESIAN_POINT('',(-7.51780408409377,-0.000193551638771529,72.1140266781649));
#2470=CARTESIAN_POINT('',(-7.51775,1.47577035974158E-15,68.));
#2471=CARTESIAN_POINT('',(5.66944583855574,4.93699796902763,73.));
#2472=CARTESIAN_POINT('Ctrl Pts',(-7.51761244972176,0.000193110352561532,
72.3859733218351));
#2473=CARTESIAN_POINT('Ctrl Pts',(-7.51671257344029,-0.916316202232982,
72.4053756897885));
#2474=CARTESIAN_POINT('Ctrl Pts',(-7.34883505931178,-1.83314590209379,72.4247780577418));
#2475=CARTESIAN_POINT('Ctrl Pts',(-7.0211651067493,-2.68878434230902,72.4441804256952));
#2476=CARTESIAN_POINT('Ctrl Pts',(-6.57417653007971,-3.85599728186799,72.4706480244717));
#2477=CARTESIAN_POINT('Ctrl Pts',(-5.82983254890299,-4.90934030403577,72.4971156232481));
#2478=CARTESIAN_POINT('Ctrl Pts',(-4.87886121743319,-5.72040859640639,72.5235832220245));
#2479=CARTESIAN_POINT('Ctrl Pts',(-3.92788988596339,-6.53147688877701,72.550050820801));
#2480=CARTESIAN_POINT('Ctrl Pts',(-2.77029120420052,-7.10027045135046,72.5765184195773));
#2481=CARTESIAN_POINT('Ctrl Pts',(-1.54716973753979,-7.35748039055009,72.6029860183537));
#2482=CARTESIAN_POINT('Ctrl Pts',(-0.32404827087907,-7.61469032974971,72.6294536171301));
#2483=CARTESIAN_POINT('Ctrl Pts',(0.964595980679511,-7.56031664557551,72.6559212159066));
#2484=CARTESIAN_POINT('Ctrl Pts',(2.16169356935863,-7.20094131893348,72.682388814683));
#2485=CARTESIAN_POINT('Ctrl Pts',(3.35879115803775,-6.84156599229144,72.7088564134594));
#2486=CARTESIAN_POINT('Ctrl Pts',(4.4643420838374,-6.17718902318156,72.7353240122358));
#2487=CARTESIAN_POINT('Ctrl Pts',(5.34357693718983,-5.2888862000343,72.7617916110123));
#2488=CARTESIAN_POINT('Ctrl Pts',(6.22281179054226,-4.40058337688705,72.7882592097887));
#2489=CARTESIAN_POINT('Ctrl Pts',(6.87573057144746,-3.28835469970242,72.8147268085651));
#2490=CARTESIAN_POINT('Ctrl Pts',(7.22277206923296,-2.08757896681694,72.8411944073415));
#2491=CARTESIAN_POINT('Ctrl Pts',(7.56981356701846,-0.886803233931457,72.8676620061179));
#2492=CARTESIAN_POINT('Ctrl Pts',(7.61097778168425,0.402519554654884,72.8941296048943));
#2493=CARTESIAN_POINT('Ctrl Pts',(7.34114256177881,1.62276147143817,72.9205972036708));
#2494=CARTESIAN_POINT('Ctrl Pts',(7.07130734187337,2.84300338822146,72.9470648024472));
#2495=CARTESIAN_POINT('Ctrl Pts',(6.49047268739669,3.99416443320169,72.9735324012236));
#2496=CARTESIAN_POINT('Ctrl Pts',(5.66944583855572,4.93699796902766,73.));
#2497=CARTESIAN_POINT('',(-5.66994314195821,4.93733504706648,73.));
#2498=CARTESIAN_POINT('Origin',(-3.508354701546E-16,5.55111512312578E-16,
73.));
#2499=CARTESIAN_POINT('Ctrl Pts',(-5.66994314195821,4.93733504706648,73.));
#2500=CARTESIAN_POINT('Ctrl Pts',(-4.89777876391455,5.82312234206953,72.9751165137186));
#2501=CARTESIAN_POINT('Ctrl Pts',(-3.91463031414092,6.52554824567244,72.9502330274372));
#2502=CARTESIAN_POINT('Ctrl Pts',(-2.82571181282258,6.9671805063382,72.9253495411558));
#2503=CARTESIAN_POINT('Ctrl Pts',(-1.66747145746488,7.43692760486912,72.8988819423794));
#2504=CARTESIAN_POINT('Ctrl Pts',(-0.389565495266972,7.61161925919474,72.872414343603));
#2505=CARTESIAN_POINT('Ctrl Pts',(0.852250008900209,7.46994183401252,72.8459467448265));
#2506=CARTESIAN_POINT('Ctrl Pts',(2.09406551306739,7.3282644088303,72.8194791460501));
#2507=CARTESIAN_POINT('Ctrl Pts',(3.29979055920384,6.87021790414025,72.7930115472737));
#2508=CARTESIAN_POINT('Ctrl Pts',(4.32245218208564,6.15164429294849,72.7665439484973));
#2509=CARTESIAN_POINT('Ctrl Pts',(5.34511380496744,5.43307068175673,72.7400763497209));
#2510=CARTESIAN_POINT('Ctrl Pts',(6.1847120045946,4.45396996406327,72.7136087509445));
#2511=CARTESIAN_POINT('Ctrl Pts',(6.7389090925968,3.33368164990175,72.6871411521681));
#2512=CARTESIAN_POINT('Ctrl Pts',(7.29310618059899,2.21339333574025,72.6606735533916));
#2513=CARTESIAN_POINT('Ctrl Pts',(7.56190215697624,0.951917425110698,72.6342059546152));
#2514=CARTESIAN_POINT('Ctrl Pts',(7.51253180581038,-0.296980163106862,72.6077383558388));
#2515=CARTESIAN_POINT('Ctrl Pts',(7.46316145464451,-1.54587775132444,72.5812707570624));
#2516=CARTESIAN_POINT('Ctrl Pts',(7.09562477593551,-2.78219701713003,72.554803158286));
#2517=CARTESIAN_POINT('Ctrl Pts',(6.45472205715045,-3.85524194977843,72.5283355595096));
#2518=CARTESIAN_POINT('Ctrl Pts',(5.81381933836539,-4.92828688242682,72.5018679607331));
#2519=CARTESIAN_POINT('Ctrl Pts',(4.89955057950428,-5.83805748191804,72.4754003619567));
#2520=CARTESIAN_POINT('Ctrl Pts',(3.82335734951149,-6.47365961605156,72.4489327631803));
#2521=CARTESIAN_POINT('Ctrl Pts',(2.74716411951869,-7.10926175018509,72.4224651644039));
#2522=CARTESIAN_POINT('Ctrl Pts',(1.50904641839422,-7.47069541896093,72.3959975656275));
#2523=CARTESIAN_POINT('Ctrl Pts',(0.259920767883438,-7.51390510286956,72.369529966851));
#2524=CARTESIAN_POINT('Ctrl Pts',(-0.989204882627343,-7.55711478677818,
72.3430623680746));
#2525=CARTESIAN_POINT('Ctrl Pts',(-2.24933848252443,-7.2821004858196,72.3165947692982));
#2526=CARTESIAN_POINT('Ctrl Pts',(-3.36688016117054,-6.72238404959311,72.2901271705218));
#2527=CARTESIAN_POINT('Ctrl Pts',(-4.48442183981664,-6.16266761336662,72.2636595717454));
#2528=CARTESIAN_POINT('Ctrl Pts',(-5.45937159721176,-5.31824904187223,72.237191972969));
#2529=CARTESIAN_POINT('Ctrl Pts',(-6.17289102953315,-4.29205609198713,72.2107243741926));
#2530=CARTESIAN_POINT('Ctrl Pts',(-6.88641046185455,-3.26586314210202,72.1842567754162));
#2531=CARTESIAN_POINT('Ctrl Pts',(-7.3384995691022,-2.0578958138262,72.1577891766397));
#2532=CARTESIAN_POINT('Ctrl Pts',(-7.47405241752166,-0.815395373612293,
72.1313215778633));
#2533=CARTESIAN_POINT('Ctrl Pts',(-7.50357748497042,-0.544763588812635,
72.1255566112972));
#2534=CARTESIAN_POINT('Ctrl Pts',(-7.51808538695737,-0.272493478413865,
72.1197916447311));
#2535=CARTESIAN_POINT('Ctrl Pts',(-7.51780408409377,-0.000193551638771529,
72.1140266781649));
#2536=CARTESIAN_POINT('Origin',(-3.508354701546E-16,5.55111512312578E-16,
75.2083368446371));
#2537=CARTESIAN_POINT('',(-8.0767790775362,4.25778788781805E-5,63.791663155363));
#2538=CARTESIAN_POINT('',(-8.076681482594,-0.000107096715036261,63.7083368446371));
#2539=CARTESIAN_POINT('',(-8.0761,4.062002526972E-13,75.2083368446371));
#2540=CARTESIAN_POINT('',(2.09007638454584,-7.80095967921664,63.));
#2541=CARTESIAN_POINT('Ctrl Pts',(-8.076681482594,-0.000107096715035969,
63.7083368446371));
#2542=CARTESIAN_POINT('Ctrl Pts',(-8.07587167225135,1.2363113921275,63.6839653533027));
#2543=CARTESIAN_POINT('Ctrl Pts',(-7.47458140907434,3.8162499638858,63.633126263192));
#2544=CARTESIAN_POINT('Ctrl Pts',(-4.84014428066943,6.88840911981633,63.5558195743047));
#2545=CARTESIAN_POINT('Ctrl Pts',(-0.954318309485,8.36460717136347,63.4764167779755));
#2546=CARTESIAN_POINT('Ctrl Pts',(3.16413323677812,7.80160875556715,63.3970139816463));
#2547=CARTESIAN_POINT('Ctrl Pts',(6.51126511419384,5.33679330119128,63.317611185317));
#2548=CARTESIAN_POINT('Ctrl Pts',(8.27096744125402,1.57077732354871,63.2382083889877));
#2549=CARTESIAN_POINT('Ctrl Pts',(8.01452771297994,-2.57780280501429,63.1588055926585));
#2550=CARTESIAN_POINT('Ctrl Pts',(5.80389741123887,-6.09870914266064,63.0794027963293));
#2551=CARTESIAN_POINT('Ctrl Pts',(3.38738243643066,-7.4533782464095,63.0264675987764));
#2552=CARTESIAN_POINT('Ctrl Pts',(2.09007638454584,-7.80095967921664,63.));
#2553=CARTESIAN_POINT('',(-2.09031730254813,-7.80155842397178,63.));
#2554=CARTESIAN_POINT('Origin',(-3.508354701546E-16,5.55111512312578E-16,
63.));
#2555=CARTESIAN_POINT('Ctrl Pts',(-8.0767790775362,4.25778788788484E-5,
63.791663155363));
#2556=CARTESIAN_POINT('Ctrl Pts',(-8.07679084718277,0.0404159922232993,
63.7908673121778));
#2557=CARTESIAN_POINT('Ctrl Pts',(-8.06663714933445,1.42349438301437,63.7636038702162));
#2558=CARTESIAN_POINT('Ctrl Pts',(-7.33141461023801,4.13854808003424,63.7098728294782));
#2559=CARTESIAN_POINT('Ctrl Pts',(-4.45763701668517,7.14189677394065,63.6304700331489));
#2560=CARTESIAN_POINT('Ctrl Pts',(-0.497160801927206,8.40416896806051,63.5510672368197));
#2561=CARTESIAN_POINT('Ctrl Pts',(3.58451521950134,7.61764144499505,63.4716644404904));
#2562=CARTESIAN_POINT('Ctrl Pts',(6.79234495200878,4.9740607545522,63.3922616441612));
#2563=CARTESIAN_POINT('Ctrl Pts',(8.34431322500606,1.11788017063721,63.312858847832));
#2564=CARTESIAN_POINT('Ctrl Pts',(7.86207353346423,-3.01080987409804,63.2334560515027));
#2565=CARTESIAN_POINT('Ctrl Pts',(5.46319233860536,-6.40553713950086,63.1540532551735));
#2566=CARTESIAN_POINT('Ctrl Pts',(1.80689780077757,-8.20208092341929,63.0762345713392));
#2567=CARTESIAN_POINT('Ctrl Pts',(-0.87077965740793,-8.12762112181285,63.0248834862814));
#2568=CARTESIAN_POINT('Ctrl Pts',(-2.09031730254813,-7.80155842397178,63.));
#2569=CARTESIAN_POINT('Origin',(-3.508354701546E-16,5.55111512312578E-16,
75.2083368446371));
#2570=CARTESIAN_POINT('',(-8.07557870576788,-0.000142115825322309,64.791663155363));
#2571=CARTESIAN_POINT('',(-8.07541423280072,-1.8559842499422E-5,64.7083368446371));
#2572=CARTESIAN_POINT('',(-8.0761,4.062002526972E-13,75.2083368446371));
#2573=CARTESIAN_POINT('Ctrl Pts',(-8.07541423280072,-1.85598424988498E-5,
64.7083368446371));
#2574=CARTESIAN_POINT('Ctrl Pts',(-8.07535891661493,0.691571902632882,64.6947108040628));
#2575=CARTESIAN_POINT('Ctrl Pts',(-7.81668440143741,2.7265674626081,64.654617164712));
#2576=CARTESIAN_POINT('Ctrl Pts',(-6.12690373938183,5.77393025402304,64.588055926585));
#2577=CARTESIAN_POINT('Ctrl Pts',(-2.61747775310815,8.00162672256877,64.5086531302557));
#2578=CARTESIAN_POINT('Ctrl Pts',(1.53004632817203,8.2786579996471,64.4292503339265));
#2579=CARTESIAN_POINT('Ctrl Pts',(5.30457023639903,6.53748839724569,64.3498475375972));
#2580=CARTESIAN_POINT('Ctrl Pts',(7.78592703886131,3.20258649606765,64.270444741268));
#2581=CARTESIAN_POINT('Ctrl Pts',(8.36920266970918,-0.913053434771065,64.1910419449387));
#2582=CARTESIAN_POINT('Ctrl Pts',(6.91220416011499,-4.80610586348632,64.1116391486095));
#2583=CARTESIAN_POINT('Ctrl Pts',(3.77012371491049,-7.52750874671021,64.0322363522802));
#2584=CARTESIAN_POINT('Ctrl Pts',(-0.291050835670507,-8.41382832507573,
63.952833555951));
#2585=CARTESIAN_POINT('Ctrl Pts',(-4.28127226800928,-7.24899531123112,63.8734307596216));
#2586=CARTESIAN_POINT('Ctrl Pts',(-7.22778922193511,-4.31697508544091,63.7940279632925));
#2587=CARTESIAN_POINT('Ctrl Pts',(-8.04872609902976,-1.55550898458315,63.7389966582976));
#2588=CARTESIAN_POINT('Ctrl Pts',(-8.07675113157291,-0.106447162671269,
63.7104329520791));
#2589=CARTESIAN_POINT('Ctrl Pts',(-8.076681482594,-0.000107096715035969,
63.7083368446371));
#2590=CARTESIAN_POINT('Ctrl Pts',(-8.07557870576788,-0.000142115825322101,
64.791663155363));
#2591=CARTESIAN_POINT('Ctrl Pts',(-8.07505195049442,0.838180588910352,64.7751451641614));
#2592=CARTESIAN_POINT('Ctrl Pts',(-7.73703878235535,3.02020446663818,64.7321595741835));
#2593=CARTESIAN_POINT('Ctrl Pts',(-5.80321021757002,6.09917788031142,64.6627063854292));
#2594=CARTESIAN_POINT('Ctrl Pts',(-2.17762115439608,8.13235425644018,64.5833035890999));
#2595=CARTESIAN_POINT('Ctrl Pts',(1.97883618616639,8.18299621129371,64.5039007927707));
#2596=CARTESIAN_POINT('Ctrl Pts',(5.65288576024231,6.23875806752595,64.4244979964414));
#2597=CARTESIAN_POINT('Ctrl Pts',(7.94885461537224,2.77361315783997,64.3450952001122));
#2598=CARTESIAN_POINT('Ctrl Pts',(8.30702324836912,-1.36769309359469,64.265692403783));
#2599=CARTESIAN_POINT('Ctrl Pts',(6.64007602781102,-5.17557822638102,64.1862896074536));
#2600=CARTESIAN_POINT('Ctrl Pts',(3.35438731293938,-7.72174238327299,64.1068868111245));
#2601=CARTESIAN_POINT('Ctrl Pts',(-0.749045945524097,-8.38547254157212,
64.0274840147951));
#2602=CARTESIAN_POINT('Ctrl Pts',(-4.66987410070644,-7.00496221548555,63.948081218466));
#2603=CARTESIAN_POINT('Ctrl Pts',(-7.42437613824521,-3.94770974700208,63.8694742653218));
#2604=CARTESIAN_POINT('Ctrl Pts',(-8.07639942046806,-1.3022949237147,63.8173349109542));
#2605=CARTESIAN_POINT('Ctrl Pts',(-8.0767790775362,4.25778788788484E-5,
63.791663155363));
#2606=CARTESIAN_POINT('Origin',(-3.508354701546E-16,5.55111512312578E-16,
75.2083368446371));
#2607=CARTESIAN_POINT('',(-8.07615688283657,0.00020797492370328,65.7916631553629));
#2608=CARTESIAN_POINT('',(-8.07659159513079,0.000140028963751245,65.7083368446371));
#2609=CARTESIAN_POINT('',(-8.0761,4.062002526972E-13,75.2083368446371));
#2610=CARTESIAN_POINT('Ctrl Pts',(-8.07659159513079,0.000140028963751104,
65.7083368446371));
#2611=CARTESIAN_POINT('Ctrl Pts',(-8.07671011328157,0.146283247197651,65.7054562548229));
#2612=CARTESIAN_POINT('Ctrl Pts',(-8.037128553081,1.6351636962771,65.6761080662322));
#2613=CARTESIAN_POINT('Ctrl Pts',(-7.1631658958136,4.42337816116025,65.6202922788651));
#2614=CARTESIAN_POINT('Ctrl Pts',(-4.17361603530062,7.31150799749675,65.5408894825359));
#2615=CARTESIAN_POINT('Ctrl Pts',(-0.166607122861814,8.41721225075057,65.4614866862066));
#2616=CARTESIAN_POINT('Ctrl Pts',(3.88101787017449,7.47093838141967,65.3820838898774));
#2617=CARTESIAN_POINT('Ctrl Pts',(6.98251443900982,4.70337241950753,65.3026810935482));
#2618=CARTESIAN_POINT('Ctrl Pts',(8.38178865172071,0.789201498653737,65.2232782972189));
#2619=CARTESIAN_POINT('Ctrl Pts',(7.73772043357404,-3.31736378762167,65.1438755008896));
#2620=CARTESIAN_POINT('Ctrl Pts',(5.20732303952888,-6.61521025890479,65.0644727045605));
#2621=CARTESIAN_POINT('Ctrl Pts',(1.40746580104314,-8.30037710147325,64.9850699082311));
#2622=CARTESIAN_POINT('Ctrl Pts',(-2.73550848686005,-7.96204831217526,64.905667111902));
#2623=CARTESIAN_POINT('Ctrl Pts',(-6.21161072716653,-5.6827028941036,64.8262643155726));
#2624=CARTESIAN_POINT('Ctrl Pts',(-7.83676420601283,-2.64689353555029,64.7604875598178));
#2625=CARTESIAN_POINT('Ctrl Pts',(-8.07546636430697,-0.651792575006783,
64.7211784028392));
#2626=CARTESIAN_POINT('Ctrl Pts',(-8.07541423280072,-1.85598424988498E-5,
64.7083368446371));
#2627=CARTESIAN_POINT('Ctrl Pts',(-8.07615688283657,0.000207974923702864,
65.7916631553629));
#2628=CARTESIAN_POINT('Ctrl Pts',(-8.07645945849868,0.293116298512515,65.7858906149215));
#2629=CARTESIAN_POINT('Ctrl Pts',(-7.9891841963642,1.9288553478887,65.7536504757036));
#2630=CARTESIAN_POINT('Ctrl Pts',(-6.91151791566691,4.80709265005496,65.6949427377094));
#2631=CARTESIAN_POINT('Ctrl Pts',(-3.76904904196233,7.52804682265459,65.6155399413801));
#2632=CARTESIAN_POINT('Ctrl Pts',(0.292252094332367,8.4137868025138,65.5361371450508));
#2633=CARTESIAN_POINT('Ctrl Pts',(4.28230696927775,7.24838372781633,65.4567343487216));
#2634=CARTESIAN_POINT('Ctrl Pts',(7.22840572747323,4.31594373038263,65.3773315523923));
#2635=CARTESIAN_POINT('Ctrl Pts',(8.41233787134531,0.331347526211445,65.2979287560631));
#2636=CARTESIAN_POINT('Ctrl Pts',(7.54548018628585,-3.73402576359158,65.2185259597339));
#2637=CARTESIAN_POINT('Ctrl Pts',(4.83915834071645,-6.88910489093239,65.1391231634046));
#2638=CARTESIAN_POINT('Ctrl Pts',(0.953129158434644,-8.3647333760345,65.0597203670754));
#2639=CARTESIAN_POINT('Ctrl Pts',(-3.16525726076179,-7.80117722641782,64.9803175707462));
#2640=CARTESIAN_POINT('Ctrl Pts',(-6.5120059383933,-5.3358221768667,64.9009147744168));
#2641=CARTESIAN_POINT('Ctrl Pts',(-7.90526600924249,-2.35314340656274,64.8380299692892));
#2642=CARTESIAN_POINT('Ctrl Pts',(-8.07589599666573,-0.505105572427916,
64.8016127629379));
#2643=CARTESIAN_POINT('Ctrl Pts',(-8.07557870576788,-0.000142115825322101,
64.791663155363));
#2644=CARTESIAN_POINT('Origin',(-3.508354701546E-16,5.55111512312578E-16,
75.2083368446371));
#2645=CARTESIAN_POINT('',(-8.07628538376898,-0.000198636178141143,66.791663155363));
#2646=CARTESIAN_POINT('',(-8.07583362290614,-0.0001973536749071,66.7083368446371));
#2647=CARTESIAN_POINT('',(-8.0761,4.062002526972E-13,75.2083368446371));
#2648=CARTESIAN_POINT('Ctrl Pts',(-8.07583362290614,-0.000197353674906663,
66.7083368446371));
#2649=CARTESIAN_POINT('Ctrl Pts',(-8.07497188642957,0.943845190031666,66.6897341068065));
#2650=CARTESIAN_POINT('Ctrl Pts',(-7.67404561611843,3.23176509830705,66.6446637701995));
#2651=CARTESIAN_POINT('Ctrl Pts',(-5.55911513891317,6.32245671237716,66.5731258348161));
#2652=CARTESIAN_POINT('Ctrl Pts',(-1.85644880530401,8.21162699109391,66.4937230384868));
#2653=CARTESIAN_POINT('Ctrl Pts',(2.29878926116648,8.09893745748923,66.4143202421576));
#2654=CARTESIAN_POINT('Ctrl Pts',(5.89362025557726,6.01185996931282,66.3349174458283));
#2655=CARTESIAN_POINT('Ctrl Pts',(8.05168341439111,2.45918974501678,66.2555146494991));
#2656=CARTESIAN_POINT('Ctrl Pts',(8.24687837835322,-1.69299055526802,66.1761118531698));
#2657=CARTESIAN_POINT('Ctrl Pts',(6.43161982066451,-5.43244755980322,66.0967090568406));
#2658=CARTESIAN_POINT('Ctrl Pts',(3.04843796822776,-7.84756305877461,66.0173062605114));
#2659=CARTESIAN_POINT('Ctrl Pts',(-1.0779030006141,-8.34957155360942,65.9379034641822));
#2660=CARTESIAN_POINT('Ctrl Pts',(-4.94146891880517,-6.8160916170529,65.8585006678529));
#2661=CARTESIAN_POINT('Ctrl Pts',(-7.50392516464857,-3.73687405338268,65.7819784613379));
#2662=CARTESIAN_POINT('Ctrl Pts',(-8.07562113808379,-1.19651816277473,65.7319238535993));
#2663=CARTESIAN_POINT('Ctrl Pts',(-8.07659159513079,0.000140028963751104,
65.7083368446371));
#2664=CARTESIAN_POINT('Ctrl Pts',(-8.07628538376898,-0.000198636178141386,
66.791663155363));
#2665=CARTESIAN_POINT('Ctrl Pts',(-8.07517070706257,1.09042768446057,66.7701684669052));
#2666=CARTESIAN_POINT('Ctrl Pts',(-7.57874122744634,3.5249863061228,66.7222061796709));
#2667=CARTESIAN_POINT('Ctrl Pts',(-5.20637855802746,6.61595359379954,66.6477762936603));
#2668=CARTESIAN_POINT('Ctrl Pts',(-1.40628078652766,8.30057793133951,66.568373497331));
#2669=CARTESIAN_POINT('Ctrl Pts',(2.73664514733787,7.96165767804351,66.4889707010018));
#2670=CARTESIAN_POINT('Ctrl Pts',(6.21242193439217,5.68181602605013,66.4095679046725));
#2671=CARTESIAN_POINT('Ctrl Pts',(8.17371227179021,2.01684093145279,66.3301651083433));
#2672=CARTESIAN_POINT('Ctrl Pts',(8.14238578281247,-2.13980686246457,66.2507623120141));
#2673=CARTESIAN_POINT('Ctrl Pts',(6.12607935104047,-5.77480488237937,66.1713595156848));
#2674=CARTESIAN_POINT('Ctrl Pts',(2.6163353735494,-8.00200030354356,66.0919567193556));
#2675=CARTESIAN_POINT('Ctrl Pts',(-1.53122820358298,-8.27843945640415,66.0125539230263));
#2676=CARTESIAN_POINT('Ctrl Pts',(-5.30550348990887,-6.53673101506876,65.9331511266971));
#2677=CARTESIAN_POINT('Ctrl Pts',(-7.60602546514509,-3.44394621579524,65.8595208708093));
#2678=CARTESIAN_POINT('Ctrl Pts',(-8.07507212283503,-1.04989377922676,65.8123582136979));
#2679=CARTESIAN_POINT('Ctrl Pts',(-8.07615688283657,0.000207974923702864,
65.7916631553629));
#2680=CARTESIAN_POINT('Origin',(-3.508354701546E-16,5.55111512312578E-16,
75.2083368446371));
#2681=CARTESIAN_POINT('',(-8.07550864041368,0.000111827124901487,67.7916631553629));
#2682=CARTESIAN_POINT('',(-8.07583470407127,0.000197479402276259,67.7083368446371));
#2683=CARTESIAN_POINT('',(-8.0761,4.062002526972E-13,75.2083368446371));
#2684=CARTESIAN_POINT('Ctrl Pts',(-8.07583470407127,0.000197479402276046,
67.7083368446371));
#2685=CARTESIAN_POINT('Ctrl Pts',(-8.07619898556644,0.398935046430906,67.7004795575666));
#2686=CARTESIAN_POINT('Ctrl Pts',(-7.949493046341,2.1406072509071,67.6661546717196));
#2687=CARTESIAN_POINT('Ctrl Pts',(-6.71732863803065,5.07491044022156,67.6053621870963));
#2688=CARTESIAN_POINT('Ctrl Pts',(-3.47038918360275,7.67030761585932,67.525959390767));
#2689=CARTESIAN_POINT('Ctrl Pts',(0.622574164421858,8.39580975352413,67.4465565944379));
#2690=CARTESIAN_POINT('Ctrl Pts',(4.5637641548284,7.07455134596393,67.3671537981085));
#2691=CARTESIAN_POINT('Ctrl Pts',(7.39238338862697,4.02863349575618,67.2877510017794));
#2692=CARTESIAN_POINT('Ctrl Pts',(8.4188609470895,0.000600955917126965,
67.2083482054501));
#2693=CARTESIAN_POINT('Ctrl Pts',(7.39295845787337,-4.02757808710583,67.1289454091208));
#2694=CARTESIAN_POINT('Ctrl Pts',(4.56477410088252,-7.07389973179496,67.0495426127916));
#2695=CARTESIAN_POINT('Ctrl Pts',(0.623772779020595,-8.39572078667041,66.9701398164623));
#2696=CARTESIAN_POINT('Ctrl Pts',(-3.4692941030154,-7.67080298497876,66.8907370201331));
#2697=CARTESIAN_POINT('Ctrl Pts',(-6.71660405411889,-5.07586938245758,66.8113342238038));
#2698=CARTESIAN_POINT('Ctrl Pts',(-7.94934092555397,-2.14137658164589,66.7505341653052));
#2699=CARTESIAN_POINT('Ctrl Pts',(-8.07619794764275,-0.399319429189793,
66.7162017055829));
#2700=CARTESIAN_POINT('Ctrl Pts',(-8.07583362290614,-0.000197353674906663,
66.7083368446371));
#2701=CARTESIAN_POINT('Ctrl Pts',(-8.07550864041368,0.000111827124901626,
67.7916631553629));
#2702=CARTESIAN_POINT('Ctrl Pts',(-8.0757753763574,0.545671741780588,67.7809139176652));
#2703=CARTESIAN_POINT('Ctrl Pts',(-7.88718726280859,2.43436929513311,67.7436970811911));
#2704=CARTESIAN_POINT('Ctrl Pts',(-6.43084417970988,5.43336569550483,67.6800126459405));
#2705=CARTESIAN_POINT('Ctrl Pts',(-3.04731757841154,7.84799816648177,67.6006098496113));
#2706=CARTESIAN_POINT('Ctrl Pts',(1.07909500665332,8.34941756120826,67.521207053282));
#2707=CARTESIAN_POINT('Ctrl Pts',(4.9424419495697,6.81538606536202,67.4418042569528));
#2708=CARTESIAN_POINT('Ctrl Pts',(7.60090270801792,3.61987536636872,67.3624014606235));
#2709=CARTESIAN_POINT('Ctrl Pts',(8.40638820528478,-0.45810150277638,67.2829986642943));
#2710=CARTESIAN_POINT('Ctrl Pts',(7.16253430450255,-4.42440074830721,67.203595867965));
#2711=CARTESIAN_POINT('Ctrl Pts',(4.17257216060261,-7.31210374716887,67.1241930716358));
#2712=CARTESIAN_POINT('Ctrl Pts',(0.165405444285951,-8.41723592896134,67.0447902753065));
#2713=CARTESIAN_POINT('Ctrl Pts',(-3.88208440312452,-7.47038421580942,66.9653874789773));
#2714=CARTESIAN_POINT('Ctrl Pts',(-6.98318582311578,-4.70237550655326,66.885984682648));
#2715=CARTESIAN_POINT('Ctrl Pts',(-8.00326276641916,-1.84764232854866,66.8280765747766));
#2716=CARTESIAN_POINT('Ctrl Pts',(-8.07654327014431,-0.252520827044491,
66.7966360656816));
#2717=CARTESIAN_POINT('Ctrl Pts',(-8.07628538376898,-0.000198636178141386,
66.791663155363));
#2718=CARTESIAN_POINT('Origin',(-3.508354701546E-16,5.55111512312578E-16,
75.2083368446371));
#2719=CARTESIAN_POINT('',(-8.07679760547943,2.04400361340908E-7,68.791663155363));
#2720=CARTESIAN_POINT('',(-8.07659063952284,-0.000140322687451207,68.7083368446371));
#2721=CARTESIAN_POINT('',(-8.0761,4.062002526972E-13,75.2083368446371));
#2722=CARTESIAN_POINT('Ctrl Pts',(-8.07659063952284,-0.000140322687451361,
68.7083368446371));
#2723=CARTESIAN_POINT('Ctrl Pts',(-8.07561895098649,1.19613402768362,68.6847574095502));
#2724=CARTESIAN_POINT('Ctrl Pts',(-7.50420500135362,3.73610752891663,68.634710375687));
#2725=CARTESIAN_POINT('Ctrl Pts',(-4.94244196221741,6.81538608280478,68.5581957430472));
#2726=CARTESIAN_POINT('Ctrl Pts',(-1.07909500941367,8.34941758257635,68.4787929467181));
#2727=CARTESIAN_POINT('Ctrl Pts',(3.04731758621147,7.84799818656597,68.3993901503887));
#2728=CARTESIAN_POINT('Ctrl Pts',(6.43084419616858,5.43336570940899,68.3199873540595));
#2729=CARTESIAN_POINT('Ctrl Pts',(8.24663659589275,1.69416789689184,68.2405845577303));
#2730=CARTESIAN_POINT('Ctrl Pts',(8.05203441655954,-2.45804022792897,68.161181761401));
#2731=CARTESIAN_POINT('Ctrl Pts',(5.89447847380996,-6.01101851015014,68.0817789650718));
#2732=CARTESIAN_POINT('Ctrl Pts',(2.29994547595159,-8.09860919017744,68.0023761687425));
#2733=CARTESIAN_POINT('Ctrl Pts',(-1.85527646014413,-8.21189194181289,67.9229733724133));
#2734=CARTESIAN_POINT('Ctrl Pts',(-5.55821246187673,-6.32325029049261,67.843570576084));
#2735=CARTESIAN_POINT('Ctrl Pts',(-7.67380811655887,-3.23253345803803,67.7720250668253));
#2736=CARTESIAN_POINT('Ctrl Pts',(-8.07497188817657,-0.944229056710489,
67.726947156343));
#2737=CARTESIAN_POINT('Ctrl Pts',(-8.07583470407127,0.000197479402276046,
67.7083368446371));
#2738=CARTESIAN_POINT('Ctrl Pts',(-8.07679760527203,2.04400300120579E-7,
68.7916631553629));
#2739=CARTESIAN_POINT('Ctrl Pts',(-8.07679760556362,0.00019231584024032,
68.7916593684253));
#2740=CARTESIAN_POINT('Ctrl Pts',(-8.07675069580193,1.34308635781447,68.7651879827112));
#2741=CARTESIAN_POINT('Ctrl Pts',(-7.3923833697077,4.02863348544717,68.7122489982208));
#2742=CARTESIAN_POINT('Ctrl Pts',(-4.56376414314774,7.07455132785932,68.6328462018914));
#2743=CARTESIAN_POINT('Ctrl Pts',(-0.622574162827344,8.39580973203758,68.5534434055623));
#2744=CARTESIAN_POINT('Ctrl Pts',(3.47038917472245,7.67030759622888,68.4740406092329));
#2745=CARTESIAN_POINT('Ctrl Pts',(6.71732862084039,5.07491042723275,68.3946378129038));
#2746=CARTESIAN_POINT('Ctrl Pts',(8.32669365852486,1.24233343425944,68.3152350165745));
#2747=CARTESIAN_POINT('Ctrl Pts',(7.90614751994784,-2.89310404887549,68.2358322202452));
#2748=CARTESIAN_POINT('Ctrl Pts',(5.55821244765116,-6.32325027431089,68.156429423916));
#2749=CARTESIAN_POINT('Ctrl Pts',(1.85527645539486,-8.21189192079722,68.0770266275867));
#2750=CARTESIAN_POINT('Ctrl Pts',(-2.29994547006678,-8.09860916945104,67.9976238312575));
#2751=CARTESIAN_POINT('Ctrl Pts',(-5.89447845872565,-6.01101849476579,67.9182210349283));
#2752=CARTESIAN_POINT('Ctrl Pts',(-7.75995297454764,-2.9390284205209,67.8495674762967));
#2753=CARTESIAN_POINT('Ctrl Pts',(-8.07511859862709,-0.797647787998629,
67.8073815164416));
#2754=CARTESIAN_POINT('Ctrl Pts',(-8.07550864041368,0.000111827124901626,
67.7916631553629));
#2755=CARTESIAN_POINT('Origin',(-3.508354701546E-16,5.55111512312578E-16,
75.2083368446371));
#2756=CARTESIAN_POINT('',(-8.0755092210193,-0.000112132372846185,69.7916631553629));
#2757=CARTESIAN_POINT('',(-8.07541432858351,1.8917245178162E-5,69.7083368446371));
#2758=CARTESIAN_POINT('',(-8.0761,4.062002526972E-13,75.2083368446371));
#2759=CARTESIAN_POINT('Ctrl Pts',(-8.07541432858351,1.89172451783154E-5,
69.7083368446371));
#2760=CARTESIAN_POINT('Ctrl Pts',(-8.0754674335266,0.651408497858088,69.6955028603103));
#2761=CARTESIAN_POINT('Ctrl Pts',(-7.83695492913363,2.64612428487282,69.6562012772071));
#2762=CARTESIAN_POINT('Ctrl Pts',(-6.21242195029019,5.68181604059206,69.5904320953275));
#2763=CARTESIAN_POINT('Ctrl Pts',(-2.73664515434028,7.96165769841949,69.5110292989982));
#2764=CARTESIAN_POINT('Ctrl Pts',(1.40628079012789,8.30057795258221,69.4316265026689));
#2765=CARTESIAN_POINT('Ctrl Pts',(5.20637857135269,6.61595361073037,69.3522237063397));
#2766=CARTESIAN_POINT('Ctrl Pts',(7.73724675398195,3.31846842316936,69.2728209100104));
#2767=CARTESIAN_POINT('Ctrl Pts',(8.38190123601213,-0.78800487137763,69.1934181136813));
#2768=CARTESIAN_POINT('Ctrl Pts',(6.9831858409865,-4.70237551858867,69.1140153173519));
#2769=CARTESIAN_POINT('Ctrl Pts',(3.88208441305849,-7.47038423492827,69.0346125210227));
#2770=CARTESIAN_POINT('Ctrl Pts',(-0.165405444710525,-8.4172359505028,68.9552097246935));
#2771=CARTESIAN_POINT('Ctrl Pts',(-4.17257217128223,-7.31210376588145,68.8758069283642));
#2772=CARTESIAN_POINT('Ctrl Pts',(-7.16253432283368,-4.42440075962905,68.7964041320351));
#2773=CARTESIAN_POINT('Ctrl Pts',(-8.03701367398723,-1.63593276629534,68.7405807707926));
#2774=CARTESIAN_POINT('Ctrl Pts',(-8.07670965830077,-0.146667842483972,
68.7112250083266));
#2775=CARTESIAN_POINT('Ctrl Pts',(-8.07659063952284,-0.000140322687451361,
68.7083368446371));
#2776=CARTESIAN_POINT('Ctrl Pts',(-8.0755092210193,-0.000112132372846047,
69.7916631553629));
#2777=CARTESIAN_POINT('Ctrl Pts',(-8.07511789058572,0.798031718110742,69.7759372204089));
#2778=CARTESIAN_POINT('Ctrl Pts',(-7.75973915539742,2.93979736071972,69.7337436866785));
#2779=CARTESIAN_POINT('Ctrl Pts',(-5.89362024049335,6.0118599539281,69.6650825541716));
#2780=CARTESIAN_POINT('Ctrl Pts',(-2.29878925528216,8.0989374367627,69.5856797578424));
#2781=CARTESIAN_POINT('Ctrl Pts',(1.85644880055419,8.21162697007834,69.5062769615132));
#2782=CARTESIAN_POINT('Ctrl Pts',(5.55911512468714,6.32245669619585,69.4268741651839));
#2783=CARTESIAN_POINT('Ctrl Pts',(7.90656047102254,2.8919753046769,69.3474713688547));
#2784=CARTESIAN_POINT('Ctrl Pts',(8.3265162129476,-1.2435221752418,69.2680685725254));
#2785=CARTESIAN_POINT('Ctrl Pts',(6.71660403692889,-5.07586936946841,69.1886657761962));
#2786=CARTESIAN_POINT('Ctrl Pts',(3.46929409413557,-7.67080296534809,69.109262979867));
#2787=CARTESIAN_POINT('Ctrl Pts',(-0.623772777425494,-8.39572076518389,
69.0298601835376));
#2788=CARTESIAN_POINT('Ctrl Pts',(-4.56477408920134,-7.07389971369069,68.9504573872085));
#2789=CARTESIAN_POINT('Ctrl Pts',(-7.3928235550665,-4.02772336425161,68.8710583778168));
#2790=CARTESIAN_POINT('Ctrl Pts',(-8.07679556764433,-1.34250961483716,68.8181269672017));
#2791=CARTESIAN_POINT('Ctrl Pts',(-8.07679760527203,2.04400300120579E-7,
68.7916631553629));
#2792=CARTESIAN_POINT('Origin',(-3.508354701546E-16,5.55111512312578E-16,
75.2083368446371));
#2793=CARTESIAN_POINT('',(-8.07628417694187,0.000198759835271511,70.7916631553629));
#2794=CARTESIAN_POINT('',(-8.07668215158303,0.000106554822111362,70.7083368446371));
#2795=CARTESIAN_POINT('',(-8.0761,4.062002526972E-13,75.2083368446371));
#2796=CARTESIAN_POINT('Ctrl Pts',(-8.07668215158303,0.000106554822111721,
70.7083368446371));
#2797=CARTESIAN_POINT('Ctrl Pts',(-8.07675134855729,0.106062318963097,70.7062483110704));
#2798=CARTESIAN_POINT('Ctrl Pts',(-8.04883483822738,1.55473933988244,70.6776921787272));
#2799=CARTESIAN_POINT('Ctrl Pts',(-7.22840574597156,4.31594374142919,70.6226684476076));
#2800=CARTESIAN_POINT('Ctrl Pts',(-4.28230698023593,7.24838374636714,70.5432656512784));
#2801=CARTESIAN_POINT('Ctrl Pts',(-0.292252095078989,8.4137868240465,70.4638628549492));
#2802=CARTESIAN_POINT('Ctrl Pts',(3.76904905160929,7.52804684191986,70.3844600586199));
#2803=CARTESIAN_POINT('Ctrl Pts',(6.9115179333557,4.80709266235625,70.3050572622907));
#2804=CARTESIAN_POINT('Ctrl Pts',(8.3690722411779,0.914248231894353,70.2256544659614));
#2805=CARTESIAN_POINT('Ctrl Pts',(7.7863841702122,-3.20147490407867,70.1462516696322));
#2806=CARTESIAN_POINT('Ctrl Pts',(5.30550350348576,-6.53673103179845,70.0668488733029));
#2807=CARTESIAN_POINT('Ctrl Pts',(1.53122820750041,-8.27843947759067,69.9874460769737));
#2808=CARTESIAN_POINT('Ctrl Pts',(-2.61633538024641,-8.00200032402195,69.9080432806444));
#2809=CARTESIAN_POINT('Ctrl Pts',(-6.1260793667193,-5.77480489715735,69.8286404843152));
#2810=CARTESIAN_POINT('Ctrl Pts',(-7.81648739193369,-2.72733665141828,69.7620716723127));
#2811=CARTESIAN_POINT('Ctrl Pts',(-8.07535791490081,-0.691955934245634,
69.7219704590867));
#2812=CARTESIAN_POINT('Ctrl Pts',(-8.07541432858351,1.89172451783154E-5,
69.7083368446371));
#2813=CARTESIAN_POINT('Ctrl Pts',(-8.07628417694187,0.000198759835272136,
70.7916631553629));
#2814=CARTESIAN_POINT('Ctrl Pts',(-8.07654252461556,0.25290535302254,70.786682671169));
#2815=CARTESIAN_POINT('Ctrl Pts',(-8.003132378175,1.84841153387091,70.7552345881986));
#2816=CARTESIAN_POINT('Ctrl Pts',(-6.98251442113938,4.70337240747167,70.6973189064518));
#2817=CARTESIAN_POINT('Ctrl Pts',(-3.88101786024103,7.47093836230055,70.6179161101226));
#2818=CARTESIAN_POINT('Ctrl Pts',(0.166607122436682,8.41721222920912,70.5385133137933));
#2819=CARTESIAN_POINT('Ctrl Pts',(4.17361602462055,7.31150797878445,70.4591105174642));
#2820=CARTESIAN_POINT('Ctrl Pts',(7.16316587748221,4.42337814983882,70.3797077211349));
#2821=CARTESIAN_POINT('Ctrl Pts',(8.40645352010508,0.456901366938123,70.3003049248056));
#2822=CARTESIAN_POINT('Ctrl Pts',(7.60038584199827,-3.62096046616771,70.2209021284764));
#2823=CARTESIAN_POINT('Ctrl Pts',(4.94146890615794,-6.8160915996098,70.1414993321471));
#2824=CARTESIAN_POINT('Ctrl Pts',(1.0779029978543,-8.34957153224127,70.0620965358179));
#2825=CARTESIAN_POINT('Ctrl Pts',(-3.04843796042735,-7.8475630386906,69.9826937394886));
#2826=CARTESIAN_POINT('Ctrl Pts',(-6.43161980420547,-5.43244754589946,69.9032909431594));
#2827=CARTESIAN_POINT('Ctrl Pts',(-7.88736157384033,-2.43359995242558,69.8396140817841));
#2828=CARTESIAN_POINT('Ctrl Pts',(-8.07577652086336,-0.54528753522699,69.8024048191853));
#2829=CARTESIAN_POINT('Ctrl Pts',(-8.0755092210193,-0.000112132372846047,
69.7916631553629));
#2830=CARTESIAN_POINT('Origin',(-3.508354701546E-16,5.55111512312578E-16,
75.2083368446371));
#2831=CARTESIAN_POINT('',(-8.07615810096767,-0.000207926891158117,71.7916631553629));
#2832=CARTESIAN_POINT('',(-8.07572605018514,-0.00018101243127684,71.7083368446371));
#2833=CARTESIAN_POINT('',(-8.0761,4.062002526972E-13,75.2083368446371));
#2834=CARTESIAN_POINT('Ctrl Pts',(-8.07572605018514,-0.000181012431276634,
71.7083368446371));
#2835=CARTESIAN_POINT('Ctrl Pts',(-8.0749842396826,0.903701190437836,71.690526163054));
#2836=CARTESIAN_POINT('Ctrl Pts',(-7.69853584057075,3.15140178208553,71.6462478826945));
#2837=CARTESIAN_POINT('Ctrl Pts',(-5.6528857747081,6.23875808349371,71.5755020035586));
#2838=CARTESIAN_POINT('Ctrl Pts',(-1.97883619122944,8.18299623223574,71.4960992072294));
#2839=CARTESIAN_POINT('Ctrl Pts',(2.17762115997041,8.13235427725239,71.4166964109001));
#2840=CARTESIAN_POINT('Ctrl Pts',(5.80321023242261,6.0991778959195,71.3372936145709));
#2841=CARTESIAN_POINT('Ctrl Pts',(8.01407194823764,2.57912210180093,71.2578908182416));
#2842=CARTESIAN_POINT('Ctrl Pts',(8.27123452701215,-1.56968130737905,71.1784880219124));
#2843=CARTESIAN_POINT('Ctrl Pts',(6.51200595505808,-5.33582219052317,71.0990852255831));
#2844=CARTESIAN_POINT('Ctrl Pts',(3.16525726886116,-7.80117724638316,71.0196824292539));
#2845=CARTESIAN_POINT('Ctrl Pts',(-0.953129160875156,-8.36473339744146,
70.9402796329246));
#2846=CARTESIAN_POINT('Ctrl Pts',(-4.83915835310193,-6.88910490856232,70.8608768365954));
#2847=CARTESIAN_POINT('Ctrl Pts',(-7.47429576005323,-3.81701389176,70.7835625738329));
#2848=CARTESIAN_POINT('Ctrl Pts',(-8.07587442812825,-1.23669544083718,70.7327159098468));
#2849=CARTESIAN_POINT('Ctrl Pts',(-8.07668215158303,0.000106554822111721,
70.7083368446371));
#2850=CARTESIAN_POINT('Ctrl Pts',(-8.07615810096767,-0.000207926891158221,
71.7916631553629));
#2851=CARTESIAN_POINT('Ctrl Pts',(-8.07507288359983,1.05027768137687,71.7709605231526));
#2852=CARTESIAN_POINT('Ctrl Pts',(-7.60577040444635,3.44471395445434,71.723790292166));
#2853=CARTESIAN_POINT('Ctrl Pts',(-5.30457022281803,6.53748838049892,71.6501524624028));
#2854=CARTESIAN_POINT('Ctrl Pts',(-1.53004632425749,8.27865797846907,71.5707496660736));
#2855=CARTESIAN_POINT('Ctrl Pts',(2.61747774641193,8.00162670208616,71.4913468697443));
#2856=CARTESIAN_POINT('Ctrl Pts',(6.12690372370197,5.77393023924765,71.4119440734151));
#2857=CARTESIAN_POINT('Ctrl Pts',(8.1426911877314,2.13864439935882,71.3325412770859));
#2858=CARTESIAN_POINT('Ctrl Pts',(8.17342425578498,-2.01800782417121,71.2531384807565));
#2859=CARTESIAN_POINT('Ctrl Pts',(6.21161071126896,-5.68270287956159,71.1737356844273));
#2860=CARTESIAN_POINT('Ctrl Pts',(2.73550847985807,-7.96204829179895,71.0943328880981));
#2861=CARTESIAN_POINT('Ctrl Pts',(-1.40746579744233,-8.30037708023071,71.0149300917688));
#2862=CARTESIAN_POINT('Ctrl Pts',(-5.20732302620321,-6.6152102419743,70.9355272954396));
#2863=CARTESIAN_POINT('Ctrl Pts',(-7.57900302879574,-3.52421886410963,70.8611049833042));
#2864=CARTESIAN_POINT('Ctrl Pts',(-8.07516959734468,-1.09004373710152,70.8131502699454));
#2865=CARTESIAN_POINT('Ctrl Pts',(-8.07628417694187,0.000198759835272136,
70.7916631553629));
#2866=CARTESIAN_POINT('Origin',(-3.508354701546E-16,5.55111512312578E-16,
75.2083368446371));
#2867=CARTESIAN_POINT('',(-8.07558845995237,0.000163428839618229,72.791663155363));
#2868=CARTESIAN_POINT('',(-8.07595223373987,0.000207452830787399,72.7083368446371));
#2869=CARTESIAN_POINT('',(-8.0761,4.062002526972E-13,75.2083368446371));
#2870=CARTESIAN_POINT('',(-2.09007638454709,-7.8009596792163,73.));
#2871=CARTESIAN_POINT('Ctrl Pts',(-2.09007638454704,-7.80095967921632,73.));
#2872=CARTESIAN_POINT('Ctrl Pts',(-3.38738243643181,-7.45337824640898,72.9735324012236));
#2873=CARTESIAN_POINT('Ctrl Pts',(-5.80389756111439,-6.09870984173362,72.9205972036708));
#2874=CARTESIAN_POINT('Ctrl Pts',(-7.73731266195243,-3.01932746357213,72.8511515887917));
#2875=CARTESIAN_POINT('Ctrl Pts',(-8.0750763611975,-0.837748339816294,72.8081735726891));
#2876=CARTESIAN_POINT('Ctrl Pts',(-8.07558845995237,0.000163428839618299,
72.791663155363));
#2877=CARTESIAN_POINT('',(2.090317320989,-7.8015584250198,73.));
#2878=CARTESIAN_POINT('Origin',(-3.508354701546E-16,5.55111512312578E-16,
73.));
#2879=CARTESIAN_POINT('Ctrl Pts',(2.090317320989,-7.8015584250198,73.));
#2880=CARTESIAN_POINT('Ctrl Pts',(0.870779679910461,-8.12762111684293,72.9751165137186));
#2881=CARTESIAN_POINT('Ctrl Pts',(-1.80689782777593,-8.20208097782755,72.9237654286607));
#2882=CARTESIAN_POINT('Ctrl Pts',(-5.46319234103475,-6.40553713687641,72.8459467448266));
#2883=CARTESIAN_POINT('Ctrl Pts',(-7.64862201473912,-3.31287144003596,72.7736091793202));
#2884=CARTESIAN_POINT('Ctrl Pts',(-8.07498552284409,-0.984371824130035,
72.7277392125905));
#2885=CARTESIAN_POINT('Ctrl Pts',(-8.07595223373987,0.000207452830787436,
72.7083368446371));
#2886=CARTESIAN_POINT('Origin',(-1.07294871267807E-15,9.25185853854297E-17,
63.));
#2887=CARTESIAN_POINT('',(-7.51775,1.47577035974158E-15,63.));
#2888=CARTESIAN_POINT('Origin',(-3.508354701546E-16,5.55111512312578E-16,
63.));
#2889=CARTESIAN_POINT('Origin',(-3.508354701546E-16,5.55111512312578E-16,
63.));
#2890=CARTESIAN_POINT('Ctrl Pts',(-5.66944583855498,4.93699796902851,63.));
#2891=CARTESIAN_POINT('Ctrl Pts',(-5.8058770361616,4.79145721910104,63.));
#2892=CARTESIAN_POINT('Ctrl Pts',(-5.93622987231315,4.64056387634428,63.));
#2893=CARTESIAN_POINT('Ctrl Pts',(-6.06034645217938,4.48478792904205,63.));
#2894=CARTESIAN_POINT('Ctrl Pts',(-6.18576436244089,4.32737871102535,63.));
#2895=CARTESIAN_POINT('Ctrl Pts',(-6.30481496967683,4.16498344960358,63.));
#2896=CARTESIAN_POINT('Ctrl Pts',(-6.41729944377616,3.99804756191843,63.));
#2897=CARTESIAN_POINT('Ctrl Pts',(-6.4774772074377,3.90873898421305,63.));
#2898=CARTESIAN_POINT('Ctrl Pts',(-6.53577502296632,3.81813020460647,63.));
#2899=CARTESIAN_POINT('Ctrl Pts',(-6.59215766202734,3.7262856521624,63.));
#2900=CARTESIAN_POINT('Ctrl Pts',(-6.63057054720964,3.66371294704594,63.));
#2901=CARTESIAN_POINT('Ctrl Pts',(-6.66809442317163,3.60056659948112,63.));
#2902=CARTESIAN_POINT('Ctrl Pts',(-6.70471718869549,3.53686640441444,63.));
#2903=CARTESIAN_POINT('Ctrl Pts',(-6.7197717111376,3.51068116137009,63.));
#2904=CARTESIAN_POINT('Ctrl Pts',(-6.73467377908383,3.48440252201661,63.));
#2905=CARTESIAN_POINT('Ctrl Pts',(-6.74941585689593,3.4580440969522,63.));
#2906=CARTESIAN_POINT('Ctrl Pts',(-6.84867476860072,3.28057192379635,63.));
#2907=CARTESIAN_POINT('Ctrl Pts',(-6.94076453084411,3.09934665674886,63.));
#2908=CARTESIAN_POINT('Ctrl Pts',(-7.02549001217161,2.9148255208181,63.));
#2909=CARTESIAN_POINT('Ctrl Pts',(-7.11024213946358,2.73024635342438,63.));
#2910=CARTESIAN_POINT('Ctrl Pts',(-7.187625717777,2.54236863505423,63.));
#2911=CARTESIAN_POINT('Ctrl Pts',(-7.257401975743,2.35162138971435,63.));
#2912=CARTESIAN_POINT('Ctrl Pts',(-7.29932893051007,2.23700574020211,63.));
#2913=CARTESIAN_POINT('Ctrl Pts',(-7.33850837773562,2.12135352995036,63.));
#2914=CARTESIAN_POINT('Ctrl Pts',(-7.37488012449939,2.00475425976132,63.));
#2915=CARTESIAN_POINT('Ctrl Pts',(-7.38884721260574,1.95997905854694,63.));
#2916=CARTESIAN_POINT('Ctrl Pts',(-7.40240019917306,1.91506417807497,63.));
#2917=CARTESIAN_POINT('Ctrl Pts',(-7.41553541106767,1.87001460984281,63.));
#2918=CARTESIAN_POINT('Ctrl Pts',(-7.42287905077184,1.84482827858454,63.));
#2919=CARTESIAN_POINT('Ctrl Pts',(-7.43008947226626,1.81960885138282,63.));
#2920=CARTESIAN_POINT('Ctrl Pts',(-7.43716587934456,1.79435882737475,63.));
#2921=CARTESIAN_POINT('Ctrl Pts',(-7.45039297597116,1.74716192311489,63.));
#2922=CARTESIAN_POINT('Ctrl Pts',(-7.46315236491027,1.69985637803902,63.));
#2923=CARTESIAN_POINT('Ctrl Pts',(-7.47544163705455,1.6524485078789,63.));
#2924=CARTESIAN_POINT('Ctrl Pts',(-7.52586902487071,1.45791664089498,63.));
#2925=CARTESIAN_POINT('Ctrl Pts',(-7.56838450706714,1.26166387159041,63.));
#2926=CARTESIAN_POINT('Ctrl Pts',(-7.60309713235113,1.06418327752146,63.));
#2927=CARTESIAN_POINT('Ctrl Pts',(-7.63828170825381,0.864017750008567,63.));
#2928=CARTESIAN_POINT('Ctrl Pts',(-7.6654499352538,0.662590161645714,63.));
#2929=CARTESIAN_POINT('Ctrl Pts',(-7.68466576399535,0.460393000256377,63.));
#2930=CARTESIAN_POINT('Ctrl Pts',(-7.70400985951218,0.256846161046048,63.));
#2931=CARTESIAN_POINT('Ctrl Pts',(-7.71529512045534,0.0525187558511367,
63.));
#2932=CARTESIAN_POINT('Ctrl Pts',(-7.71853536188916,-0.152097972674051,
63.));
#2933=CARTESIAN_POINT('Ctrl Pts',(-7.72121088459204,-0.321053500754325,
63.));
#2934=CARTESIAN_POINT('Ctrl Pts',(-7.71840032210164,-0.490206681423341,
63.));
#2935=CARTESIAN_POINT('Ctrl Pts',(-7.71008469593233,-0.659281567066543,
63.));
#2936=CARTESIAN_POINT('Ctrl Pts',(-7.70384797630534,-0.786087731298944,
63.));
#2937=CARTESIAN_POINT('Ctrl Pts',(-7.69451416411558,-0.912849886706402,
63.));
#2938=CARTESIAN_POINT('Ctrl Pts',(-7.68206622549214,-1.03945032317754,63.));
#2939=CARTESIAN_POINT('Ctrl Pts',(-7.67976868067988,-1.06281725844633,63.));
#2940=CARTESIAN_POINT('Ctrl Pts',(-7.67736476089749,-1.08618112347917,63.));
#2941=CARTESIAN_POINT('Ctrl Pts',(-7.67485520290192,-1.10953311030877,63.));
#2942=CARTESIAN_POINT('Ctrl Pts',(-7.6527067077591,-1.31562970890691,63.));
#2943=CARTESIAN_POINT('Ctrl Pts',(-7.62237568221939,-1.5204307779423,63.));
#2944=CARTESIAN_POINT('Ctrl Pts',(-7.58393437063991,-1.7234354599295,63.));
#2945=CARTESIAN_POINT('Ctrl Pts',(-7.55593577236826,-1.87129322816593,63.));
#2946=CARTESIAN_POINT('Ctrl Pts',(-7.52363368645579,-2.01819839336307,63.));
#2947=CARTESIAN_POINT('Ctrl Pts',(-7.48703874252751,-2.16395929527727,63.));
#2948=CARTESIAN_POINT('Ctrl Pts',(-7.43706402947083,-2.3630130023227,63.));
#2949=CARTESIAN_POINT('Ctrl Pts',(-7.37908563303306,-2.55993340251805,63.));
#2950=CARTESIAN_POINT('Ctrl Pts',(-7.31339158223928,-2.7543201971252,63.));
#2951=CARTESIAN_POINT('Ctrl Pts',(-7.24728378254357,-2.94993126275606,63.));
#2952=CARTESIAN_POINT('Ctrl Pts',(-7.17336258675887,-3.14297733970035,63.));
#2953=CARTESIAN_POINT('Ctrl Pts',(-7.09187040993631,-3.33303707535616,63.));
#2954=CARTESIAN_POINT('Ctrl Pts',(-7.01053193184579,-3.52273834788681,63.));
#2955=CARTESIAN_POINT('Ctrl Pts',(-6.9216506961774,-3.70946515764856,63.));
#2956=CARTESIAN_POINT('Ctrl Pts',(-6.82542128535764,-3.89277578631404,63.));
#2957=CARTESIAN_POINT('Ctrl Pts',(-6.81134506282585,-3.91959005421359,63.));
#2958=CARTESIAN_POINT('Ctrl Pts',(-6.79711153355272,-3.9463311760214,63.));
#2959=CARTESIAN_POINT('Ctrl Pts',(-6.7827212291235,-3.97299771569963,63.));
#2960=CARTESIAN_POINT('Ctrl Pts',(-6.77030712449782,-3.99600217784971,63.));
#2961=CARTESIAN_POINT('Ctrl Pts',(-6.7577796661143,-4.01894492807109,63.));
#2962=CARTESIAN_POINT('Ctrl Pts',(-6.74514343501674,-4.04181793996154,63.));
#2963=CARTESIAN_POINT('Ctrl Pts',(-6.64427748093602,-4.22439676027722,63.));
#2964=CARTESIAN_POINT('Ctrl Pts',(-6.53640796856661,-4.40267621157576,63.));
#2965=CARTESIAN_POINT('Ctrl Pts',(-6.42184759997616,-4.57625805736897,63.));
#2966=CARTESIAN_POINT('Ctrl Pts',(-6.30465111088751,-4.75383415237281,63.));
#2967=CARTESIAN_POINT('Ctrl Pts',(-6.18045214863588,-4.9264946914169,63.));
#2968=CARTESIAN_POINT('Ctrl Pts',(-6.0495324025967,-5.09379575993599,63.));
#2969=CARTESIAN_POINT('Ctrl Pts',(-5.91861265655752,-5.26109682845508,63.));
#2970=CARTESIAN_POINT('Ctrl Pts',(-5.7809717768293,-5.42303911772249,63.));
#2971=CARTESIAN_POINT('Ctrl Pts',(-5.63684304885895,-5.57915072004527,63.));
#2972=CARTESIAN_POINT('Ctrl Pts',(-5.49541120702108,-5.73234121689967,63.));
#2973=CARTESIAN_POINT('Ctrl Pts',(-5.34773144613386,-5.87991758977875,63.));
#2974=CARTESIAN_POINT('Ctrl Pts',(-5.19421430603212,-6.02162479167466,63.));
#2975=CARTESIAN_POINT('Ctrl Pts',(-5.09110496404211,-6.11680202291444,63.));
#2976=CARTESIAN_POINT('Ctrl Pts',(-4.9853615108655,-6.2093308793276,63.));
#2977=CARTESIAN_POINT('Ctrl Pts',(-4.87710016091125,-6.29912373252568,63.));
#2978=CARTESIAN_POINT('Ctrl Pts',(-4.85965789164512,-6.3135904939721,63.));
#2979=CARTESIAN_POINT('Ctrl Pts',(-4.8421495288716,-6.32798680699404,63.));
#2980=CARTESIAN_POINT('Ctrl Pts',(-4.82457777966324,-6.342310462471,63.));
#2981=CARTESIAN_POINT('Ctrl Pts',(-4.66303012051222,-6.47399644235551,63.));
#2982=CARTESIAN_POINT('Ctrl Pts',(-4.49662003126929,-6.59914386882051,63.));
#2983=CARTESIAN_POINT('Ctrl Pts',(-4.3258196099996,-6.71757063928815,63.));
#2984=CARTESIAN_POINT('Ctrl Pts',(-4.15234071677495,-6.8378545643287,63.));
#2985=CARTESIAN_POINT('Ctrl Pts',(-3.97433224821805,-6.95120586196617,63.));
#2986=CARTESIAN_POINT('Ctrl Pts',(-3.79224754263516,-7.05739960232055,63.));
#2987=CARTESIAN_POINT('Ctrl Pts',(-3.60997492950174,-7.16370293236048,63.));
#2988=CARTESIAN_POINT('Ctrl Pts',(-3.42361708800683,-7.26283432929354,63.));
#2989=CARTESIAN_POINT('Ctrl Pts',(-3.2335956836006,-7.35452778089209,63.));
#2990=CARTESIAN_POINT('Ctrl Pts',(-3.04551798046656,-7.44528331352787,63.));
#2991=CARTESIAN_POINT('Ctrl Pts',(-2.85385068140188,-7.52875260594873,63.));
#2992=CARTESIAN_POINT('Ctrl Pts',(-2.65897906283299,-7.60463291013075,63.));
#2993=CARTESIAN_POINT('Ctrl Pts',(-2.54698049044512,-7.64824360009758,63.));
#2994=CARTESIAN_POINT('Ctrl Pts',(-2.43392309622054,-7.68934668354751,63.));
#2995=CARTESIAN_POINT('Ctrl Pts',(-2.31987759354343,-7.72787724118671,63.));
#2996=CARTESIAN_POINT('Ctrl Pts',(-2.24378875136767,-7.75358404636827,63.));
#2997=CARTESIAN_POINT('Ctrl Pts',(-2.16726003748951,-7.77814562306115,63.));
#2998=CARTESIAN_POINT('Ctrl Pts',(-2.09031730254802,-7.80155842397181,63.));
#2999=CARTESIAN_POINT('Ctrl Pts',(2.09007638454595,-7.80095967921661,63.));
#3000=CARTESIAN_POINT('Ctrl Pts',(2.29192828767968,-7.73942577376748,63.));
#3001=CARTESIAN_POINT('Ctrl Pts',(2.49107300033987,-7.66990118120724,63.));
#3002=CARTESIAN_POINT('Ctrl Pts',(2.68710970091902,-7.59268523286666,63.));
#3003=CARTESIAN_POINT('Ctrl Pts',(2.88416575620742,-7.51506777582726,63.));
#3004=CARTESIAN_POINT('Ctrl Pts',(3.07808199750575,-7.42967842150839,63.));
#3005=CARTESIAN_POINT('Ctrl Pts',(3.26842998293397,-7.336773047612,63.));
#3006=CARTESIAN_POINT('Ctrl Pts',(3.37060210740624,-7.28690470041343,63.));
#3007=CARTESIAN_POINT('Ctrl Pts',(3.4717457396912,-7.23487007345318,63.));
#3008=CARTESIAN_POINT('Ctrl Pts',(3.57179117387381,-7.18070359204803,63.));
#3009=CARTESIAN_POINT('Ctrl Pts',(3.6474435483383,-7.13974397236957,63.));
#3010=CARTESIAN_POINT('Ctrl Pts',(3.72246791538161,-7.09756526657835,63.));
#3011=CARTESIAN_POINT('Ctrl Pts',(3.796833042032,-7.05418110791629,63.));
#3012=CARTESIAN_POINT('Ctrl Pts',(3.82319654604065,-7.03880080141623,63.));
#3013=CARTESIAN_POINT('Ctrl Pts',(3.84947564951574,-7.02326982931363,63.));
#3014=CARTESIAN_POINT('Ctrl Pts',(3.87565893635588,-7.00759497537204,63.));
#3015=CARTESIAN_POINT('Ctrl Pts',(4.05642491223255,-6.89937784103069,63.));
#3016=CARTESIAN_POINT('Ctrl Pts',(4.23276017456221,-6.78422867218146,63.));
#3017=CARTESIAN_POINT('Ctrl Pts',(4.4042472038475,-6.66240595473497,63.));
#3018=CARTESIAN_POINT('Ctrl Pts',(4.57490560405619,-6.54117188732392,63.));
#3019=CARTESIAN_POINT('Ctrl Pts',(4.74076305424679,-6.41332819981368,63.));
#3020=CARTESIAN_POINT('Ctrl Pts',(4.90137582779887,-6.27908961786433,63.));
#3021=CARTESIAN_POINT('Ctrl Pts',(5.00092487184635,-6.19588750254183,63.));
#3022=CARTESIAN_POINT('Ctrl Pts',(5.09845844576176,-6.11022794917248,63.));
#3023=CARTESIAN_POINT('Ctrl Pts',(5.19386324124827,-6.02215533152534,63.));
#3024=CARTESIAN_POINT('Ctrl Pts',(5.22591982903405,-5.99256239979972,63.));
#3025=CARTESIAN_POINT('Ctrl Pts',(5.25773602404492,-5.96269699280727,63.));
#3026=CARTESIAN_POINT('Ctrl Pts',(5.28930735992884,-5.93256067527999,63.));
#3027=CARTESIAN_POINT('Ctrl Pts',(5.30884159758718,-5.91391433130236,63.));
#3028=CARTESIAN_POINT('Ctrl Pts',(5.32828213651976,-5.89516416252078,63.));
#3029=CARTESIAN_POINT('Ctrl Pts',(5.34761751629788,-5.87632085731026,63.));
#3030=CARTESIAN_POINT('Ctrl Pts',(5.39003629920518,-5.83498160862966,63.));
#3031=CARTESIAN_POINT('Ctrl Pts',(5.43196168159859,-5.7931820696124,63.));
#3032=CARTESIAN_POINT('Ctrl Pts',(5.47338483251151,-5.75092824895124,63.));
#3033=CARTESIAN_POINT('Ctrl Pts',(5.61821099124164,-5.60319785174194,63.));
#3034=CARTESIAN_POINT('Ctrl Pts',(5.75690071783964,-5.44991743206359,63.));
#3035=CARTESIAN_POINT('Ctrl Pts',(5.88926881198507,-5.29155168400092,63.));
#3036=CARTESIAN_POINT('Ctrl Pts',(6.02284622596941,-5.13173910056474,63.));
#3037=CARTESIAN_POINT('Ctrl Pts',(6.14998635140078,-4.96674726822865,63.));
#3038=CARTESIAN_POINT('Ctrl Pts',(6.27045918842778,-4.7970182959243,63.));
#3039=CARTESIAN_POINT('Ctrl Pts',(6.39102967013876,-4.62715175624565,63.));
#3040=CARTESIAN_POINT('Ctrl Pts',(6.50492239023305,-4.45253977228532,63.));
#3041=CARTESIAN_POINT('Ctrl Pts',(6.61186188938227,-4.27359929452162,63.));
#3042=CARTESIAN_POINT('Ctrl Pts',(6.6997814721512,-4.12648459629863,63.));
#3043=CARTESIAN_POINT('Ctrl Pts',(6.78300050530841,-3.97644355077936,63.));
#3044=CARTESIAN_POINT('Ctrl Pts',(6.86134074680356,-3.82369904394012,63.));
#3045=CARTESIAN_POINT('Ctrl Pts',(6.92009592792492,-3.70914066381068,63.));
#3046=CARTESIAN_POINT('Ctrl Pts',(6.9761063331892,-3.59306140688329,63.));
#3047=CARTESIAN_POINT('Ctrl Pts',(7.0292876675133,-3.47555363867916,63.));
#3048=CARTESIAN_POINT('Ctrl Pts',(7.03976663899219,-3.45239963987096,63.));
#3049=CARTESIAN_POINT('Ctrl Pts',(7.0501364389103,-3.42918859915693,63.));
#3050=CARTESIAN_POINT('Ctrl Pts',(7.06039420562396,-3.40592616752352,63.));
#3051=CARTESIAN_POINT('Ctrl Pts',(7.14388901874937,-3.21657770247325,63.));
#3052=CARTESIAN_POINT('Ctrl Pts',(7.21974169071547,-3.02433552025719,63.));
#3053=CARTESIAN_POINT('Ctrl Pts',(7.28773731695421,-2.82962875565824,63.));
#3054=CARTESIAN_POINT('Ctrl Pts',(7.3385731462597,-2.68405939484343,63.));
#3055=CARTESIAN_POINT('Ctrl Pts',(7.38501636620547,-2.53711177254107,63.));
#3056=CARTESIAN_POINT('Ctrl Pts',(7.42695976491194,-2.38895749981154,63.));
#3057=CARTESIAN_POINT('Ctrl Pts',(7.48307564829971,-2.19074256854014,63.));
#3058=CARTESIAN_POINT('Ctrl Pts',(7.53113900190992,-1.9903677973456,63.));
#3059=CARTESIAN_POINT('Ctrl Pts',(7.57115606776338,-1.78832906633607,63.));
#3060=CARTESIAN_POINT('Ctrl Pts',(7.6111944376198,-1.58618277537354,63.));
#3061=CARTESIAN_POINT('Ctrl Pts',(7.64317795259496,-1.38237004197709,63.));
#3062=CARTESIAN_POINT('Ctrl Pts',(7.66706091973692,-1.17738458486419,63.));
#3063=CARTESIAN_POINT('Ctrl Pts',(7.69075574308174,-0.974013949813829,63.));
#3064=CARTESIAN_POINT('Ctrl Pts',(7.70647708688745,-0.769488313564618,63.));
#3065=CARTESIAN_POINT('Ctrl Pts',(7.71412973024795,-0.56429728566036,63.));
#3066=CARTESIAN_POINT('Ctrl Pts',(7.71516164333662,-0.536628505423495,63.));
#3067=CARTESIAN_POINT('Ctrl Pts',(7.71604676886142,-0.508947646565843,63.));
#3068=CARTESIAN_POINT('Ctrl Pts',(7.71678480302788,-0.481255930501289,63.));
#3069=CARTESIAN_POINT('Ctrl Pts',(7.71745615957205,-0.456066019730073,63.));
#3070=CARTESIAN_POINT('Ctrl Pts',(7.71800557496146,-0.43087488693962,63.));
#3071=CARTESIAN_POINT('Ctrl Pts',(7.71843298871721,-0.405689666326947,63.));
#3072=CARTESIAN_POINT('Ctrl Pts',(7.72190751180811,-0.200954490187111,63.));
#3073=CARTESIAN_POINT('Ctrl Pts',(7.71732755477514,0.00351948746247693,
63.));
#3074=CARTESIAN_POINT('Ctrl Pts',(7.70472215156522,0.207250376632037,63.));
#3075=CARTESIAN_POINT('Ctrl Pts',(7.69197759150428,0.41323034490852,63.));
#3076=CARTESIAN_POINT('Ctrl Pts',(7.67102948536856,0.618451458155826,63.));
#3077=CARTESIAN_POINT('Ctrl Pts',(7.6418538191279,0.822415222150808,63.));
#3078=CARTESIAN_POINT('Ctrl Pts',(7.61267815288725,1.02637898614579,63.));
#3079=CARTESIAN_POINT('Ctrl Pts',(7.57527491300277,1.22908613429105,63.));
#3080=CARTESIAN_POINT('Ctrl Pts',(7.52956607424924,1.4300266818678,63.));
#3081=CARTESIAN_POINT('Ctrl Pts',(7.48435158656096,1.62879401357521,63.));
#3082=CARTESIAN_POINT('Ctrl Pts',(7.43100959710481,1.8258333252814,63.));
#3083=CARTESIAN_POINT('Ctrl Pts',(7.36973256447828,2.02068910986399,63.));
#3084=CARTESIAN_POINT('Ctrl Pts',(7.32996426020309,2.14714895621933,63.));
#3085=CARTESIAN_POINT('Ctrl Pts',(7.28685283305759,2.27268867631818,63.));
#3086=CARTESIAN_POINT('Ctrl Pts',(7.24044113967373,2.39717715280815,63.));
#3087=CARTESIAN_POINT('Ctrl Pts',(7.23224129704716,2.41917130647102,63.));
#3088=CARTESIAN_POINT('Ctrl Pts',(7.22393751823778,2.44113497691599,63.));
#3089=CARTESIAN_POINT('Ctrl Pts',(7.21553299301209,2.4630596752914,63.));
#3090=CARTESIAN_POINT('Ctrl Pts',(7.14343291903308,2.65114553765556,63.));
#3091=CARTESIAN_POINT('Ctrl Pts',(7.06405096426203,2.83603488843325,63.));
#3092=CARTESIAN_POINT('Ctrl Pts',(6.97766140058396,3.01732850007632,63.));
#3093=CARTESIAN_POINT('Ctrl Pts',(6.89063992780662,3.19994821035863,63.));
#3094=CARTESIAN_POINT('Ctrl Pts',(6.79650765017147,3.37892002138404,63.));
#3095=CARTESIAN_POINT('Ctrl Pts',(6.69549608194154,3.55381652469635,63.));
#3096=CARTESIAN_POINT('Ctrl Pts',(6.59492439512618,3.72795139523105,63.));
#3097=CARTESIAN_POINT('Ctrl Pts',(6.48753282544679,3.89804696070179,63.));
#3098=CARTESIAN_POINT('Ctrl Pts',(6.37350690765414,4.06365315982654,63.));
#3099=CARTESIAN_POINT('Ctrl Pts',(6.26136151643534,4.22652816533954,63.));
#3100=CARTESIAN_POINT('Ctrl Pts',(6.14279838877453,4.38506113562449,63.));
#3101=CARTESIAN_POINT('Ctrl Pts',(6.01795833473404,4.53878883455796,63.));
#3102=CARTESIAN_POINT('Ctrl Pts',(5.95401059813734,4.61753390139225,63.));
#3103=CARTESIAN_POINT('Ctrl Pts',(5.88841533502208,4.69501751358532,63.));
#3104=CARTESIAN_POINT('Ctrl Pts',(5.82118826838765,4.771173140643,63.));
#3105=CARTESIAN_POINT('Ctrl Pts',(5.77165305984674,4.82728721874758,63.));
#3106=CARTESIAN_POINT('Ctrl Pts',(5.72123184909193,4.88268023165091,63.));
#3107=CARTESIAN_POINT('Ctrl Pts',(5.66994315674406,4.93733503828672,63.));
#3108=CARTESIAN_POINT('Origin',(-3.508354701546E-16,5.55111512312578E-16,
75.2083368446371));
#3109=CARTESIAN_POINT('Ctrl Pts',(-8.07595223373987,0.000207452830787436,
72.7083368446371));
#3110=CARTESIAN_POINT('Ctrl Pts',(-8.07630425446405,0.358734817737507,72.7012716138141));
#3111=CARTESIAN_POINT('Ctrl Pts',(-7.96508403656646,2.06015221568424,72.6677387842147));
#3112=CARTESIAN_POINT('Ctrl Pts',(-6.79234497083942,4.97406076430066,72.6077383558388));
#3113=CARTESIAN_POINT('Ctrl Pts',(-3.58451522794945,7.61764146607316,72.5283355595096));
#3114=CARTESIAN_POINT('Ctrl Pts',(0.497160802838932,8.40416898873391,72.4489327631803));
#3115=CARTESIAN_POINT('Ctrl Pts',(4.45763702827512,7.14189679265542,72.3695299668511));
#3116=CARTESIAN_POINT('Ctrl Pts',(7.33141462891102,4.13854809039581,72.2901271705218));
#3117=CARTESIAN_POINT('Ctrl Pts',(8.41791369692367,0.126289007016075,72.2107243741926));
#3118=CARTESIAN_POINT('Ctrl Pts',(7.45226366071998,-3.91675710665429,72.1313215778633));
#3119=CARTESIAN_POINT('Ctrl Pts',(4.66987411266774,-7.00496223338158,72.0519187815341));
#3120=CARTESIAN_POINT('Ctrl Pts',(0.749045947434164,-8.38547256304885,71.9725159852048));
#3121=CARTESIAN_POINT('Ctrl Pts',(-3.3543873215224,-7.72174240302559,71.8931131888756));
#3122=CARTESIAN_POINT('Ctrl Pts',(-6.64007604480659,-5.17557823962967,71.8137103925463));
#3123=CARTESIAN_POINT('Ctrl Pts',(-7.93311368949207,-2.22183215659583,71.7521182778002));
#3124=CARTESIAN_POINT('Ctrl Pts',(-8.07608660865471,-0.439514754167613,
71.7169937618304));
#3125=CARTESIAN_POINT('Ctrl Pts',(-8.07572605018514,-0.000181012431276634,
71.7083368446371));
#3126=CARTESIAN_POINT('Ctrl Pts',(-8.07558845995237,0.000163428839618299,
72.791663155363));
#3127=CARTESIAN_POINT('Ctrl Pts',(-8.07589729891883,0.505495266003594,72.7817059739127));
#3128=CARTESIAN_POINT('Ctrl Pts',(-7.90506823137581,2.35385411922766,72.7452811936861));
#3129=CARTESIAN_POINT('Ctrl Pts',(-6.51126509373743,5.33679336423906,72.682388814683));
#3130=CARTESIAN_POINT('Ctrl Pts',(-3.16413322855093,7.80160869411518,72.6029860183538));
#3131=CARTESIAN_POINT('Ctrl Pts',(0.954318306006582,8.3646071721834,72.5235832220245));
#3132=CARTESIAN_POINT('Ctrl Pts',(4.84014426926789,6.8884090903661,72.4441804256953));
#3133=CARTESIAN_POINT('Ctrl Pts',(7.54601199033158,3.73295088565159,72.364777629366));
#3134=CARTESIAN_POINT('Ctrl Pts',(8.41229107043678,-0.332549670433159,72.2853748330368));
#3135=CARTESIAN_POINT('Ctrl Pts',(7.22778920315402,-4.31697507267681,72.2059720367075));
#3136=CARTESIAN_POINT('Ctrl Pts',(4.28127225721742,-7.24899529357445,72.1265692403783));
#3137=CARTESIAN_POINT('Ctrl Pts',(0.291050834829863,-8.41382830307884,72.0471664440491));
#3138=CARTESIAN_POINT('Ctrl Pts',(-3.77012370521025,-7.52750872768529,71.9677636477197));
#3139=CARTESIAN_POINT('Ctrl Pts',(-6.91220414245496,-4.80610585106161,71.8883608513906));
#3140=CARTESIAN_POINT('Ctrl Pts',(-7.98932050820698,-1.92808610291743,71.8296606872716));
#3141=CARTESIAN_POINT('Ctrl Pts',(-8.07646029644596,-0.292731812179925,
71.797428121929));
#3142=CARTESIAN_POINT('Ctrl Pts',(-8.07615810096767,-0.000207926891158221,
71.7916631553629));
#3143=CARTESIAN_POINT('Ctrl Pts',(5.66944583855572,4.93699796902766,73.));
#3144=CARTESIAN_POINT('Ctrl Pts',(6.49047268739669,3.99416443320169,72.9735324012236));
#3145=CARTESIAN_POINT('Ctrl Pts',(7.65214199635005,1.69184234324123,72.9205972036708));
#3146=CARTESIAN_POINT('Ctrl Pts',(7.52864935235266,-2.1761260225178,72.8411944073415));
#3147=CARTESIAN_POINT('Ctrl Pts',(5.56989300963705,-5.51281205407168,72.7617916110123));
#3148=CARTESIAN_POINT('Ctrl Pts',(2.25324023223809,-7.50594296140132,72.682388814683));
#3149=CARTESIAN_POINT('Ctrl Pts',(-1.61269252243765,-7.66906401392391,72.6029860183537));
#3150=CARTESIAN_POINT('Ctrl Pts',(-5.08548856772625,-5.96268332620357,72.5235832220246));
#3151=CARTESIAN_POINT('Ctrl Pts',(-7.31852051125644,-2.80265425970021,72.4441804256952));
#3152=CARTESIAN_POINT('Ctrl Pts',(-7.76742002774379,1.04059431115023,72.3647776293661));
#3153=CARTESIAN_POINT('Ctrl Pts',(-6.32274877781702,4.63017363712947,72.2853748330367));
#3154=CARTESIAN_POINT('Ctrl Pts',(-3.33669585009063,7.09098749787292,72.2059720367076));
#3155=CARTESIAN_POINT('Ctrl Pts',(0.462789047379596,7.8231375806459,72.1265692403783));
#3156=CARTESIAN_POINT('Ctrl Pts',(4.14945342050189,6.64813395240094,72.047166444049));
#3157=CARTESIAN_POINT('Ctrl Pts',(6.82454926591991,3.85242504508032,71.9677636477198));
#3158=CARTESIAN_POINT('Ctrl Pts',(7.83593203341315,0.117557878492725,71.8883608513905));
#3159=CARTESIAN_POINT('Ctrl Pts',(6.9370432678369,-3.64596782339871,71.8089580550613));
#3160=CARTESIAN_POINT('Ctrl Pts',(4.34701726210769,-6.52066651354049,71.7295552587321));
#3161=CARTESIAN_POINT('Ctrl Pts',(0.697259837213902,-7.8057337527842,71.6501524624028));
#3162=CARTESIAN_POINT('Ctrl Pts',(-3.12247808798492,-7.18789130277555,71.5707496660736));
#3163=CARTESIAN_POINT('Ctrl Pts',(-6.18100713040264,-4.81775898155991,71.4913468697442));
#3164=CARTESIAN_POINT('Ctrl Pts',(-7.73270813700257,-1.2731361400501,71.4119440734152));
#3165=CARTESIAN_POINT('Ctrl Pts',(-7.39930188304329,2.58185638745376,71.3325412770858));
#3166=CARTESIAN_POINT('Ctrl Pts',(-5.26206733854358,5.807434724952,71.2531384807566));
#3167=CARTESIAN_POINT('Ctrl Pts',(-1.84202718844679,7.61725584439151,71.1737356844273));
#3168=CARTESIAN_POINT('Ctrl Pts',(2.02706894111856,7.57011507631334,71.0943328880981));
#3169=CARTESIAN_POINT('Ctrl Pts',(5.40199895058196,5.67750456619518,71.0149300917688));
#3170=CARTESIAN_POINT('Ctrl Pts',(7.4600103253877,2.40081167652875,70.9355272954396));
#3171=CARTESIAN_POINT('Ctrl Pts',(7.69939368822148,-1.46115967466337,70.8561244991103));
#3172=CARTESIAN_POINT('Ctrl Pts',(6.06179130627876,-4.96692429177519,70.7767217027811));
#3173=CARTESIAN_POINT('Ctrl Pts',(2.94642374821771,-7.26183433142196,70.6973189064519));
#3174=CARTESIAN_POINT('Ctrl Pts',(-0.887233534647815,-7.78642841205726,
70.6179161101226));
#3175=CARTESIAN_POINT('Ctrl Pts',(-4.50459785156599,-6.41281911149495,70.5385133137933));
#3176=CARTESIAN_POINT('Ctrl Pts',(-7.02381518500589,-3.47586982034306,70.4591105174642));
#3177=CARTESIAN_POINT('Ctrl Pts',(-7.83074171867052,0.308439453642357,70.3797077211349));
#3178=CARTESIAN_POINT('Ctrl Pts',(-6.72866201468254,4.01755625390092,70.3003049248056));
#3179=CARTESIAN_POINT('Ctrl Pts',(-3.98624500695493,6.7472588141865,70.2209021284764));
#3180=CARTESIAN_POINT('Ctrl Pts',(-0.272046927078672,7.83209047640266,70.1414993321471));
#3181=CARTESIAN_POINT('Ctrl Pts',(3.50847172617175,7.00758709597988,70.0620965358179));
#3182=CARTESIAN_POINT('Ctrl Pts',(6.43368258732368,4.47474905739511,69.9826937394886));
#3183=CARTESIAN_POINT('Ctrl Pts',(7.79046728508998,0.851040681185695,69.9032909431595));
#3184=CARTESIAN_POINT('Ctrl Pts',(7.24806399073968,-2.98013743764161,69.8238881468301));
#3185=CARTESIAN_POINT('Ctrl Pts',(4.93870172030189,-6.08480698781625,69.7444853505009));
#3186=CARTESIAN_POINT('Ctrl Pts',(1.42536507187086,-7.70610051666735,69.6650825541716));
#3187=CARTESIAN_POINT('Ctrl Pts',(-2.43545217429792,-7.44877328610542,69.5856797578425));
#3188=CARTESIAN_POINT('Ctrl Pts',(-5.70254617441018,-5.37555744921493,69.5062769615131));
#3189=CARTESIAN_POINT('Ctrl Pts',(-7.57945306217066,-1.99186898149505,69.426874165184));
#3190=CARTESIAN_POINT('Ctrl Pts',(-7.60861376016971,1.87740443422468,69.3474713688546));
#3191=CARTESIAN_POINT('Ctrl Pts',(-5.78291936910068,5.2889974788773,69.2680685725255));
#3192=CARTESIAN_POINT('Ctrl Pts',(-2.54744420067132,7.41121979201509,69.1886657761962));
#3193=CARTESIAN_POINT('Ctrl Pts',(1.30905603075543,7.72670842399486,69.1092629798669));
#3194=CARTESIAN_POINT('Ctrl Pts',(4.84642989868708,6.15855242717007,69.0298601835377));
#3195=CARTESIAN_POINT('Ctrl Pts',(7.2023237434836,3.08904248192587,68.9504573872084));
#3196=CARTESIAN_POINT('Ctrl Pts',(7.80240933334533,-0.7335252933717,68.8710545908793));
#3197=CARTESIAN_POINT('Ctrl Pts',(6.50039565583342,-4.37727164780896,68.7916517945499));
#3198=CARTESIAN_POINT('Ctrl Pts',(3.61369226436899,-6.95391105634304,68.7122489982207));
#3199=CARTESIAN_POINT('Ctrl Pts',(-0.153969958516181,-7.8353011437318,68.6328462018915));
#3200=CARTESIAN_POINT('Ctrl Pts',(-3.88409683394918,-6.80657348051104,68.5534434055623));
#3201=CARTESIAN_POINT('Ctrl Pts',(-6.66734468437524,-4.11851497761312,68.4740406092329));
#3202=CARTESIAN_POINT('Ctrl Pts',(-7.82520338926151,-0.426430155805526,
68.3946378129037));
#3203=CARTESIAN_POINT('Ctrl Pts',(-7.07540601025683,3.36961133531924,68.3152350165745));
#3204=CARTESIAN_POINT('Ctrl Pts',(-4.60074083548494,6.34419691732466,68.2358322202452));
#3205=CARTESIAN_POINT('Ctrl Pts',(-1.00449059657751,7.77217147279174,68.156429423916));
#3206=CARTESIAN_POINT('Ctrl Pts',(2.83663795442619,7.30541825473388,68.0770266275867));
#3207=CARTESIAN_POINT('Ctrl Pts',(5.98624075429307,5.05772403287595,67.9976238312575));
#3208=CARTESIAN_POINT('Ctrl Pts',(7.67649636195351,1.57703974775679,67.9182210349282));
#3209=CARTESIAN_POINT('Ctrl Pts',(7.49534821697237,-2.28810093033927,67.838818238599));
#3210=CARTESIAN_POINT('Ctrl Pts',(5.48695726235247,-5.5954401759118,67.7594154422698));
#3211=CARTESIAN_POINT('Ctrl Pts',(2.14093623182416,-7.53870299271385,67.6800126459405));
#3212=CARTESIAN_POINT('Ctrl Pts',(-1.72700989441049,-7.64415381750646,67.6006098496113));
#3213=CARTESIAN_POINT('Ctrl Pts',(-5.1739393686648,-5.88608547087713,67.521207053282));
#3214=CARTESIAN_POINT('Ctrl Pts',(-7.35954738923509,-2.69308614542746,67.4418042569528));
#3215=CARTESIAN_POINT('Ctrl Pts',(-7.7510186119012,1.15644335747644,67.3624014606235));
#3216=CARTESIAN_POINT('Ctrl Pts',(-6.25291878116356,4.72405096048533,67.2829986642942));
#3217=CARTESIAN_POINT('Ctrl Pts',(-3.23046003455004,7.14001251583393,67.203595867965));
#3218=CARTESIAN_POINT('Ctrl Pts',(0.579531819143203,7.81535627029829,67.1241930716358));
#3219=CARTESIAN_POINT('Ctrl Pts',(4.24824333217285,6.5854445067694,67.0447902753065));
#3220=CARTESIAN_POINT('Ctrl Pts',(6.88130288379917,3.75010951606852,66.9653874789773));
#3221=CARTESIAN_POINT('Ctrl Pts',(7.83681379440349,0.000559408173003905,
66.885984682648));
#3222=CARTESIAN_POINT('Ctrl Pts',(6.88183819500471,-3.7491270742487,66.8065818863188));
#3223=CARTESIAN_POINT('Ctrl Pts',(4.24918345450273,-6.58483794265816,66.7271790899895));
#3224=CARTESIAN_POINT('Ctrl Pts',(0.580647566211676,-7.81527345426524,66.6477762936603));
#3225=CARTESIAN_POINT('Ctrl Pts',(-3.22944066355594,-7.1404736370679,66.568373497331));
#3226=CARTESIAN_POINT('Ctrl Pts',(-6.25224429215243,-4.72494360520183,66.4889707010018));
#3227=CARTESIAN_POINT('Ctrl Pts',(-7.75085343421777,-1.15754991355226,66.4095679046725));
#3228=CARTESIAN_POINT('Ctrl Pts',(-7.3599317904861,2.69203543819214,66.3301651083434));
#3229=CARTESIAN_POINT('Ctrl Pts',(-5.17477963813777,5.88534675765201,66.250762312014));
#3230=CARTESIAN_POINT('Ctrl Pts',(-1.72810118820646,7.64390718444499,66.1713595156848));
#3231=CARTESIAN_POINT('Ctrl Pts',(2.13985995321186,7.5390085649063,66.0919567193556));
#3232=CARTESIAN_POINT('Ctrl Pts',(5.48615837797525,5.59622345987561,66.0125539230263));
#3233=CARTESIAN_POINT('Ctrl Pts',(7.49502148172246,2.2891709743069,65.9331511266971));
#3234=CARTESIAN_POINT('Ctrl Pts',(7.67672142851933,-1.57594380293287,65.8537483303678));
#3235=CARTESIAN_POINT('Ctrl Pts',(5.9869627551418,-5.05686936054663,65.7743455340386));
#3236=CARTESIAN_POINT('Ctrl Pts',(2.83768087760729,-7.30501320997794,65.6949427377094));
#3237=CARTESIAN_POINT('Ctrl Pts',(-1.00338099860906,-7.77231479886916,65.6155399413801));
#3238=CARTESIAN_POINT('Ctrl Pts',(-4.59983506449246,-6.34485367369144,65.5361371450509));
#3239=CARTESIAN_POINT('Ctrl Pts',(-7.07492487833411,-3.3706214155582,65.4567343487216));
#3240=CARTESIAN_POINT('Ctrl Pts',(-7.82526418847035,0.425312992669591,65.3773315523924));
#3241=CARTESIAN_POINT('Ctrl Pts',(-6.66793259286695,4.11756307760707,65.2979287560631));
#3242=CARTESIAN_POINT('Ctrl Pts',(-3.8850685292878,6.80601890122475,65.2185259597339));
#3243=CARTESIAN_POINT('Ctrl Pts',(-0.155088557335152,7.83527908248784,65.1391231634046));
#3244=CARTESIAN_POINT('Ctrl Pts',(3.61269945809293,6.95442689131112,65.0597203670754));
#3245=CARTESIAN_POINT('Ctrl Pts',(6.49977067196617,4.37819962689327,64.9803175707461));
#3246=CARTESIAN_POINT('Ctrl Pts',(7.80230453269194,0.734639190513259,64.9009147744169));
#3247=CARTESIAN_POINT('Ctrl Pts',(7.20276467471939,-3.08801421656404,64.8215119780876));
#3248=CARTESIAN_POINT('Ctrl Pts',(4.84730907002368,-6.15786046778538,64.7421091817584));
#3249=CARTESIAN_POINT('Ctrl Pts',(1.31015911464594,-7.72652145894684,64.6627063854291));
#3250=CARTESIAN_POINT('Ctrl Pts',(-2.54638611793962,-7.41158340026195,64.5833035891));
#3251=CARTESIAN_POINT('Ctrl Pts',(-5.78216423077428,-5.28982301880206,64.5039007927706));
#3252=CARTESIAN_POINT('Ctrl Pts',(-7.60834565646585,-1.87849065254069,64.4244979964414));
#3253=CARTESIAN_POINT('Ctrl Pts',(-7.57973735258653,1.99078688654716,64.3450952001122));
#3254=CARTESIAN_POINT('Ctrl Pts',(-5.70331355316772,5.37474327548961,64.2656924037829));
#3255=CARTESIAN_POINT('Ctrl Pts',(-2.43651556796335,7.44842551399703,64.1862896074537));
#3256=CARTESIAN_POINT('Ctrl Pts',(1.42426490306154,7.70630393096259,64.1068868111244));
#3257=CARTESIAN_POINT('Ctrl Pts',(4.93783297565518,6.08551199197556,64.0274840147952));
#3258=CARTESIAN_POINT('Ctrl Pts',(7.24763846366434,2.98117217850356,63.9480812184659));
#3259=CARTESIAN_POINT('Ctrl Pts',(7.7905886963022,-0.849928487667334,63.8686784221367));
#3260=CARTESIAN_POINT('Ctrl Pts',(6.43432137104598,-4.47383048194355,63.7892756258074));
#3261=CARTESIAN_POINT('Ctrl Pts',(3.50947209145112,-7.00708620257063,63.7098728294782));
#3262=CARTESIAN_POINT('Ctrl Pts',(-0.270928718052273,-7.83212910821289,
63.6304700331489));
#3263=CARTESIAN_POINT('Ctrl Pts',(-3.98528183068891,-6.74782809784521,63.5510672368197));
#3264=CARTESIAN_POINT('Ctrl Pts',(-6.72808811470916,-4.01851629481722,63.4716644404905));
#3265=CARTESIAN_POINT('Ctrl Pts',(-7.8306981529619,-0.309558483254129,63.3922616441612));
#3266=CARTESIAN_POINT('Ctrl Pts',(-7.02431022286356,3.47486924944924,63.312858847832));
#3267=CARTESIAN_POINT('Ctrl Pts',(-4.50551561595357,6.41217142686434,63.2334560515027));
#3268=CARTESIAN_POINT('Ctrl Pts',(-0.888340470168875,7.78631091275712,63.1540532551735));
#3269=CARTESIAN_POINT('Ctrl Pts',(2.94537742732119,7.26223600774691,63.0746504588442));
#3270=CARTESIAN_POINT('Ctrl Pts',(6.06110168425735,4.96782826364592,62.995247662515));
#3271=CARTESIAN_POINT('Ctrl Pts',(7.69914506772916,1.46217991655729,62.9158448661857));
#3272=CARTESIAN_POINT('Ctrl Pts',(7.46043458033642,-2.39958359076734,62.8364420698565));
#3273=CARTESIAN_POINT('Ctrl Pts',(5.40263862053974,-5.67706822070517,62.7570392735273));
#3274=CARTESIAN_POINT('Ctrl Pts',(3.1531920495631,-6.93808079542663,62.7041040759744));
#3275=CARTESIAN_POINT('Ctrl Pts',(1.94557666942206,-7.26163180599929,62.677636477198));
#3276=CARTESIAN_POINT('Ctrl Pts',(5.80980410549985,5.05922305037986,73.1074545076007));
#3277=CARTESIAN_POINT('Ctrl Pts',(6.65115708654129,4.09304781857977,73.0809869088243));
#3278=CARTESIAN_POINT('Ctrl Pts',(7.84158580084218,1.73372722335158,73.0280517112714));
#3279=CARTESIAN_POINT('Ctrl Pts',(7.71503585389395,-2.23000029627758,72.9486489149422));
#3280=CARTESIAN_POINT('Ctrl Pts',(5.70778665077218,-5.64929254404057,72.8692461186129));
#3281=CARTESIAN_POINT('Ctrl Pts',(2.30902361971751,-7.69176732163758,72.7898433222836));
#3282=CARTESIAN_POINT('Ctrl Pts',(-1.65261789327791,-7.85892675619717,72.7104405259545));
#3283=CARTESIAN_POINT('Ctrl Pts',(-5.21138982549575,-6.11030126309452,72.6310377296252));
#3284=CARTESIAN_POINT('Ctrl Pts',(-7.49970486062781,-2.87203947051921,72.5516349332959));
#3285=CARTESIAN_POINT('Ctrl Pts',(-7.95971776631764,1.0663562671269,72.4722321369667));
#3286=CARTESIAN_POINT('Ctrl Pts',(-6.47928084215782,4.74480267951986,72.3928293406375));
#3287=CARTESIAN_POINT('Ctrl Pts',(-3.4193023093769,7.26653882060634,72.3134265443082));
#3288=CARTESIAN_POINT('Ctrl Pts',(0.474246299199372,8.01681471667523,72.234023747979));
#3289=CARTESIAN_POINT('Ctrl Pts',(4.25218128975964,6.8127215658191,72.1546209516497));
#3290=CARTESIAN_POINT('Ctrl Pts',(6.99350438691694,3.94779939351881,72.0752181553205));
#3291=CARTESIAN_POINT('Ctrl Pts',(8.02992592125,0.120468254667176,71.9958153589912));
#3292=CARTESIAN_POINT('Ctrl Pts',(7.10878339879792,-3.73623091781724,71.916412562662));
#3293=CARTESIAN_POINT('Ctrl Pts',(4.45463621229437,-6.68209842015419,71.8370097663327));
#3294=CARTESIAN_POINT('Ctrl Pts',(0.714521873953988,-7.99898002287241,71.7576069700035));
#3295=CARTESIAN_POINT('Ctrl Pts',(-3.19978116583075,-7.36584166952556,71.6782041736742));
#3296=CARTESIAN_POINT('Ctrl Pts',(-6.33403010187062,-4.93703206758316,71.598801377345));
#3297=CARTESIAN_POINT('Ctrl Pts',(-7.9241465145444,-1.30465512573052,71.5193985810158));
#3298=CARTESIAN_POINT('Ctrl Pts',(-7.58248613393384,2.64577531328196,71.4399957846865));
#3299=CARTESIAN_POINT('Ctrl Pts',(-5.39234015059842,5.95120917779924,71.3605929883573));
#3300=CARTESIAN_POINT('Ctrl Pts',(-1.88763018937434,7.80583597367291,71.281190192028));
#3301=CARTESIAN_POINT('Ctrl Pts',(2.07725301406918,7.75752814329303,71.2017873956988));
#3302=CARTESIAN_POINT('Ctrl Pts',(5.53573604452884,5.81806234276994,71.1223845993696));
#3303=CARTESIAN_POINT('Ctrl Pts',(7.64469753300435,2.46024848495281,71.0429818030402));
#3304=CARTESIAN_POINT('Ctrl Pts',(7.8900073011517,-1.49733355223526,70.9635790067111));
#3305=CARTESIAN_POINT('Ctrl Pts',(6.21186285587186,-5.08989025802451,70.8841762103818));
#3306=CARTESIAN_POINT('Ctrl Pts',(3.01936825509886,-7.44161530307569,70.8047734140525));
#3307=CARTESIAN_POINT('Ctrl Pts',(-0.909198743390263,-7.97919674051866,
70.7253706177233));
#3308=CARTESIAN_POINT('Ctrl Pts',(-4.61611801874463,-6.57158104385073,70.645967821394));
#3309=CARTESIAN_POINT('Ctrl Pts',(-7.1977035252029,-3.5619218046109,70.5665650250648));
#3310=CARTESIAN_POINT('Ctrl Pts',(-8.02460711007175,0.31607547811516,70.4871622287356));
#3311=CARTESIAN_POINT('Ctrl Pts',(-6.89524325844555,4.11701874974368,70.4077594324063));
#3312=CARTESIAN_POINT('Ctrl Pts',(-4.08493233138193,6.91430045824671,70.3283566360771));
#3313=CARTESIAN_POINT('Ctrl Pts',(-0.27878198307878,8.02598925895061,70.2489538397477));
#3314=CARTESIAN_POINT('Ctrl Pts',(3.59533083465093,7.18107367795987,70.1695510434186));
#3315=CARTESIAN_POINT('Ctrl Pts',(6.59296103600102,4.58553025904882,70.0901482470893));
#3316=CARTESIAN_POINT('Ctrl Pts',(7.98333560378595,0.872109864755246,70.0107454507601));
#3317=CARTESIAN_POINT('Ctrl Pts',(7.42750405056385,-3.05391659312063,69.9313426544308));
#3318=CARTESIAN_POINT('Ctrl Pts',(5.06096898136318,-6.23544833581032,69.8519398581016));
#3319=CARTESIAN_POINT('Ctrl Pts',(1.46065278374737,-7.89688017030846,69.7725370617724));
#3320=CARTESIAN_POINT('Ctrl Pts',(-2.49574657628075,-7.63318229874426,69.6931342654431));
#3321=CARTESIAN_POINT('Ctrl Pts',(-5.84372390517989,-5.50863993186241,69.6137314691138));
#3322=CARTESIAN_POINT('Ctrl Pts',(-7.76709730933074,-2.04118161030987,69.5343286727846));
#3323=CARTESIAN_POINT('Ctrl Pts',(-7.79697993768252,1.92388326835498,69.4549258764553));
#3324=CARTESIAN_POINT('Ctrl Pts',(-5.92608689616385,5.4199369994489,69.3755230801262));
#3325=CARTESIAN_POINT('Ctrl Pts',(-2.61051118522764,7.59469909414988,69.2961202837968));
#3326=CARTESIAN_POINT('Ctrl Pts',(1.34146428387958,7.91799826685732,69.2167174874676));
#3327=CARTESIAN_POINT('Ctrl Pts',(4.96641278957562,6.31101948835684,69.1373146911384));
#3328=CARTESIAN_POINT('Ctrl Pts',(7.38063141364972,3.1655177956737,69.0579118948091));
#3329=CARTESIAN_POINT('Ctrl Pts',(7.99557330090093,-0.751685152707011,68.9785090984799));
#3330=CARTESIAN_POINT('Ctrl Pts',(6.66132571755111,-4.48563960473553,68.8991063021506));
#3331=CARTESIAN_POINT('Ctrl Pts',(3.70315631393216,-7.12606878253812,68.8197035058214));
#3332=CARTESIAN_POINT('Ctrl Pts',(-0.157781787247628,-8.02927941265546,
68.7403007094921));
#3333=CARTESIAN_POINT('Ctrl Pts',(-3.98025527972687,-6.97508357563451,68.6608979131629));
#3334=CARTESIAN_POINT('Ctrl Pts',(-6.83240789719472,-4.22047690495176,68.5814951168337));
#3335=CARTESIAN_POINT('Ctrl Pts',(-8.01893166844053,-0.436987271852838,
68.5020923205044));
#3336=CARTESIAN_POINT('Ctrl Pts',(-7.25057158266111,3.4530326820908,68.4226895241751));
#3337=CARTESIAN_POINT('Ctrl Pts',(-4.71464121106243,6.5012599724847,68.3432867278459));
#3338=CARTESIAN_POINT('Ctrl Pts',(-1.02935873418956,7.96458684271994,68.2638839315167));
#3339=CARTESIAN_POINT('Ctrl Pts',(2.90686449835461,7.48627823201125,68.1844811351874));
#3340=CARTESIAN_POINT('Ctrl Pts',(6.13444190158491,5.18293792505362,68.1050783388582));
#3341=CARTESIAN_POINT('Ctrl Pts',(7.86654310659992,1.61608246413515,68.0256755425289));
#3342=CARTESIAN_POINT('Ctrl Pts',(7.68091028350143,-2.34474736286917,67.9462727461997));
#3343=CARTESIAN_POINT('Ctrl Pts',(5.62279766617164,-5.73396628732458,67.8668699498704));
#3344=CARTESIAN_POINT('Ctrl Pts',(2.19393931319997,-7.72533839186839,67.7874671535412));
#3345=CARTESIAN_POINT('Ctrl Pts',(-1.7697654163217,-7.83339985894193,67.7080643572119));
#3346=CARTESIAN_POINT('Ctrl Pts',(-5.30203039973545,-6.03180707741562,67.6286615608827));
#3347=CARTESIAN_POINT('Ctrl Pts',(-7.54174743955065,-2.75975878237776,67.5492587645534));
#3348=CARTESIAN_POINT('Ctrl Pts',(-7.94291030121228,1.185073384131,67.4698559682242));
#3349=CARTESIAN_POINT('Ctrl Pts',(-6.40772206678593,4.84100412039741,67.3904531718949));
#3350=CARTESIAN_POINT('Ctrl Pts',(-3.31043641756761,7.31677754917573,67.3110503755657));
#3351=CARTESIAN_POINT('Ctrl Pts',(0.593879267569418,8.0088407647069,67.2316475792365));
#3352=CARTESIAN_POINT('Ctrl Pts',(4.35341693972471,6.74848011983424,67.1522447829072));
#3353=CARTESIAN_POINT('Ctrl Pts',(7.0516630520751,3.84295084263108,67.0728419865779));
#3354=CARTESIAN_POINT('Ctrl Pts',(8.03082951196549,0.000573257421045416,
66.9934391902488));
#3355=CARTESIAN_POINT('Ctrl Pts',(7.05221161596093,-3.84194407853441,66.9140363939195));
#3356=CARTESIAN_POINT('Ctrl Pts',(4.35438033662933,-6.74785853903709,66.8346335975903));
#3357=CARTESIAN_POINT('Ctrl Pts',(0.595022637147983,-8.0087558984003,66.755230801261));
#3358=CARTESIAN_POINT('Ctrl Pts',(-3.30939181004243,-7.31725008637152,66.6758280049317));
#3359=CARTESIAN_POINT('Ctrl Pts',(-6.40703087947458,-4.84191886428708,66.5964252086025));
#3360=CARTESIAN_POINT('Ctrl Pts',(-7.94274103423088,-1.18620733517584,66.5170224122733));
#3361=CARTESIAN_POINT('Ctrl Pts',(-7.54214135740962,2.75868206282117,66.437619615944));
#3362=CARTESIAN_POINT('Ctrl Pts',(-5.30289147172957,6.03105007589372,66.3582168196147));
#3363=CARTESIAN_POINT('Ctrl Pts',(-1.77088372723898,7.83314711999464,66.2788140232855));
#3364=CARTESIAN_POINT('Ctrl Pts',(2.19283638919673,7.72565152910061,66.1994112269563));
#3365=CARTESIAN_POINT('Ctrl Pts',(5.62197900384259,5.73476896302135,66.120008430627));
#3366=CARTESIAN_POINT('Ctrl Pts',(7.68057545927867,2.34584389787686,66.0406056342978));
#3367=CARTESIAN_POINT('Ctrl Pts',(7.86677374513062,-1.61495938704459,65.9612028379685));
#3368=CARTESIAN_POINT('Ctrl Pts',(6.1351817769827,-5.18206209363216,65.8818000416393));
#3369=CARTESIAN_POINT('Ctrl Pts',(2.90793324114745,-7.48586315957682,65.80239724531));
#3370=CARTESIAN_POINT('Ctrl Pts',(-1.02822166594407,-7.96473371711592,65.7229944489808));
#3371=CARTESIAN_POINT('Ctrl Pts',(-4.71371301593003,-6.50193298814526,65.6435916526515));
#3372=CARTESIAN_POINT('Ctrl Pts',(-7.25007853937267,-3.45406776884994,65.5641888563223));
#3373=CARTESIAN_POINT('Ctrl Pts',(-8.0189939728532,0.435842451149283,65.484786059993));
#3374=CARTESIAN_POINT('Ctrl Pts',(-6.83301036051583,4.21950143879146,65.4053832636639));
#3375=CARTESIAN_POINT('Ctrl Pts',(-3.98125103129207,6.97451526664875,65.3259804673345));
#3376=CARTESIAN_POINT('Ctrl Pts',(-0.158928079177374,8.02925680524208,65.2465776710053));
#3377=CARTESIAN_POINT('Ctrl Pts',(3.70213892878678,7.12659738801397,65.167174874676));
#3378=CARTESIAN_POINT('Ctrl Pts',(6.66068526098071,4.48659055776469,65.0877720783468));
#3379=CARTESIAN_POINT('Ctrl Pts',(7.99546590570153,0.752826626560081,65.0083692820176));
#3380=CARTESIAN_POINT('Ctrl Pts',(7.38108326100427,-3.16446407358325,64.9289664856883));
#3381=CARTESIAN_POINT('Ctrl Pts',(4.96731372652541,-6.31031039815853,64.8495636893591));
#3382=CARTESIAN_POINT('Ctrl Pts',(1.34259467677834,-7.9178066731223,64.7701608930298));
#3383=CARTESIAN_POINT('Ctrl Pts',(-2.60942690757976,-7.59507170423306,64.6907580967007));
#3384=CARTESIAN_POINT('Ctrl Pts',(-5.92531306290503,-5.4207829772359,64.6113553003713));
#3385=CARTESIAN_POINT('Ctrl Pts',(-7.79670519654488,-1.92499637813883,64.5319525040421));
#3386=CARTESIAN_POINT('Ctrl Pts',(-7.76738863791422,2.04007272597622,64.4525497077128));
#3387=CARTESIAN_POINT('Ctrl Pts',(-5.84451028190576,5.50780560166742,64.3731469113836));
#3388=CARTESIAN_POINT('Ctrl Pts',(-2.49683629634495,7.63282591685427,64.2937441150543));
#3389=CARTESIAN_POINT('Ctrl Pts',(1.45952537809837,7.89708862052409,64.2143413187251));
#3390=CARTESIAN_POINT('Ctrl Pts',(5.06007872923647,6.23617079373227,64.1349385223958));
#3391=CARTESIAN_POINT('Ctrl Pts',(7.42706798873,3.05497695102492,64.0555357260666));
#3392=CARTESIAN_POINT('Ctrl Pts',(7.98346002077119,-0.870970136701909,63.9761329297374));
#3393=CARTESIAN_POINT('Ctrl Pts',(6.59361563406898,-4.58458894245781,63.8967301334081));
#3394=CARTESIAN_POINT('Ctrl Pts',(3.59635596593757,-7.18056038395049,63.8173273370789));
#3395=CARTESIAN_POINT('Ctrl Pts',(-0.277636090591684,-8.02602884716717,
63.7379245407496));
#3396=CARTESIAN_POINT('Ctrl Pts',(-4.0839453097957,-6.91488383564052,63.6585217444204));
#3397=CARTESIAN_POINT('Ctrl Pts',(-6.89465515045114,-4.11800255835845,63.5791189480911));
#3398=CARTESIAN_POINT('Ctrl Pts',(-8.02456246580844,-0.317222211502825,
63.499716151762));
#3399=CARTESIAN_POINT('Ctrl Pts',(-7.19821081869502,3.5608964626194,63.4203133554326));
#3400=CARTESIAN_POINT('Ctrl Pts',(-4.61705850419219,6.57091732451501,63.3409105591034));
#3401=CARTESIAN_POINT('Ctrl Pts',(-0.910333083274249,7.97907633229257,63.2615077627742));
#3402=CARTESIAN_POINT('Ctrl Pts',(3.0182960304735,7.442026923687,63.1821049664448));
#3403=CARTESIAN_POINT('Ctrl Pts',(6.21115616090284,5.09081660949437,63.1027021701157));
#3404=CARTESIAN_POINT('Ctrl Pts',(7.88975252557078,1.4983790522211,63.0232993737864));
#3405=CARTESIAN_POINT('Ctrl Pts',(7.6451322912176,-2.45898999551633,62.9438965774572));
#3406=CARTESIAN_POINT('Ctrl Pts',(5.53639155077278,-5.81761519469033,62.8644937811279));
#3407=CARTESIAN_POINT('Ctrl Pts',(3.23125551185229,-7.10984661242092,62.8115585835751));
#3408=CARTESIAN_POINT('Ctrl Pts',(1.99374324112999,-7.44140776373841,62.7850909847987));
#3409=CARTESIAN_POINT('Ctrl Pts',(5.95016237244397,5.18144813173206,73.2149090152013));
#3410=CARTESIAN_POINT('Ctrl Pts',(6.81184148568589,4.19193120395785,73.1884414164249));
#3411=CARTESIAN_POINT('Ctrl Pts',(8.03102960533429,1.77561210346193,73.1355062188721));
#3412=CARTESIAN_POINT('Ctrl Pts',(7.90142235543525,-2.28387457003737,73.0561034225429));
#3413=CARTESIAN_POINT('Ctrl Pts',(5.84568029190731,-5.78577303400946,72.9767006262136));
#3414=CARTESIAN_POINT('Ctrl Pts',(2.36480700719692,-7.87759168187383,72.8972978298843));
#3415=CARTESIAN_POINT('Ctrl Pts',(-1.69254326411817,-8.04878949847044,72.8178950335551));
#3416=CARTESIAN_POINT('Ctrl Pts',(-5.33729108326525,-6.25791919998546,72.7384922372259));
#3417=CARTESIAN_POINT('Ctrl Pts',(-7.6808892099992,-2.94142468133821,72.6590894408966));
#3418=CARTESIAN_POINT('Ctrl Pts',(-8.15201550489148,1.09211822310356,72.5796866445674));
#3419=CARTESIAN_POINT('Ctrl Pts',(-6.63581290649863,4.85943172191027,72.5002838482382));
#3420=CARTESIAN_POINT('Ctrl Pts',(-3.50190876866317,7.44209014333974,72.4208810519089));
#3421=CARTESIAN_POINT('Ctrl Pts',(0.485703551019145,8.21049185270457,72.3414782555796));
#3422=CARTESIAN_POINT('Ctrl Pts',(4.35490915901739,6.97730917923726,72.2620754592504));
#3423=CARTESIAN_POINT('Ctrl Pts',(7.16245950791397,4.04317374195731,72.1826726629211));
#3424=CARTESIAN_POINT('Ctrl Pts',(8.22391980908684,0.123378630841623,72.1032698665919));
#3425=CARTESIAN_POINT('Ctrl Pts',(7.28052352975894,-3.82649401223576,72.0238670702627));
#3426=CARTESIAN_POINT('Ctrl Pts',(4.56225516248106,-6.84353032676789,71.9444642739334));
#3427=CARTESIAN_POINT('Ctrl Pts',(0.731783910694075,-8.19222629296063,71.8650614776042));
#3428=CARTESIAN_POINT('Ctrl Pts',(-3.27708424367657,-7.54379203627558,71.7856586812749));
#3429=CARTESIAN_POINT('Ctrl Pts',(-6.48705307333861,-5.05630515360642,71.7062558849456));
#3430=CARTESIAN_POINT('Ctrl Pts',(-8.11558489208623,-1.33617411141094,71.6268530886165));
#3431=CARTESIAN_POINT('Ctrl Pts',(-7.76567038482439,2.70969423911015,71.5474502922871));
#3432=CARTESIAN_POINT('Ctrl Pts',(-5.52261296265326,6.09498363064648,71.468047495958));
#3433=CARTESIAN_POINT('Ctrl Pts',(-1.93323319030189,7.99441610295432,71.3886446996287));
#3434=CARTESIAN_POINT('Ctrl Pts',(2.1274370870198,7.94494121027271,71.3092419032995));
#3435=CARTESIAN_POINT('Ctrl Pts',(5.66947313847572,5.95862011934472,71.2298391069702));
#3436=CARTESIAN_POINT('Ctrl Pts',(7.82938474062099,2.51968529337687,71.150436310641));
#3437=CARTESIAN_POINT('Ctrl Pts',(8.08062091408192,-1.53350742980716,71.0710335143117));
#3438=CARTESIAN_POINT('Ctrl Pts',(6.36193440546497,-5.21285622427384,70.9916307179825));
#3439=CARTESIAN_POINT('Ctrl Pts',(3.09231276198001,-7.62139627472943,70.9122279216532));
#3440=CARTESIAN_POINT('Ctrl Pts',(-0.931163952132709,-8.17196506898007,
70.832825125324));
#3441=CARTESIAN_POINT('Ctrl Pts',(-4.72763818592329,-6.73034297620653,70.7534223289947));
#3442=CARTESIAN_POINT('Ctrl Pts',(-7.37159186539989,-3.64797378887873,70.6740195326655));
#3443=CARTESIAN_POINT('Ctrl Pts',(-8.21847250147298,0.32371150258796,70.5946167363362));
#3444=CARTESIAN_POINT('Ctrl Pts',(-7.06182450220855,4.21648124558643,70.515213940007));
#3445=CARTESIAN_POINT('Ctrl Pts',(-4.18361965580893,7.08134210230693,70.4358111436777));
#3446=CARTESIAN_POINT('Ctrl Pts',(-0.285517039078882,8.21988804149855,70.3564083473485));
#3447=CARTESIAN_POINT('Ctrl Pts',(3.68218994313011,7.35456025993987,70.2770055510193));
#3448=CARTESIAN_POINT('Ctrl Pts',(6.75223948467836,4.69631146070253,70.19760275469));
#3449=CARTESIAN_POINT('Ctrl Pts',(8.17620392248193,0.893179048324804,70.1181999583607));
#3450=CARTESIAN_POINT('Ctrl Pts',(7.60694411038803,-3.12769574859966,70.0387971620315));
#3451=CARTESIAN_POINT('Ctrl Pts',(5.18323624242447,-6.38608968380438,69.9593943657023));
#3452=CARTESIAN_POINT('Ctrl Pts',(1.49594049562389,-8.08765982394957,69.879991569373));
#3453=CARTESIAN_POINT('Ctrl Pts',(-2.55604097826358,-7.8175913113831,69.8005887730438));
#3454=CARTESIAN_POINT('Ctrl Pts',(-5.9849016359496,-5.64172241450989,69.7211859767145));
#3455=CARTESIAN_POINT('Ctrl Pts',(-7.95474155649082,-2.09049423912469,69.6417831803853));
#3456=CARTESIAN_POINT('Ctrl Pts',(-7.98534611519533,1.97036210248529,69.562380384056));
#3457=CARTESIAN_POINT('Ctrl Pts',(-6.06925442322701,5.55087652002047,69.4829775877268));
#3458=CARTESIAN_POINT('Ctrl Pts',(-2.67357816978397,7.77817839628469,69.4035747913975));
#3459=CARTESIAN_POINT('Ctrl Pts',(1.37387253700374,8.10928810971976,69.3241719950683));
#3460=CARTESIAN_POINT('Ctrl Pts',(5.08639568046415,6.4634865495436,69.244769198739));
#3461=CARTESIAN_POINT('Ctrl Pts',(7.55893908381584,3.24199310942153,69.1653664024098));
#3462=CARTESIAN_POINT('Ctrl Pts',(8.18873726845652,-0.769845012042316,69.0859636060805));
#3463=CARTESIAN_POINT('Ctrl Pts',(6.82225577926881,-4.59400756166211,69.0065608097513));
#3464=CARTESIAN_POINT('Ctrl Pts',(3.79262036349532,-7.29822650873319,68.9271580134221));
#3465=CARTESIAN_POINT('Ctrl Pts',(-0.161593615979076,-8.22325768157914,
68.8477552170928));
#3466=CARTESIAN_POINT('Ctrl Pts',(-4.07641372550455,-7.14359367075798,68.7683524207636));
#3467=CARTESIAN_POINT('Ctrl Pts',(-6.9974711100142,-4.32243883229041,68.6889496244343));
#3468=CARTESIAN_POINT('Ctrl Pts',(-8.21265994761954,-0.447544387900148,
68.6095468281051));
#3469=CARTESIAN_POINT('Ctrl Pts',(-7.42573715506539,3.53645402886235,68.5301440317758));
#3470=CARTESIAN_POINT('Ctrl Pts',(-4.82854158663992,6.65832302764474,68.4507412354466));
#3471=CARTESIAN_POINT('Ctrl Pts',(-1.05422687180161,8.15700221264815,68.3713384391173));
#3472=CARTESIAN_POINT('Ctrl Pts',(2.97709104228305,7.66713820928861,68.2919356427881));
#3473=CARTESIAN_POINT('Ctrl Pts',(6.28264304887674,5.30815181723131,68.2125328464588));
#3474=CARTESIAN_POINT('Ctrl Pts',(8.05658985124634,1.6551251805135,68.1331300501296));
#3475=CARTESIAN_POINT('Ctrl Pts',(7.86647235003048,-2.40139379539907,68.0537272538003));
#3476=CARTESIAN_POINT('Ctrl Pts',(5.7586380699908,-5.87249239873736,67.9743244574711));
#3477=CARTESIAN_POINT('Ctrl Pts',(2.24694239457578,-7.91197379102291,67.8949216611419));
#3478=CARTESIAN_POINT('Ctrl Pts',(-1.81252093823292,-8.02264590037741,67.8155188648126));
#3479=CARTESIAN_POINT('Ctrl Pts',(-5.43012143080609,-6.17752868395412,67.7361160684834));
#3480=CARTESIAN_POINT('Ctrl Pts',(-7.72394748986621,-2.82643141932806,67.6567132721541));
#3481=CARTESIAN_POINT('Ctrl Pts',(-8.13480199052336,1.21370341078556,67.5773104758249));
#3482=CARTESIAN_POINT('Ctrl Pts',(-6.56252535240828,4.95795728030948,67.4979076794957));
#3483=CARTESIAN_POINT('Ctrl Pts',(-3.39041280058518,7.49354258251752,67.4185048831664));
#3484=CARTESIAN_POINT('Ctrl Pts',(0.608226715995642,8.20232525911552,67.3391020868372));
#3485=CARTESIAN_POINT('Ctrl Pts',(4.45859054727655,6.91151573289908,67.2596992905078));
#3486=CARTESIAN_POINT('Ctrl Pts',(7.22202322035104,3.93579216919363,67.1802964941786));
#3487=CARTESIAN_POINT('Ctrl Pts',(8.2248452295275,0.000587106669084568,
67.1008936978494));
#3488=CARTESIAN_POINT('Ctrl Pts',(7.22258503691715,-3.93476108282012,67.0214909015201));
#3489=CARTESIAN_POINT('Ctrl Pts',(4.45957721875592,-6.91087913541602,66.9420881051909));
#3490=CARTESIAN_POINT('Ctrl Pts',(0.609397708084292,-8.20223834253535,66.8626853088616));
#3491=CARTESIAN_POINT('Ctrl Pts',(-3.38934295652892,-7.49402653567514,66.7832825125324));
#3492=CARTESIAN_POINT('Ctrl Pts',(-6.56181746679673,-4.95889412337233,66.7038797162031));
#3493=CARTESIAN_POINT('Ctrl Pts',(-8.13462863424398,-1.21486475679941,66.6244769198739));
#3494=CARTESIAN_POINT('Ctrl Pts',(-7.72435092433314,2.82532868745019,66.5450741235447));
#3495=CARTESIAN_POINT('Ctrl Pts',(-5.43100330532137,6.17675339413544,66.4656713272154));
#3496=CARTESIAN_POINT('Ctrl Pts',(-1.81366626627149,8.02238705554427,66.3862685308862));
#3497=CARTESIAN_POINT('Ctrl Pts',(2.24581282518161,7.91229449329492,66.3068657345569));
#3498=CARTESIAN_POINT('Ctrl Pts',(5.75779962970992,5.87331446616709,66.2274629382277));
#3499=CARTESIAN_POINT('Ctrl Pts',(7.8661294368349,2.40251682144682,66.1480601418984));
#3500=CARTESIAN_POINT('Ctrl Pts',(8.05682606174192,-1.65397497115631,66.0686573455692));
#3501=CARTESIAN_POINT('Ctrl Pts',(6.28340079882361,-5.30725482671769,65.98925454924));
#3502=CARTESIAN_POINT('Ctrl Pts',(2.97818560468761,-7.66671310917571,65.9098517529107));
#3503=CARTESIAN_POINT('Ctrl Pts',(-1.05306233327908,-8.15715263536267,65.8304489565815));
#3504=CARTESIAN_POINT('Ctrl Pts',(-4.8275909673676,-6.65901230259909,65.7510461602522));
#3505=CARTESIAN_POINT('Ctrl Pts',(-7.42523220041122,-3.53751412214168,65.671643363923));
#3506=CARTESIAN_POINT('Ctrl Pts',(-8.21272375723605,0.446371909628971,65.5922405675937));
#3507=CARTESIAN_POINT('Ctrl Pts',(-6.99808812816472,4.32143979997585,65.5128377712645));
#3508=CARTESIAN_POINT('Ctrl Pts',(-4.07743353329635,7.14301163207274,65.4334349749352));
#3509=CARTESIAN_POINT('Ctrl Pts',(-0.162767601019593,8.22323452799633,65.354032178606));
#3510=CARTESIAN_POINT('Ctrl Pts',(3.79157839948064,7.29876788471682,65.2746293822767));
#3511=CARTESIAN_POINT('Ctrl Pts',(6.82159984999527,4.59498148863611,65.1952265859475));
#3512=CARTESIAN_POINT('Ctrl Pts',(8.18862727871112,0.77101406260691,65.1158237896182));
#3513=CARTESIAN_POINT('Ctrl Pts',(7.55940184728916,-3.24091393060246,65.036420993289));
#3514=CARTESIAN_POINT('Ctrl Pts',(5.08731838302715,-6.46276032853165,64.9570181969598));
#3515=CARTESIAN_POINT('Ctrl Pts',(1.37503023891074,-8.10909188729778,64.8776154006305));
#3516=CARTESIAN_POINT('Ctrl Pts',(-2.67246769721991,-7.77856000820416,64.7982126043013));
#3517=CARTESIAN_POINT('Ctrl Pts',(-6.06846189503578,-5.55174293566975,64.718809807972));
#3518=CARTESIAN_POINT('Ctrl Pts',(-7.98506473662393,-1.97150210373696,64.6394070116428));
#3519=CARTESIAN_POINT('Ctrl Pts',(-7.95503992324192,2.0893585654053,64.5600042153135));
#3520=CARTESIAN_POINT('Ctrl Pts',(-5.98570701064379,5.64086792784523,64.4806014189843));
#3521=CARTESIAN_POINT('Ctrl Pts',(-2.55715702472655,7.81722631971152,64.401198622655));
#3522=CARTESIAN_POINT('Ctrl Pts',(1.4947858531352,8.0878733100856,64.3217958263258));
#3523=CARTESIAN_POINT('Ctrl Pts',(5.18232448281775,6.38682959548898,64.2423930299965));
#3524=CARTESIAN_POINT('Ctrl Pts',(7.60649751379566,3.12878172354629,64.1629902336673));
#3525=CARTESIAN_POINT('Ctrl Pts',(8.17633134524018,-0.892011785736486,64.0835874373381));
#3526=CARTESIAN_POINT('Ctrl Pts',(6.75290989709199,-4.69534740297206,64.0041846410088));
#3527=CARTESIAN_POINT('Ctrl Pts',(3.68323984042403,-7.35403456533034,63.9247818446796));
#3528=CARTESIAN_POINT('Ctrl Pts',(-0.284343463131095,-8.21992858612145,
63.8453790483503));
#3529=CARTESIAN_POINT('Ctrl Pts',(-4.18260878890249,-7.08193957343582,63.7659762520211));
#3530=CARTESIAN_POINT('Ctrl Pts',(-7.06122218619312,-4.21748882189967,63.6865734556917));
#3531=CARTESIAN_POINT('Ctrl Pts',(-8.21842677865498,-0.324885939751525,
63.6071706593627));
#3532=CARTESIAN_POINT('Ctrl Pts',(-7.37211141452648,3.64692367578956,63.5277678630332));
#3533=CARTESIAN_POINT('Ctrl Pts',(-4.72860139243081,6.72966322216566,63.4483650667041));
#3534=CARTESIAN_POINT('Ctrl Pts',(-0.932325696379625,8.17184175182802,63.3689622703748));
#3535=CARTESIAN_POINT('Ctrl Pts',(3.09121463362581,7.62181783962708,63.2895594740456));
#3536=CARTESIAN_POINT('Ctrl Pts',(6.36121063754835,5.21380495534283,63.2101566777164));
#3537=CARTESIAN_POINT('Ctrl Pts',(8.0803599834124,1.53457818788491,63.130753881387));
#3538=CARTESIAN_POINT('Ctrl Pts',(7.82983000209877,-2.51839640026531,63.0513510850579));
#3539=CARTESIAN_POINT('Ctrl Pts',(5.67014448100583,-5.95816216867548,62.9719482887286));
#3540=CARTESIAN_POINT('Ctrl Pts',(3.30931897414147,-7.28161242941521,62.9190130911757));
#3541=CARTESIAN_POINT('Ctrl Pts',(2.04190981283791,-7.62118372147753,62.8925454923993));
#3542=CARTESIAN_POINT('Ctrl Pts',(6.0905206393881,5.30367321308427,73.322363522802));
#3543=CARTESIAN_POINT('Ctrl Pts',(6.97252588483049,4.29081458933593,73.2958959240256));
#3544=CARTESIAN_POINT('Ctrl Pts',(8.22047340982642,1.81749698357228,73.2429607264727));
#3545=CARTESIAN_POINT('Ctrl Pts',(8.08780885697654,-2.33774884379714,73.1635579301435));
#3546=CARTESIAN_POINT('Ctrl Pts',(5.98357393304244,-5.92225352397836,73.0841551338142));
#3547=CARTESIAN_POINT('Ctrl Pts',(2.42059039467634,-8.06341604211009,73.004752337485));
#3548=CARTESIAN_POINT('Ctrl Pts',(-1.73246863495843,-8.2386522407437,72.9253495411558));
#3549=CARTESIAN_POINT('Ctrl Pts',(-5.46319234103475,-6.40553713687641,72.8459467448266));
#3550=CARTESIAN_POINT('Ctrl Pts',(-7.86207355937057,-3.01080989215721,72.7665439484972));
#3551=CARTESIAN_POINT('Ctrl Pts',(-8.34431324346535,1.11788017908023,72.6871411521681));
#3552=CARTESIAN_POINT('Ctrl Pts',(-6.79234497083942,4.97406076430066,72.6077383558388));
#3553=CARTESIAN_POINT('Ctrl Pts',(-3.58451522794945,7.61764146607316,72.5283355595096));
#3554=CARTESIAN_POINT('Ctrl Pts',(0.497160802838932,8.40416898873391,72.4489327631803));
#3555=CARTESIAN_POINT('Ctrl Pts',(4.45763702827512,7.14189679265542,72.3695299668511));
#3556=CARTESIAN_POINT('Ctrl Pts',(7.33141462891102,4.13854809039581,72.2901271705218));
#3557=CARTESIAN_POINT('Ctrl Pts',(8.41791369692367,0.126289007016075,72.2107243741926));
#3558=CARTESIAN_POINT('Ctrl Pts',(7.45226366071998,-3.91675710665429,72.1313215778633));
#3559=CARTESIAN_POINT('Ctrl Pts',(4.66987411266774,-7.00496223338158,72.0519187815341));
#3560=CARTESIAN_POINT('Ctrl Pts',(0.749045947434164,-8.38547256304885,71.9725159852048));
#3561=CARTESIAN_POINT('Ctrl Pts',(-3.3543873215224,-7.72174240302559,71.8931131888756));
#3562=CARTESIAN_POINT('Ctrl Pts',(-6.64007604480659,-5.17557823962967,71.8137103925463));
#3563=CARTESIAN_POINT('Ctrl Pts',(-8.30702326962807,-1.36769309709136,71.7343075962171));
#3564=CARTESIAN_POINT('Ctrl Pts',(-7.94885463571493,2.77361316493836,71.6549047998878));
#3565=CARTESIAN_POINT('Ctrl Pts',(-5.6528857747081,6.23875808349371,71.5755020035586));
#3566=CARTESIAN_POINT('Ctrl Pts',(-1.97883619122944,8.18299623223574,71.4960992072294));
#3567=CARTESIAN_POINT('Ctrl Pts',(2.17762115997041,8.13235427725239,71.4166964109001));
#3568=CARTESIAN_POINT('Ctrl Pts',(5.80321023242261,6.0991778959195,71.3372936145709));
#3569=CARTESIAN_POINT('Ctrl Pts',(8.01407194823764,2.57912210180093,71.2578908182416));
#3570=CARTESIAN_POINT('Ctrl Pts',(8.27123452701215,-1.56968130737905,71.1784880219124));
#3571=CARTESIAN_POINT('Ctrl Pts',(6.51200595505808,-5.33582219052317,71.0990852255831));
#3572=CARTESIAN_POINT('Ctrl Pts',(3.16525726886116,-7.80117724638316,71.0196824292539));
#3573=CARTESIAN_POINT('Ctrl Pts',(-0.953129160875156,-8.36473339744146,
70.9402796329246));
#3574=CARTESIAN_POINT('Ctrl Pts',(-4.83915835310193,-6.88910490856232,70.8608768365954));
#3575=CARTESIAN_POINT('Ctrl Pts',(-7.5454802055969,-3.73402577314656,70.7814740402662));
#3576=CARTESIAN_POINT('Ctrl Pts',(-8.4123378928742,0.331347527060759,70.7020712439369));
#3577=CARTESIAN_POINT('Ctrl Pts',(-7.22840574597156,4.31594374142919,70.6226684476076));
#3578=CARTESIAN_POINT('Ctrl Pts',(-4.28230698023593,7.24838374636714,70.5432656512784));
#3579=CARTESIAN_POINT('Ctrl Pts',(-0.292252095078989,8.4137868240465,70.4638628549492));
#3580=CARTESIAN_POINT('Ctrl Pts',(3.76904905160929,7.52804684191986,70.3844600586199));
#3581=CARTESIAN_POINT('Ctrl Pts',(6.9115179333557,4.80709266235625,70.3050572622907));
#3582=CARTESIAN_POINT('Ctrl Pts',(8.3690722411779,0.914248231894353,70.2256544659614));
#3583=CARTESIAN_POINT('Ctrl Pts',(7.7863841702122,-3.20147490407867,70.1462516696322));
#3584=CARTESIAN_POINT('Ctrl Pts',(5.30550350348576,-6.53673103179845,70.0668488733029));
#3585=CARTESIAN_POINT('Ctrl Pts',(1.53122820750041,-8.27843947759067,69.9874460769737));
#3586=CARTESIAN_POINT('Ctrl Pts',(-2.61633538024641,-8.00200032402195,69.9080432806444));
#3587=CARTESIAN_POINT('Ctrl Pts',(-6.1260793667193,-5.77480489715735,69.8286404843152));
#3588=CARTESIAN_POINT('Ctrl Pts',(-8.1423858036509,-2.1398068679395,69.7492376879859));
#3589=CARTESIAN_POINT('Ctrl Pts',(-8.17371229270813,2.0168409366156,69.6698348916567));
#3590=CARTESIAN_POINT('Ctrl Pts',(-6.21242195029019,5.68181604059206,69.5904320953275));
#3591=CARTESIAN_POINT('Ctrl Pts',(-2.73664515434028,7.96165769841949,69.5110292989982));
#3592=CARTESIAN_POINT('Ctrl Pts',(1.40628079012789,8.30057795258221,69.4316265026689));
#3593=CARTESIAN_POINT('Ctrl Pts',(5.20637857135269,6.61595361073037,69.3522237063397));
#3594=CARTESIAN_POINT('Ctrl Pts',(7.73724675398195,3.31846842316936,69.2728209100104));
#3595=CARTESIAN_POINT('Ctrl Pts',(8.38190123601213,-0.78800487137763,69.1934181136813));
#3596=CARTESIAN_POINT('Ctrl Pts',(6.9831858409865,-4.70237551858867,69.1140153173519));
#3597=CARTESIAN_POINT('Ctrl Pts',(3.88208441305849,-7.47038423492827,69.0346125210227));
#3598=CARTESIAN_POINT('Ctrl Pts',(-0.165405444710525,-8.4172359505028,68.9552097246935));
#3599=CARTESIAN_POINT('Ctrl Pts',(-4.17257217128223,-7.31210376588145,68.8758069283642));
#3600=CARTESIAN_POINT('Ctrl Pts',(-7.16253432283368,-4.42440075962905,68.7964041320351));
#3601=CARTESIAN_POINT('Ctrl Pts',(-8.40638822679856,-0.45810150394746,68.7170013357057));
#3602=CARTESIAN_POINT('Ctrl Pts',(-7.60090272746968,3.6198753756339,68.6375985393766));
#3603=CARTESIAN_POINT('Ctrl Pts',(-4.94244196221741,6.81538608280478,68.5581957430472));
#3604=CARTESIAN_POINT('Ctrl Pts',(-1.07909500941367,8.34941758257635,68.4787929467181));
#3605=CARTESIAN_POINT('Ctrl Pts',(3.04731758621147,7.84799818656597,68.3993901503887));
#3606=CARTESIAN_POINT('Ctrl Pts',(6.43084419616858,5.43336570940899,68.3199873540595));
#3607=CARTESIAN_POINT('Ctrl Pts',(8.24663659589275,1.69416789689184,68.2405845577303));
#3608=CARTESIAN_POINT('Ctrl Pts',(8.05203441655954,-2.45804022792897,68.161181761401));
#3609=CARTESIAN_POINT('Ctrl Pts',(5.89447847380996,-6.01101851015014,68.0817789650718));
#3610=CARTESIAN_POINT('Ctrl Pts',(2.29994547595159,-8.09860919017744,68.0023761687425));
#3611=CARTESIAN_POINT('Ctrl Pts',(-1.85527646014413,-8.21189194181289,67.9229733724133));
#3612=CARTESIAN_POINT('Ctrl Pts',(-5.55821246187673,-6.32325029049261,67.843570576084));
#3613=CARTESIAN_POINT('Ctrl Pts',(-7.90614754018177,-2.89310405627836,67.7641677797548));
#3614=CARTESIAN_POINT('Ctrl Pts',(-8.32669367983444,1.24233343744012,67.6847649834255));
#3615=CARTESIAN_POINT('Ctrl Pts',(-6.71732863803065,5.07491044022156,67.6053621870963));
#3616=CARTESIAN_POINT('Ctrl Pts',(-3.47038918360275,7.67030761585932,67.525959390767));
#3617=CARTESIAN_POINT('Ctrl Pts',(0.622574164421858,8.39580975352413,67.4465565944379));
#3618=CARTESIAN_POINT('Ctrl Pts',(4.5637641548284,7.07455134596393,67.3671537981085));
#3619=CARTESIAN_POINT('Ctrl Pts',(7.39238338862697,4.02863349575618,67.2877510017794));
#3620=CARTESIAN_POINT('Ctrl Pts',(8.4188609470895,0.000600955917126965,
67.2083482054501));
#3621=CARTESIAN_POINT('Ctrl Pts',(7.39295845787337,-4.02757808710583,67.1289454091208));
#3622=CARTESIAN_POINT('Ctrl Pts',(4.56477410088252,-7.07389973179496,67.0495426127916));
#3623=CARTESIAN_POINT('Ctrl Pts',(0.623772779020595,-8.39572078667041,66.9701398164623));
#3624=CARTESIAN_POINT('Ctrl Pts',(-3.4692941030154,-7.67080298497876,66.8907370201331));
#3625=CARTESIAN_POINT('Ctrl Pts',(-6.71660405411889,-5.07586938245758,66.8113342238038));
#3626=CARTESIAN_POINT('Ctrl Pts',(-8.32651623425708,-1.24352217842299,66.7319314274746));
#3627=CARTESIAN_POINT('Ctrl Pts',(-7.90656049125666,2.89197531207922,66.6525286311453));
#3628=CARTESIAN_POINT('Ctrl Pts',(-5.55911513891317,6.32245671237716,66.5731258348161));
#3629=CARTESIAN_POINT('Ctrl Pts',(-1.85644880530401,8.21162699109391,66.4937230384868));
#3630=CARTESIAN_POINT('Ctrl Pts',(2.29878926116648,8.09893745748923,66.4143202421576));
#3631=CARTESIAN_POINT('Ctrl Pts',(5.89362025557726,6.01185996931282,66.3349174458283));
#3632=CARTESIAN_POINT('Ctrl Pts',(8.05168341439111,2.45918974501678,66.2555146494991));
#3633=CARTESIAN_POINT('Ctrl Pts',(8.24687837835322,-1.69299055526802,66.1761118531698));
#3634=CARTESIAN_POINT('Ctrl Pts',(6.43161982066451,-5.43244755980322,66.0967090568406));
#3635=CARTESIAN_POINT('Ctrl Pts',(3.04843796822776,-7.84756305877461,66.0173062605114));
#3636=CARTESIAN_POINT('Ctrl Pts',(-1.0779030006141,-8.34957155360942,65.9379034641822));
#3637=CARTESIAN_POINT('Ctrl Pts',(-4.94146891880517,-6.8160916170529,65.8585006678529));
#3638=CARTESIAN_POINT('Ctrl Pts',(-7.60038586144978,-3.62096047543342,65.7790978715236));
#3639=CARTESIAN_POINT('Ctrl Pts',(-8.4064535416189,0.456901368108661,65.6996950751944));
#3640=CARTESIAN_POINT('Ctrl Pts',(-7.1631658958136,4.42337816116025,65.6202922788651));
#3641=CARTESIAN_POINT('Ctrl Pts',(-4.17361603530062,7.31150799749675,65.5408894825359));
#3642=CARTESIAN_POINT('Ctrl Pts',(-0.166607122861814,8.41721225075057,65.4614866862066));
#3643=CARTESIAN_POINT('Ctrl Pts',(3.88101787017449,7.47093838141967,65.3820838898774));
#3644=CARTESIAN_POINT('Ctrl Pts',(6.98251443900982,4.70337241950753,65.3026810935482));
#3645=CARTESIAN_POINT('Ctrl Pts',(8.38178865172071,0.789201498653737,65.2232782972189));
#3646=CARTESIAN_POINT('Ctrl Pts',(7.73772043357404,-3.31736378762167,65.1438755008896));
#3647=CARTESIAN_POINT('Ctrl Pts',(5.20732303952888,-6.61521025890479,65.0644727045605));
#3648=CARTESIAN_POINT('Ctrl Pts',(1.40746580104314,-8.30037710147325,64.9850699082311));
#3649=CARTESIAN_POINT('Ctrl Pts',(-2.73550848686005,-7.96204831217526,64.905667111902));
#3650=CARTESIAN_POINT('Ctrl Pts',(-6.21161072716653,-5.6827028941036,64.8262643155726));
#3651=CARTESIAN_POINT('Ctrl Pts',(-8.17342427670297,-2.01800782933509,64.7468615192435));
#3652=CARTESIAN_POINT('Ctrl Pts',(-8.14269120856961,2.13864440483436,64.6674587229141));
#3653=CARTESIAN_POINT('Ctrl Pts',(-6.12690373938183,5.77393025402304,64.588055926585));
#3654=CARTESIAN_POINT('Ctrl Pts',(-2.61747775310815,8.00162672256877,64.5086531302557));
#3655=CARTESIAN_POINT('Ctrl Pts',(1.53004632817203,8.2786579996471,64.4292503339265));
#3656=CARTESIAN_POINT('Ctrl Pts',(5.30457023639903,6.53748839724569,64.3498475375972));
#3657=CARTESIAN_POINT('Ctrl Pts',(7.78592703886131,3.20258649606765,64.270444741268));
#3658=CARTESIAN_POINT('Ctrl Pts',(8.36920266970918,-0.913053434771065,64.1910419449387));
#3659=CARTESIAN_POINT('Ctrl Pts',(6.91220416011499,-4.80610586348632,64.1116391486095));
#3660=CARTESIAN_POINT('Ctrl Pts',(3.77012371491049,-7.52750874671021,64.0322363522802));
#3661=CARTESIAN_POINT('Ctrl Pts',(-0.291050835670507,-8.41382832507573,
63.952833555951));
#3662=CARTESIAN_POINT('Ctrl Pts',(-4.28127226800928,-7.24899531123112,63.8734307596216));
#3663=CARTESIAN_POINT('Ctrl Pts',(-7.22778922193511,-4.31697508544091,63.7940279632925));
#3664=CARTESIAN_POINT('Ctrl Pts',(-8.41229109150153,-0.33254966800022,63.7146251669632));
#3665=CARTESIAN_POINT('Ctrl Pts',(-7.54601201035794,3.73295088895973,63.635222370634));
#3666=CARTESIAN_POINT('Ctrl Pts',(-4.84014428066943,6.88840911981633,63.5558195743047));
#3667=CARTESIAN_POINT('Ctrl Pts',(-0.954318309485,8.36460717136347,63.4764167779755));
#3668=CARTESIAN_POINT('Ctrl Pts',(3.16413323677812,7.80160875556715,63.3970139816463));
#3669=CARTESIAN_POINT('Ctrl Pts',(6.51126511419384,5.33679330119128,63.317611185317));
#3670=CARTESIAN_POINT('Ctrl Pts',(8.27096744125402,1.57077732354871,63.2382083889877));
#3671=CARTESIAN_POINT('Ctrl Pts',(8.01452771297994,-2.57780280501429,63.1588055926585));
#3672=CARTESIAN_POINT('Ctrl Pts',(5.80389741123887,-6.09870914266064,63.0794027963293));
#3673=CARTESIAN_POINT('Ctrl Pts',(3.38738243643066,-7.4533782464095,63.0264675987764));
#3674=CARTESIAN_POINT('Ctrl Pts',(2.09007638454584,-7.80095967921664,63.));
#3675=CARTESIAN_POINT('Ctrl Pts',(5.66944583855572,4.93699796902766,73.));
#3676=CARTESIAN_POINT('Ctrl Pts',(5.80486595204621,4.79253581360846,73.));
#3677=CARTESIAN_POINT('Ctrl Pts',(5.93419900626393,4.64290512126295,73.));
#3678=CARTESIAN_POINT('Ctrl Pts',(6.05731563845589,4.48858927432291,73.));
#3679=CARTESIAN_POINT('Ctrl Pts',(6.18226380694944,4.33197775806063,73.));
#3680=CARTESIAN_POINT('Ctrl Pts',(6.30080962674854,4.17054018689664,73.));
#3681=CARTESIAN_POINT('Ctrl Pts',(6.41278582154376,4.004738335048,73.));
#3682=CARTESIAN_POINT('Ctrl Pts',(6.52570768531161,3.83753624212861,73.));
#3683=CARTESIAN_POINT('Ctrl Pts',(6.63194889780702,3.66589529867957,73.));
#3684=CARTESIAN_POINT('Ctrl Pts',(6.73129943553113,3.49025289979578,73.));
#3685=CARTESIAN_POINT('Ctrl Pts',(6.83039861752212,3.31505487418818,73.));
#3686=CARTESIAN_POINT('Ctrl Pts',(6.92264229609773,3.13587501021121,73.));
#3687=CARTESIAN_POINT('Ctrl Pts',(7.00777835297875,2.95312026743971,73.));
#3688=CARTESIAN_POINT('Ctrl Pts',(7.0564460008712,2.84864933235391,73.));
#3689=CARTESIAN_POINT('Ctrl Pts',(7.10279020095604,2.74300975448586,73.));
#3690=CARTESIAN_POINT('Ctrl Pts',(7.14675673724437,2.63627471435054,73.));
#3691=CARTESIAN_POINT('Ctrl Pts',(7.16598597670545,2.58959299186529,73.));
#3692=CARTESIAN_POINT('Ctrl Pts',(7.18476033613811,2.54270170265432,73.));
#3693=CARTESIAN_POINT('Ctrl Pts',(7.20307494600121,2.49560687939723,73.));
#3694=CARTESIAN_POINT('Ctrl Pts',(7.21453788685836,2.4661306755518,73.));
#3695=CARTESIAN_POINT('Ctrl Pts',(7.22582222852123,2.43657053366941,73.));
#3696=CARTESIAN_POINT('Ctrl Pts',(7.23691679917181,2.40695499545947,73.));
#3697=CARTESIAN_POINT('Ctrl Pts',(7.30867633211538,2.21540209478841,73.));
#3698=CARTESIAN_POINT('Ctrl Pts',(7.37257990690702,2.02133575137348,73.));
#3699=CARTESIAN_POINT('Ctrl Pts',(7.42844663691276,1.82521616197139,73.));
#3700=CARTESIAN_POINT('Ctrl Pts',(7.4448024181002,1.76779935790031,73.));
#3701=CARTESIAN_POINT('Ctrl Pts',(7.46046908016187,1.71020636483895,73.));
#3702=CARTESIAN_POINT('Ctrl Pts',(7.47544138377234,1.65244826094767,73.));
#3703=CARTESIAN_POINT('Ctrl Pts',(7.52615846457139,1.45679884733263,73.));
#3704=CARTESIAN_POINT('Ctrl Pts',(7.56891196219235,1.25925642175938,73.));
#3705=CARTESIAN_POINT('Ctrl Pts',(7.6037763005971,1.06031201876481,73.));
#3706=CARTESIAN_POINT('Ctrl Pts',(7.63893726327654,0.859675005442892,73.));
#3707=CARTESIAN_POINT('Ctrl Pts',(7.66607435324605,0.657611391240567,73.));
#3708=CARTESIAN_POINT('Ctrl Pts',(7.68521295683225,0.454609808450818,73.));
#3709=CARTESIAN_POINT('Ctrl Pts',(7.70436006407005,0.251518028133116,73.));
#3710=CARTESIAN_POINT('Ctrl Pts',(7.71550161995577,0.0474867439335031,73.));
#3711=CARTESIAN_POINT('Ctrl Pts',(7.71861128672611,-0.156999429788402,73.));
#3712=CARTESIAN_POINT('Ctrl Pts',(7.71989690708543,-0.241539545354661,73.));
#3713=CARTESIAN_POINT('Ctrl Pts',(7.71980908659574,-0.326157406512018,73.));
#3714=CARTESIAN_POINT('Ctrl Pts',(7.71834335066721,-0.410818565826288,73.));
#3715=CARTESIAN_POINT('Ctrl Pts',(7.71791740182709,-0.435421444087246,73.));
#3716=CARTESIAN_POINT('Ctrl Pts',(7.71737500594329,-0.460030552826215,73.));
#3717=CARTESIAN_POINT('Ctrl Pts',(7.71671626110207,-0.484636613374261,73.));
#3718=CARTESIAN_POINT('Ctrl Pts',(7.71120380764272,-0.690542990324077,73.));
#3719=CARTESIAN_POINT('Ctrl Pts',(7.69756053175772,-0.895841103974501,73.));
#3720=CARTESIAN_POINT('Ctrl Pts',(7.67587029634383,-1.10003212693912,73.));
#3721=CARTESIAN_POINT('Ctrl Pts',(7.6540517042562,-1.30543149458123,73.));
#3722=CARTESIAN_POINT('Ctrl Pts',(7.62409069077384,-1.5097113321105,73.));
#3723=CARTESIAN_POINT('Ctrl Pts',(7.58602082510516,-1.71237294662802,73.));
#3724=CARTESIAN_POINT('Ctrl Pts',(7.55756118316279,-1.86387537205884,73.));
#3725=CARTESIAN_POINT('Ctrl Pts',(7.5245688358271,-2.01447370141614,73.));
#3726=CARTESIAN_POINT('Ctrl Pts',(7.48703877492972,-2.16395928328746,73.));
#3727=CARTESIAN_POINT('Ctrl Pts',(7.43694362771554,-2.36349272531185,73.));
#3728=CARTESIAN_POINT('Ctrl Pts',(7.37876548783696,-2.56104442186971,73.));
#3729=CARTESIAN_POINT('Ctrl Pts',(7.31275563464593,-2.75620128814572,73.));
#3730=CARTESIAN_POINT('Ctrl Pts',(7.26863193154621,-2.88665217099368,73.));
#3731=CARTESIAN_POINT('Ctrl Pts',(7.22100783327848,-3.01603279789863,73.));
#3732=CARTESIAN_POINT('Ctrl Pts',(7.16994624803904,-3.14421525141345,73.));
#3733=CARTESIAN_POINT('Ctrl Pts',(7.14760680449679,-3.20029507482619,73.));
#3734=CARTESIAN_POINT('Ctrl Pts',(7.12460928358897,-3.25614550351567,73.));
#3735=CARTESIAN_POINT('Ctrl Pts',(7.10095840188479,-3.31175553219305,73.));
#3736=CARTESIAN_POINT('Ctrl Pts',(7.0872755879622,-3.34392776509921,73.));
#3737=CARTESIAN_POINT('Ctrl Pts',(7.0733740878369,-3.37601953246912,73.));
#3738=CARTESIAN_POINT('Ctrl Pts',(7.05925476527734,-3.40802867204391,73.));
#3739=CARTESIAN_POINT('Ctrl Pts',(7.04911346743926,-3.4310194505745,73.));
#3740=CARTESIAN_POINT('Ctrl Pts',(7.0388636057544,-3.45395893709759,73.));
#3741=CARTESIAN_POINT('Ctrl Pts',(7.02850719721059,-3.47684328541561,73.));
#3742=CARTESIAN_POINT('Ctrl Pts',(6.94123951703437,-3.66967692862401,73.));
#3743=CARTESIAN_POINT('Ctrl Pts',(6.84637919556842,-3.85866873716793,73.));
#3744=CARTESIAN_POINT('Ctrl Pts',(6.74426865181765,-4.04340104106994,73.));
#3745=CARTESIAN_POINT('Ctrl Pts',(6.64335886387313,-4.2259610092036,73.));
#3746=CARTESIAN_POINT('Ctrl Pts',(6.53536792804672,-4.40436167268309,73.));
#3747=CARTESIAN_POINT('Ctrl Pts',(6.42057415240454,-4.57818702285395,73.));
#3748=CARTESIAN_POINT('Ctrl Pts',(6.30373142845765,-4.75511497292237,73.));
#3749=CARTESIAN_POINT('Ctrl Pts',(6.17984065775644,-4.92730356291039,73.));
#3750=CARTESIAN_POINT('Ctrl Pts',(6.04914535266426,-5.09429036486873,73.));
#3751=CARTESIAN_POINT('Ctrl Pts',(5.91845004757209,-5.26127716682708,73.));
#3752=CARTESIAN_POINT('Ctrl Pts',(5.78094986951572,-5.42306288253337,73.));
#3753=CARTESIAN_POINT('Ctrl Pts',(5.63684303924023,-5.57915076594283,73.));
#3754=CARTESIAN_POINT('Ctrl Pts',(5.58043727866604,-5.64024610586041,73.));
#3755=CARTESIAN_POINT('Ctrl Pts',(5.52301886567015,-5.70046806512602,73.));
#3756=CARTESIAN_POINT('Ctrl Pts',(5.46461259064965,-5.75979944206389,73.));
#3757=CARTESIAN_POINT('Ctrl Pts',(5.43395254583638,-5.79094511391354,73.));
#3758=CARTESIAN_POINT('Ctrl Pts',(5.403020265131,-5.82184535415054,73.));
#3759=CARTESIAN_POINT('Ctrl Pts',(5.37181924547226,-5.85249755905114,73.));
#3760=CARTESIAN_POINT('Ctrl Pts',(5.35284511968829,-5.87113793675999,73.));
#3761=CARTESIAN_POINT('Ctrl Pts',(5.33377160871518,-5.88968658540685,73.));
#3762=CARTESIAN_POINT('Ctrl Pts',(5.31459948858914,-5.90814290453091,73.));
#3763=CARTESIAN_POINT('Ctrl Pts',(5.29446408243985,-5.92752654489728,73.));
#3764=CARTESIAN_POINT('Ctrl Pts',(5.27422545432829,-5.94680297810641,73.));
#3765=CARTESIAN_POINT('Ctrl Pts',(5.25388895075306,-5.96596771831847,73.));
#3766=CARTESIAN_POINT('Ctrl Pts',(5.10199401018557,-6.10911066640355,73.));
#3767=CARTESIAN_POINT('Ctrl Pts',(4.944568503385,-6.24609634365022,73.));
#3768=CARTESIAN_POINT('Ctrl Pts',(4.78207280778954,-6.37671748704568,73.));
#3769=CARTESIAN_POINT('Ctrl Pts',(4.61822871737102,-6.50842252914315,73.));
#3770=CARTESIAN_POINT('Ctrl Pts',(4.44922943188839,-6.633657412571,73.));
#3771=CARTESIAN_POINT('Ctrl Pts',(4.27550804121365,-6.752173831219,73.));
#3772=CARTESIAN_POINT('Ctrl Pts',(4.1871353253467,-6.81246357302955,73.));
#3773=CARTESIAN_POINT('Ctrl Pts',(4.09754005525344,-6.87101410238903,73.));
#3774=CARTESIAN_POINT('Ctrl Pts',(4.00677609259277,-6.92778865149807,73.));
#3775=CARTESIAN_POINT('Ctrl Pts',(3.94944483707466,-6.96365041961044,73.));
#3776=CARTESIAN_POINT('Ctrl Pts',(3.89164725153769,-6.99880354230272,73.));
#3777=CARTESIAN_POINT('Ctrl Pts',(3.83339654365415,-7.03323813691067,73.));
#3778=CARTESIAN_POINT('Ctrl Pts',(3.80691709342403,-7.04889132237819,73.));
#3779=CARTESIAN_POINT('Ctrl Pts',(3.78034673246441,-7.06439436719985,73.));
#3780=CARTESIAN_POINT('Ctrl Pts',(3.7536956715027,-7.07974139442674,73.));
#3781=CARTESIAN_POINT('Ctrl Pts',(3.57000090374505,-7.18552212136526,73.));
#3782=CARTESIAN_POINT('Ctrl Pts',(3.38235386580108,-7.28396594958703,73.));
#3783=CARTESIAN_POINT('Ctrl Pts',(3.19120048412486,-7.37483286998656,73.));
#3784=CARTESIAN_POINT('Ctrl Pts',(3.00061891293371,-7.46542797380941,73.));
#3785=CARTESIAN_POINT('Ctrl Pts',(2.80655135332863,-7.54849180773021,73.));
#3786=CARTESIAN_POINT('Ctrl Pts',(2.60941111089666,-7.62374373441793,73.));
#3787=CARTESIAN_POINT('Ctrl Pts',(2.51361072329969,-7.66031244132003,73.));
#3788=CARTESIAN_POINT('Ctrl Pts',(2.4170843525337,-7.69503570424262,73.));
#3789=CARTESIAN_POINT('Ctrl Pts',(2.31987761083869,-7.72787724381926,73.));
#3790=CARTESIAN_POINT('Ctrl Pts',(2.24376577274957,-7.75359181771886,73.));
#3791=CARTESIAN_POINT('Ctrl Pts',(2.16723679241226,-7.77815270323584,73.));
#3792=CARTESIAN_POINT('Ctrl Pts',(2.09031732098961,-7.80155842501964,73.));
#3793=CARTESIAN_POINT('Ctrl Pts',(-7.51740190361428,-0.000168497939008749,
71.3859733218351));
#3794=CARTESIAN_POINT('Ctrl Pts',(-7.51773753448,-0.409128421285468,71.3946302390284));
#3795=CARTESIAN_POINT('Ctrl Pts',(-7.48493609589493,-0.81803505309553,71.4032871562218));
#3796=CARTESIAN_POINT('Ctrl Pts',(-7.41852359357603,-1.22140785905109,71.4119440734151));
#3797=CARTESIAN_POINT('Ctrl Pts',(-7.21547446813592,-2.45467708722003,71.4384116721915));
#3798=CARTESIAN_POINT('Ctrl Pts',(-6.69824079926929,-3.63621803438995,71.4648792709679));
#3799=CARTESIAN_POINT('Ctrl Pts',(-5.92986912443302,-4.62201056151086,71.4913468697443));
#3800=CARTESIAN_POINT('Ctrl Pts',(-5.16149744959674,-5.60780308863178,71.5178144685207));
#3801=CARTESIAN_POINT('Ctrl Pts',(-4.14198776879083,-6.39784719570367,71.5442820672971));
#3802=CARTESIAN_POINT('Ctrl Pts',(-2.99560994085473,-6.89584299090772,71.5707496660736));
#3803=CARTESIAN_POINT('Ctrl Pts',(-1.84923211291865,-7.39383878611176,71.59721726485));
#3804=CARTESIAN_POINT('Ctrl Pts',(-0.575986137852372,-7.59978626944798,
71.6236848636264));
#3805=CARTESIAN_POINT('Ctrl Pts',(0.66892975382972,-7.48858213790881,71.6501524624028));
#3806=CARTESIAN_POINT('Ctrl Pts',(1.91384564551182,-7.37737800636963,71.6766200611792));
#3807=CARTESIAN_POINT('Ctrl Pts',(3.13043145380975,-6.94902225995506,71.7030876599556));
#3808=CARTESIAN_POINT('Ctrl Pts',(4.17039535891359,-6.25572793839082,71.7295552587321));
#3809=CARTESIAN_POINT('Ctrl Pts',(5.21035926401742,-5.56243361682657,71.7560228575085));
#3810=CARTESIAN_POINT('Ctrl Pts',(6.07370126592716,-4.60420072011264,71.7824904562849));
#3811=CARTESIAN_POINT('Ctrl Pts',(6.65518706114474,-3.4978299881071,71.8089580550613));
#3812=CARTESIAN_POINT('Ctrl Pts',(7.23667285636231,-2.39145925610157,71.8354256538377));
#3813=CARTESIAN_POINT('Ctrl Pts',(7.53630244488773,-1.13695068880444,71.8618932526141));
#3814=CARTESIAN_POINT('Ctrl Pts',(7.51755344456824,0.11278145594206,71.8883608513905));
#3815=CARTESIAN_POINT('Ctrl Pts',(7.49880444424874,1.36251360068857,71.914828450167));
#3816=CARTESIAN_POINT('Ctrl Pts',(7.16167685508432,2.60746932288445,71.9412960489434));
#3817=CARTESIAN_POINT('Ctrl Pts',(6.54726375293244,3.69589866853583,71.9677636477198));
#3818=CARTESIAN_POINT('Ctrl Pts',(5.93285065078057,4.78432801418719,71.9942312464962));
#3819=CARTESIAN_POINT('Ctrl Pts',(5.04115203564123,5.71623098329406,72.0206988452726));
#3820=CARTESIAN_POINT('Ctrl Pts',(3.98085866588452,6.37801640588832,72.047166444049));
#3821=CARTESIAN_POINT('Ctrl Pts',(2.9205652961278,7.03980182848259,72.0736340428254));
#3822=CARTESIAN_POINT('Ctrl Pts',(1.6916771717537,7.43146970456425,72.1001016416019));
#3823=CARTESIAN_POINT('Ctrl Pts',(0.443985626654942,7.50527862880958,72.1265692403783));
#3824=CARTESIAN_POINT('Ctrl Pts',(-0.803705918443812,7.57908755305491,72.1530368391547));
#3825=CARTESIAN_POINT('Ctrl Pts',(-2.07020088426723,7.33503752546391,72.1795044379311));
#3826=CARTESIAN_POINT('Ctrl Pts',(-3.20112385513333,6.80287686821117,72.2059720367075));
#3827=CARTESIAN_POINT('Ctrl Pts',(-4.33204682599943,6.27071621095843,72.232439635484));
#3828=CARTESIAN_POINT('Ctrl Pts',(-5.32739780190823,5.45044492404395,72.2589072342603));
#3829=CARTESIAN_POINT('Ctrl Pts',(-6.06585183151708,4.44204605959017,72.2853748330368));
#3830=CARTESIAN_POINT('Ctrl Pts',(-6.80430586112594,3.43364719513639,72.3118424318132));
#3831=CARTESIAN_POINT('Ctrl Pts',(-7.28586294443487,2.2371207531433,72.3383100305896));
#3832=CARTESIAN_POINT('Ctrl Pts',(-7.4518249000081,0.998316103671685,72.364777629366));
#3833=CARTESIAN_POINT('Ctrl Pts',(-7.49612659635271,0.667630994415063,72.371842860189));
#3834=CARTESIAN_POINT('Ctrl Pts',(-7.51794013310844,0.333933294046121,72.3789080910121));
#3835=CARTESIAN_POINT('Ctrl Pts',(-7.51761244972176,0.000193110352561532,
72.3859733218351));
#3836=CARTESIAN_POINT('Ctrl Pts',(-2.09007638454704,-7.80095967921632,73.));
#3837=CARTESIAN_POINT('Ctrl Pts',(-3.38738243643181,-7.45337824640898,72.9735324012236));
#3838=CARTESIAN_POINT('Ctrl Pts',(-5.80389756111439,-6.09870984173362,72.9205972036708));
#3839=CARTESIAN_POINT('Ctrl Pts',(-8.01452764537779,-2.57780255019352,72.8411944073415));
#3840=CARTESIAN_POINT('Ctrl Pts',(-8.27096743629924,1.57077717772078,72.7617916110123));
#3841=CARTESIAN_POINT('Ctrl Pts',(-6.51126509373743,5.33679336423906,72.682388814683));
#3842=CARTESIAN_POINT('Ctrl Pts',(-3.16413322855093,7.80160869411518,72.6029860183538));
#3843=CARTESIAN_POINT('Ctrl Pts',(0.954318306006582,8.3646071721834,72.5235832220245));
#3844=CARTESIAN_POINT('Ctrl Pts',(4.84014426926789,6.8884090903661,72.4441804256953));
#3845=CARTESIAN_POINT('Ctrl Pts',(7.54601199033158,3.73295088565159,72.364777629366));
#3846=CARTESIAN_POINT('Ctrl Pts',(8.41229107043678,-0.332549670433159,72.2853748330368));
#3847=CARTESIAN_POINT('Ctrl Pts',(7.22778920315402,-4.31697507267681,72.2059720367075));
#3848=CARTESIAN_POINT('Ctrl Pts',(4.28127225721742,-7.24899529357445,72.1265692403783));
#3849=CARTESIAN_POINT('Ctrl Pts',(0.291050834829863,-8.41382830307884,72.0471664440491));
#3850=CARTESIAN_POINT('Ctrl Pts',(-3.77012370521025,-7.52750872768529,71.9677636477197));
#3851=CARTESIAN_POINT('Ctrl Pts',(-6.91220414245496,-4.80610585106161,71.8883608513906));
#3852=CARTESIAN_POINT('Ctrl Pts',(-8.36920264827497,-0.913053432496879,
71.8089580550613));
#3853=CARTESIAN_POINT('Ctrl Pts',(-7.78592701894353,3.20258648790538,71.7295552587321));
#3854=CARTESIAN_POINT('Ctrl Pts',(-5.30457022281803,6.53748838049892,71.6501524624028));
#3855=CARTESIAN_POINT('Ctrl Pts',(-1.53004632425749,8.27865797846907,71.5707496660736));
#3856=CARTESIAN_POINT('Ctrl Pts',(2.61747774641193,8.00162670208616,71.4913468697443));
#3857=CARTESIAN_POINT('Ctrl Pts',(6.12690372370197,5.77393023924765,71.4119440734151));
#3858=CARTESIAN_POINT('Ctrl Pts',(8.1426911877314,2.13864439935882,71.3325412770859));
#3859=CARTESIAN_POINT('Ctrl Pts',(8.17342425578498,-2.01800782417121,71.2531384807565));
#3860=CARTESIAN_POINT('Ctrl Pts',(6.21161071126896,-5.68270287956159,71.1737356844273));
#3861=CARTESIAN_POINT('Ctrl Pts',(2.73550847985807,-7.96204829179895,71.0943328880981));
#3862=CARTESIAN_POINT('Ctrl Pts',(-1.40746579744233,-8.30037708023071,71.0149300917688));
#3863=CARTESIAN_POINT('Ctrl Pts',(-5.20732302620321,-6.6152102419743,70.9355272954396));
#3864=CARTESIAN_POINT('Ctrl Pts',(-7.73772041377207,-3.31736377913072,70.8561244991103));
#3865=CARTESIAN_POINT('Ctrl Pts',(-8.38178863026984,0.789201496635266,70.7767217027811));
#3866=CARTESIAN_POINT('Ctrl Pts',(-6.98251442113938,4.70337240747167,70.6973189064518));
#3867=CARTESIAN_POINT('Ctrl Pts',(-3.88101786024103,7.47093836230055,70.6179161101226));
#3868=CARTESIAN_POINT('Ctrl Pts',(0.166607122436682,8.41721222920912,70.5385133137933));
#3869=CARTESIAN_POINT('Ctrl Pts',(4.17361602462055,7.31150797878445,70.4591105174642));
#3870=CARTESIAN_POINT('Ctrl Pts',(7.16316587748221,4.42337814983882,70.3797077211349));
#3871=CARTESIAN_POINT('Ctrl Pts',(8.40645352010508,0.456901366938123,70.3003049248056));
#3872=CARTESIAN_POINT('Ctrl Pts',(7.60038584199827,-3.62096046616771,70.2209021284764));
#3873=CARTESIAN_POINT('Ctrl Pts',(4.94146890615794,-6.8160915996098,70.1414993321471));
#3874=CARTESIAN_POINT('Ctrl Pts',(1.0779029978543,-8.34957153224127,70.0620965358179));
#3875=CARTESIAN_POINT('Ctrl Pts',(-3.04843796042735,-7.8475630386906,69.9826937394886));
#3876=CARTESIAN_POINT('Ctrl Pts',(-6.43161980420547,-5.43244754589946,69.9032909431594));
#3877=CARTESIAN_POINT('Ctrl Pts',(-8.24687835724797,-1.69299055093407,69.8238881468301));
#3878=CARTESIAN_POINT('Ctrl Pts',(-8.05168339378479,2.45918973872439,69.7444853505009));
#3879=CARTESIAN_POINT('Ctrl Pts',(-5.89362024049335,6.0118599539281,69.6650825541716));
#3880=CARTESIAN_POINT('Ctrl Pts',(-2.29878925528216,8.0989374367627,69.5856797578424));
#3881=CARTESIAN_POINT('Ctrl Pts',(1.85644880055419,8.21162697007834,69.5062769615132));
#3882=CARTESIAN_POINT('Ctrl Pts',(5.55911512468714,6.32245669619585,69.4268741651839));
#3883=CARTESIAN_POINT('Ctrl Pts',(7.90656047102254,2.8919753046769,69.3474713688547));
#3884=CARTESIAN_POINT('Ctrl Pts',(8.3265162129476,-1.2435221752418,69.2680685725254));
#3885=CARTESIAN_POINT('Ctrl Pts',(6.71660403692889,-5.07586936946841,69.1886657761962));
#3886=CARTESIAN_POINT('Ctrl Pts',(3.46929409413557,-7.67080296534809,69.109262979867));
#3887=CARTESIAN_POINT('Ctrl Pts',(-0.623772777425494,-8.39572076518389,
69.0298601835376));
#3888=CARTESIAN_POINT('Ctrl Pts',(-4.56477408920134,-7.07389971369069,68.9504573872085));
#3889=CARTESIAN_POINT('Ctrl Pts',(-7.39295843895384,-4.02757807679731,68.8710545908791));
#3890=CARTESIAN_POINT('Ctrl Pts',(-8.41886092554385,0.000600955916873142,
68.7916517945499));
#3891=CARTESIAN_POINT('Ctrl Pts',(-7.3923833697077,4.02863348544717,68.7122489982208));
#3892=CARTESIAN_POINT('Ctrl Pts',(-4.56376414314774,7.07455132785932,68.6328462018914));
#3893=CARTESIAN_POINT('Ctrl Pts',(-0.622574162827344,8.39580973203758,68.5534434055623));
#3894=CARTESIAN_POINT('Ctrl Pts',(3.47038917472245,7.67030759622888,68.4740406092329));
#3895=CARTESIAN_POINT('Ctrl Pts',(6.71732862084039,5.07491042723275,68.3946378129038));
#3896=CARTESIAN_POINT('Ctrl Pts',(8.32669365852486,1.24233343425944,68.3152350165745));
#3897=CARTESIAN_POINT('Ctrl Pts',(7.90614751994784,-2.89310404887549,68.2358322202452));
#3898=CARTESIAN_POINT('Ctrl Pts',(5.55821244765116,-6.32325027431089,68.156429423916));
#3899=CARTESIAN_POINT('Ctrl Pts',(1.85527645539486,-8.21189192079722,68.0770266275867));
#3900=CARTESIAN_POINT('Ctrl Pts',(-2.29994547006678,-8.09860916945104,67.9976238312575));
#3901=CARTESIAN_POINT('Ctrl Pts',(-5.89447845872565,-6.01101849476579,67.9182210349283));
#3902=CARTESIAN_POINT('Ctrl Pts',(-8.05203439595305,-2.45804022163716,67.8388182385989));
#3903=CARTESIAN_POINT('Ctrl Pts',(-8.24663657478763,1.69416789255731,67.7594154422698));
#3904=CARTESIAN_POINT('Ctrl Pts',(-6.43084417970988,5.43336569550483,67.6800126459405));
#3905=CARTESIAN_POINT('Ctrl Pts',(-3.04731757841154,7.84799816648177,67.6006098496113));
#3906=CARTESIAN_POINT('Ctrl Pts',(1.07909500665332,8.34941756120826,67.521207053282));
#3907=CARTESIAN_POINT('Ctrl Pts',(4.9424419495697,6.81538606536202,67.4418042569528));
#3908=CARTESIAN_POINT('Ctrl Pts',(7.60090270801792,3.61987536636872,67.3624014606235));
#3909=CARTESIAN_POINT('Ctrl Pts',(8.40638820528478,-0.45810150277638,67.2829986642943));
#3910=CARTESIAN_POINT('Ctrl Pts',(7.16253430450255,-4.42440074830721,67.203595867965));
#3911=CARTESIAN_POINT('Ctrl Pts',(4.17257216060261,-7.31210374716887,67.1241930716358));
#3912=CARTESIAN_POINT('Ctrl Pts',(0.165405444285951,-8.41723592896134,67.0447902753065));
#3913=CARTESIAN_POINT('Ctrl Pts',(-3.88208440312452,-7.47038421580942,66.9653874789773));
#3914=CARTESIAN_POINT('Ctrl Pts',(-6.98318582311578,-4.70237550655326,66.885984682648));
#3915=CARTESIAN_POINT('Ctrl Pts',(-8.3819012145612,-0.788004869359661,66.8065818863189));
#3916=CARTESIAN_POINT('Ctrl Pts',(-7.7372467341802,3.3184684146779,66.7271790899895));
#3917=CARTESIAN_POINT('Ctrl Pts',(-5.20637855802746,6.61595359379954,66.6477762936603));
#3918=CARTESIAN_POINT('Ctrl Pts',(-1.40628078652766,8.30057793133951,66.568373497331));
#3919=CARTESIAN_POINT('Ctrl Pts',(2.73664514733787,7.96165767804351,66.4889707010018));
#3920=CARTESIAN_POINT('Ctrl Pts',(6.21242193439217,5.68181602605013,66.4095679046725));
#3921=CARTESIAN_POINT('Ctrl Pts',(8.17371227179021,2.01684093145279,66.3301651083433));
#3922=CARTESIAN_POINT('Ctrl Pts',(8.14238578281247,-2.13980686246457,66.2507623120141));
#3923=CARTESIAN_POINT('Ctrl Pts',(6.12607935104047,-5.77480488237937,66.1713595156848));
#3924=CARTESIAN_POINT('Ctrl Pts',(2.6163353735494,-8.00200030354356,66.0919567193556));
#3925=CARTESIAN_POINT('Ctrl Pts',(-1.53122820358298,-8.27843945640415,66.0125539230263));
#3926=CARTESIAN_POINT('Ctrl Pts',(-5.30550348990887,-6.53673101506876,65.9331511266971));
#3927=CARTESIAN_POINT('Ctrl Pts',(-7.78638415028569,-3.20147489588423,65.8537483303678));
#3928=CARTESIAN_POINT('Ctrl Pts',(-8.36907221975956,0.914248229555886,65.7743455340386));
#3929=CARTESIAN_POINT('Ctrl Pts',(-6.91151791566691,4.80709265005496,65.6949427377094));
#3930=CARTESIAN_POINT('Ctrl Pts',(-3.76904904196233,7.52804682265459,65.6155399413801));
#3931=CARTESIAN_POINT('Ctrl Pts',(0.292252094332367,8.4137868025138,65.5361371450508));
#3932=CARTESIAN_POINT('Ctrl Pts',(4.28230696927775,7.24838372781633,65.4567343487216));
#3933=CARTESIAN_POINT('Ctrl Pts',(7.22840572747323,4.31594373038263,65.3773315523923));
#3934=CARTESIAN_POINT('Ctrl Pts',(8.41233787134531,0.331347526211445,65.2979287560631));
#3935=CARTESIAN_POINT('Ctrl Pts',(7.54548018628585,-3.73402576359158,65.2185259597339));
#3936=CARTESIAN_POINT('Ctrl Pts',(4.83915834071645,-6.88910489093239,65.1391231634046));
#3937=CARTESIAN_POINT('Ctrl Pts',(0.953129158434644,-8.3647333760345,65.0597203670754));
#3938=CARTESIAN_POINT('Ctrl Pts',(-3.16525726076179,-7.80117722641782,64.9803175707462));
#3939=CARTESIAN_POINT('Ctrl Pts',(-6.5120059383933,-5.3358221768667,64.9009147744168));
#3940=CARTESIAN_POINT('Ctrl Pts',(-8.27123450584456,-1.56968130336061,64.8215119780877));
#3941=CARTESIAN_POINT('Ctrl Pts',(-8.01407192772755,2.57912209520162,64.7421091817584));
#3942=CARTESIAN_POINT('Ctrl Pts',(-5.80321021757002,6.09917788031142,64.6627063854292));
#3943=CARTESIAN_POINT('Ctrl Pts',(-2.17762115439608,8.13235425644018,64.5833035890999));
#3944=CARTESIAN_POINT('Ctrl Pts',(1.97883618616639,8.18299621129371,64.5039007927707));
#3945=CARTESIAN_POINT('Ctrl Pts',(5.65288576024231,6.23875806752595,64.4244979964414));
#3946=CARTESIAN_POINT('Ctrl Pts',(7.94885461537224,2.77361315783997,64.3450952001122));
#3947=CARTESIAN_POINT('Ctrl Pts',(8.30702324836912,-1.36769309359469,64.265692403783));
#3948=CARTESIAN_POINT('Ctrl Pts',(6.64007602781102,-5.17557822638102,64.1862896074536));
#3949=CARTESIAN_POINT('Ctrl Pts',(3.35438731293938,-7.72174238327299,64.1068868111245));
#3950=CARTESIAN_POINT('Ctrl Pts',(-0.749045945524097,-8.38547254157212,
64.0274840147951));
#3951=CARTESIAN_POINT('Ctrl Pts',(-4.66987410070644,-7.00496221548555,63.948081218466));
#3952=CARTESIAN_POINT('Ctrl Pts',(-7.45226364167118,-3.91675709656763,63.8686784221366));
#3953=CARTESIAN_POINT('Ctrl Pts',(-8.41791367533537,0.126289006575264,63.7892756258075));
#3954=CARTESIAN_POINT('Ctrl Pts',(-7.33141461023801,4.13854808003424,63.7098728294782));
#3955=CARTESIAN_POINT('Ctrl Pts',(-4.45763701668517,7.14189677394065,63.6304700331489));
#3956=CARTESIAN_POINT('Ctrl Pts',(-0.497160801927206,8.40416896806051,63.5510672368197));
#3957=CARTESIAN_POINT('Ctrl Pts',(3.58451521950134,7.61764144499505,63.4716644404904));
#3958=CARTESIAN_POINT('Ctrl Pts',(6.79234495200878,4.9740607545522,63.3922616441612));
#3959=CARTESIAN_POINT('Ctrl Pts',(8.34431322500606,1.11788017063721,63.312858847832));
#3960=CARTESIAN_POINT('Ctrl Pts',(7.86207353346423,-3.01080987409804,63.2334560515027));
#3961=CARTESIAN_POINT('Ctrl Pts',(5.46319233860536,-6.40553713950086,63.1540532551735));
#3962=CARTESIAN_POINT('Ctrl Pts',(1.73246860745996,-8.23865218517444,63.0746504588442));
#3963=CARTESIAN_POINT('Ctrl Pts',(-2.42059034249828,-8.0634160829833,62.995247662515));
#3964=CARTESIAN_POINT('Ctrl Pts',(-5.9835740103781,-5.92225340024372,62.9158448661857));
#3965=CARTESIAN_POINT('Ctrl Pts',(-8.08780865858498,-2.33774901741548,62.8364420698565));
#3966=CARTESIAN_POINT('Ctrl Pts',(-8.22047392457652,1.81749747975774,62.7570392735272));
#3967=CARTESIAN_POINT('Ctrl Pts',(-6.9725258848298,4.29081458933706,62.7041040759744));
#3968=CARTESIAN_POINT('Ctrl Pts',(-6.09052063938723,5.30367321308527,62.677636477198));
#3969=CARTESIAN_POINT('Ctrl Pts',(-2.04190981283908,-7.62118372147721,73.1074545076007));
#3970=CARTESIAN_POINT('Ctrl Pts',(-3.3093189741426,-7.2816124294147,73.0809869088243));
#3971=CARTESIAN_POINT('Ctrl Pts',(-5.67014462742741,-5.95816285163808,73.0280517112714));
#3972=CARTESIAN_POINT('Ctrl Pts',(-7.82982993605454,-2.51839615131698,72.9486489149422));
#3973=CARTESIAN_POINT('Ctrl Pts',(-8.08035997857179,1.53457804541763,72.869246118613));
#3974=CARTESIAN_POINT('Ctrl Pts',(-6.36121061756336,5.21380501693764,72.7898433222837));
#3975=CARTESIAN_POINT('Ctrl Pts',(-3.09121462558821,7.62181777959128,72.7104405259544));
#3976=CARTESIAN_POINT('Ctrl Pts',(0.932325692981365,8.17184175262905,72.6310377296253));
#3977=CARTESIAN_POINT('Ctrl Pts',(4.72860138129203,6.72966319339414,72.5516349332959));
#3978=CARTESIAN_POINT('Ctrl Pts',(7.37211139496163,3.64692367255766,72.4722321369667));
#3979=CARTESIAN_POINT('Ctrl Pts',(8.2184267580757,-0.324885942128393,72.3928293406375));
#3980=CARTESIAN_POINT('Ctrl Pts',(7.06122216784485,-4.21748880942974,72.3134265443082));
#3981=CARTESIAN_POINT('Ctrl Pts',(4.18260877835934,-7.08193955618605,72.234023747979));
#3982=CARTESIAN_POINT('Ctrl Pts',(0.284343462309823,-8.21992856463148,72.1546209516497));
#3983=CARTESIAN_POINT('Ctrl Pts',(-3.68323983094734,-7.35403454674386,72.0752181553205));
#3984=CARTESIAN_POINT('Ctrl Pts',(-6.75290987983894,-4.69534739083369,71.9958153589913));
#3985=CARTESIAN_POINT('Ctrl Pts',(-8.17633132429993,-0.892011783514708,
71.9164125626619));
#3986=CARTESIAN_POINT('Ctrl Pts',(-7.60649749433689,3.12878171557211,71.8370097663328));
#3987=CARTESIAN_POINT('Ctrl Pts',(-5.18232446954973,6.38682957912815,71.7576069700035));
#3988=CARTESIAN_POINT('Ctrl Pts',(-1.49478584931087,8.08787328939562,71.6782041736743));
#3989=CARTESIAN_POINT('Ctrl Pts',(2.55715701818465,7.81722629970094,71.598801377345));
#3990=CARTESIAN_POINT('Ctrl Pts',(5.98570699532528,5.64086791341035,71.5193985810157));
#3991=CARTESIAN_POINT('Ctrl Pts',(7.95503990288394,2.08935856005594,71.4399957846865));
#3992=CARTESIAN_POINT('Ctrl Pts',(7.985064716188,-1.97150209869208,71.3605929883572));
#3993=CARTESIAN_POINT('Ctrl Pts',(6.06846187950457,-5.55174292146287,71.281190192028));
#3994=CARTESIAN_POINT('Ctrl Pts',(2.67246769037929,-7.77855998829743,71.2017873956987));
#3995=CARTESIAN_POINT('Ctrl Pts',(-1.37503023539291,-8.10909186654477,71.1223845993696));
#3996=CARTESIAN_POINT('Ctrl Pts',(-5.08731837000857,-6.46276031199133,71.0429818030402));
#3997=CARTESIAN_POINT('Ctrl Pts',(-7.55940182794353,-3.24091392230719,70.963579006711));
#3998=CARTESIAN_POINT('Ctrl Pts',(-8.18862725775459,0.771014060634957,70.8841762103817));
#3999=CARTESIAN_POINT('Ctrl Pts',(-6.82159983253666,4.59498147687761,70.8047734140525));
#4000=CARTESIAN_POINT('Ctrl Pts',(-3.79157838977609,7.29876786603831,70.7253706177233));
#4001=CARTESIAN_POINT('Ctrl Pts',(0.162767600604256,8.22323450695131,70.645967821394));
#4002=CARTESIAN_POINT('Ctrl Pts',(4.0774335228624,7.14301161379168,70.5665650250648));
#4003=CARTESIAN_POINT('Ctrl Pts',(6.99808811025578,4.32143978891533,70.4871622287355));
#4004=CARTESIAN_POINT('Ctrl Pts',(8.21272373621803,0.44637190848541,70.4077594324063));
#4005=CARTESIAN_POINT('Ctrl Pts',(7.42523218140798,-3.5375141130895,70.328356636077));
#4006=CARTESIAN_POINT('Ctrl Pts',(4.82759095501183,-6.65901228555796,70.2489538397478));
#4007=CARTESIAN_POINT('Ctrl Pts',(1.05306233058289,-8.15715261448695,70.1695510434186));
#4008=CARTESIAN_POINT('Ctrl Pts',(-2.97818559706695,-7.66671308955454,70.0901482470893));
#4009=CARTESIAN_POINT('Ctrl Pts',(-6.28340078274387,-5.30725481313435,70.0107454507601));
#4010=CARTESIAN_POINT('Ctrl Pts',(-8.05682604112305,-1.65397496692222,69.9313426544308));
#4011=CARTESIAN_POINT('Ctrl Pts',(-7.86612941670346,2.40251681529943,69.8519398581016));
#4012=CARTESIAN_POINT('Ctrl Pts',(-5.75779961497363,5.8733144511369,69.7725370617723));
#4013=CARTESIAN_POINT('Ctrl Pts',(-2.24581281943289,7.91229447304604,69.6931342654431));
#4014=CARTESIAN_POINT('Ctrl Pts',(1.81366626163114,8.02238703501301,69.6137314691138));
#4015=CARTESIAN_POINT('Ctrl Pts',(5.43100329142318,6.17675337832704,69.5343286727846));
#4016=CARTESIAN_POINT('Ctrl Pts',(7.72435090456532,2.82532868021846,69.4549258764554));
#4017=CARTESIAN_POINT('Ctrl Pts',(8.13462861342557,-1.21486475369154,69.3755230801261));
#4018=CARTESIAN_POINT('Ctrl Pts',(6.5618174500029,-4.95889411068249,69.2961202837968));
#4019=CARTESIAN_POINT('Ctrl Pts',(3.38934294785371,-7.49402651649688,69.2167174874677));
#4020=CARTESIAN_POINT('Ctrl Pts',(-0.60939770652594,-8.20223832154399,69.1373146911383));
#4021=CARTESIAN_POINT('Ctrl Pts',(-4.45957720734395,-6.91087911772898,69.0579118948091));
#4022=CARTESIAN_POINT('Ctrl Pts',(-7.22258501843363,-3.93476107274916,68.9785090984798));
#4023=CARTESIAN_POINT('Ctrl Pts',(-8.22484520847838,0.000587106668836279,
68.8991063021506));
#4024=CARTESIAN_POINT('Ctrl Pts',(-7.22202320186776,3.93579215912219,68.8197035058214));
#4025=CARTESIAN_POINT('Ctrl Pts',(-4.45859053586507,6.9115157152117,68.7403007094921));
#4026=CARTESIAN_POINT('Ctrl Pts',(-0.608226714437873,8.20232523812413,68.6608979131629));
#4027=CARTESIAN_POINT('Ctrl Pts',(3.39041279190953,7.49354256333948,68.5814951168337));
#4028=CARTESIAN_POINT('Ctrl Pts',(6.56252533561417,4.95795726762001,68.5020923205044));
#4029=CARTESIAN_POINT('Ctrl Pts',(8.13480196970488,1.21370340767818,68.4226895241752));
#4030=CARTESIAN_POINT('Ctrl Pts',(7.72394747009857,-2.82643141209579,68.3432867278459));
#4031=CARTESIAN_POINT('Ctrl Pts',(5.43012141690835,-6.17752866814531,68.2638839315166));
#4032=CARTESIAN_POINT('Ctrl Pts',(1.8125209335931,-8.02264587984606,68.1844811351874));
#4033=CARTESIAN_POINT('Ctrl Pts',(-2.24694238882659,-7.91197377077415,68.1050783388582));
#4034=CARTESIAN_POINT('Ctrl Pts',(-5.7586380552541,-5.87249238370755,68.0256755425289));
#4035=CARTESIAN_POINT('Ctrl Pts',(-7.86647232989887,-2.40139378925225,67.9462727461997));
#4036=CARTESIAN_POINT('Ctrl Pts',(-8.05658983062759,1.65512517627885,67.8668699498704));
#4037=CARTESIAN_POINT('Ctrl Pts',(-6.28264303279735,5.30815180364758,67.7874671535412));
#4038=CARTESIAN_POINT('Ctrl Pts',(-2.97709103466286,7.66713818966725,67.7080643572119));
#4039=CARTESIAN_POINT('Ctrl Pts',(1.05422686910488,8.1570021917725,67.6286615608827));
#4040=CARTESIAN_POINT('Ctrl Pts',(4.82854157428368,6.65832301060395,67.5492587645534));
#4041=CARTESIAN_POINT('Ctrl Pts',(7.42573713606191,3.53645401981069,67.4698559682242));
#4042=CARTESIAN_POINT('Ctrl Pts',(8.21265992660156,-0.447544386756059,67.390453171895));
#4043=CARTESIAN_POINT('Ctrl Pts',(6.99747109210551,-4.32243882122947,67.3110503755657));
#4044=CARTESIAN_POINT('Ctrl Pts',(4.07641371507105,-7.14359365247665,67.2316475792365));
#4045=CARTESIAN_POINT('Ctrl Pts',(0.161593615564286,-8.2232576605341,67.1522447829072));
#4046=CARTESIAN_POINT('Ctrl Pts',(-3.79262035379028,-7.29822649005494,67.0728419865779));
#4047=CARTESIAN_POINT('Ctrl Pts',(-6.82225576180992,-4.59400754990405,66.9934391902487));
#4048=CARTESIAN_POINT('Ctrl Pts',(-8.18873724749995,-0.769845010070853,
66.9140363939194));
#4049=CARTESIAN_POINT('Ctrl Pts',(-7.55893906447042,3.24199310112575,66.8346335975902));
#4050=CARTESIAN_POINT('Ctrl Pts',(-5.08639566744601,6.46348653300295,66.755230801261));
#4051=CARTESIAN_POINT('Ctrl Pts',(-1.37387253348648,8.10928808896659,66.6758280049317));
#4052=CARTESIAN_POINT('Ctrl Pts',(2.67357816294292,7.7781783763783,66.5964252086025));
#4053=CARTESIAN_POINT('Ctrl Pts',(6.06925440769538,5.55087650581365,66.5170224122732));
#4054=CARTESIAN_POINT('Ctrl Pts',(7.98534609475945,1.97036209744147,66.437619615944));
#4055=CARTESIAN_POINT('Ctrl Pts',(7.95474153613263,-2.09049423377592,66.3582168196148));
#4056=CARTESIAN_POINT('Ctrl Pts',(5.98490162063208,-5.64172240007246,66.2788140232855));
#4057=CARTESIAN_POINT('Ctrl Pts',(2.55604097172091,-7.81759129137665,66.1994112269563));
#4058=CARTESIAN_POINT('Ctrl Pts',(-1.49594049179674,-8.0876598032513,66.120008430627));
#4059=CARTESIAN_POINT('Ctrl Pts',(-5.18323622916047,-6.38608966746023,66.0406056342978));
#4060=CARTESIAN_POINT('Ctrl Pts',(-7.60694409092073,-3.12769574059405,65.9612028379685));
#4061=CARTESIAN_POINT('Ctrl Pts',(-8.17620390155718,0.893179046040222,65.8818000416393));
#4062=CARTESIAN_POINT('Ctrl Pts',(-6.75223946739722,4.69631144868474,65.80239724531));
#4063=CARTESIAN_POINT('Ctrl Pts',(-3.68218993370547,7.35456024111857,65.7229944489808));
#4064=CARTESIAN_POINT('Ctrl Pts',(0.285517038349471,8.21988802046209,65.6435916526515));
#4065=CARTESIAN_POINT('Ctrl Pts',(4.18361964510327,7.08134208418362,65.5641888563223));
#4066=CARTESIAN_POINT('Ctrl Pts',(7.06182448413653,4.21648123479445,65.484786059993));
#4067=CARTESIAN_POINT('Ctrl Pts',(8.21847248044022,0.323711501758211,65.4053832636638));
#4068=CARTESIAN_POINT('Ctrl Pts',(7.37159184653388,-3.64797377954394,65.3259804673345));
#4069=CARTESIAN_POINT('Ctrl Pts',(4.72763817382322,-6.73034295898289,65.2465776710053));
#4070=CARTESIAN_POINT('Ctrl Pts',(0.931163949748438,-8.17196504806642,65.167174874676));
#4071=CARTESIAN_POINT('Ctrl Pts',(-3.09231275406728,-7.62139625522421,65.0877720783468));
#4072=CARTESIAN_POINT('Ctrl Pts',(-6.36193438918425,-5.21285621093208,65.0083692820176));
#4073=CARTESIAN_POINT('Ctrl Pts',(-8.08062089340215,-1.53350742588133,64.9289664856883));
#4074=CARTESIAN_POINT('Ctrl Pts',(-7.82938472058356,2.51968528692965,64.849563689359));
#4075=CARTESIAN_POINT('Ctrl Pts',(-5.66947312396543,5.95862010409634,64.7701608930298));
#4076=CARTESIAN_POINT('Ctrl Pts',(-2.12743708157392,7.94494118994012,64.6907580967006));
#4077=CARTESIAN_POINT('Ctrl Pts',(1.93323318535552,7.99441608249491,64.6113553003713));
#4078=CARTESIAN_POINT('Ctrl Pts',(5.52261294852085,6.0949836150467,64.5319525040421));
#4079=CARTESIAN_POINT('Ctrl Pts',(7.7656703649505,2.70969423217536,64.4525497077128));
#4080=CARTESIAN_POINT('Ctrl Pts',(8.11558487131721,-1.33617410799485,64.3731469113836));
#4081=CARTESIAN_POINT('Ctrl Pts',(6.4870530567347,-5.05630514066309,64.2937441150544));
#4082=CARTESIAN_POINT('Ctrl Pts',(3.27708423529135,-7.54379201697819,64.2143413187251));
#4083=CARTESIAN_POINT('Ctrl Pts',(-0.73178390882803,-8.19222627197885,64.1349385223958));
#4084=CARTESIAN_POINT('Ctrl Pts',(-4.56225515079541,-6.84353030928427,64.0555357260667));
#4085=CARTESIAN_POINT('Ctrl Pts',(-7.28052351114915,-3.82649400238155,63.9761329297372));
#4086=CARTESIAN_POINT('Ctrl Pts',(-8.22391978799604,0.12337863041097,63.8967301334082));
#4087=CARTESIAN_POINT('Ctrl Pts',(-7.1624594896713,4.04317373183453,63.8173273370789));
#4088=CARTESIAN_POINT('Ctrl Pts',(-4.35490914769452,6.97730916095377,63.7379245407496));
#4089=CARTESIAN_POINT('Ctrl Pts',(-0.485703550128438,8.2104918325076,63.6585217444203));
#4090=CARTESIAN_POINT('Ctrl Pts',(3.50190876040976,7.44209012274738,63.5791189480911));
#4091=CARTESIAN_POINT('Ctrl Pts',(6.63581288810194,4.85943171238647,63.4997161517619));
#4092=CARTESIAN_POINT('Ctrl Pts',(8.15201548685761,1.09211821485512,63.4203133554327));
#4093=CARTESIAN_POINT('Ctrl Pts',(7.68088918468988,-2.94142466369522,63.3409105591033));
#4094=CARTESIAN_POINT('Ctrl Pts',(5.33729108089185,-6.25791920254945,63.2615077627742));
#4095=CARTESIAN_POINT('Ctrl Pts',(1.69254323725341,-8.04878944418178,63.1821049664448));
#4096=CARTESIAN_POINT('Ctrl Pts',(-2.36480695622132,-7.87759172180511,63.1027021701157));
#4097=CARTESIAN_POINT('Ctrl Pts',(-5.84568036746075,-5.78577291312634,63.0232993737863));
#4098=CARTESIAN_POINT('Ctrl Pts',(-7.90142216161568,-2.2838747396546,62.9438965774571));
#4099=CARTESIAN_POINT('Ctrl Pts',(-8.0310301082218,1.77561258821261,62.8644937811279));
#4100=CARTESIAN_POINT('Ctrl Pts',(-6.81184148568522,4.19193120395895,62.8115585835751));
#4101=CARTESIAN_POINT('Ctrl Pts',(-5.95016237244312,5.18144813173304,62.7850909847987));
#4102=CARTESIAN_POINT('Ctrl Pts',(-1.99374324113113,-7.4414077637381,73.2149090152013));
#4103=CARTESIAN_POINT('Ctrl Pts',(-3.23125551185339,-7.10984661242042,73.1884414164249));
#4104=CARTESIAN_POINT('Ctrl Pts',(-5.53639169374043,-5.81761586154253,73.1355062188721));
#4105=CARTESIAN_POINT('Ctrl Pts',(-7.64513222673128,-2.45898975244044,73.0561034225428));
#4106=CARTESIAN_POINT('Ctrl Pts',(-7.88975252084436,1.49837891311448,72.9767006262137));
#4107=CARTESIAN_POINT('Ctrl Pts',(-6.21115614138929,5.09081666963623,72.8972978298843));
#4108=CARTESIAN_POINT('Ctrl Pts',(-3.01829602262551,7.44202686506739,72.8178950335552));
#4109=CARTESIAN_POINT('Ctrl Pts',(0.910333079956155,7.97907633307471,72.7384922372258));
#4110=CARTESIAN_POINT('Ctrl Pts',(4.61705849331616,6.57091729642216,72.6590894408967));
#4111=CARTESIAN_POINT('Ctrl Pts',(7.19821079959169,3.56089645946374,72.5796866445673));
#4112=CARTESIAN_POINT('Ctrl Pts',(8.02456244571459,-0.317222213823629,72.5002838482382));
#4113=CARTESIAN_POINT('Ctrl Pts',(6.89465513253569,-4.11800254618266,72.4208810519088));
#4114=CARTESIAN_POINT('Ctrl Pts',(4.08394529950125,-6.91488381879766,72.3414782555797));
#4115=CARTESIAN_POINT('Ctrl Pts',(0.277636089789784,-8.02602882618412,72.2620754592504));
#4116=CARTESIAN_POINT('Ctrl Pts',(-3.59635595668442,-7.18056036580245,72.1826726629211));
#4117=CARTESIAN_POINT('Ctrl Pts',(-6.59361561722292,-4.58458893060576,72.1032698665919));
#4118=CARTESIAN_POINT('Ctrl Pts',(-7.98346000032489,-0.870970134532544,
72.0238670702627));
#4119=CARTESIAN_POINT('Ctrl Pts',(-7.42706796973025,3.05497694323885,71.9444642739333));
#4120=CARTESIAN_POINT('Ctrl Pts',(-5.06007871628143,6.23617077775737,71.8650614776042));
#4121=CARTESIAN_POINT('Ctrl Pts',(-1.45952537436425,7.89708860032217,71.7856586812748));
#4122=CARTESIAN_POINT('Ctrl Pts',(2.49683628995736,7.63282589731573,71.7062558849457));
#4123=CARTESIAN_POINT('Ctrl Pts',(5.84451026694859,5.50780558757304,71.6268530886164));
#4124=CARTESIAN_POINT('Ctrl Pts',(7.76738861803648,2.04007272075306,71.5474502922872));
#4125=CARTESIAN_POINT('Ctrl Pts',(7.79670517659102,-1.92499637321295,71.4680474959579));
#4126=CARTESIAN_POINT('Ctrl Pts',(5.92531304774019,-5.42078296336415,71.3886446996286));
#4127=CARTESIAN_POINT('Ctrl Pts',(2.60942690090051,-7.59507168479591,71.3092419032995));
#4128=CARTESIAN_POINT('Ctrl Pts',(-1.34259467334349,-7.91780665285884,71.2298391069701));
#4129=CARTESIAN_POINT('Ctrl Pts',(-4.96731371381394,-6.31031038200836,71.150436310641));
#4130=CARTESIAN_POINT('Ctrl Pts',(-7.38108324211498,-3.16446406548365,71.0710335143117));
#4131=CARTESIAN_POINT('Ctrl Pts',(-7.99546588523934,0.752826624634645,70.9916307179825));
#4132=CARTESIAN_POINT('Ctrl Pts',(-6.66068524393395,4.48659054628357,70.9122279216532));
#4133=CARTESIAN_POINT('Ctrl Pts',(-3.70213891931115,7.12659736977606,70.8328251253239));
#4134=CARTESIAN_POINT('Ctrl Pts',(0.158928078771832,8.0292567846935,70.7534223289947));
#4135=CARTESIAN_POINT('Ctrl Pts',(3.98125102110426,6.9745152487989,70.6740195326654));
#4136=CARTESIAN_POINT('Ctrl Pts',(6.83301034302934,4.21950142799185,70.5946167363363));
#4137=CARTESIAN_POINT('Ctrl Pts',(8.01899395233098,0.435842450032694,70.515213940007));
#4138=CARTESIAN_POINT('Ctrl Pts',(7.25007852081768,-3.4540677600113,70.4358111436777));
#4139=CARTESIAN_POINT('Ctrl Pts',(4.71371300386572,-6.50193297150612,70.3564083473485));
#4140=CARTESIAN_POINT('Ctrl Pts',(1.02822166331148,-7.96473369673264,70.2770055510192));
#4141=CARTESIAN_POINT('Ctrl Pts',(-2.90793323370656,-7.4858631404185,70.19760275469));
#4142=CARTESIAN_POINT('Ctrl Pts',(-6.13518176128227,-5.18206208036923,70.1181999583607));
#4143=CARTESIAN_POINT('Ctrl Pts',(-7.86677372499813,-1.61495938291039,70.0387971620315));
#4144=CARTESIAN_POINT('Ctrl Pts',(-7.68057543962212,2.34584389187449,69.9593943657023));
#4145=CARTESIAN_POINT('Ctrl Pts',(-5.62197898945391,5.73476894834572,69.879991569373));
#4146=CARTESIAN_POINT('Ctrl Pts',(-2.19283638358362,7.72565150932938,69.8005887730437));
#4147=CARTESIAN_POINT('Ctrl Pts',(1.77088372270808,7.83314709994769,69.7211859767145));
#4148=CARTESIAN_POINT('Ctrl Pts',(5.30289145815923,6.03105006045823,69.6417831803853));
#4149=CARTESIAN_POINT('Ctrl Pts',(7.54214133810809,2.75868205576002,69.562380384056));
#4150=CARTESIAN_POINT('Ctrl Pts',(7.94274101390356,-1.18620733214128,69.4829775877268));
#4151=CARTESIAN_POINT('Ctrl Pts',(6.40703086307689,-4.84191885189658,69.4035747913975));
#4152=CARTESIAN_POINT('Ctrl Pts',(3.30939180157186,-7.31725006764566,69.3241719950684));
#4153=CARTESIAN_POINT('Ctrl Pts',(-0.595022635626396,-8.00875587790409,
69.244769198739));
#4154=CARTESIAN_POINT('Ctrl Pts',(-4.35438032548655,-6.74785852176727,69.1653664024098));
#4155=CARTESIAN_POINT('Ctrl Pts',(-7.05221159791341,-3.84194406870101,69.0859636060805));
#4156=CARTESIAN_POINT('Ctrl Pts',(-8.03082949141291,0.00057325742079853,
69.0065608097513));
#4157=CARTESIAN_POINT('Ctrl Pts',(-7.05166303402783,3.84295083279722,68.9271580134221));
#4158=CARTESIAN_POINT('Ctrl Pts',(-4.35341692858241,6.74848010256408,68.8477552170927));
#4159=CARTESIAN_POINT('Ctrl Pts',(-0.593879266048402,8.00884074421069,68.7683524207636));
#4160=CARTESIAN_POINT('Ctrl Pts',(3.31043640909661,7.31677753045006,68.6889496244343));
#4161=CARTESIAN_POINT('Ctrl Pts',(6.40772205038796,4.84100410800727,68.609546828105));
#4162=CARTESIAN_POINT('Ctrl Pts',(7.9429102808849,1.18507338109692,68.5301440317759));
#4163=CARTESIAN_POINT('Ctrl Pts',(7.54174742024931,-2.75975877531608,68.4507412354465));
#4164=CARTESIAN_POINT('Ctrl Pts',(5.30203038616554,-6.03180706197974,68.3713384391173));
#4165=CARTESIAN_POINT('Ctrl Pts',(1.76976541179133,-7.83339983889489,68.291935642788));
#4166=CARTESIAN_POINT('Ctrl Pts',(-2.1939393075864,-7.72533837209728,68.2125328464588));
#4167=CARTESIAN_POINT('Ctrl Pts',(-5.62279765178257,-5.73396627264931,68.1331300501296));
#4168=CARTESIAN_POINT('Ctrl Pts',(-7.6809102638447,-2.34474735686735,68.0537272538003));
#4169=CARTESIAN_POINT('Ctrl Pts',(-7.86654308646756,1.61608246000039,67.9743244574711));
#4170=CARTESIAN_POINT('Ctrl Pts',(-6.13444188588481,5.18293791179032,67.8949216611418));
#4171=CARTESIAN_POINT('Ctrl Pts',(-2.90686449091418,7.48627821285274,67.8155188648127));
#4172=CARTESIAN_POINT('Ctrl Pts',(1.02935873155644,7.96458682233672,67.7361160684833));
#4173=CARTESIAN_POINT('Ctrl Pts',(4.71464119899766,6.50125995584589,67.6567132721541));
#4174=CARTESIAN_POINT('Ctrl Pts',(7.2505715641059,3.45303267325265,67.5773104758248));
#4175=CARTESIAN_POINT('Ctrl Pts',(8.01893164791834,-0.436987270735736,67.4979076794956));
#4176=CARTESIAN_POINT('Ctrl Pts',(6.83240787970848,-4.22047689415175,67.4185048831663));
#4177=CARTESIAN_POINT('Ctrl Pts',(3.98025526953948,-6.97508355778442,67.3391020868372));
#4178=CARTESIAN_POINT('Ctrl Pts',(0.157781786842627,-8.02927939210686,67.2596992905078));
#4179=CARTESIAN_POINT('Ctrl Pts',(-3.70315630445606,-7.12606876430046,67.1802964941787));
#4180=CARTESIAN_POINT('Ctrl Pts',(-6.66132570050407,-4.48563959325484,67.1008936978493));
#4181=CARTESIAN_POINT('Ctrl Pts',(-7.99557328043869,-0.751685150782052,
67.0214909015202));
#4182=CARTESIAN_POINT('Ctrl Pts',(-7.38063139476064,3.16551778757361,66.9420881051909));
#4183=CARTESIAN_POINT('Ctrl Pts',(-4.96641277686455,6.31101947220636,66.8626853088617));
#4184=CARTESIAN_POINT('Ctrl Pts',(-1.34146428044529,7.9179982465937,66.7832825125324));
#4185=CARTESIAN_POINT('Ctrl Pts',(2.61051117854797,7.59469907471306,66.7038797162032));
#4186=CARTESIAN_POINT('Ctrl Pts',(5.92608688099859,5.41993698557719,66.6244769198739));
#4187=CARTESIAN_POINT('Ctrl Pts',(7.79697991772871,1.92388326343014,66.5450741235447));
#4188=CARTESIAN_POINT('Ctrl Pts',(7.76709728945278,-2.04118160508728,66.4656713272153));
#4189=CARTESIAN_POINT('Ctrl Pts',(5.8437238902237,-5.50863991776555,66.3862685308862));
#4190=CARTESIAN_POINT('Ctrl Pts',(2.49574656989241,-7.63318227920974,66.3068657345569));
#4191=CARTESIAN_POINT('Ctrl Pts',(-1.4606527800105,-7.89688015009845,66.2274629382277));
#4192=CARTESIAN_POINT('Ctrl Pts',(-5.06096896841206,-6.23544831985171,66.1480601418984));
#4193=CARTESIAN_POINT('Ctrl Pts',(-7.42750403155577,-3.05391658530388,66.0686573455692));
#4194=CARTESIAN_POINT('Ctrl Pts',(-7.9833355833548,0.872109862524561,65.9892545492399));
#4195=CARTESIAN_POINT('Ctrl Pts',(-6.59296101912752,4.58553024731451,65.9098517529107));
#4196=CARTESIAN_POINT('Ctrl Pts',(-3.59533082544861,7.18107365958255,65.8304489565815));
#4197=CARTESIAN_POINT('Ctrl Pts',(0.278781982366567,8.02598923841037,65.7510461602522));
#4198=CARTESIAN_POINT('Ctrl Pts',(4.08493232092881,6.91430044055093,65.6716433639229));
#4199=CARTESIAN_POINT('Ctrl Pts',(6.89524324079983,4.11701873920626,65.5922405675937));
#4200=CARTESIAN_POINT('Ctrl Pts',(8.02460708953514,0.316075477304988,65.5128377712644));
#4201=CARTESIAN_POINT('Ctrl Pts',(7.19770350678191,-3.56192179549631,65.4334349749352));
#4202=CARTESIAN_POINT('Ctrl Pts',(4.61611800693,-6.57158102703339,65.354032178606));
#4203=CARTESIAN_POINT('Ctrl Pts',(0.909198741062238,-7.97919672009834,65.2746293822767));
#4204=CARTESIAN_POINT('Ctrl Pts',(-3.01936824737279,-7.44161528403059,65.1952265859475));
#4205=CARTESIAN_POINT('Ctrl Pts',(-6.21186283997518,-5.08989024499748,65.1158237896182));
#4206=CARTESIAN_POINT('Ctrl Pts',(-7.89000728095975,-1.49733354840204,65.036420993289));
#4207=CARTESIAN_POINT('Ctrl Pts',(-7.64469751343957,2.46024847865767,64.9570181969598));
#4208=CARTESIAN_POINT('Ctrl Pts',(-5.53573603036083,5.81806232788126,64.8776154006304));
#4209=CARTESIAN_POINT('Ctrl Pts',(-2.07725300875176,7.75752812344006,64.7982126043013));
#4210=CARTESIAN_POINT('Ctrl Pts',(1.88763018454465,7.80583595369612,64.718809807972));
#4211=CARTESIAN_POINT('Ctrl Pts',(5.39234013679938,5.95120916256745,64.6394070116427));
#4212=CARTESIAN_POINT('Ctrl Pts',(7.58248611452875,2.64577530651075,64.5600042153135));
#4213=CARTESIAN_POINT('Ctrl Pts',(7.9241464942653,-1.30465512239501,64.4806014189843));
#4214=CARTESIAN_POINT('Ctrl Pts',(6.33403008565839,-4.93703205494515,64.401198622655));
#4215=CARTESIAN_POINT('Ctrl Pts',(3.19978115764332,-7.36584165068338,64.3217958263258));
#4216=CARTESIAN_POINT('Ctrl Pts',(-0.714521872131958,-7.99898000238557,
64.2423930299965));
#4217=CARTESIAN_POINT('Ctrl Pts',(-4.45463620088438,-6.68209840308299,64.1629902336673));
#4218=CARTESIAN_POINT('Ctrl Pts',(-7.10878338062711,-3.73623090819548,64.083587437338));
#4219=CARTESIAN_POINT('Ctrl Pts',(-8.02992590065671,0.120468254246681,64.0041846410088));
#4220=CARTESIAN_POINT('Ctrl Pts',(-6.9935043691046,3.94779938363482,63.9247818446795));
#4221=CARTESIAN_POINT('Ctrl Pts',(-4.25218127870387,6.81272154796691,63.8453790483503));
#4222=CARTESIAN_POINT('Ctrl Pts',(-0.474246298329673,8.01681469695469,63.765976252021));
#4223=CARTESIAN_POINT('Ctrl Pts',(3.41930230131818,7.26653880049972,63.6865734556918));
#4224=CARTESIAN_POINT('Ctrl Pts',(6.4792808241951,4.74480267022072,63.6071706593626));
#4225=CARTESIAN_POINT('Ctrl Pts',(7.95971774870916,1.06635625907302,63.5277678630333));
#4226=CARTESIAN_POINT('Ctrl Pts',(7.49970483591552,-2.8720394532924,63.448365066704));
#4227=CARTESIAN_POINT('Ctrl Pts',(5.21138982317834,-6.11030126559801,63.3689622703748));
#4228=CARTESIAN_POINT('Ctrl Pts',(1.65261786704686,-7.85892670318914,63.2895594740455));
#4229=CARTESIAN_POINT('Ctrl Pts',(-2.30902356994437,-7.69176736062691,63.2101566777164));
#4230=CARTESIAN_POINT('Ctrl Pts',(-5.70778672454339,-5.64929242600896,63.130753881387));
#4231=CARTESIAN_POINT('Ctrl Pts',(-7.7150356646464,-2.23000046189372,63.0513510850578));
#4232=CARTESIAN_POINT('Ctrl Pts',(-7.84158629186706,1.73372769666749,62.9719482887286));
#4233=CARTESIAN_POINT('Ctrl Pts',(-6.65115708654064,4.09304781858084,62.9190130911757));
#4234=CARTESIAN_POINT('Ctrl Pts',(-5.80980410549902,5.05922305038081,62.8925454923993));
#4235=CARTESIAN_POINT('Ctrl Pts',(-1.94557666942318,-7.261631805999,73.322363522802));
#4236=CARTESIAN_POINT('Ctrl Pts',(-3.15319204956418,-6.93808079542614,73.2958959240256));
#4237=CARTESIAN_POINT('Ctrl Pts',(-5.40263876005345,-5.67706887144698,73.2429607264728));
#4238=CARTESIAN_POINT('Ctrl Pts',(-7.46043451740802,-2.39958335356389,73.1635579301435));
#4239=CARTESIAN_POINT('Ctrl Pts',(-7.69914506311692,1.46217978081134,73.0841551338143));
#4240=CARTESIAN_POINT('Ctrl Pts',(-6.06110166521522,4.96782832233481,73.004752337485));
#4241=CARTESIAN_POINT('Ctrl Pts',(-2.9453774196628,7.26223595054351,72.9253495411558));
#4242=CARTESIAN_POINT('Ctrl Pts',(0.888340466930939,7.78631091352035,72.8459467448265));
#4243=CARTESIAN_POINT('Ctrl Pts',(4.50551560534029,6.4121713994502,72.7665439484973));
#4244=CARTESIAN_POINT('Ctrl Pts',(7.02431020422174,3.47486924636981,72.6871411521681));
#4245=CARTESIAN_POINT('Ctrl Pts',(7.8306981333535,-0.309558485518861,72.6077383558388));
#4246=CARTESIAN_POINT('Ctrl Pts',(6.72808809722652,-4.01851628293559,72.5283355595095));
#4247=CARTESIAN_POINT('Ctrl Pts',(3.98528182064317,-6.74782808140926,72.4489327631803));
#4248=CARTESIAN_POINT('Ctrl Pts',(0.270928717269746,-7.83212908773677,72.369529966851));
#4249=CARTESIAN_POINT('Ctrl Pts',(-3.50947208242151,-7.00708618486102,72.2901271705218));
#4250=CARTESIAN_POINT('Ctrl Pts',(-6.43432135460689,-4.47383047037783,72.2107243741926));
#4251=CARTESIAN_POINT('Ctrl Pts',(-7.79058867634986,-0.849928485550377,
72.1313215778633));
#4252=CARTESIAN_POINT('Ctrl Pts',(-7.2476384451236,2.98117217090559,72.0519187815341));
#4253=CARTESIAN_POINT('Ctrl Pts',(-4.93783296301312,6.08551197638659,71.9725159852048));
#4254=CARTESIAN_POINT('Ctrl Pts',(-1.42426489941763,7.70630391124872,71.8931131888756));
#4255=CARTESIAN_POINT('Ctrl Pts',(2.43651556173008,7.4484254949305,71.8137103925464));
#4256=CARTESIAN_POINT('Ctrl Pts',(5.7033135385719,5.37474326173574,71.7343075962171));
#4257=CARTESIAN_POINT('Ctrl Pts',(7.57973733318901,1.99078688145018,71.6549047998879));
#4258=CARTESIAN_POINT('Ctrl Pts',(7.60834563699405,-1.87849064773382,71.5755020035586));
#4259=CARTESIAN_POINT('Ctrl Pts',(5.7821642159758,-5.28982300526543,71.4960992072293));
#4260=CARTESIAN_POINT('Ctrl Pts',(2.54638611142173,-7.41158338129439,71.4166964109002));
#4261=CARTESIAN_POINT('Ctrl Pts',(-1.31015911129408,-7.72652143917291,71.3372936145708));
#4262=CARTESIAN_POINT('Ctrl Pts',(-4.84730905761929,-6.15786045202539,71.2578908182416));
#4263=CARTESIAN_POINT('Ctrl Pts',(-7.20276465628645,-3.08801420866012,71.1784880219124));
#4264=CARTESIAN_POINT('Ctrl Pts',(-7.80230451272409,0.734639188634338,71.0990852255831));
#4265=CARTESIAN_POINT('Ctrl Pts',(-6.49977065533123,4.37819961568952,71.0196824292539));
#4266=CARTESIAN_POINT('Ctrl Pts',(-3.61269944884622,6.95442687351382,70.9402796329246));
#4267=CARTESIAN_POINT('Ctrl Pts',(0.155088556939409,7.83527906243569,70.8608768365954));
#4268=CARTESIAN_POINT('Ctrl Pts',(3.88506851934611,6.80601888380613,70.7814740402661));
#4269=CARTESIAN_POINT('Ctrl Pts',(6.66793257580291,4.11756306706837,70.7020712439369));
#4270=CARTESIAN_POINT('Ctrl Pts',(7.82526416844392,0.425312991579979,70.6226684476077));
#4271=CARTESIAN_POINT('Ctrl Pts',(7.0749248602274,-3.37062140693309,70.5432656512784));
#4272=CARTESIAN_POINT('Ctrl Pts',(4.59983505271961,-6.34485365745428,70.4638628549491));
#4273=CARTESIAN_POINT('Ctrl Pts',(1.00338099604007,-7.77231477897832,70.3844600586199));
#4274=CARTESIAN_POINT('Ctrl Pts',(-2.83768087034617,-7.30501319128245,70.3050572622907));
#4275=CARTESIAN_POINT('Ctrl Pts',(-5.98696273982067,-5.05686934760412,70.2256544659614));
#4276=CARTESIAN_POINT('Ctrl Pts',(-7.67672140887321,-1.57594379889855,70.1462516696322));
#4277=CARTESIAN_POINT('Ctrl Pts',(-7.49502146254079,2.28917096844953,70.066848873303));
#4278=CARTESIAN_POINT('Ctrl Pts',(-5.48615836393419,5.59622344555453,69.9874460769736));
#4279=CARTESIAN_POINT('Ctrl Pts',(-2.13985994773436,7.53900854561271,69.9080432806445));
#4280=CARTESIAN_POINT('Ctrl Pts',(1.72810118378503,7.64390716488237,69.8286404843152));
#4281=CARTESIAN_POINT('Ctrl Pts',(5.17477962489527,5.88534674258941,69.7492376879859));
#4282=CARTESIAN_POINT('Ctrl Pts',(7.35993177165089,2.69203543130159,69.6698348916567));
#4283=CARTESIAN_POINT('Ctrl Pts',(7.75085341438154,-1.15754991059102,69.5904320953274));
#4284=CARTESIAN_POINT('Ctrl Pts',(6.25224427615089,-4.72494359311066,69.5110292989982));
#4285=CARTESIAN_POINT('Ctrl Pts',(3.22944065529001,-7.14047361879444,69.431626502669));
#4286=CARTESIAN_POINT('Ctrl Pts',(-0.580647564726848,-7.8152734342642,69.3522237063396));
#4287=CARTESIAN_POINT('Ctrl Pts',(-4.24918344362915,-6.58483792580555,69.2728209100106));
#4288=CARTESIAN_POINT('Ctrl Pts',(-6.88183817739321,-3.74912706465286,69.1934181136812));
#4289=CARTESIAN_POINT('Ctrl Pts',(-7.83681377434743,0.000559408172763143,
69.114015317352));
#4290=CARTESIAN_POINT('Ctrl Pts',(-6.8813028661879,3.75010950647224,69.0346125210228));
#4291=CARTESIAN_POINT('Ctrl Pts',(-4.24824332129975,6.58544448991647,68.9552097246934));
#4292=CARTESIAN_POINT('Ctrl Pts',(-0.579531817658929,7.81535625029724,68.8758069283643));
#4293=CARTESIAN_POINT('Ctrl Pts',(3.23046002628369,7.14001249756066,68.796404132035));
#4294=CARTESIAN_POINT('Ctrl Pts',(6.25291876516175,4.72405094839453,68.7170013357057));
#4295=CARTESIAN_POINT('Ctrl Pts',(7.7510185920649,1.15644335451566,68.6375985393765));
#4296=CARTESIAN_POINT('Ctrl Pts',(7.35954737040005,-2.69308613853638,68.5581957430472));
#4297=CARTESIAN_POINT('Ctrl Pts',(5.17393935542273,-5.88608545581416,68.4787929467181));
#4298=CARTESIAN_POINT('Ctrl Pts',(1.72700988998956,-7.64415379794372,68.3993901503886));
#4299=CARTESIAN_POINT('Ctrl Pts',(-2.1409362263462,-7.5387029734204,68.3199873540595));
#4300=CARTESIAN_POINT('Ctrl Pts',(-5.48695724831103,-5.59544016159106,68.2405845577303));
#4301=CARTESIAN_POINT('Ctrl Pts',(-7.49534819779052,-2.28810092448245,68.161181761401));
#4302=CARTESIAN_POINT('Ctrl Pts',(-7.67649634230751,1.57703974372194,68.0817789650717));
#4303=CARTESIAN_POINT('Ctrl Pts',(-5.98624073897228,5.05772401993307,68.0023761687425));
#4304=CARTESIAN_POINT('Ctrl Pts',(-2.8366379471655,7.30541823603823,67.9229733724133));
#4305=CARTESIAN_POINT('Ctrl Pts',(1.004490594008,7.77217145290095,67.843570576084));
#4306=CARTESIAN_POINT('Ctrl Pts',(4.60074082371164,6.34419690108782,67.7641677797548));
#4307=CARTESIAN_POINT('Ctrl Pts',(7.07540599214989,3.36961132669462,67.6847649834256));
#4308=CARTESIAN_POINT('Ctrl Pts',(7.8252033692351,-0.426430154715415,67.6053621870963));
#4309=CARTESIAN_POINT('Ctrl Pts',(6.66734466731146,-4.11851496707402,67.525959390767));
#4310=CARTESIAN_POINT('Ctrl Pts',(3.8840968240079,-6.80657346309219,67.4465565944379));
#4311=CARTESIAN_POINT('Ctrl Pts',(0.153969958120965,-7.83530112367963,67.3671537981085));
#4312=CARTESIAN_POINT('Ctrl Pts',(-3.61369225512182,-6.95391103854599,67.2877510017794));
#4313=CARTESIAN_POINT('Ctrl Pts',(-6.50039563919821,-4.37727163660564,67.20834820545));
#4314=CARTESIAN_POINT('Ctrl Pts',(-7.80240931337743,-0.733525291493244,
67.1289454091209));
#4315=CARTESIAN_POINT('Ctrl Pts',(-7.20232372505085,3.08904247402147,67.0495426127915));
#4316=CARTESIAN_POINT('Ctrl Pts',(-4.8464298862831,6.15855241140977,66.9701398164623));
#4317=CARTESIAN_POINT('Ctrl Pts',(-1.30905602740411,7.72670840422079,66.890737020133));
#4318=CARTESIAN_POINT('Ctrl Pts',(2.54744419415303,7.41121977304785,66.8113342238039));
#4319=CARTESIAN_POINT('Ctrl Pts',(5.7829193543018,5.28899746534073,66.7319314274746));
#4320=CARTESIAN_POINT('Ctrl Pts',(7.60861374069796,1.87740442941881,66.6525286311453));
#4321=CARTESIAN_POINT('Ctrl Pts',(7.57945304277293,-1.99186897639864,66.5731258348161));
#4322=CARTESIAN_POINT('Ctrl Pts',(5.70254615981532,-5.37555743545864,66.4937230384868));
#4323=CARTESIAN_POINT('Ctrl Pts',(2.43545216806392,-7.44877326704283,66.4143202421576));
#4324=CARTESIAN_POINT('Ctrl Pts',(-1.42536506822426,-7.70610049694559,66.3349174458284));
#4325=CARTESIAN_POINT('Ctrl Pts',(-4.93870170766365,-6.08480697224319,66.255514649499));
#4326=CARTESIAN_POINT('Ctrl Pts',(-7.24806397219082,-2.9801374300137,66.1761118531699));
#4327=CARTESIAN_POINT('Ctrl Pts',(-7.79046726515241,0.851040679008899,66.0967090568406));
#4328=CARTESIAN_POINT('Ctrl Pts',(-6.43368257085784,4.47474904594429,66.0173062605114));
#4329=CARTESIAN_POINT('Ctrl Pts',(-3.50847171719175,7.00758707804653,65.9379034641821));
#4330=CARTESIAN_POINT('Ctrl Pts',(0.272046926383667,7.83209045635865,65.8585006678529));
#4331=CARTESIAN_POINT('Ctrl Pts',(3.98624499675435,6.74725879691822,65.7790978715236));
#4332=CARTESIAN_POINT('Ctrl Pts',(6.72866199746311,4.01755624361809,65.6996950751944));
#4333=CARTESIAN_POINT('Ctrl Pts',(7.83074169863006,0.308439452851757,65.6202922788651));
#4334=CARTESIAN_POINT('Ctrl Pts',(7.02381516702993,-3.47586981144867,65.5408894825359));
#4335=CARTESIAN_POINT('Ctrl Pts',(4.50459784003679,-6.41281909508388,65.4614866862066));
#4336=CARTESIAN_POINT('Ctrl Pts',(0.887233532376028,-7.78642839213027,65.3820838898774));
#4337=CARTESIAN_POINT('Ctrl Pts',(-2.94642374067828,-7.26183431283696,65.3026810935481));
#4338=CARTESIAN_POINT('Ctrl Pts',(-6.06179129076612,-4.96692427906287,65.2232782972189));
#4339=CARTESIAN_POINT('Ctrl Pts',(-7.69939366851734,-1.46115967092275,65.1438755008897));
#4340=CARTESIAN_POINT('Ctrl Pts',(-7.46001030629559,2.4008116703857,65.0644727045604));
#4341=CARTESIAN_POINT('Ctrl Pts',(-5.40199893675624,5.67750455166618,64.9850699082312));
#4342=CARTESIAN_POINT('Ctrl Pts',(-2.02706893592961,7.57011505694,64.9056671119019));
#4343=CARTESIAN_POINT('Ctrl Pts',(1.84202718373378,7.61725582489733,64.8262643155727));
#4344=CARTESIAN_POINT('Ctrl Pts',(5.2620673250779,5.80743471008819,64.7468615192434));
#4345=CARTESIAN_POINT('Ctrl Pts',(7.39930186410701,2.58185638084614,64.6674587229142));
#4346=CARTESIAN_POINT('Ctrl Pts',(7.73270811721338,-1.27313613679517,64.5880559265849));
#4347=CARTESIAN_POINT('Ctrl Pts',(6.18100711458208,-4.81775896922721,64.5086531302557));
#4348=CARTESIAN_POINT('Ctrl Pts',(3.12247807999529,-7.18789128438858,64.4292503339264));
#4349=CARTESIAN_POINT('Ctrl Pts',(-0.697259835435886,-7.80573373279228,
64.3498475375972));
#4350=CARTESIAN_POINT('Ctrl Pts',(-4.34701725097335,-6.52066649688173,64.2704447412679));
#4351=CARTESIAN_POINT('Ctrl Pts',(-6.93704325010506,-3.6459678140094,64.1910419449387));
#4352=CARTESIAN_POINT('Ctrl Pts',(-7.83593201331739,0.117557878082388,64.1116391486094));
#4353=CARTESIAN_POINT('Ctrl Pts',(-6.82454924853788,3.8524250354351,64.0322363522802));
#4354=CARTESIAN_POINT('Ctrl Pts',(-4.14945340971322,6.64813393498003,63.9528335559509));
#4355=CARTESIAN_POINT('Ctrl Pts',(-0.462789046530904,7.82313756140178,63.8734307596217));
#4356=CARTESIAN_POINT('Ctrl Pts',(3.33669584222659,7.09098747825206,63.7940279632925));
#4357=CARTESIAN_POINT('Ctrl Pts',(6.32274876028826,4.63017362805498,63.7146251669632));
#4358=CARTESIAN_POINT('Ctrl Pts',(7.7674200105607,1.04059430329093,63.635222370634));
#4359=CARTESIAN_POINT('Ctrl Pts',(7.31852048714116,-2.80265424288958,63.5558195743047));
#4360=CARTESIAN_POINT('Ctrl Pts',(5.08548856546482,-5.96268332864659,63.4764167779755));
#4361=CARTESIAN_POINT('Ctrl Pts',(1.61269249684032,-7.66906396219648,63.3970139816462));
#4362=CARTESIAN_POINT('Ctrl Pts',(-2.25324018366742,-7.50594299944871,63.317611185317));
#4363=CARTESIAN_POINT('Ctrl Pts',(-5.56989308162603,-5.51281193889157,63.2382083889877));
#4364=CARTESIAN_POINT('Ctrl Pts',(-7.52864916767712,-2.17612618413284,63.1588055926585));
#4365=CARTESIAN_POINT('Ctrl Pts',(-7.65214247551233,1.69184280512237,63.0794027963293));
#4366=CARTESIAN_POINT('Ctrl Pts',(-6.49047268739605,3.99416443320274,63.0264675987764));
#4367=CARTESIAN_POINT('Ctrl Pts',(-5.66944583855491,4.93699796902859,63.));
#4368=CARTESIAN_POINT('Ctrl Pts',(-7.51780408409377,-0.000193551638771529,
72.1140266781649));
#4369=CARTESIAN_POINT('Ctrl Pts',(-7.51679389441477,0.977665586009137,72.0933240459547));
#4370=CARTESIAN_POINT('Ctrl Pts',(-7.32506101089597,1.95590923788012,72.0726214137444));
#4371=CARTESIAN_POINT('Ctrl Pts',(-6.95316256997623,2.86004536240976,72.0519187815341));
#4372=CARTESIAN_POINT('Ctrl Pts',(-6.47770328442011,4.01595210606592,72.0254511827577));
#4373=CARTESIAN_POINT('Ctrl Pts',(-5.70776812371662,5.05073204122625,71.9989835839812));
#4374=CARTESIAN_POINT('Ctrl Pts',(-4.73720586609895,5.83825399795011,71.9725159852048));
#4375=CARTESIAN_POINT('Ctrl Pts',(-3.76664360848129,6.62577595467397,71.9460483864284));
#4376=CARTESIAN_POINT('Ctrl Pts',(-2.59545425394946,7.16603993296134,71.919580787652));
#4377=CARTESIAN_POINT('Ctrl Pts',(-1.36639616649226,7.393192186052,71.8931131888756));
#4378=CARTESIAN_POINT('Ctrl Pts',(-0.137338079035068,7.62034443914264,71.8666455900992));
#4379=CARTESIAN_POINT('Ctrl Pts',(1.14958874134749,7.53438496703657,71.8401779913228));
#4380=CARTESIAN_POINT('Ctrl Pts',(2.33751848101241,7.14579152545108,71.8137103925464));
#4381=CARTESIAN_POINT('Ctrl Pts',(3.52544822067734,6.75719808386559,71.7872427937699));
#4382=CARTESIAN_POINT('Ctrl Pts',(4.61438087962462,6.06597067280066,71.7607751949935));
#4383=CARTESIAN_POINT('Ctrl Pts',(5.47158450820112,5.1563642372206,71.7343075962171));
#4384=CARTESIAN_POINT('Ctrl Pts',(6.3287881367776,4.24675780164055,71.7078399974407));
#4385=CARTESIAN_POINT('Ctrl Pts',(6.9542627349833,3.11877234154537,71.6813723986643));
#4386=CARTESIAN_POINT('Ctrl Pts',(7.27176808472033,1.90990002330045,71.6549047998879));
#4387=CARTESIAN_POINT('Ctrl Pts',(7.58927343445735,0.701027705055519,71.6284372011114));
#4388=CARTESIAN_POINT('Ctrl Pts',(7.5988095357257,-0.588731471339158,71.601969602335));
#4389=CARTESIAN_POINT('Ctrl Pts',(7.29921401619016,-1.80216645245842,71.5755020035586));
#4390=CARTESIAN_POINT('Ctrl Pts',(6.99961849665463,-3.01560143357769,71.5490344047822));
#4391=CARTESIAN_POINT('Ctrl Pts',(6.39089135631521,-4.15271221942156,71.5225668060057));
#4392=CARTESIAN_POINT('Ctrl Pts',(5.54723143538649,-5.07489434168165,71.4960992072293));
#4393=CARTESIAN_POINT('Ctrl Pts',(4.70357151445778,-5.99707646394174,71.4696316084529));
#4394=CARTESIAN_POINT('Ctrl Pts',(3.62497881293977,-6.70432992261806,71.4431640096766));
#4395=CARTESIAN_POINT('Ctrl Pts',(2.44292492506146,-7.1104463282693,71.4166964109001));
#4396=CARTESIAN_POINT('Ctrl Pts',(1.26087103718314,-7.51656273392056,71.3902288121237));
#4397=CARTESIAN_POINT('Ctrl Pts',(-0.0246440370554721,-7.62154208654674,
71.3637612133473));
#4398=CARTESIAN_POINT('Ctrl Pts',(-1.25692656522899,-7.4125882650019,71.3372936145709));
#4399=CARTESIAN_POINT('Ctrl Pts',(-2.48920909340247,-7.20363444345707,71.3108260157944));
#4400=CARTESIAN_POINT('Ctrl Pts',(-3.66825907551087,-6.68074744774124,71.284358417018));
#4401=CARTESIAN_POINT('Ctrl Pts',(-4.65035999967625,-5.90766290932245,71.2578908182416));
#4402=CARTESIAN_POINT('Ctrl Pts',(-5.63246092384165,-5.13457837090366,71.2314232194652));
#4403=CARTESIAN_POINT('Ctrl Pts',(-6.41761279006404,-4.1112962897819,71.2049556206888));
#4404=CARTESIAN_POINT('Ctrl Pts',(-6.91011203258152,-2.96254634967195,71.1784880219124));
#4405=CARTESIAN_POINT('Ctrl Pts',(-7.30993627599503,-2.02995999009092,71.1570009073299));
#4406=CARTESIAN_POINT('Ctrl Pts',(-7.51688392174909,-1.01468237201068,71.1355137927474));
#4407=CARTESIAN_POINT('Ctrl Pts',(-7.5179214436677,0.000185018356752481,
71.1140266781649));
#4408=CARTESIAN_POINT('Ctrl Pts',(-2.09007638454704,-7.80095967921632,73.));
#4409=CARTESIAN_POINT('Ctrl Pts',(-2.29011323423175,-7.73997908699128,73.));
#4410=CARTESIAN_POINT('Ctrl Pts',(-2.48733356843684,-7.6711990778881,73.));
#4411=CARTESIAN_POINT('Ctrl Pts',(-2.68136330416612,-7.59494612375305,73.));
#4412=CARTESIAN_POINT('Ctrl Pts',(-2.87749830554126,-7.51786580816162,73.));
#4413=CARTESIAN_POINT('Ctrl Pts',(-3.07037369499361,-7.43314919925785,73.));
#4414=CARTESIAN_POINT('Ctrl Pts',(-3.2595872714057,-7.34108244393678,73.));
#4415=CARTESIAN_POINT('Ctrl Pts',(-3.44936711618847,-7.24874015610627,73.));
#4416=CARTESIAN_POINT('Ctrl Pts',(-3.63546379321943,-7.14900329768882,73.));
#4417=CARTESIAN_POINT('Ctrl Pts',(-3.81744666819184,-7.04211462518509,73.));
#4418=CARTESIAN_POINT('Ctrl Pts',(-3.99751891753019,-6.93634816947074,73.));
#4419=CARTESIAN_POINT('Ctrl Pts',(-4.17356380291919,-6.82357885338269,73.));
#4420=CARTESIAN_POINT('Ctrl Pts',(-4.34513170915509,-6.70400299870721,73.));
#4421=CARTESIAN_POINT('Ctrl Pts',(-4.44618114937134,-6.63357564755843,73.));
#4422=CARTESIAN_POINT('Ctrl Pts',(-4.54567690608382,-6.5607864520186,73.));
#4423=CARTESIAN_POINT('Ctrl Pts',(-4.64352068177535,-6.48567000232567,73.));
#4424=CARTESIAN_POINT('Ctrl Pts',(-4.68600027937032,-6.45305764110836,73.));
#4425=CARTESIAN_POINT('Ctrl Pts',(-4.72816842470468,-6.42000656065005,73.));
#4426=CARTESIAN_POINT('Ctrl Pts',(-4.77001675667749,-6.38651937401399,73.));
#4427=CARTESIAN_POINT('Ctrl Pts',(-4.78814716479847,-6.37201135584663,73.));
#4428=CARTESIAN_POINT('Ctrl Pts',(-4.80621754215981,-6.35742147995806,73.));
#4429=CARTESIAN_POINT('Ctrl Pts',(-4.82422719699974,-6.34274995156135,73.));
#4430=CARTESIAN_POINT('Ctrl Pts',(-4.84329059324071,-6.32721999489236,73.));
#4431=CARTESIAN_POINT('Ctrl Pts',(-4.86227924486619,-6.31160400185955,73.));
#4432=CARTESIAN_POINT('Ctrl Pts',(-4.88118970699579,-6.29590473847539,73.));
#4433=CARTESIAN_POINT('Ctrl Pts',(-5.04224109926709,-6.16220159529861,73.));
#4434=CARTESIAN_POINT('Ctrl Pts',(-5.19769003757556,-6.02240830816593,73.));
#4435=CARTESIAN_POINT('Ctrl Pts',(-5.34714092019268,-5.87678571249425,73.));
#4436=CARTESIAN_POINT('Ctrl Pts',(-5.38971233533101,-5.83530479337687,73.));
#4437=CARTESIAN_POINT('Ctrl Pts',(-5.43179687336482,-5.79335061761667,73.));
#4438=CARTESIAN_POINT('Ctrl Pts',(-5.47338490737533,-5.75092860805229,73.));
#4439=CARTESIAN_POINT('Ctrl Pts',(-5.61922214093808,-5.60216686289555,73.));
#4440=CARTESIAN_POINT('Ctrl Pts',(-5.75895691331328,-5.44765481960947,73.));
#4441=CARTESIAN_POINT('Ctrl Pts',(-5.89236800347731,-5.28784191137891,73.));
#4442=CARTESIAN_POINT('Ctrl Pts',(-6.0261725573065,-5.12755767372188,73.));
#4443=CARTESIAN_POINT('Ctrl Pts',(-6.15361642982428,-4.96194064458141,73.));
#4444=CARTESIAN_POINT('Ctrl Pts',(-6.27443338832253,-4.79141445527552,73.));
#4445=CARTESIAN_POINT('Ctrl Pts',(-6.39457350045963,-4.62184359568612,73.));
#4446=CARTESIAN_POINT('Ctrl Pts',(-6.50816103692318,-4.44741779775985,73.));
#4447=CARTESIAN_POINT('Ctrl Pts',(-6.61488693593199,-4.26853354097889,73.));
#4448=CARTESIAN_POINT('Ctrl Pts',(-6.65878864454915,-4.19494948509058,73.));
#4449=CARTESIAN_POINT('Ctrl Pts',(-6.70152872188733,-4.12061083547667,73.));
#4450=CARTESIAN_POINT('Ctrl Pts',(-6.74308313294451,-4.04554457252288,73.));
#4451=CARTESIAN_POINT('Ctrl Pts',(-6.75434106029995,-4.0252076091614,73.));
#4452=CARTESIAN_POINT('Ctrl Pts',(-6.765511953763,-4.00481723919458,73.));
#4453=CARTESIAN_POINT('Ctrl Pts',(-6.77659531587135,-3.98437399621586,73.));
#4454=CARTESIAN_POINT('Ctrl Pts',(-6.78810902205645,-3.96313698430317,73.));
#4455=CARTESIAN_POINT('Ctrl Pts',(-6.79952399564934,-3.94185077537901,73.));
#4456=CARTESIAN_POINT('Ctrl Pts',(-6.81083858368696,-3.92051859151501,73.));
#4457=CARTESIAN_POINT('Ctrl Pts',(-6.90800419024381,-3.73732548033532,73.));
#4458=CARTESIAN_POINT('Ctrl Pts',(-6.9978027934038,-3.55068412094141,73.));
#4459=CARTESIAN_POINT('Ctrl Pts',(-7.08002385168978,-3.36103213845858,73.));
#4460=CARTESIAN_POINT('Ctrl Pts',(-7.16199217608979,-3.17196311469111,73.));
#4461=CARTESIAN_POINT('Ctrl Pts',(-7.23642975433826,-2.97990131556037,73.));
#4462=CARTESIAN_POINT('Ctrl Pts',(-7.3030820023633,-2.78525727468437,73.));
#4463=CARTESIAN_POINT('Ctrl Pts',(-7.34793051901452,-2.65428650075028,73.));
#4464=CARTESIAN_POINT('Ctrl Pts',(-7.38925321014964,-2.52214612995049,73.));
#4465=CARTESIAN_POINT('Ctrl Pts',(-7.42695974470963,-2.38895747173771,73.));
#4466=CARTESIAN_POINT('Ctrl Pts',(-7.48322893740782,-2.19020098664448,73.));
#4467=CARTESIAN_POINT('Ctrl Pts',(-7.53144751550678,-1.98910987573727,73.));
#4468=CARTESIAN_POINT('Ctrl Pts',(-7.57158160743988,-1.78617879747012,73.));
#4469=CARTESIAN_POINT('Ctrl Pts',(-7.59776999646235,-1.65376174836214,73.));
#4470=CARTESIAN_POINT('Ctrl Pts',(-7.62051507021148,-1.52056114773952,73.));
#4471=CARTESIAN_POINT('Ctrl Pts',(-7.63979545152164,-1.38671500425692,73.));
#4472=CARTESIAN_POINT('Ctrl Pts',(-7.64823061834484,-1.32815731648329,73.));
#4473=CARTESIAN_POINT('Ctrl Pts',(-7.65600249934479,-1.26947608382441,73.));
#4474=CARTESIAN_POINT('Ctrl Pts',(-7.66310873420212,-1.21068296618192,73.));
#4475=CARTESIAN_POINT('Ctrl Pts',(-7.66760527975582,-1.17348099678027,73.));
#4476=CARTESIAN_POINT('Ctrl Pts',(-7.67183530296526,-1.13623423167611,73.));
#4477=CARTESIAN_POINT('Ctrl Pts',(-7.67579813391616,-1.09894564324329,73.));
#4478=CARTESIAN_POINT('Ctrl Pts',(-7.67820377729392,-1.07630954118872,73.));
#4479=CARTESIAN_POINT('Ctrl Pts',(-7.68050993546019,-1.05366762589271,73.));
#4480=CARTESIAN_POINT('Ctrl Pts',(-7.68271668443783,-1.03102077084645,73.));
#4481=CARTESIAN_POINT('Ctrl Pts',(-7.7027998383353,-0.824916551564618,73.));
#4482=CARTESIAN_POINT('Ctrl Pts',(-7.71465453706317,-0.618398599536384,
73.));
#4483=CARTESIAN_POINT('Ctrl Pts',(-7.71832386883854,-0.411968882058306,
73.));
#4484=CARTESIAN_POINT('Ctrl Pts',(-7.7219630159876,-0.207237294992154,73.));
#4485=CARTESIAN_POINT('Ctrl Pts',(-7.71755081281812,-0.00259177223880544,
73.));
#4486=CARTESIAN_POINT('Ctrl Pts',(-7.70507688055544,0.201481883451024,73.));
#4487=CARTESIAN_POINT('Ctrl Pts',(-7.69244775218428,0.408094549016901,73.));
#4488=CARTESIAN_POINT('Ctrl Pts',(-7.67155514281269,0.6141217758161,73.));
#4489=CARTESIAN_POINT('Ctrl Pts',(-7.6423340733473,0.819052320052185,73.));
#4490=CARTESIAN_POINT('Ctrl Pts',(-7.61311300388191,1.02398286428827,73.));
#4491=CARTESIAN_POINT('Ctrl Pts',(-7.57556347485958,1.227817470513,73.));
#4492=CARTESIAN_POINT('Ctrl Pts',(-7.52956605718814,1.43002663988752,73.));
#4493=CARTESIAN_POINT('Ctrl Pts',(-7.51128787353607,1.510379331866,73.));
#4494=CARTESIAN_POINT('Ctrl Pts',(-7.49167509533305,1.59047509054051,73.));
#4495=CARTESIAN_POINT('Ctrl Pts',(-7.47073889320762,1.67028341914511,73.));
#4496=CARTESIAN_POINT('Ctrl Pts',(-7.45974583251695,1.71218871766652,73.));
#4497=CARTESIAN_POINT('Ctrl Pts',(-7.44838788065615,1.75401475859014,73.));
#4498=CARTESIAN_POINT('Ctrl Pts',(-7.43666652976132,1.79575704013368,73.));
#4499=CARTESIAN_POINT('Ctrl Pts',(-7.4291249344813,1.82261430226073,73.));
#4500=CARTESIAN_POINT('Ctrl Pts',(-7.42143232077313,1.84943886404667,73.));
#4501=CARTESIAN_POINT('Ctrl Pts',(-7.41359091237076,1.87622322634052,73.));
#4502=CARTESIAN_POINT('Ctrl Pts',(-7.35659886636953,2.07089432745346,73.));
#4503=CARTESIAN_POINT('Ctrl Pts',(-7.29186074380773,2.26307233720913,73.));
#4504=CARTESIAN_POINT('Ctrl Pts',(-7.21963497275764,2.45233479679698,73.));
#4505=CARTESIAN_POINT('Ctrl Pts',(-7.14716567108178,2.64223541094582,73.));
#4506=CARTESIAN_POINT('Ctrl Pts',(-7.06715781500892,2.82920141512071,73.));
#4507=CARTESIAN_POINT('Ctrl Pts',(-6.97982460260636,3.01278499476856,73.));
#4508=CARTESIAN_POINT('Ctrl Pts',(-6.90085127184054,3.17879522569737,73.));
#4509=CARTESIAN_POINT('Ctrl Pts',(-6.81588711221525,3.342039664538,73.));
#4510=CARTESIAN_POINT('Ctrl Pts',(-6.72505959877146,3.50216590252214,73.));
#4511=CARTESIAN_POINT('Ctrl Pts',(-6.70862505002882,3.53113952916176,73.));
#4512=CARTESIAN_POINT('Ctrl Pts',(-6.69200215865497,3.5600044194572,73.));
#4513=CARTESIAN_POINT('Ctrl Pts',(-6.67519587155479,3.58875186103691,73.));
#4514=CARTESIAN_POINT('Ctrl Pts',(-6.57326348460694,3.76310895260604,73.));
#4515=CARTESIAN_POINT('Ctrl Pts',(-6.46454395854522,3.93322617109567,73.));
#4516=CARTESIAN_POINT('Ctrl Pts',(-6.34925260860479,4.09866752244928,73.));
#4517=CARTESIAN_POINT('Ctrl Pts',(-6.23518091320571,4.26235868789899,73.));
#4518=CARTESIAN_POINT('Ctrl Pts',(-6.11467529887153,4.42147292538796,73.));
#4519=CARTESIAN_POINT('Ctrl Pts',(-5.98790489995882,4.57555603150286,73.));
#4520=CARTESIAN_POINT('Ctrl Pts',(-5.93348387514452,4.64170207674105,73.));
#4521=CARTESIAN_POINT('Ctrl Pts',(-5.87790786201675,4.70692049437598,73.));
#4522=CARTESIAN_POINT('Ctrl Pts',(-5.82118825363164,4.77117314761833,73.));
#4523=CARTESIAN_POINT('Ctrl Pts',(-5.77163935567913,4.82730273400523,73.));
#4524=CARTESIAN_POINT('Ctrl Pts',(-5.72121771291641,4.88269528818476,73.));
#4525=CARTESIAN_POINT('Ctrl Pts',(-5.66994314195852,4.93733504706611,73.));
#4526=CARTESIAN_POINT('Origin',(-3.508354701546E-16,5.55111512312578E-16,
60.7414753015245));
#4527=CARTESIAN_POINT('',(-6.9,1.40011780372425E-15,62.6288183525957));
#4528=CARTESIAN_POINT('',(-3.75893368394535,1.01544812273766E-15,60.7414753015245));
#4529=CARTESIAN_POINT('',(6.9,1.40011780372425E-15,62.6288183525958));
#4530=CARTESIAN_POINT('Origin',(0.,5.55111512312578E-16,62.6288183525958));
#4531=CARTESIAN_POINT('Origin',(0.,5.55111512312578E-16,62.6288183525958));
#4532=CARTESIAN_POINT('Origin',(-3.508354701546E-16,5.55111512312578E-16,
68.));
#4533=CARTESIAN_POINT('Origin',(0.,5.55111512312578E-16,73.));
#4534=CARTESIAN_POINT('',(9.00000013411045,1.65729364796899E-15,73.));
#4535=CARTESIAN_POINT('Origin',(-8.13509323032413E-47,5.55111512312578E-16,
73.));
#4536=CARTESIAN_POINT('',(9.00000013411042,-2.2294216635127E-14,-1.99999999999999));
#4537=CARTESIAN_POINT('',(9.00000013411045,-5.47070623343832E-16,73.));
#4538=CARTESIAN_POINT('Origin',(-3.44169137633799E-14,-2.33963987707834E-14,
-1.99999999999999));
#4539=CARTESIAN_POINT('Origin',(-3.4416913972126E-14,-2.3951510283096E-14,
-1.99999999999999));
#4540=CARTESIAN_POINT('',(9.89999999999996,-2.21839984396275E-14,-2.));
#4541=CARTESIAN_POINT('Origin',(0.,5.55111512312578E-16,-1.99999999999999));
#4542=CARTESIAN_POINT('Origin',(0.,5.55111512312578E-16,-12.));
#4543=CARTESIAN_POINT('',(6.9,1.40011780372425E-15,-12.));
#4544=CARTESIAN_POINT('',(6.9,1.40011780372425E-15,-12.));
#4545=CARTESIAN_POINT('Origin',(0.,5.55111512312578E-16,-12.));
#4546=CARTESIAN_POINT('Origin',(0.,5.55111512312578E-16,-12.));
#4547=CARTESIAN_POINT('',(9.9,1.76751184346846E-15,-12.));
#4548=CARTESIAN_POINT('',(9.9,1.76751184346846E-15,-12.));
#4549=CARTESIAN_POINT('Origin',(0.,5.55111512312578E-16,-12.));
#4550=CARTESIAN_POINT('Origin',(0.,0.,73.));
#4551=CARTESIAN_POINT('Origin',(0.,0.,-12.));
#4552=CARTESIAN_POINT('',(-17.6,2.71048987881192E-15,-12.));
#4553=CARTESIAN_POINT('Origin',(0.,5.55111512312578E-16,-12.));
#4554=CARTESIAN_POINT('Origin',(-20.,15.,-12.));
#4555=CARTESIAN_POINT('',(-16.,12.,-17.));
#4556=CARTESIAN_POINT('',(-20.,10.,-17.));
#4557=CARTESIAN_POINT('Origin',(-20.,15.,-17.));
#4558=CARTESIAN_POINT('',(-20.,10.,-11.5));
#4559=CARTESIAN_POINT('',(-20.,10.,-12.));
#4560=CARTESIAN_POINT('',(-16.,12.,-11.5));
#4561=CARTESIAN_POINT('Origin',(-20.,15.,-11.5));
#4562=CARTESIAN_POINT('',(-16.,12.,-12.));
#4563=CARTESIAN_POINT('Ctrl Pts',(-16.1245154965971,8.,-9.5));
#4564=CARTESIAN_POINT('Ctrl Pts',(-16.1267878764649,8.00104688641113,-9.5));
#4565=CARTESIAN_POINT('Ctrl Pts',(-16.1290591397378,8.00209381069855,-9.50000095584198));
#4566=CARTESIAN_POINT('Ctrl Pts',(-16.9572687592287,8.38363896335592,-9.50052969165705));
#4567=CARTESIAN_POINT('Ctrl Pts',(-17.934564356904,8.87292529503223,-9.63840966121869));
#4568=CARTESIAN_POINT('Ctrl Pts',(-18.8583064260984,9.36542810317714,-10.0273470224732));
#4569=CARTESIAN_POINT('Ctrl Pts',(-19.2533387756887,9.58066787877138,-10.2605305504598));
#4570=CARTESIAN_POINT('Ctrl Pts',(-19.5786724589302,9.76141636381557,-10.5337114964485));
#4571=CARTESIAN_POINT('Ctrl Pts',(-19.8182195505585,9.89642321874973,-10.8361133336873));
#4572=CARTESIAN_POINT('Ctrl Pts',(-19.9665662720331,9.98087530650354,-11.1617416672952));
#4573=CARTESIAN_POINT('Ctrl Pts',(-20.,10.,-11.3880836655172));
#4574=CARTESIAN_POINT('Ctrl Pts',(-20.,10.,-11.5));
#4575=CARTESIAN_POINT('Ctrl Pts',(-16.1245154965971,8.,-9.5));
#4576=CARTESIAN_POINT('Ctrl Pts',(-16.1260401637752,8.00166271724985,-9.4998993077008));
#4577=CARTESIAN_POINT('Ctrl Pts',(-16.1274645475775,8.00293844856825,-9.50009751576667));
#4578=CARTESIAN_POINT('Ctrl Pts',(-16.6717737921569,8.56580382571589,-9.49709513534575));
#4579=CARTESIAN_POINT('Ctrl Pts',(-17.30381621794,9.21168064800339,-9.78115369565396));
#4580=CARTESIAN_POINT('Ctrl Pts',(-17.8474414560901,9.65773940639653,-10.2996569577422));
#4581=CARTESIAN_POINT('Ctrl Pts',(-18.0702681844896,9.81806722293668,-10.5649638222146));
#4582=CARTESIAN_POINT('Ctrl Pts',(-18.2441710719973,9.91834895864601,-10.8285495765307));
#4583=CARTESIAN_POINT('Ctrl Pts',(-18.3660909074005,9.97269727329534,-11.0706891240343));
#4584=CARTESIAN_POINT('Ctrl Pts',(-18.4385949427629,9.99589949710385,-11.2925353578773));
#4585=CARTESIAN_POINT('Ctrl Pts',(-18.4543819670438,9.99992087190748,-11.4311413859982));
#4586=CARTESIAN_POINT('Ctrl Pts',(-18.4545079699973,10.,-11.5));
#4587=CARTESIAN_POINT('Ctrl Pts',(-16.1245154965971,8.,-9.5));
#4588=CARTESIAN_POINT('Ctrl Pts',(-16.1253323035903,8.00210619064519,-9.4998993077008));
#4589=CARTESIAN_POINT('Ctrl Pts',(-16.1258322371018,8.00394645266488,-9.50009751576667));
#4590=CARTESIAN_POINT('Ctrl Pts',(-16.3884101300654,8.74136568106037,-9.49709513534575));
#4591=CARTESIAN_POINT('Ctrl Pts',(-16.6725475167911,9.56925946776626,-9.78115369565393));
#4592=CARTESIAN_POINT('Ctrl Pts',(-16.8389156700423,10.1931374630627,-10.2996569577422));
#4593=CARTESIAN_POINT('Ctrl Pts',(-16.8929327602075,10.4299920527006,-10.5649638222146));
#4594=CARTESIAN_POINT('Ctrl Pts',(-16.91907555526,10.5954194831579,-10.8285495765307));
#4595=CARTESIAN_POINT('Ctrl Pts',(-16.9280891502617,10.6984187155305,-11.0706891240342));
#4596=CARTESIAN_POINT('Ctrl Pts',(-16.9278384835948,10.7525658085396,-11.2925353578772));
#4597=CARTESIAN_POINT('Ctrl Pts',(-16.9273392208981,10.7634586608582,-11.4311413859981));
#4598=CARTESIAN_POINT('Ctrl Pts',(-16.9272952180016,10.7636063759979,-11.5));
#4599=CARTESIAN_POINT('Ctrl Pts',(-16.1245154965971,8.,-9.5));
#4600=CARTESIAN_POINT('Ctrl Pts',(-16.1244433575539,8.00250089531562,-9.5));
#4601=CARTESIAN_POINT('Ctrl Pts',(-16.1243715759016,8.00500027058046,-9.50000095584198));
#4602=CARTESIAN_POINT('Ctrl Pts',(-16.0978427920496,8.91619962962004,-9.50052969165705));
#4603=CARTESIAN_POINT('Ctrl Pts',(-16.0601738208654,9.93219594405122,-9.63840966121865));
#4604=CARTESIAN_POINT('Ctrl Pts',(-16.0308827649841,10.8662193436873,-10.0273470224732));
#4605=CARTESIAN_POINT('Ctrl Pts',(-16.0190677163883,11.2615146659823,-10.2605305504598));
#4606=CARTESIAN_POINT('Ctrl Pts',(-16.010261580213,11.5845968625273,-10.5337114964485));
#4607=CARTESIAN_POINT('Ctrl Pts',(-16.0042404886589,11.8211588993733,-10.8361133336872));
#4608=CARTESIAN_POINT('Ctrl Pts',(-16.0007635702169,11.9671551903422,-11.1617416672951));
#4609=CARTESIAN_POINT('Ctrl Pts',(-16.,12.,-11.3880836655171));
#4610=CARTESIAN_POINT('Ctrl Pts',(-16.,12.,-11.5));
#4611=CARTESIAN_POINT('',(-16.1245154965971,8.,-9.5));
#4612=CARTESIAN_POINT('Ctrl Pts',(-20.,10.,-11.5));
#4613=CARTESIAN_POINT('Ctrl Pts',(-20.,10.,-11.3880836655172));
#4614=CARTESIAN_POINT('Ctrl Pts',(-19.9665662720331,9.98087530650354,-11.1617416672952));
#4615=CARTESIAN_POINT('Ctrl Pts',(-19.8182195505585,9.89642321874973,-10.8361133336873));
#4616=CARTESIAN_POINT('Ctrl Pts',(-19.5786724589302,9.76141636381557,-10.5337114964485));
#4617=CARTESIAN_POINT('Ctrl Pts',(-19.2533387756887,9.58066787877138,-10.2605305504598));
#4618=CARTESIAN_POINT('Ctrl Pts',(-18.8583064260984,9.36542810317714,-10.0273470224732));
#4619=CARTESIAN_POINT('Ctrl Pts',(-17.934564356904,8.87292529503223,-9.63840966121869));
#4620=CARTESIAN_POINT('Ctrl Pts',(-16.9572687592287,8.38363896335592,-9.50052969165705));
#4621=CARTESIAN_POINT('Ctrl Pts',(-16.1290591397378,8.00209381069855,-9.50000095584198));
#4622=CARTESIAN_POINT('Ctrl Pts',(-16.1267878764649,8.00104688641113,-9.5));
#4623=CARTESIAN_POINT('Ctrl Pts',(-16.1245154965971,8.,-9.5));
#4624=CARTESIAN_POINT('Ctrl Pts',(-16.1245154965971,8.,-9.5));
#4625=CARTESIAN_POINT('Ctrl Pts',(-16.1244433575539,8.00250089531562,-9.5));
#4626=CARTESIAN_POINT('Ctrl Pts',(-16.1243715759016,8.00500027058046,-9.50000095584198));
#4627=CARTESIAN_POINT('Ctrl Pts',(-16.0978427920496,8.91619962962004,-9.50052969165705));
#4628=CARTESIAN_POINT('Ctrl Pts',(-16.0601738208654,9.93219594405122,-9.63840966121865));
#4629=CARTESIAN_POINT('Ctrl Pts',(-16.0308827649841,10.8662193436873,-10.0273470224732));
#4630=CARTESIAN_POINT('Ctrl Pts',(-16.0190677163883,11.2615146659823,-10.2605305504598));
#4631=CARTESIAN_POINT('Ctrl Pts',(-16.010261580213,11.5845968625273,-10.5337114964485));
#4632=CARTESIAN_POINT('Ctrl Pts',(-16.0042404886589,11.8211588993733,-10.8361133336872));
#4633=CARTESIAN_POINT('Ctrl Pts',(-16.0007635702169,11.9671551903422,-11.1617416672951));
#4634=CARTESIAN_POINT('Ctrl Pts',(-16.,12.,-11.3880836655171));
#4635=CARTESIAN_POINT('Ctrl Pts',(-16.,12.,-11.5));
#4636=CARTESIAN_POINT('Origin',(-17.3205080756888,10.,-12.));
#4637=CARTESIAN_POINT('',(-30.,10.,-17.));
#4638=CARTESIAN_POINT('',(35.,10.,-17.));
#4639=CARTESIAN_POINT('',(-30.,10.,-11.5));
#4640=CARTESIAN_POINT('',(-30.,10.,-12.));
#4641=CARTESIAN_POINT('',(-8.66025403784438,10.,-11.5));
#4642=CARTESIAN_POINT('Origin',(-30.,5.,-11.5));
#4643=CARTESIAN_POINT('',(-30.,8.,-9.5));
#4644=CARTESIAN_POINT('Origin',(-30.,8.,-11.5));
#4645=CARTESIAN_POINT('',(-35.,5.,-11.5));
#4646=CARTESIAN_POINT('Origin',(-30.,5.,-11.5));
#4647=CARTESIAN_POINT('',(-33.,5.,-9.5));
#4648=CARTESIAN_POINT('Origin',(-33.,5.,-11.5));
#4649=CARTESIAN_POINT('Origin',(-30.,5.,-9.5));
#4650=CARTESIAN_POINT('Origin',(-30.,5.,-12.));
#4651=CARTESIAN_POINT('',(-35.,5.,-17.));
#4652=CARTESIAN_POINT('Origin',(-30.,5.,-17.));
#4653=CARTESIAN_POINT('',(-35.,5.,-12.));
#4654=CARTESIAN_POINT('Origin',(-33.,5.,-11.5));
#4655=CARTESIAN_POINT('',(-35.,-5.,-11.5));
#4656=CARTESIAN_POINT('',(-35.,5.,-11.5));
#4657=CARTESIAN_POINT('',(-33.,-5.,-9.5));
#4658=CARTESIAN_POINT('Origin',(-33.,-5.,-11.5));
#4659=CARTESIAN_POINT('',(-33.,-4.33012720819235,-9.5));
#4660=CARTESIAN_POINT('',(-33.,5.,-9.5));
#4661=CARTESIAN_POINT('',(-33.7500000745058,1.25043017342278E-15,-9.64595040836516));
#4662=CARTESIAN_POINT('Ctrl Pts',(-33.7500000745058,1.2490009027033E-15,
-9.64595040836516));
#4663=CARTESIAN_POINT('Ctrl Pts',(-33.7500000745058,-0.784844829084806,
-9.64595040836516));
#4664=CARTESIAN_POINT('Ctrl Pts',(-33.6761797771937,-1.55678873805014,-9.61209715614744));
#4665=CARTESIAN_POINT('Ctrl Pts',(-33.4087278256697,-2.99960059103623,-9.53781197942807));
#4666=CARTESIAN_POINT('Ctrl Pts',(-33.2292579324285,-3.66637968080734,-9.50050101290966));
#4667=CARTESIAN_POINT('Ctrl Pts',(-33.002944073973,-4.32162213564359,-9.50000162730663));
#4668=CARTESIAN_POINT('Ctrl Pts',(-33.0014730054054,-4.32587500809232,-9.5));
#4669=CARTESIAN_POINT('Ctrl Pts',(-33.,-4.33012720819235,-9.5));
#4670=CARTESIAN_POINT('',(-33.,4.33012720819236,-9.5));
#4671=CARTESIAN_POINT('Ctrl Pts',(-33.,4.33012720819236,-9.5));
#4672=CARTESIAN_POINT('Ctrl Pts',(-33.0014730054038,4.32587500809694,-9.5));
#4673=CARTESIAN_POINT('Ctrl Pts',(-33.0029440739746,4.32162213563898,-9.50000162730663));
#4674=CARTESIAN_POINT('Ctrl Pts',(-33.2292579324285,3.66637968080735,-9.50050101290966));
#4675=CARTESIAN_POINT('Ctrl Pts',(-33.4087278256697,2.99960059103623,-9.53781197942807));
#4676=CARTESIAN_POINT('Ctrl Pts',(-33.6761797771937,1.55678873805015,-9.61209715614743));
#4677=CARTESIAN_POINT('Ctrl Pts',(-33.7500000745058,0.784844829084812,-9.64595040836516));
#4678=CARTESIAN_POINT('Ctrl Pts',(-33.7500000745058,1.52655665885959E-15,
-9.64595040836516));
#4679=CARTESIAN_POINT('',(-33.,5.,-9.5));
#4680=CARTESIAN_POINT('Origin',(-35.,10.,-12.));
#4681=CARTESIAN_POINT('',(-35.,-5.,-17.));
#4682=CARTESIAN_POINT('',(-35.,10.,-17.));
#4683=CARTESIAN_POINT('',(-35.,-5.,-12.));
#4684=CARTESIAN_POINT('Origin',(0.,0.,-17.));
#4685=CARTESIAN_POINT('',(16.,12.,-17.));
#4686=CARTESIAN_POINT('Origin',(0.,5.55111512312578E-16,-17.));
#4687=CARTESIAN_POINT('',(20.,10.,-17.));
#4688=CARTESIAN_POINT('Origin',(20.,15.,-17.));
#4689=CARTESIAN_POINT('',(30.,10.,-17.));
#4690=CARTESIAN_POINT('',(35.,10.,-17.));
#4691=CARTESIAN_POINT('',(35.,5.,-17.));
#4692=CARTESIAN_POINT('Origin',(30.,5.,-17.));
#4693=CARTESIAN_POINT('',(35.,-5.,-17.));
#4694=CARTESIAN_POINT('',(35.,-10.,-17.));
#4695=CARTESIAN_POINT('',(30.,-10.,-17.));
#4696=CARTESIAN_POINT('Origin',(30.,-5.,-17.));
#4697=CARTESIAN_POINT('',(20.,-10.,-17.));
#4698=CARTESIAN_POINT('',(-35.,-10.,-17.));
#4699=CARTESIAN_POINT('',(16.,-12.,-17.));
#4700=CARTESIAN_POINT('Origin',(20.,-15.,-17.));
#4701=CARTESIAN_POINT('',(-16.,-12.,-17.));
#4702=CARTESIAN_POINT('Origin',(0.,5.55111512312578E-16,-17.));
#4703=CARTESIAN_POINT('',(-20.,-10.,-17.));
#4704=CARTESIAN_POINT('Origin',(-20.,-15.,-17.));
#4705=CARTESIAN_POINT('',(-30.,-10.,-17.));
#4706=CARTESIAN_POINT('',(-35.,-10.,-17.));
#4707=CARTESIAN_POINT('Origin',(-30.,-5.,-17.));
#4708=CARTESIAN_POINT('',(-30.0000001490116,2.60098114042815E-15,-17.));
#4709=CARTESIAN_POINT('Origin',(-27.5000001490116,2.29481944064131E-15,
-17.));
#4710=CARTESIAN_POINT('',(25.0000001490116,2.52660774903715E-15,-17.));
#4711=CARTESIAN_POINT('Origin',(27.5000001490116,2.22044604925031E-15,-17.));
#4712=CARTESIAN_POINT('Origin',(-30.,-5.,-11.5));
#4713=CARTESIAN_POINT('',(-30.,-10.,-11.5));
#4714=CARTESIAN_POINT('Origin',(-30.,-5.,-11.5));
#4715=CARTESIAN_POINT('',(-30.,-8.,-9.5));
#4716=CARTESIAN_POINT('Origin',(-30.,-8.,-11.5));
#4717=CARTESIAN_POINT('Origin',(-30.,-5.,-9.5));
#4718=CARTESIAN_POINT('Origin',(-30.,-5.,-12.));
#4719=CARTESIAN_POINT('',(-30.,-10.,-12.));
#4720=CARTESIAN_POINT('Origin',(0.,0.,-9.5));
#4721=CARTESIAN_POINT('Origin',(-27.5000001490116,2.29481944064131E-15,
-9.5));
#4722=CARTESIAN_POINT('',(-16.1245154965971,-8.,-9.5));
#4723=CARTESIAN_POINT('',(-17.5,-8.,-9.5));
#4724=CARTESIAN_POINT('',(16.1245154965971,-7.99999999999999,-9.5));
#4725=CARTESIAN_POINT('Origin',(0.,5.55111512312578E-16,-9.5));
#4726=CARTESIAN_POINT('',(30.,-8.,-9.5));
#4727=CARTESIAN_POINT('',(8.66025403784438,-8.,-9.5));
#4728=CARTESIAN_POINT('',(33.,-5.,-9.5));
#4729=CARTESIAN_POINT('Origin',(30.,-5.,-9.5));
#4730=CARTESIAN_POINT('',(33.,-4.33012720819235,-9.5));
#4731=CARTESIAN_POINT('',(33.,-5.,-9.5));
#4732=CARTESIAN_POINT('',(20.5000001490116,1.36319328984717E-15,-9.49999999999999));
#4733=CARTESIAN_POINT('Origin',(27.5000001490116,2.22044604925031E-15,-9.5));
#4734=CARTESIAN_POINT('',(33.,4.33012720819236,-9.5));
#4735=CARTESIAN_POINT('Origin',(27.5000001490116,2.22044604925031E-15,-9.5));
#4736=CARTESIAN_POINT('',(33.,5.,-9.5));
#4737=CARTESIAN_POINT('',(33.,-5.,-9.5));
#4738=CARTESIAN_POINT('',(30.,8.,-9.5));
#4739=CARTESIAN_POINT('Origin',(30.,5.,-9.5));
#4740=CARTESIAN_POINT('',(16.1245154965971,8.00000000000001,-9.5));
#4741=CARTESIAN_POINT('',(17.5,8.00000000000001,-9.5));
#4742=CARTESIAN_POINT('Origin',(0.,5.55111512312578E-16,-9.5));
#4743=CARTESIAN_POINT('',(-8.66025403784438,8.00000000000001,-9.5));
#4744=CARTESIAN_POINT('',(-17.6,-1.60026685418676E-15,-9.5));
#4745=CARTESIAN_POINT('Origin',(0.,5.55111512312578E-16,-9.5));
#4746=CARTESIAN_POINT('Origin',(-17.5,-8.,-11.5));
#4747=CARTESIAN_POINT('',(-20.,-10.,-11.5));
#4748=CARTESIAN_POINT('',(-17.5,-10.,-11.5));
#4749=CARTESIAN_POINT('Ctrl Pts',(-16.1245154965971,-8.,-9.5));
#4750=CARTESIAN_POINT('Ctrl Pts',(-16.1267892101553,-8.00104750084178,-9.5));
#4751=CARTESIAN_POINT('Ctrl Pts',(-16.1290625699294,-8.00209527336003,-9.50000107814394));
#4752=CARTESIAN_POINT('Ctrl Pts',(-16.9568758979139,-8.38351879964326,-9.50046876503976));
#4753=CARTESIAN_POINT('Ctrl Pts',(-18.1288110869298,-8.96980404876983,-9.67027799691481));
#4754=CARTESIAN_POINT('Ctrl Pts',(-19.5831032245275,-9.75819600011139,-10.3847991600152));
#4755=CARTESIAN_POINT('Ctrl Pts',(-20.,-10.,-11.052335111989));
#4756=CARTESIAN_POINT('Ctrl Pts',(-20.,-10.,-11.5));
#4757=CARTESIAN_POINT('Ctrl Pts',(-16.1245154965971,-8.,-9.5));
#4758=CARTESIAN_POINT('Ctrl Pts',(-16.1244433152148,-8.00250236312409,-9.5));
#4759=CARTESIAN_POINT('Ctrl Pts',(-16.1243713188174,-8.00500400264129,-9.50000107814394));
#4760=CARTESIAN_POINT('Ctrl Pts',(-16.0979318572797,-8.91578942443504,-9.50046876503976));
#4761=CARTESIAN_POINT('Ctrl Pts',(-16.0528841136872,-10.134736206776,-9.67027799691477));
#4762=CARTESIAN_POINT('Ctrl Pts',(-16.0088675587061,-11.5931669624258,-10.3847991600152));
#4763=CARTESIAN_POINT('Ctrl Pts',(-16.,-12.,-11.0523351119889));
#4764=CARTESIAN_POINT('Ctrl Pts',(-16.,-12.,-11.5));
#4765=CARTESIAN_POINT('Ctrl Pts',(-16.1245154965971,-8.,-9.5));
#4766=CARTESIAN_POINT('Ctrl Pts',(-16.1252369427259,-8.00202326664097,-9.50002256228976));
#4767=CARTESIAN_POINT('Ctrl Pts',(-16.1259197388031,-8.00402558837711,-9.49998348147678));
#4768=CARTESIAN_POINT('Ctrl Pts',(-16.3897995403694,-8.7424395734333,-9.49822003974277));
#4769=CARTESIAN_POINT('Ctrl Pts',(-16.7282350242308,-9.7324273099268,-9.84057935533154));
#4770=CARTESIAN_POINT('Ctrl Pts',(-16.9501370377367,-10.6505241070437,-10.758989609223));
#4771=CARTESIAN_POINT('Ctrl Pts',(-16.9244226049984,-10.757342233622,-11.2429124668628));
#4772=CARTESIAN_POINT('Ctrl Pts',(-16.9272952180016,-10.7636063759978,-11.5));
#4773=CARTESIAN_POINT('Ctrl Pts',(-16.1245154965971,-8.,-9.5));
#4774=CARTESIAN_POINT('Ctrl Pts',(-16.126009917633,-8.0015418944289,-9.50002256228976));
#4775=CARTESIAN_POINT('Ctrl Pts',(-16.127494712221,-8.00305093504343,-9.49998348147678));
#4776=CARTESIAN_POINT('Ctrl Pts',(-16.6724759504795,-8.56722917103827,-9.49822003974277));
#4777=CARTESIAN_POINT('Ctrl Pts',(-17.4275786505777,-9.33819062646223,-9.84057935533157));
#4778=CARTESIAN_POINT('Ctrl Pts',(-18.2638344161339,-9.97538500390969,-10.7589896092231));
#4779=CARTESIAN_POINT('Ctrl Pts',(-18.4509894768496,-9.99289717574091,-11.2429124668629));
#4780=CARTESIAN_POINT('Ctrl Pts',(-18.4545079699973,-10.,-11.5));
#4781=CARTESIAN_POINT('Ctrl Pts',(-16.1245154965971,-8.,-9.5));
#4782=CARTESIAN_POINT('Ctrl Pts',(-16.1267892101553,-8.00104750084178,-9.5));
#4783=CARTESIAN_POINT('Ctrl Pts',(-16.1290625699294,-8.00209527336003,-9.50000107814394));
#4784=CARTESIAN_POINT('Ctrl Pts',(-16.9568758979139,-8.38351879964326,-9.50046876503976));
#4785=CARTESIAN_POINT('Ctrl Pts',(-18.1288110869298,-8.96980404876983,-9.67027799691481));
#4786=CARTESIAN_POINT('Ctrl Pts',(-19.5831032245275,-9.75819600011139,-10.3847991600152));
#4787=CARTESIAN_POINT('Ctrl Pts',(-20.,-10.,-11.052335111989));
#4788=CARTESIAN_POINT('Ctrl Pts',(-20.,-10.,-11.5));
#4789=CARTESIAN_POINT('',(-16.,-12.,-11.5));
#4790=CARTESIAN_POINT('Origin',(-20.,-15.,-11.5));
#4791=CARTESIAN_POINT('Ctrl Pts',(-16.,-12.,-11.5));
#4792=CARTESIAN_POINT('Ctrl Pts',(-16.,-12.,-11.0523351119889));
#4793=CARTESIAN_POINT('Ctrl Pts',(-16.0088675587061,-11.5931669624258,-10.3847991600152));
#4794=CARTESIAN_POINT('Ctrl Pts',(-16.0528841136872,-10.134736206776,-9.67027799691477));
#4795=CARTESIAN_POINT('Ctrl Pts',(-16.0979318572797,-8.91578942443504,-9.50046876503976));
#4796=CARTESIAN_POINT('Ctrl Pts',(-16.1243713188174,-8.00500400264129,-9.50000107814394));
#4797=CARTESIAN_POINT('Ctrl Pts',(-16.1244433152148,-8.00250236312409,-9.5));
#4798=CARTESIAN_POINT('Ctrl Pts',(-16.1245154965971,-8.,-9.5));
#4799=CARTESIAN_POINT('Origin',(-20.,-15.,-12.));
#4800=CARTESIAN_POINT('',(-20.,-10.,-12.));
#4801=CARTESIAN_POINT('',(-16.,-12.,-12.));
#4802=CARTESIAN_POINT('Origin',(-35.,-10.,-12.));
#4803=CARTESIAN_POINT('Origin',(0.,5.55111512312578E-16,-11.5));
#4804=CARTESIAN_POINT('',(16.,-12.,-11.5));
#4805=CARTESIAN_POINT('Origin',(0.,5.55111512312578E-16,-11.5));
#4806=CARTESIAN_POINT('Ctrl Pts',(16.1245154965971,-8.,-9.5));
#4807=CARTESIAN_POINT('Ctrl Pts',(16.1244432874616,-8.00250332530964,-9.5));
#4808=CARTESIAN_POINT('Ctrl Pts',(16.1243712633659,-8.00500592631363,-9.50000107882794));
#4809=CARTESIAN_POINT('Ctrl Pts',(16.0979317770313,-8.91579157275124,-9.50046902129718));
#4810=CARTESIAN_POINT('Ctrl Pts',(16.0528841162862,-10.1347361051351,-9.67027784963723));
#4811=CARTESIAN_POINT('Ctrl Pts',(16.0088675322477,-11.5931678935309,-10.3847998243096));
#4812=CARTESIAN_POINT('Ctrl Pts',(16.,-12.,-11.0523354069997));
#4813=CARTESIAN_POINT('Ctrl Pts',(16.,-12.,-11.5));
#4814=CARTESIAN_POINT('Origin',(20.,15.,-12.));
#4815=CARTESIAN_POINT('',(16.,12.,-11.5));
#4816=CARTESIAN_POINT('',(20.,10.,-11.5));
#4817=CARTESIAN_POINT('Origin',(20.,15.,-11.5));
#4818=CARTESIAN_POINT('',(20.,10.,-12.));
#4819=CARTESIAN_POINT('',(16.,12.,-12.));
#4820=CARTESIAN_POINT('Ctrl Pts',(20.,10.,-11.5));
#4821=CARTESIAN_POINT('Ctrl Pts',(20.,10.,-11.0523349593868));
#4822=CARTESIAN_POINT('Ctrl Pts',(19.5827281421162,9.75787386936298,-10.3868455319278));
#4823=CARTESIAN_POINT('Ctrl Pts',(18.1300536221509,8.9707189124944,-9.66939745738629));
#4824=CARTESIAN_POINT('Ctrl Pts',(16.9568731061856,8.38351725146687,-9.50062831513267));
#4825=CARTESIAN_POINT('Ctrl Pts',(16.1290616699764,8.00209485937401,-9.50000077136055));
#4826=CARTESIAN_POINT('Ctrl Pts',(16.1267887578465,8.00104729246438,-9.5));
#4827=CARTESIAN_POINT('Ctrl Pts',(16.1245154965971,8.00000000000001,-9.5));
#4828=CARTESIAN_POINT('Ctrl Pts',(19.1168616971413,10.,-11.5));
#4829=CARTESIAN_POINT('Ctrl Pts',(19.1168616971413,10.,-11.1516781467637));
#4830=CARTESIAN_POINT('Ctrl Pts',(18.8285987075412,9.88183248508798,-10.6001638095141));
#4831=CARTESIAN_POINT('Ctrl Pts',(17.7302365575648,9.18315502638461,-9.76456172233475));
#4832=CARTESIAN_POINT('Ctrl Pts',(16.7934799419429,8.4855136638097,-9.50042842800939));
#4833=CARTESIAN_POINT('Ctrl Pts',(16.1281678638736,8.00264762143211,-9.50000219373465));
#4834=CARTESIAN_POINT('Ctrl Pts',(16.1263420096039,8.00132435396282,-9.5));
#4835=CARTESIAN_POINT('Ctrl Pts',(16.1245154965971,8.00000000000001,-9.5));
#4836=CARTESIAN_POINT('Ctrl Pts',(17.5733917050421,10.4196536107615,-11.5));
#4837=CARTESIAN_POINT('Ctrl Pts',(17.5733917050421,10.4196536107615,-11.2298179146659));
#4838=CARTESIAN_POINT('Ctrl Pts',(17.5093814209754,10.354663339839,-10.766290278498));
#4839=CARTESIAN_POINT('Ctrl Pts',(17.0298638277127,9.56710574459997,-9.83565304493773));
#4840=CARTESIAN_POINT('Ctrl Pts',(16.5074659355084,8.66301106190292,-9.50031944534603));
#4841=CARTESIAN_POINT('Ctrl Pts',(16.1266038481167,8.00361686209386,-9.50000318202514));
#4842=CARTESIAN_POINT('Ctrl Pts',(16.1255602001793,8.0018092115851,-9.5));
#4843=CARTESIAN_POINT('Ctrl Pts',(16.1245154965971,8.00000000000001,-9.5));
#4844=CARTESIAN_POINT('Ctrl Pts',(16.3974122362864,11.4701170182848,-11.5));
#4845=CARTESIAN_POINT('Ctrl Pts',(16.3974122362864,11.4701170182848,-11.1265120697709));
#4846=CARTESIAN_POINT('Ctrl Pts',(16.4120489058266,11.1887146043276,-10.5464586545977));
#4847=CARTESIAN_POINT('Ctrl Pts',(16.3428278617057,9.96422360323227,-9.740868011749));
#4848=CARTESIAN_POINT('Ctrl Pts',(16.2209629990725,8.84003608750921,-9.500496113108));
#4849=CARTESIAN_POINT('Ctrl Pts',(16.1250407702895,8.00458700946634,-9.50000180431082));
#4850=CARTESIAN_POINT('Ctrl Pts',(16.1247783907547,8.00229406920737,-9.5));
#4851=CARTESIAN_POINT('Ctrl Pts',(16.1245154965971,8.00000000000001,-9.5));
#4852=CARTESIAN_POINT('Ctrl Pts',(16.,12.,-11.5));
#4853=CARTESIAN_POINT('Ctrl Pts',(16.,12.,-11.0523349593864));
#4854=CARTESIAN_POINT('Ctrl Pts',(16.0089220690747,11.592961859545,-10.3868455319278));
#4855=CARTESIAN_POINT('Ctrl Pts',(16.0529046331694,10.1357813352328,-9.66939745738615));
#4856=CARTESIAN_POINT('Ctrl Pts',(16.0979410354788,8.91579608541608,-9.50062831513267));
#4857=CARTESIAN_POINT('Ctrl Pts',(16.1243713300353,8.00500299350122,-9.50000077136055));
#4858=CARTESIAN_POINT('Ctrl Pts',(16.1244433295727,8.0025018653312,-9.5));
#4859=CARTESIAN_POINT('Ctrl Pts',(16.1245154965971,8.00000000000001,-9.5));
#4860=CARTESIAN_POINT('Ctrl Pts',(16.,12.,-11.5));
#4861=CARTESIAN_POINT('Ctrl Pts',(16.,12.,-11.0523349593864));
#4862=CARTESIAN_POINT('Ctrl Pts',(16.0089220690747,11.592961859545,-10.3868455319278));
#4863=CARTESIAN_POINT('Ctrl Pts',(16.0529046331694,10.1357813352328,-9.66939745738615));
#4864=CARTESIAN_POINT('Ctrl Pts',(16.0979410354788,8.91579608541608,-9.50062831513267));
#4865=CARTESIAN_POINT('Ctrl Pts',(16.1243713300353,8.00500299350122,-9.50000077136055));
#4866=CARTESIAN_POINT('Ctrl Pts',(16.1244433295727,8.0025018653312,-9.5));
#4867=CARTESIAN_POINT('Ctrl Pts',(16.1245154965971,8.00000000000001,-9.5));
#4868=CARTESIAN_POINT('Ctrl Pts',(16.1245154965971,8.00000000000001,-9.5));
#4869=CARTESIAN_POINT('Ctrl Pts',(16.1267887578465,8.00104729246438,-9.5));
#4870=CARTESIAN_POINT('Ctrl Pts',(16.1290616699764,8.00209485937401,-9.50000077136055));
#4871=CARTESIAN_POINT('Ctrl Pts',(16.9568731061856,8.38351725146687,-9.50062831513267));
#4872=CARTESIAN_POINT('Ctrl Pts',(18.1300536221509,8.9707189124944,-9.66939745738629));
#4873=CARTESIAN_POINT('Ctrl Pts',(19.5827281421162,9.75787386936298,-10.3868455319278));
#4874=CARTESIAN_POINT('Ctrl Pts',(20.,10.,-11.0523349593868));
#4875=CARTESIAN_POINT('Ctrl Pts',(20.,10.,-11.5));
#4876=CARTESIAN_POINT('Origin',(0.,5.55111512312578E-16,-11.5));
#4877=CARTESIAN_POINT('Origin',(0.,5.55111512312578E-16,-11.5));
#4878=CARTESIAN_POINT('Origin',(0.,5.55111512312578E-16,-12.));
#4879=CARTESIAN_POINT('Origin',(30.,5.,-11.5));
#4880=CARTESIAN_POINT('',(35.,5.,-11.5));
#4881=CARTESIAN_POINT('Origin',(33.,5.,-11.5));
#4882=CARTESIAN_POINT('',(30.,10.,-11.5));
#4883=CARTESIAN_POINT('Origin',(30.,5.,-11.5));
#4884=CARTESIAN_POINT('Origin',(30.,8.,-11.5));
#4885=CARTESIAN_POINT('Origin',(30.,5.,-12.));
#4886=CARTESIAN_POINT('',(30.,10.,-12.));
#4887=CARTESIAN_POINT('',(35.,5.,-12.));
#4888=CARTESIAN_POINT('Origin',(33.,-5.,-11.5));
#4889=CARTESIAN_POINT('Ctrl Pts',(33.,-4.33012720819235,-9.5));
#4890=CARTESIAN_POINT('Ctrl Pts',(33.0014730054039,-4.32587500809658,-9.5));
#4891=CARTESIAN_POINT('Ctrl Pts',(33.0029440739745,-4.32162213563933,-9.50000162730663));
#4892=CARTESIAN_POINT('Ctrl Pts',(33.2292579324376,-3.66637968078091,-9.50050101290968));
#4893=CARTESIAN_POINT('Ctrl Pts',(33.4087278256744,-2.99960059101067,-9.53781197942938));
#4894=CARTESIAN_POINT('Ctrl Pts',(33.6761797771937,-1.55678873805014,-9.61209715614743));
#4895=CARTESIAN_POINT('Ctrl Pts',(33.7500000745058,-0.784844829084808,-9.64595040836516));
#4896=CARTESIAN_POINT('Ctrl Pts',(33.7500000745058,0.784844829084811,-9.64595040836516));
#4897=CARTESIAN_POINT('Ctrl Pts',(33.6761797771937,1.55678873805015,-9.61209715614743));
#4898=CARTESIAN_POINT('Ctrl Pts',(33.4087278256744,2.99960059101068,-9.53781197942938));
#4899=CARTESIAN_POINT('Ctrl Pts',(33.2292579324376,3.66637968078091,-9.50050101290968));
#4900=CARTESIAN_POINT('Ctrl Pts',(33.0029440739733,4.32162213564266,-9.50000162730663));
#4901=CARTESIAN_POINT('Ctrl Pts',(33.001473005405,4.32587500809325,-9.5));
#4902=CARTESIAN_POINT('Ctrl Pts',(33.,4.33012720819235,-9.5));
#4903=CARTESIAN_POINT('',(35.,-5.,-11.5));
#4904=CARTESIAN_POINT('Origin',(33.,-5.,-11.5));
#4905=CARTESIAN_POINT('',(35.,-5.,-11.5));
#4906=CARTESIAN_POINT('Origin',(17.5,8.00000000000001,-11.5));
#4907=CARTESIAN_POINT('',(17.5,10.,-11.5));
#4908=CARTESIAN_POINT('Origin',(30.,-5.,-11.5));
#4909=CARTESIAN_POINT('',(30.,-10.,-11.5));
#4910=CARTESIAN_POINT('Origin',(30.,-7.99999999999999,-11.5));
#4911=CARTESIAN_POINT('Origin',(30.,-5.,-11.5));
#4912=CARTESIAN_POINT('Origin',(30.,-5.,-12.));
#4913=CARTESIAN_POINT('',(35.,-5.,-12.));
#4914=CARTESIAN_POINT('',(30.,-10.,-12.));
#4915=CARTESIAN_POINT('Origin',(35.,-10.,-12.));
#4916=CARTESIAN_POINT('Ctrl Pts',(16.1245154965971,-8.,-9.5));
#4917=CARTESIAN_POINT('Ctrl Pts',(16.1267900844227,-8.00104790361752,-9.5));
#4918=CARTESIAN_POINT('Ctrl Pts',(16.1290643180617,-8.00209607896732,-9.50000107882794));
#4919=CARTESIAN_POINT('Ctrl Pts',(16.9568779469102,-8.38351981077657,-9.50046902129751));
#4920=CARTESIAN_POINT('Ctrl Pts',(18.1288109901216,-8.96980399842136,-9.6702778496374));
#4921=CARTESIAN_POINT('Ctrl Pts',(19.5831041581442,-9.75819651435294,-10.3847998243097));
#4922=CARTESIAN_POINT('Ctrl Pts',(20.,-10.,-11.0523354070001));
#4923=CARTESIAN_POINT('Ctrl Pts',(20.,-10.,-11.5));
#4924=CARTESIAN_POINT('Ctrl Pts',(16.1245154965971,-8.,-9.5));
#4925=CARTESIAN_POINT('Ctrl Pts',(16.1260104971177,-8.00154248608824,-9.50002255878015));
#4926=CARTESIAN_POINT('Ctrl Pts',(16.1274958529429,-8.00305210920412,-9.49998348691459));
#4927=CARTESIAN_POINT('Ctrl Pts',(16.6724774627746,-8.56723045346349,-9.49822045487861));
#4928=CARTESIAN_POINT('Ctrl Pts',(17.4275783116389,-9.3381905840783,-9.84057936265466));
#4929=CARTESIAN_POINT('Ctrl Pts',(18.2638349678803,-9.97538532806438,-10.7589902726628));
#4930=CARTESIAN_POINT('Ctrl Pts',(18.4509895279939,-9.99289713568223,-11.2429125723269));
#4931=CARTESIAN_POINT('Ctrl Pts',(18.4545079699973,-10.,-11.5));
#4932=CARTESIAN_POINT('Ctrl Pts',(16.1245154965971,-8.,-9.5));
#4933=CARTESIAN_POINT('Ctrl Pts',(16.1252372150468,-8.00202404778084,-9.50002255878015));
#4934=CARTESIAN_POINT('Ctrl Pts',(16.1259202835002,-8.00402713296598,-9.49998348691459));
#4935=CARTESIAN_POINT('Ctrl Pts',(16.3897999801076,-8.74244142724292,-9.49822045487828));
#4936=CARTESIAN_POINT('Ctrl Pts',(16.7282351768354,-9.7324270390037,-9.84057936265449));
#4937=CARTESIAN_POINT('Ctrl Pts',(16.9501371096097,-10.6505246444095,-10.7589902726628));
#4938=CARTESIAN_POINT('Ctrl Pts',(16.9244225463695,-10.7573422492945,-11.2429125723265));
#4939=CARTESIAN_POINT('Ctrl Pts',(16.9272952180016,-10.7636063759978,-11.5));
#4940=CARTESIAN_POINT('Ctrl Pts',(16.1245154965971,-8.,-9.5));
#4941=CARTESIAN_POINT('Ctrl Pts',(16.1244432874616,-8.00250332530964,-9.5));
#4942=CARTESIAN_POINT('Ctrl Pts',(16.1243712633659,-8.00500592631363,-9.50000107882794));
#4943=CARTESIAN_POINT('Ctrl Pts',(16.0979317770313,-8.91579157275124,-9.50046902129718));
#4944=CARTESIAN_POINT('Ctrl Pts',(16.0528841162862,-10.1347361051351,-9.67027784963723));
#4945=CARTESIAN_POINT('Ctrl Pts',(16.0088675322477,-11.5931678935309,-10.3847998243096));
#4946=CARTESIAN_POINT('Ctrl Pts',(16.,-12.,-11.0523354069997));
#4947=CARTESIAN_POINT('Ctrl Pts',(16.,-12.,-11.5));
#4948=CARTESIAN_POINT('',(20.,-10.,-11.5));
#4949=CARTESIAN_POINT('Origin',(20.,-15.,-11.5));
#4950=CARTESIAN_POINT('Ctrl Pts',(20.,-10.,-11.5));
#4951=CARTESIAN_POINT('Ctrl Pts',(20.,-10.,-11.0523354070001));
#4952=CARTESIAN_POINT('Ctrl Pts',(19.5831041581442,-9.75819651435294,-10.3847998243097));
#4953=CARTESIAN_POINT('Ctrl Pts',(18.1288109901216,-8.96980399842136,-9.6702778496374));
#4954=CARTESIAN_POINT('Ctrl Pts',(16.9568779469102,-8.38351981077657,-9.50046902129751));
#4955=CARTESIAN_POINT('Ctrl Pts',(16.1290643180617,-8.00209607896732,-9.50000107882794));
#4956=CARTESIAN_POINT('Ctrl Pts',(16.1267900844227,-8.00104790361752,-9.5));
#4957=CARTESIAN_POINT('Ctrl Pts',(16.1245154965971,-8.,-9.5));
#4958=CARTESIAN_POINT('Origin',(20.,-15.,-12.));
#4959=CARTESIAN_POINT('',(16.,-12.,-12.));
#4960=CARTESIAN_POINT('',(20.,-10.,-12.));
#4961=CARTESIAN_POINT('Origin',(0.,5.55111512312578E-16,-12.));
#4962=CARTESIAN_POINT('Origin',(8.66025403784438,-8.,-11.5));
#4963=CARTESIAN_POINT('',(8.66025403784438,-10.,-11.5));
#4964=CARTESIAN_POINT('Origin',(-27.5000001490116,2.29481944064131E-15,
-11.5));
#4965=CARTESIAN_POINT('',(-32.5000001490116,2.90714284021499E-15,-11.5));
#4966=CARTESIAN_POINT('Origin',(-27.5000001490116,2.29481944064131E-15,
-11.5));
#4967=CARTESIAN_POINT('Origin',(-34.5000001490116,1.43756668123816E-15,
-11.5));
#4968=CARTESIAN_POINT('Origin',(-27.5000001490116,2.29481944064131E-15,
-12.));
#4969=CARTESIAN_POINT('',(-32.5000001490116,2.90714284021499E-15,-13.));
#4970=CARTESIAN_POINT('',(-32.5000001490116,1.68249604106763E-15,-12.));
#4971=CARTESIAN_POINT('Origin',(-27.5000001490116,2.29481944064131E-15,
-13.));
#4972=CARTESIAN_POINT('Origin',(27.5000001490116,2.22044604925031E-15,-11.5));
#4973=CARTESIAN_POINT('',(22.5000001490116,2.83276944882399E-15,-11.5));
#4974=CARTESIAN_POINT('Origin',(27.5000001490116,2.22044604925031E-15,-11.5));
#4975=CARTESIAN_POINT('Origin',(20.5000001490116,1.36319328984717E-15,-11.5));
#4976=CARTESIAN_POINT('Origin',(27.5000001490116,2.22044604925031E-15,-12.));
#4977=CARTESIAN_POINT('',(22.5000001490116,2.83276944882399E-15,-13.));
#4978=CARTESIAN_POINT('',(22.5000001490116,1.60812264967664E-15,-12.));
#4979=CARTESIAN_POINT('Origin',(27.5000001490116,2.22044604925031E-15,-13.));
#4980=CARTESIAN_POINT('Origin',(-8.66025403784438,8.00000000000001,-11.5));
#4981=CARTESIAN_POINT('Origin',(35.,10.,-12.));
#4982=CARTESIAN_POINT('Origin',(0.,0.,-13.));
#4983=CARTESIAN_POINT('',(-30.0000001490116,2.60098114042815E-15,-13.));
#4984=CARTESIAN_POINT('Origin',(-27.5000001490116,2.29481944064131E-15,
-13.));
#4985=CARTESIAN_POINT('Origin',(0.,0.,-13.));
#4986=CARTESIAN_POINT('',(25.0000001490116,2.52660774903715E-15,-13.));
#4987=CARTESIAN_POINT('Origin',(27.5000001490116,2.22044604925031E-15,-13.));
#4988=CARTESIAN_POINT('Origin',(0.,0.,-12.));
#4989=CARTESIAN_POINT('Origin',(27.5000001490116,2.22044604925031E-15,-12.));
#4990=CARTESIAN_POINT('',(25.0000001490116,2.52660774903715E-15,-12.));
#4991=CARTESIAN_POINT('Origin',(-27.5000001490116,2.29481944064131E-15,
-12.));
#4992=CARTESIAN_POINT('',(-30.0000001490116,2.60098114042815E-15,-12.));
#4993=CARTESIAN_POINT('Origin',(0.,5.55111512312578E-16,-12.));
#4994=CARTESIAN_POINT('',(-17.6,-1.60026685418676E-15,-12.));
#4995=CARTESIAN_POINT('Origin',(17.3205080756888,-10.,-12.));
#4996=UNCERTAINTY_MEASURE_WITH_UNIT(LENGTH_MEASURE(0.01),#5000,
'DISTANCE_ACCURACY_VALUE',
'Maximum model space distance between geometric entities at asserted c
onnectivities');
#4997=UNCERTAINTY_MEASURE_WITH_UNIT(LENGTH_MEASURE(0.01),#5000,
'DISTANCE_ACCURACY_VALUE',
'Maximum model space distance between geometric entities at asserted c
onnectivities');
#4998=(
GEOMETRIC_REPRESENTATION_CONTEXT(3)
GLOBAL_UNCERTAINTY_ASSIGNED_CONTEXT((#4996))
GLOBAL_UNIT_ASSIGNED_CONTEXT((#5000,#5002,#5003))
REPRESENTATION_CONTEXT('','3D')
);
#4999=(
GEOMETRIC_REPRESENTATION_CONTEXT(3)
GLOBAL_UNCERTAINTY_ASSIGNED_CONTEXT((#4997))
GLOBAL_UNIT_ASSIGNED_CONTEXT((#5000,#5002,#5003))
REPRESENTATION_CONTEXT('','3D')
);
#5000=(
LENGTH_UNIT()
NAMED_UNIT(*)
SI_UNIT(.MILLI.,.METRE.)
);
#5001=(
LENGTH_UNIT()
NAMED_UNIT(*)
SI_UNIT($,.METRE.)
);
#5002=(
NAMED_UNIT(*)
PLANE_ANGLE_UNIT()
SI_UNIT($,.RADIAN.)
);
#5003=(
NAMED_UNIT(*)
SI_UNIT($,.STERADIAN.)
SOLID_ANGLE_UNIT()
);
#5004=SHAPE_DEFINITION_REPRESENTATION(#5005,#5006);
#5005=PRODUCT_DEFINITION_SHAPE('',$,#5008);
#5006=SHAPE_REPRESENTATION('',(#1273),#4998);
#5007=PRODUCT_DEFINITION_CONTEXT('part definition',#5012,'design');
#5008=PRODUCT_DEFINITION('Spool Holder Base','Spool Holder Base v9',#5009,
#5007);
#5009=PRODUCT_DEFINITION_FORMATION('',$,#5014);
#5010=PRODUCT_RELATED_PRODUCT_CATEGORY('Spool Holder Base v9',
'Spool Holder Base v9',(#5014));
#5011=APPLICATION_PROTOCOL_DEFINITION('international standard',
'automotive_design',2009,#5012);
#5012=APPLICATION_CONTEXT(
'Core Data for Automotive Mechanical Design Process');
#5013=PRODUCT_CONTEXT('part definition',#5012,'mechanical');
#5014=PRODUCT('Spool Holder Base','Spool Holder Base v9',$,(#5013));
#5015=PRESENTATION_STYLE_ASSIGNMENT((#5017));
#5016=PRESENTATION_STYLE_ASSIGNMENT((#5018));
#5017=SURFACE_STYLE_USAGE(.BOTH.,#5019);
#5018=SURFACE_STYLE_USAGE(.BOTH.,#5020);
#5019=SURFACE_SIDE_STYLE('',(#5021));
#5020=SURFACE_SIDE_STYLE('',(#5022));
#5021=SURFACE_STYLE_FILL_AREA(#5023);
#5022=SURFACE_STYLE_FILL_AREA(#5024);
#5023=FILL_AREA_STYLE('Steel - Satin',(#5025));
#5024=FILL_AREA_STYLE('ABS (Red)',(#5026));
#5025=FILL_AREA_STYLE_COLOUR('Steel - Satin',#5027);
#5026=FILL_AREA_STYLE_COLOUR('ABS (Red)',#5028);
#5027=COLOUR_RGB('Steel - Satin',0.627450980392157,0.627450980392157,0.627450980392157);
#5028=COLOUR_RGB('ABS (Red)',1.,0.,0.);
ENDSEC;
END-ISO-10303-21;
