ISO-10303-21;
HEADER;
/* Generated by software containing ST-Developer
 * from STEP Tools, Inc. (www.steptools.com) 
 */

FILE_DESCRIPTION(
/* description */ (''),
/* implementation_level */ '2;1');

FILE_NAME(
/* name */ 'Spool Clamp Adjuster.step',
/* time_stamp */ '2026-08-01T11:42:21-07:00',
/* author */ (''),
/* organization */ (''),
/* preprocessor_version */ 'ST-DEVELOPER v20.1',
/* originating_system */ 'Autodesk Translation Framework v15.8.0.0',
/* authorisation */ '');

FILE_SCHEMA (('AUTOMOTIVE_DESIGN { 1 0 10303 214 3 1 1 }'));
ENDSEC;

DATA;
#10=MECHANICAL_DESIGN_GEOMETRIC_PRESENTATION_REPRESENTATION('',(#13),#4707);
#11=SHAPE_REPRESENTATION_RELATIONSHIP('SRR','None',#4714,#12);
#12=ADVANCED_BREP_SHAPE_REPRESENTATION('',(#14),#4706);
#13=STYLED_ITEM('',(#4723),#14);
#14=MANIFOLD_SOLID_BREP('Body1',#1177);
#15=B_SPLINE_SURFACE_WITH_KNOTS('',3,3,((#3303,#3304,#3305,#3306,#3307,
#3308,#3309,#3310,#3311,#3312,#3313,#3314,#3315,#3316,#3317,#3318,#3319,
#3320,#3321,#3322,#3323,#3324,#3325,#3326,#3327,#3328,#3329,#3330,#3331,
#3332,#3333,#3334,#3335,#3336,#3337,#3338,#3339,#3340,#3341,#3342,#3343,
#3344,#3345,#3346,#3347,#3348,#3349,#3350,#3351,#3352,#3353,#3354,#3355,
#3356,#3357,#3358,#3359,#3360,#3361,#3362,#3363,#3364,#3365,#3366,#3367,
#3368,#3369,#3370,#3371,#3372,#3373,#3374,#3375,#3376,#3377,#3378,#3379,
#3380,#3381,#3382,#3383,#3384,#3385,#3386,#3387,#3388,#3389,#3390,#3391,
#3392,#3393,#3394,#3395,#3396,#3397,#3398,#3399,#3400,#3401,#3402,#3403,
#3404,#3405,#3406,#3407,#3408,#3409,#3410,#3411,#3412,#3413,#3414,#3415,
#3416,#3417,#3418,#3419,#3420,#3421,#3422,#3423,#3424,#3425,#3426,#3427,
#3428,#3429,#3430,#3431,#3432,#3433,#3434,#3435),(#3436,#3437,#3438,#3439,
#3440,#3441,#3442,#3443,#3444,#3445,#3446,#3447,#3448,#3449,#3450,#3451,
#3452,#3453,#3454,#3455,#3456,#3457,#3458,#3459,#3460,#3461,#3462,#3463,
#3464,#3465,#3466,#3467,#3468,#3469,#3470,#3471,#3472,#3473,#3474,#3475,
#3476,#3477,#3478,#3479,#3480,#3481,#3482,#3483,#3484,#3485,#3486,#3487,
#3488,#3489,#3490,#3491,#3492,#3493,#3494,#3495,#3496,#3497,#3498,#3499,
#3500,#3501,#3502,#3503,#3504,#3505,#3506,#3507,#3508,#3509,#3510,#3511,
#3512,#3513,#3514,#3515,#3516,#3517,#3518,#3519,#3520,#3521,#3522,#3523,
#3524,#3525,#3526,#3527,#3528,#3529,#3530,#3531,#3532,#3533,#3534,#3535,
#3536,#3537,#3538,#3539,#3540,#3541,#3542,#3543,#3544,#3545,#3546,#3547,
#3548,#3549,#3550,#3551,#3552,#3553,#3554,#3555,#3556,#3557,#3558,#3559,
#3560,#3561,#3562,#3563,#3564,#3565,#3566,#3567,#3568),(#3569,#3570,#3571,
#3572,#3573,#3574,#3575,#3576,#3577,#3578,#3579,#3580,#3581,#3582,#3583,
#3584,#3585,#3586,#3587,#3588,#3589,#3590,#3591,#3592,#3593,#3594,#3595,
#3596,#3597,#3598,#3599,#3600,#3601,#3602,#3603,#3604,#3605,#3606,#3607,
#3608,#3609,#3610,#3611,#3612,#3613,#3614,#3615,#3616,#3617,#3618,#3619,
#3620,#3621,#3622,#3623,#3624,#3625,#3626,#3627,#3628,#3629,#3630,#3631,
#3632,#3633,#3634,#3635,#3636,#3637,#3638,#3639,#3640,#3641,#3642,#3643,
#3644,#3645,#3646,#3647,#3648,#3649,#3650,#3651,#3652,#3653,#3654,#3655,
#3656,#3657,#3658,#3659,#3660,#3661,#3662,#3663,#3664,#3665,#3666,#3667,
#3668,#3669,#3670,#3671,#3672,#3673,#3674,#3675,#3676,#3677,#3678,#3679,
#3680,#3681,#3682,#3683,#3684,#3685,#3686,#3687,#3688,#3689,#3690,#3691,
#3692,#3693,#3694,#3695,#3696,#3697,#3698,#3699,#3700,#3701),(#3702,#3703,
#3704,#3705,#3706,#3707,#3708,#3709,#3710,#3711,#3712,#3713,#3714,#3715,
#3716,#3717,#3718,#3719,#3720,#3721,#3722,#3723,#3724,#3725,#3726,#3727,
#3728,#3729,#3730,#3731,#3732,#3733,#3734,#3735,#3736,#3737,#3738,#3739,
#3740,#3741,#3742,#3743,#3744,#3745,#3746,#3747,#3748,#3749,#3750,#3751,
#3752,#3753,#3754,#3755,#3756,#3757,#3758,#3759,#3760,#3761,#3762,#3763,
#3764,#3765,#3766,#3767,#3768,#3769,#3770,#3771,#3772,#3773,#3774,#3775,
#3776,#3777,#3778,#3779,#3780,#3781,#3782,#3783,#3784,#3785,#3786,#3787,
#3788,#3789,#3790,#3791,#3792,#3793,#3794,#3795,#3796,#3797,#3798,#3799,
#3800,#3801,#3802,#3803,#3804,#3805,#3806,#3807,#3808,#3809,#3810,#3811,
#3812,#3813,#3814,#3815,#3816,#3817,#3818,#3819,#3820,#3821,#3822,#3823,
#3824,#3825,#3826,#3827,#3828,#3829,#3830,#3831,#3832,#3833,#3834)),
 .UNSPECIFIED.,.F.,.F.,.F.,(4,4),(4,1,1,1,1,1,1,1,1,1,1,1,1,1,1,1,1,1,1,
1,1,1,1,1,1,1,1,1,1,1,1,1,1,1,1,1,1,1,1,1,1,1,1,1,1,1,1,1,1,1,1,1,1,1,1,
1,1,1,1,1,1,1,1,1,1,1,1,1,1,1,1,1,1,1,1,1,1,1,1,1,1,1,1,1,1,1,1,1,1,1,1,
1,1,1,1,1,1,1,1,1,1,1,1,1,1,1,1,1,1,1,1,1,1,1,1,1,1,1,1,1,1,1,1,1,1,1,1,
1,1,1,4),(0.,0.0659911357683743),(8.30294305399047,8.80221248279905,9.30148191160763,
9.80075134041622,10.3000207692248,10.7992901980334,11.298559626842,11.7978290556505,
12.2970984844591,12.7963679132677,13.2956373420763,13.7949067708849,14.2941761996934,
14.793445628502,15.2927150573106,15.7919844861192,16.2912539149278,16.7905233437364,
17.2897927725449,17.7890622013535,18.2883316301621,18.7876010589707,19.2868704877793,
19.7861399165878,20.2854093453964,20.784678774205,21.2839482030136,21.7832176318222,
22.2824870606307,22.7817564894393,23.2810259182479,23.7802953470565,24.2795647758651,
24.7788342046737,25.2781036334822,25.7773730622908,26.2766424910994,26.775911919908,
27.2751813487166,27.7744507775251,28.2737202063337,28.7729896351423,29.2722590639509,
29.7715284927595,30.2707979215681,30.7700673503766,31.2693367791852,31.7686062079938,
32.2678756368024,32.767145065611,33.2664144944195,33.7656839232281,34.2649533520367,
34.7642227808453,35.2634922096539,35.7627616384624,36.262031067271,36.7613004960796,
37.2605699248882,37.7598393536968,38.2591087825054,38.7583782113139,39.2576476401225,
39.7569170689311,40.2561864977397,40.7554559265483,41.2547253553568,41.7539947841654,
42.253264212974,42.7525336417826,43.2518030705912,43.7510724993997,44.2503419282083,
44.7496113570169,45.2488807858255,45.7481502146341,46.2474196434427,46.7466890722512,
47.2459585010598,47.7452279298684,48.244497358677,48.7437667874856,49.2430362162941,
49.7423056451027,50.2415750739113,50.7408445027199,51.2401139315285,51.7393833603371,
52.2386527891456,52.7379222179542,53.2371916467628,53.7364610755714,54.23573050438,
54.7349999331885,55.2342693619971,55.7335387908057,56.2328082196143,56.7320776484229,
57.2313470772314,57.73061650604,58.2298859348486,58.7291553636572,59.2284247924658,
59.7276942212744,60.2269636500829,60.7262330788915,61.2255025077001,61.7247719365087,
62.2240413653173,62.7233107941258,63.2225802229344,63.721849651743,64.2211190805516,
64.7203885093602,65.2196579381688,65.7189273669773,66.2181967957859,66.7174662245945,
67.2167356534031,67.7160050822117,68.2152745110202,68.7145439398288,69.2138133686374,
69.713082797446,70.2123522262546,70.7116216550631,71.2108910838717,71.7101605126803,
72.2094299414889,72.7086993702975,73.2079687991061),.UNSPECIFIED.);
#16=B_SPLINE_SURFACE_WITH_KNOTS('',3,3,((#4018,#4019,#4020,#4021,#4022,
#4023,#4024,#4025,#4026,#4027,#4028,#4029,#4030,#4031,#4032,#4033,#4034,
#4035,#4036,#4037,#4038,#4039,#4040,#4041,#4042,#4043,#4044,#4045,#4046,
#4047,#4048,#4049,#4050,#4051,#4052,#4053,#4054,#4055,#4056,#4057,#4058,
#4059,#4060,#4061,#4062,#4063,#4064,#4065,#4066,#4067,#4068,#4069,#4070,
#4071,#4072,#4073,#4074,#4075,#4076,#4077,#4078,#4079,#4080,#4081,#4082,
#4083,#4084,#4085,#4086,#4087,#4088,#4089,#4090,#4091,#4092,#4093,#4094,
#4095,#4096,#4097,#4098,#4099,#4100,#4101,#4102,#4103,#4104,#4105,#4106,
#4107,#4108,#4109,#4110,#4111,#4112,#4113,#4114,#4115,#4116,#4117,#4118,
#4119,#4120,#4121,#4122,#4123,#4124,#4125,#4126,#4127,#4128,#4129,#4130,
#4131,#4132,#4133,#4134,#4135,#4136,#4137,#4138,#4139,#4140,#4141,#4142,
#4143,#4144,#4145,#4146,#4147,#4148,#4149,#4150),(#4151,#4152,#4153,#4154,
#4155,#4156,#4157,#4158,#4159,#4160,#4161,#4162,#4163,#4164,#4165,#4166,
#4167,#4168,#4169,#4170,#4171,#4172,#4173,#4174,#4175,#4176,#4177,#4178,
#4179,#4180,#4181,#4182,#4183,#4184,#4185,#4186,#4187,#4188,#4189,#4190,
#4191,#4192,#4193,#4194,#4195,#4196,#4197,#4198,#4199,#4200,#4201,#4202,
#4203,#4204,#4205,#4206,#4207,#4208,#4209,#4210,#4211,#4212,#4213,#4214,
#4215,#4216,#4217,#4218,#4219,#4220,#4221,#4222,#4223,#4224,#4225,#4226,
#4227,#4228,#4229,#4230,#4231,#4232,#4233,#4234,#4235,#4236,#4237,#4238,
#4239,#4240,#4241,#4242,#4243,#4244,#4245,#4246,#4247,#4248,#4249,#4250,
#4251,#4252,#4253,#4254,#4255,#4256,#4257,#4258,#4259,#4260,#4261,#4262,
#4263,#4264,#4265,#4266,#4267,#4268,#4269,#4270,#4271,#4272,#4273,#4274,
#4275,#4276,#4277,#4278,#4279,#4280,#4281,#4282,#4283),(#4284,#4285,#4286,
#4287,#4288,#4289,#4290,#4291,#4292,#4293,#4294,#4295,#4296,#4297,#4298,
#4299,#4300,#4301,#4302,#4303,#4304,#4305,#4306,#4307,#4308,#4309,#4310,
#4311,#4312,#4313,#4314,#4315,#4316,#4317,#4318,#4319,#4320,#4321,#4322,
#4323,#4324,#4325,#4326,#4327,#4328,#4329,#4330,#4331,#4332,#4333,#4334,
#4335,#4336,#4337,#4338,#4339,#4340,#4341,#4342,#4343,#4344,#4345,#4346,
#4347,#4348,#4349,#4350,#4351,#4352,#4353,#4354,#4355,#4356,#4357,#4358,
#4359,#4360,#4361,#4362,#4363,#4364,#4365,#4366,#4367,#4368,#4369,#4370,
#4371,#4372,#4373,#4374,#4375,#4376,#4377,#4378,#4379,#4380,#4381,#4382,
#4383,#4384,#4385,#4386,#4387,#4388,#4389,#4390,#4391,#4392,#4393,#4394,
#4395,#4396,#4397,#4398,#4399,#4400,#4401,#4402,#4403,#4404,#4405,#4406,
#4407,#4408,#4409,#4410,#4411,#4412,#4413,#4414,#4415,#4416),(#4417,#4418,
#4419,#4420,#4421,#4422,#4423,#4424,#4425,#4426,#4427,#4428,#4429,#4430,
#4431,#4432,#4433,#4434,#4435,#4436,#4437,#4438,#4439,#4440,#4441,#4442,
#4443,#4444,#4445,#4446,#4447,#4448,#4449,#4450,#4451,#4452,#4453,#4454,
#4455,#4456,#4457,#4458,#4459,#4460,#4461,#4462,#4463,#4464,#4465,#4466,
#4467,#4468,#4469,#4470,#4471,#4472,#4473,#4474,#4475,#4476,#4477,#4478,
#4479,#4480,#4481,#4482,#4483,#4484,#4485,#4486,#4487,#4488,#4489,#4490,
#4491,#4492,#4493,#4494,#4495,#4496,#4497,#4498,#4499,#4500,#4501,#4502,
#4503,#4504,#4505,#4506,#4507,#4508,#4509,#4510,#4511,#4512,#4513,#4514,
#4515,#4516,#4517,#4518,#4519,#4520,#4521,#4522,#4523,#4524,#4525,#4526,
#4527,#4528,#4529,#4530,#4531,#4532,#4533,#4534,#4535,#4536,#4537,#4538,
#4539,#4540,#4541,#4542,#4543,#4544,#4545,#4546,#4547,#4548,#4549)),
 .UNSPECIFIED.,.F.,.F.,.F.,(4,4),(4,1,1,1,1,1,1,1,1,1,1,1,1,1,1,1,1,1,1,
1,1,1,1,1,1,1,1,1,1,1,1,1,1,1,1,1,1,1,1,1,1,1,1,1,1,1,1,1,1,1,1,1,1,1,1,
1,1,1,1,1,1,1,1,1,1,1,1,1,1,1,1,1,1,1,1,1,1,1,1,1,1,1,1,1,1,1,1,1,1,1,1,
1,1,1,1,1,1,1,1,1,1,1,1,1,1,1,1,1,1,1,1,1,1,1,1,1,1,1,1,1,1,1,1,1,1,1,1,
1,1,1,4),(0.,0.0659911357683743),(11.6150328478183,12.1143022766269,12.6135717054354,
13.112841134244,13.6121105630526,14.1113799918612,14.6106494206698,15.1099188494783,
15.6091882782869,16.1084577070955,16.6077271359041,17.1069965647127,17.6062659935213,
18.1055354223298,18.6048048511384,19.104074279947,19.6033437087556,20.1026131375642,
20.6018825663727,21.1011519951813,21.6004214239899,22.0996908527985,22.5989602816071,
23.0982297104157,23.5974991392242,24.0967685680328,24.5960379968414,25.09530742565,
25.5945768544586,26.0938462832671,26.5931157120757,27.0923851408843,27.5916545696929,
28.0909239985015,28.59019342731,29.0894628561186,29.5887322849272,30.0880017137358,
30.5872711425444,31.086540571353,31.5858100001615,32.0850794289701,32.5843488577787,
33.0836182865873,33.5828877153959,34.0821571442044,34.581426573013,35.0806960018216,
35.5799654306302,36.0792348594388,36.5785042882474,37.0777737170559,37.5770431458645,
38.0763125746731,38.5755820034817,39.0748514322903,39.5741208610988,40.0733902899074,
40.572659718716,41.0719291475246,41.5711985763332,42.0704680051417,42.5697374339503,
43.0690068627589,43.5682762915675,44.0675457203761,44.5668151491847,45.0660845779932,
45.5653540068018,46.0646234356104,46.563892864419,47.0631622932276,47.5624317220361,
48.0617011508447,48.5609705796533,49.0602400084619,49.5595094372705,50.0587788660791,
50.5580482948876,51.0573177236962,51.5565871525048,52.0558565813134,52.555126010122,
53.0543954389305,53.5536648677391,54.0529342965477,54.5522037253563,55.0514731541649,
55.5507425829734,56.050012011782,56.5492814405906,57.0485508693992,57.5478202982078,
58.0470897270164,58.5463591558249,59.0456285846335,59.5448980134421,60.0441674422507,
60.5434368710593,61.0427062998678,61.5419757286764,62.041245157485,62.5405145862936,
63.0397840151022,63.5390534439108,64.0383228727193,64.5375923015279,65.0368617303365,
65.5361311591451,66.0354005879537,66.5346700167622,67.0339394455708,67.5332088743794,
68.032478303188,68.5317477319966,69.0310171608051,69.5302865896137,70.0295560184223,
70.5288254472309,71.0280948760395,71.527364304848,72.0266337336566,72.5259031624652,
73.0251725912738,73.5244420200824,74.023711448891,74.5229808776995,75.0222503065081,
75.5215197353167,76.0207891641253,76.5200585929339),.UNSPECIFIED.);
#17=FACE_BOUND('',#194,.T.);
#18=TOROIDAL_SURFACE('',#1286,14.5,2.);
#19=TOROIDAL_SURFACE('',#1294,14.5,2.);
#20=TOROIDAL_SURFACE('',#1304,14.5,2.);
#21=TOROIDAL_SURFACE('',#1313,14.5,2.);
#22=TOROIDAL_SURFACE('',#1318,14.5,2.);
#23=TOROIDAL_SURFACE('',#1320,14.5,2.);
#24=TOROIDAL_SURFACE('',#1322,14.5,2.);
#25=TOROIDAL_SURFACE('',#1324,14.5,2.);
#26=SPHERICAL_SURFACE('',#1278,2.);
#27=SPHERICAL_SURFACE('',#1282,2.);
#28=SPHERICAL_SURFACE('',#1290,2.);
#29=SPHERICAL_SURFACE('',#1297,2.);
#30=SPHERICAL_SURFACE('',#1301,2.);
#31=SPHERICAL_SURFACE('',#1307,2.);
#32=SPHERICAL_SURFACE('',#1310,2.);
#33=SPHERICAL_SURFACE('',#1315,2.);
#34=PLANE('',#1277);
#35=PLANE('',#1330);
#36=PLANE('',#1335);
#37=CONICAL_SURFACE('',#1213,1.25,0.785398163397449);
#38=CONICAL_SURFACE('',#1216,13.25,0.785398163397448);
#39=CONICAL_SURFACE('',#1219,1.25,0.785398163397449);
#40=CONICAL_SURFACE('',#1222,13.25,0.785398163397449);
#41=CONICAL_SURFACE('',#1225,1.25,0.785398163397449);
#42=CONICAL_SURFACE('',#1228,13.25,0.785398163397448);
#43=CONICAL_SURFACE('',#1231,1.25,0.785398163397448);
#44=CONICAL_SURFACE('',#1234,13.25,0.785398163397448);
#45=CONICAL_SURFACE('',#1237,1.25,0.785398163397448);
#46=CONICAL_SURFACE('',#1240,13.25,0.785398163397448);
#47=CONICAL_SURFACE('',#1243,1.25,0.785398163397449);
#48=CONICAL_SURFACE('',#1246,13.25,0.785398163397448);
#49=CONICAL_SURFACE('',#1249,1.25,0.785398163397449);
#50=CONICAL_SURFACE('',#1252,13.25,0.785398163397448);
#51=CONICAL_SURFACE('',#1255,1.25,0.785398163397449);
#52=CONICAL_SURFACE('',#1258,13.25,0.785398163397449);
#53=FACE_OUTER_BOUND('',#128,.T.);
#54=FACE_OUTER_BOUND('',#129,.T.);
#55=FACE_OUTER_BOUND('',#130,.T.);
#56=FACE_OUTER_BOUND('',#131,.T.);
#57=FACE_OUTER_BOUND('',#132,.T.);
#58=FACE_OUTER_BOUND('',#133,.T.);
#59=FACE_OUTER_BOUND('',#134,.T.);
#60=FACE_OUTER_BOUND('',#135,.T.);
#61=FACE_OUTER_BOUND('',#136,.T.);
#62=FACE_OUTER_BOUND('',#137,.T.);
#63=FACE_OUTER_BOUND('',#138,.T.);
#64=FACE_OUTER_BOUND('',#139,.T.);
#65=FACE_OUTER_BOUND('',#140,.T.);
#66=FACE_OUTER_BOUND('',#141,.T.);
#67=FACE_OUTER_BOUND('',#142,.T.);
#68=FACE_OUTER_BOUND('',#143,.T.);
#69=FACE_OUTER_BOUND('',#144,.T.);
#70=FACE_OUTER_BOUND('',#145,.T.);
#71=FACE_OUTER_BOUND('',#146,.T.);
#72=FACE_OUTER_BOUND('',#147,.T.);
#73=FACE_OUTER_BOUND('',#148,.T.);
#74=FACE_OUTER_BOUND('',#149,.T.);
#75=FACE_OUTER_BOUND('',#150,.T.);
#76=FACE_OUTER_BOUND('',#151,.T.);
#77=FACE_OUTER_BOUND('',#152,.T.);
#78=FACE_OUTER_BOUND('',#153,.T.);
#79=FACE_OUTER_BOUND('',#154,.T.);
#80=FACE_OUTER_BOUND('',#155,.T.);
#81=FACE_OUTER_BOUND('',#156,.T.);
#82=FACE_OUTER_BOUND('',#157,.T.);
#83=FACE_OUTER_BOUND('',#158,.T.);
#84=FACE_OUTER_BOUND('',#159,.T.);
#85=FACE_OUTER_BOUND('',#160,.T.);
#86=FACE_OUTER_BOUND('',#161,.T.);
#87=FACE_OUTER_BOUND('',#162,.T.);
#88=FACE_OUTER_BOUND('',#163,.T.);
#89=FACE_OUTER_BOUND('',#164,.T.);
#90=FACE_OUTER_BOUND('',#165,.T.);
#91=FACE_OUTER_BOUND('',#166,.T.);
#92=FACE_OUTER_BOUND('',#167,.T.);
#93=FACE_OUTER_BOUND('',#168,.T.);
#94=FACE_OUTER_BOUND('',#169,.T.);
#95=FACE_OUTER_BOUND('',#170,.T.);
#96=FACE_OUTER_BOUND('',#171,.T.);
#97=FACE_OUTER_BOUND('',#172,.T.);
#98=FACE_OUTER_BOUND('',#173,.T.);
#99=FACE_OUTER_BOUND('',#174,.T.);
#100=FACE_OUTER_BOUND('',#175,.T.);
#101=FACE_OUTER_BOUND('',#176,.T.);
#102=FACE_OUTER_BOUND('',#177,.T.);
#103=FACE_OUTER_BOUND('',#178,.T.);
#104=FACE_OUTER_BOUND('',#179,.T.);
#105=FACE_OUTER_BOUND('',#180,.T.);
#106=FACE_OUTER_BOUND('',#181,.T.);
#107=FACE_OUTER_BOUND('',#182,.T.);
#108=FACE_OUTER_BOUND('',#183,.T.);
#109=FACE_OUTER_BOUND('',#184,.T.);
#110=FACE_OUTER_BOUND('',#185,.T.);
#111=FACE_OUTER_BOUND('',#186,.T.);
#112=FACE_OUTER_BOUND('',#187,.T.);
#113=FACE_OUTER_BOUND('',#188,.T.);
#114=FACE_OUTER_BOUND('',#189,.T.);
#115=FACE_OUTER_BOUND('',#190,.T.);
#116=FACE_OUTER_BOUND('',#191,.T.);
#117=FACE_OUTER_BOUND('',#192,.T.);
#118=FACE_OUTER_BOUND('',#193,.T.);
#119=FACE_OUTER_BOUND('',#195,.T.);
#120=FACE_OUTER_BOUND('',#196,.T.);
#121=FACE_OUTER_BOUND('',#197,.T.);
#122=FACE_OUTER_BOUND('',#198,.T.);
#123=FACE_OUTER_BOUND('',#199,.T.);
#124=FACE_OUTER_BOUND('',#200,.T.);
#125=FACE_OUTER_BOUND('',#201,.T.);
#126=FACE_OUTER_BOUND('',#202,.T.);
#127=FACE_OUTER_BOUND('',#203,.T.);
#128=EDGE_LOOP('',(#712,#713,#714,#715));
#129=EDGE_LOOP('',(#716,#717,#718,#719));
#130=EDGE_LOOP('',(#720,#721,#722,#723));
#131=EDGE_LOOP('',(#724,#725,#726,#727));
#132=EDGE_LOOP('',(#728,#729,#730,#731));
#133=EDGE_LOOP('',(#732,#733,#734,#735));
#134=EDGE_LOOP('',(#736,#737,#738,#739));
#135=EDGE_LOOP('',(#740,#741,#742,#743));
#136=EDGE_LOOP('',(#744,#745,#746,#747));
#137=EDGE_LOOP('',(#748,#749,#750,#751));
#138=EDGE_LOOP('',(#752,#753,#754,#755));
#139=EDGE_LOOP('',(#756,#757,#758,#759));
#140=EDGE_LOOP('',(#760,#761,#762,#763));
#141=EDGE_LOOP('',(#764,#765,#766,#767));
#142=EDGE_LOOP('',(#768,#769,#770,#771));
#143=EDGE_LOOP('',(#772,#773,#774,#775));
#144=EDGE_LOOP('',(#776,#777,#778,#779));
#145=EDGE_LOOP('',(#780,#781,#782,#783));
#146=EDGE_LOOP('',(#784,#785,#786,#787));
#147=EDGE_LOOP('',(#788,#789,#790,#791));
#148=EDGE_LOOP('',(#792,#793,#794,#795));
#149=EDGE_LOOP('',(#796,#797,#798,#799));
#150=EDGE_LOOP('',(#800,#801,#802,#803));
#151=EDGE_LOOP('',(#804,#805,#806,#807));
#152=EDGE_LOOP('',(#808,#809,#810,#811));
#153=EDGE_LOOP('',(#812,#813,#814,#815));
#154=EDGE_LOOP('',(#816,#817,#818,#819));
#155=EDGE_LOOP('',(#820,#821,#822,#823));
#156=EDGE_LOOP('',(#824,#825,#826,#827));
#157=EDGE_LOOP('',(#828,#829,#830,#831));
#158=EDGE_LOOP('',(#832,#833,#834,#835));
#159=EDGE_LOOP('',(#836,#837,#838,#839));
#160=EDGE_LOOP('',(#840,#841,#842,#843));
#161=EDGE_LOOP('',(#844,#845,#846,#847));
#162=EDGE_LOOP('',(#848,#849,#850,#851));
#163=EDGE_LOOP('',(#852,#853,#854,#855));
#164=EDGE_LOOP('',(#856,#857,#858,#859));
#165=EDGE_LOOP('',(#860,#861,#862,#863));
#166=EDGE_LOOP('',(#864,#865,#866,#867));
#167=EDGE_LOOP('',(#868,#869,#870,#871));
#168=EDGE_LOOP('',(#872,#873,#874,#875));
#169=EDGE_LOOP('',(#876,#877,#878,#879));
#170=EDGE_LOOP('',(#880,#881,#882,#883));
#171=EDGE_LOOP('',(#884,#885,#886,#887));
#172=EDGE_LOOP('',(#888,#889,#890,#891,#892,#893,#894,#895,#896,#897,#898,
#899,#900,#901,#902,#903));
#173=EDGE_LOOP('',(#904,#905,#906));
#174=EDGE_LOOP('',(#907,#908,#909));
#175=EDGE_LOOP('',(#910,#911,#912,#913));
#176=EDGE_LOOP('',(#914,#915,#916,#917));
#177=EDGE_LOOP('',(#918,#919,#920));
#178=EDGE_LOOP('',(#921,#922,#923,#924));
#179=EDGE_LOOP('',(#925,#926,#927));
#180=EDGE_LOOP('',(#928,#929,#930));
#181=EDGE_LOOP('',(#931,#932,#933,#934));
#182=EDGE_LOOP('',(#935,#936,#937));
#183=EDGE_LOOP('',(#938,#939,#940));
#184=EDGE_LOOP('',(#941,#942,#943,#944));
#185=EDGE_LOOP('',(#945,#946,#947));
#186=EDGE_LOOP('',(#948,#949,#950,#951));
#187=EDGE_LOOP('',(#952,#953,#954,#955));
#188=EDGE_LOOP('',(#956,#957,#958,#959));
#189=EDGE_LOOP('',(#960,#961,#962,#963));
#190=EDGE_LOOP('',(#964,#965,#966,#967));
#191=EDGE_LOOP('',(#968,#969,#970,#971));
#192=EDGE_LOOP('',(#972,#973,#974,#975));
#193=EDGE_LOOP('',(#976,#977,#978,#979,#980,#981,#982,#983));
#194=EDGE_LOOP('',(#984,#985,#986,#987));
#195=EDGE_LOOP('',(#988,#989,#990,#991,#992,#993,#994,#995,#996,#997,#998,
#999,#1000,#1001,#1002,#1003,#1004,#1005,#1006,#1007,#1008,#1009,#1010,
#1011));
#196=EDGE_LOOP('',(#1012,#1013,#1014,#1015));
#197=EDGE_LOOP('',(#1016,#1017,#1018,#1019,#1020,#1021,#1022,#1023,#1024,
#1025,#1026,#1027,#1028,#1029,#1030,#1031,#1032,#1033,#1034,#1035,#1036,
#1037,#1038,#1039));
#198=EDGE_LOOP('',(#1040,#1041,#1042,#1043));
#199=EDGE_LOOP('',(#1044,#1045,#1046,#1047));
#200=EDGE_LOOP('',(#1048,#1049,#1050,#1051));
#201=EDGE_LOOP('',(#1052,#1053,#1054,#1055));
#202=EDGE_LOOP('',(#1056,#1057,#1058,#1059));
#203=EDGE_LOOP('',(#1060,#1061,#1062,#1063));
#204=CIRCLE('',#1192,7.942);
#205=CIRCLE('',#1203,7.3705);
#206=CIRCLE('',#1214,2.);
#207=CIRCLE('',#1215,0.499999999999997);
#208=CIRCLE('',#1217,14.);
#209=CIRCLE('',#1218,12.5);
#210=CIRCLE('',#1220,2.);
#211=CIRCLE('',#1221,0.499999999999997);
#212=CIRCLE('',#1223,14.);
#213=CIRCLE('',#1224,12.5);
#214=CIRCLE('',#1226,2.);
#215=CIRCLE('',#1227,0.499999999999998);
#216=CIRCLE('',#1229,14.);
#217=CIRCLE('',#1230,12.5);
#218=CIRCLE('',#1232,2.);
#219=CIRCLE('',#1233,0.500000000000002);
#220=CIRCLE('',#1235,14.);
#221=CIRCLE('',#1236,12.5);
#222=CIRCLE('',#1238,2.);
#223=CIRCLE('',#1239,0.500000000000002);
#224=CIRCLE('',#1241,14.);
#225=CIRCLE('',#1242,12.5);
#226=CIRCLE('',#1244,2.);
#227=CIRCLE('',#1245,0.499999999999997);
#228=CIRCLE('',#1247,14.);
#229=CIRCLE('',#1248,12.5);
#230=CIRCLE('',#1250,2.);
#231=CIRCLE('',#1251,0.499999999999998);
#232=CIRCLE('',#1253,14.);
#233=CIRCLE('',#1254,12.5);
#234=CIRCLE('',#1256,2.);
#235=CIRCLE('',#1257,0.499999999999998);
#236=CIRCLE('',#1259,14.);
#237=CIRCLE('',#1260,12.5);
#238=CIRCLE('',#1262,12.5);
#239=CIRCLE('',#1264,2.);
#240=CIRCLE('',#1266,12.5);
#241=CIRCLE('',#1268,2.);
#242=CIRCLE('',#1270,12.5);
#243=CIRCLE('',#1272,2.);
#244=CIRCLE('',#1274,12.5);
#245=CIRCLE('',#1276,2.);
#246=CIRCLE('',#1279,1.99999999999999);
#247=CIRCLE('',#1280,2.);
#248=CIRCLE('',#1281,2.);
#249=CIRCLE('',#1283,2.);
#250=CIRCLE('',#1284,2.);
#251=CIRCLE('',#1285,2.);
#252=CIRCLE('',#1287,14.5);
#253=CIRCLE('',#1288,12.5);
#254=CIRCLE('',#1291,2.);
#255=CIRCLE('',#1292,2.);
#256=CIRCLE('',#1293,2.);
#257=CIRCLE('',#1295,14.5);
#258=CIRCLE('',#1296,12.5);
#259=CIRCLE('',#1298,2.);
#260=CIRCLE('',#1299,2.);
#261=CIRCLE('',#1300,2.);
#262=CIRCLE('',#1302,2.);
#263=CIRCLE('',#1303,2.);
#264=CIRCLE('',#1305,14.5);
#265=CIRCLE('',#1306,12.5);
#266=CIRCLE('',#1308,2.);
#267=CIRCLE('',#1309,2.);
#268=CIRCLE('',#1311,2.);
#269=CIRCLE('',#1312,2.);
#270=CIRCLE('',#1314,14.5);
#271=CIRCLE('',#1316,2.);
#272=CIRCLE('',#1317,2.);
#273=CIRCLE('',#1319,14.5);
#274=CIRCLE('',#1321,14.5);
#275=CIRCLE('',#1323,14.5);
#276=CIRCLE('',#1325,14.5);
#277=CIRCLE('',#1326,12.5);
#278=CIRCLE('',#1331,7.3705);
#279=CIRCLE('',#1334,7.942);
#280=B_SPLINE_CURVE_WITH_KNOTS('',3,(#1698,#1699,#1700,#1701,#1702,#1703,
#1704,#1705,#1706,#1707,#1708,#1709,#1710,#1711,#1712,#1713),
 .UNSPECIFIED.,.F.,.F.,(4,3,3,3,3,4),(-4.09293042013064,-3.99415543046865,
-3.49488600166007,-2.99561657285149,-2.49634714404291,-2.07317267331971),
 .UNSPECIFIED.);
#281=B_SPLINE_CURVE_WITH_KNOTS('',3,(#1716,#1717,#1718,#1719,#1720,#1721,
#1722,#1723,#1724,#1725),.UNSPECIFIED.,.F.,.F.,(4,3,3,4),(0.,0.499269428808579,
0.998538857617161,1.12183490677882),.UNSPECIFIED.);
#282=B_SPLINE_CURVE_WITH_KNOTS('',3,(#1730,#1731,#1732,#1733,#1734,#1735,
#1736,#1737,#1738,#1739,#1740,#1741,#1742,#1743,#1744,#1745,#1746,#1747,
#1748,#1749,#1750,#1751,#1752,#1753,#1754,#1755,#1756,#1757,#1758,#1759,
#1760,#1761,#1762,#1763,#1764,#1765,#1766,#1767,#1768,#1769),
 .UNSPECIFIED.,.F.,.F.,(4,3,3,3,3,3,3,3,3,3,3,3,3,4),(-10.3761157273102,
-9.98538857617163,-9.48611914736305,-8.98684971855447,-8.48758028974589,
-7.98831086093731,-7.48904143212872,-6.98977200332014,-6.49050257451156,
-5.99123314570298,-5.4919637168944,-4.99269428808582,-4.49342485927724,
-4.09293042013064),.UNSPECIFIED.);
#283=B_SPLINE_CURVE_WITH_KNOTS('',3,(#1770,#1771,#1772,#1773,#1774,#1775,
#1776,#1777,#1778,#1779,#1780,#1781,#1782,#1783,#1784,#1785,#1786,#1787,
#1788,#1789,#1790,#1791,#1792,#1793,#1794,#1795,#1796,#1797,#1798,#1799,
#1800,#1801,#1802,#1803,#1804,#1805,#1806,#1807,#1808,#1809),
 .UNSPECIFIED.,.F.,.F.,(4,3,3,3,3,3,3,3,3,3,3,3,3,4),(1.12183490677882,
1.49780828642574,1.99707771523432,2.49634714404291,2.99561657285149,3.49488600166007,
3.99415543046865,4.49342485927723,4.99269428808581,5.4919637168944,5.99123314570298,
6.49050257451156,6.98977200332014,7.40502021395841),.UNSPECIFIED.);
#284=B_SPLINE_CURVE_WITH_KNOTS('',3,(#1814,#1815,#1816,#1817,#1818,#1819,
#1820,#1821,#1822,#1823,#1824,#1825,#1826,#1827,#1828,#1829,#1830,#1831,
#1832,#1833,#1834,#1835,#1836,#1837,#1838,#1839,#1840,#1841,#1842,#1843,
#1844,#1845,#1846,#1847,#1848,#1849,#1850,#1851,#1852,#1853,#1854,#1855,
#1856),.UNSPECIFIED.,.F.,.F.,(4,3,3,3,3,3,3,3,3,3,3,3,3,3,4),(-16.6593010344898,
-16.4758911506832,-15.9766217218746,-15.477352293066,-14.9780828642574,
-14.4788134354489,-13.9795440066403,-13.4802745778317,-12.9810051490231,
-12.4817357202145,-11.982466291406,-11.4831968625974,-10.9839274337888,
-10.4846580049802,-10.3761157273102),.UNSPECIFIED.);
#285=B_SPLINE_CURVE_WITH_KNOTS('',3,(#1857,#1858,#1859,#1860,#1861,#1862,
#1863,#1864,#1865,#1866,#1867,#1868,#1869,#1870,#1871,#1872,#1873,#1874,
#1875,#1876,#1877,#1878,#1879,#1880,#1881,#1882,#1883,#1884,#1885,#1886,
#1887,#1888,#1889,#1890,#1891,#1892,#1893,#1894,#1895,#1896,#1897,#1898,
#1899),.UNSPECIFIED.,.F.,.F.,(4,3,3,3,3,3,3,3,3,3,3,3,3,3,4),(7.40502021395841,
7.48904143212872,7.9883108609373,8.48758028974588,8.98684971855446,9.48611914736304,
9.98538857617163,10.4846580049802,10.9839274337888,11.4831968625974,11.982466291406,
12.4817357202145,12.9810051490231,13.4802745778317,13.688205521138),
 .UNSPECIFIED.);
#286=B_SPLINE_CURVE_WITH_KNOTS('',3,(#1904,#1905,#1906,#1907,#1908,#1909,
#1910,#1911,#1912,#1913,#1914,#1915,#1916,#1917,#1918,#1919,#1920,#1921,
#1922,#1923,#1924,#1925,#1926,#1927,#1928,#1929,#1930,#1931,#1932,#1933,
#1934,#1935,#1936,#1937,#1938,#1939,#1940,#1941,#1942,#1943),
 .UNSPECIFIED.,.F.,.F.,(4,3,3,3,3,3,3,3,3,3,3,3,3,4),(-22.9424863416694,
-22.4671242963862,-21.9678548675776,-21.468585438769,-20.9693160099604,
-20.4700465811518,-19.9707771523433,-19.4715077235347,-18.9722382947261,
-18.4729688659175,-17.9736994371089,-17.4744300083004,-16.9751605794918,
-16.6593010344898),.UNSPECIFIED.);
#287=B_SPLINE_CURVE_WITH_KNOTS('',3,(#1944,#1945,#1946,#1947,#1948,#1949,
#1950,#1951,#1952,#1953,#1954,#1955,#1956,#1957,#1958,#1959,#1960,#1961,
#1962,#1963,#1964,#1965,#1966,#1967,#1968,#1969,#1970,#1971,#1972,#1973,
#1974,#1975,#1976,#1977,#1978,#1979,#1980,#1981,#1982,#1983),
 .UNSPECIFIED.,.F.,.F.,(4,3,3,3,3,3,3,3,3,3,3,3,3,4),(13.688205521138,13.9795440066403,
14.4788134354489,14.9780828642574,15.477352293066,15.9766217218746,16.4758911506832,
16.9751605794918,17.4744300083003,17.9736994371089,18.4729688659175,18.9722382947261,
19.4715077235347,19.9713908283176),.UNSPECIFIED.);
#288=B_SPLINE_CURVE_WITH_KNOTS('',3,(#1988,#1989,#1990,#1991,#1992,#1993,
#1994,#1995,#1996,#1997,#1998,#1999,#2000,#2001,#2002,#2003,#2004,#2005,
#2006,#2007,#2008,#2009,#2010,#2011,#2012,#2013,#2014,#2015,#2016,#2017,
#2018,#2019,#2020,#2021,#2022,#2023,#2024,#2025,#2026,#2027,#2028,#2029,
#2030),.UNSPECIFIED.,.F.,.F.,(4,3,3,3,3,3,3,3,3,3,3,3,3,3,4),(-29.225671648849,
-28.9576268708977,-28.4583574420891,-27.9590880132806,-27.459818584472,
-26.9605491556634,-26.4612797268548,-25.9620102980462,-25.4627408692377,
-24.9634714404291,-24.4642020116205,-23.9649325828119,-23.4656631540033,
-22.9663937251948,-22.9424863416694),.UNSPECIFIED.);
#289=B_SPLINE_CURVE_WITH_KNOTS('',3,(#2031,#2032,#2033,#2034,#2035,#2036,
#2037,#2038,#2039,#2040,#2041,#2042,#2043,#2044,#2045,#2046,#2047,#2048,
#2049,#2050,#2051,#2052,#2053,#2054,#2055,#2056,#2057,#2058,#2059,#2060,
#2061,#2062,#2063,#2064,#2065,#2066,#2067,#2068,#2069,#2070),
 .UNSPECIFIED.,.F.,.F.,(4,3,3,3,3,3,3,3,3,3,3,3,3,4),(19.9713908283176,
20.4700465811518,20.9693160099604,21.468585438769,21.9678548675776,22.4671242963862,
22.9663937251948,23.4656631540033,23.9649325828119,24.4642020116205,24.9634714404291,
25.4627408692377,25.9620102980462,26.2545761354972),.UNSPECIFIED.);
#290=B_SPLINE_CURVE_WITH_KNOTS('',3,(#2075,#2076,#2077,#2078,#2079,#2080,
#2081,#2082,#2083,#2084,#2085,#2086,#2087,#2088,#2089,#2090,#2091,#2092,
#2093,#2094,#2095,#2096,#2097,#2098,#2099,#2100,#2101,#2102,#2103,#2104,
#2105,#2106,#2107,#2108,#2109,#2110,#2111,#2112,#2113,#2114,#2115,#2116,
#2117),.UNSPECIFIED.,.F.,.F.,(4,3,3,3,3,3,3,3,3,3,3,3,3,3,4),(-35.5088569560286,
-35.4481294454093,-34.9488600166007,-34.4495905877921,-33.9503211589835,
-33.451051730175,-32.9517823013664,-32.4525128725578,-31.9532434437492,
-31.4539740149406,-30.9547045861321,-30.4554351573235,-29.9561657285149,
-29.4568962997063,-29.225671648849),.UNSPECIFIED.);
#291=B_SPLINE_CURVE_WITH_KNOTS('',3,(#2118,#2119,#2120,#2121,#2122,#2123,
#2124,#2125,#2126,#2127,#2128,#2129,#2130,#2131,#2132,#2133,#2134,#2135,
#2136,#2137,#2138,#2139,#2140,#2141,#2142,#2143,#2144,#2145,#2146,#2147,
#2148,#2149,#2150,#2151,#2152,#2153,#2154,#2155,#2156,#2157,#2158,#2159,
#2160),.UNSPECIFIED.,.F.,.F.,(4,3,3,3,3,3,3,3,3,3,3,3,3,3,4),(26.2545761354972,
26.4612797268548,26.9605491556634,27.459818584472,27.9590880132806,28.4583574420891,
28.9576268708977,29.4568962997063,29.9561657285149,30.4554351573235,30.9547045861321,
31.4539740149406,31.9532434437492,32.4525128725578,32.5377614426768),
 .UNSPECIFIED.);
#292=B_SPLINE_CURVE_WITH_KNOTS('',3,(#2165,#2166,#2167,#2168,#2169,#2170,
#2171,#2172,#2173,#2174,#2175,#2176,#2177,#2178,#2179,#2180,#2181,#2182,
#2183,#2184,#2185,#2186,#2187,#2188,#2189,#2190,#2191,#2192,#2193,#2194,
#2195,#2196,#2197,#2198,#2199,#2200,#2201,#2202,#2203,#2204),
 .UNSPECIFIED.,.F.,.F.,(4,3,3,3,3,3,3,3,3,3,3,3,3,4),(-41.7920422632082,
-41.4393625911123,-40.9400931623037,-40.4408237334951,-39.9415543046865,
-39.4422848758779,-38.9430154470694,-38.4437460182608,-37.9444765894522,
-37.4452071606436,-36.945937731835,-36.4466683030265,-35.9473988742179,
-35.5088569560286),.UNSPECIFIED.);
#293=B_SPLINE_CURVE_WITH_KNOTS('',3,(#2205,#2206,#2207,#2208,#2209,#2210,
#2211,#2212,#2213,#2214,#2215,#2216,#2217,#2218,#2219,#2220,#2221,#2222,
#2223,#2224,#2225,#2226,#2227,#2228,#2229,#2230,#2231,#2232,#2233,#2234,
#2235,#2236,#2237,#2238,#2239,#2240,#2241,#2242,#2243,#2244),
 .UNSPECIFIED.,.F.,.F.,(4,3,3,3,3,3,3,3,3,3,3,3,3,4),(32.5377614426768,
32.9517823013664,33.451051730175,33.9503211589835,34.4495905877921,34.9488600166007,
35.4481294454093,35.9473988742179,36.4466683030264,36.945937731835,37.4452071606436,
37.9444765894522,38.4437460182608,38.8209467498563),.UNSPECIFIED.);
#294=B_SPLINE_CURVE_WITH_KNOTS('',3,(#2249,#2250,#2251,#2252,#2253,#2254,
#2255,#2256,#2257,#2258,#2259,#2260,#2261,#2262,#2263,#2264,#2265,#2266,
#2267,#2268,#2269,#2270,#2271,#2272,#2273,#2274,#2275,#2276,#2277,#2278,
#2279,#2280,#2281,#2282,#2283,#2284,#2285,#2286,#2287,#2288,#2289,#2290,
#2291),.UNSPECIFIED.,.F.,.F.,(4,3,3,3,3,3,3,3,3,3,3,3,3,3,4),(-48.0752275703878,
-47.9298651656238,-47.4305957368152,-46.9313263080067,-46.4320568791981,
-45.9327874503895,-45.4335180215809,-44.9342485927723,-44.4349791639638,
-43.9357097351552,-43.4364403063466,-42.937170877538,-42.4379014487294,
-41.9386320199208,-41.7920422632082),.UNSPECIFIED.);
#295=B_SPLINE_CURVE_WITH_KNOTS('',3,(#2292,#2293,#2294,#2295,#2296,#2297,
#2298,#2299,#2300,#2301,#2302,#2303,#2304,#2305,#2306,#2307,#2308,#2309,
#2310,#2311,#2312,#2313,#2314,#2315,#2316,#2317,#2318,#2319,#2320,#2321,
#2322,#2323,#2324,#2325,#2326,#2327,#2328,#2329,#2330,#2331,#2332,#2333,
#2334),.UNSPECIFIED.,.F.,.F.,(4,3,3,3,3,3,3,3,3,3,3,3,3,3,4),(38.8209467498563,
38.9430154470694,39.4422848758779,39.9415543046865,40.4408237334951,40.9400931623037,
41.4393625911123,41.9386320199208,42.4379014487294,42.937170877538,43.4364403063466,
43.9357097351552,44.4349791639637,44.9342485927723,45.1041320570359),
 .UNSPECIFIED.);
#296=B_SPLINE_CURVE_WITH_KNOTS('',3,(#2339,#2340,#2341,#2342,#2343,#2344,
#2345,#2346,#2347,#2348,#2349,#2350,#2351,#2352,#2353,#2354,#2355,#2356,
#2357,#2358,#2359,#2360,#2361,#2362,#2363,#2364,#2365,#2366,#2367,#2368,
#2369,#2370,#2371,#2372,#2373,#2374,#2375,#2376,#2377,#2378),
 .UNSPECIFIED.,.F.,.F.,(4,3,3,3,3,3,3,3,3,3,3,3,3,4),(-54.3584128775674,
-53.9210983113268,-53.4218288825182,-52.9225594537096,-52.4232900249011,
-51.9240205960925,-51.4247511672839,-50.9254817384753,-50.4262123096667,
-49.9269428808581,-49.4276734520496,-48.928404023241,-48.4291345944324,
-48.0752275703878),.UNSPECIFIED.);
#297=B_SPLINE_CURVE_WITH_KNOTS('',3,(#2379,#2380,#2381,#2382,#2383,#2384,
#2385,#2386,#2387,#2388,#2389,#2390,#2391,#2392,#2393,#2394,#2395,#2396,
#2397,#2398,#2399,#2400,#2401,#2402,#2403,#2404,#2405,#2406,#2407,#2408,
#2409,#2410,#2411,#2412,#2413,#2414,#2415,#2416,#2417,#2418),
 .UNSPECIFIED.,.F.,.F.,(4,3,3,3,3,3,3,3,3,3,3,3,3,4),(45.1041320570359,
45.4335180215809,45.9327874503895,46.4320568791981,46.9313263080067,47.4305957368152,
47.9298651656238,48.4291345944324,48.928404023241,49.4276734520496,49.9269428808581,
50.4262123096667,50.9254817384753,51.3873173642155),.UNSPECIFIED.);
#298=B_SPLINE_CURVE_WITH_KNOTS('',3,(#2423,#2424,#2425,#2426,#2427,#2428,
#2429,#2430,#2431,#2432,#2433,#2434,#2435,#2436,#2437,#2438,#2439,#2440,
#2441,#2442,#2443,#2444,#2445,#2446,#2447,#2448,#2449,#2450,#2451,#2452,
#2453,#2454,#2455,#2456,#2457,#2458,#2459,#2460,#2461,#2462,#2463,#2464,
#2465),.UNSPECIFIED.,.F.,.F.,(4,3,3,3,3,3,3,3,3,3,3,3,3,3,4),(-60.641598184747,
-60.4116008858384,-59.9123314570298,-59.4130620282212,-58.9137925994126,
-58.414523170604,-57.9152537417954,-57.4159843129869,-56.9167148841783,
-56.4174454553697,-55.9181760265611,-55.4189065977525,-54.919637168944,
-54.4203677401354,-54.3584128775674),.UNSPECIFIED.);
#299=B_SPLINE_CURVE_WITH_KNOTS('',3,(#2466,#2467,#2468,#2469,#2470,#2471,
#2472,#2473,#2474,#2475,#2476,#2477,#2478,#2479,#2480,#2481,#2482,#2483,
#2484,#2485,#2486,#2487,#2488,#2489,#2490,#2491,#2492,#2493,#2494,#2495,
#2496,#2497,#2498,#2499,#2500,#2501,#2502,#2503,#2504,#2505,#2506,#2507,
#2508),.UNSPECIFIED.,.F.,.F.,(4,3,3,3,3,3,3,3,3,3,3,3,3,3,4),(51.3873173642155,
51.4247511672839,51.9240205960925,52.423290024901,52.9225594537096,53.4218288825182,
53.9210983113268,54.4203677401354,54.919637168944,55.4189065977525,55.9181760265611,
56.4174454553697,56.9167148841783,57.4159843129869,57.6705026713951),
 .UNSPECIFIED.);
#300=B_SPLINE_CURVE_WITH_KNOTS('',3,(#2514,#2515,#2516,#2517,#2518,#2519,
#2520,#2521),.UNSPECIFIED.,.F.,.F.,(4,1,1,1,1,4),(72.2566310325652,72.5259031624652,
73.0251725912738,73.5244420200824,74.023711448891,74.4468859196141),
 .UNSPECIFIED.);
#301=B_SPLINE_CURVE_WITH_KNOTS('',3,(#2524,#2525,#2526,#2527,#2528),
 .UNSPECIFIED.,.F.,.F.,(4,1,4),(72.2566310325652,72.7086993702975,73.2079687991061),
 .UNSPECIFIED.);
#302=B_SPLINE_CURVE_WITH_KNOTS('',3,(#2533,#2534,#2535,#2536,#2537,#2538,
#2539,#2540,#2541,#2542,#2543,#2544,#2545,#2546,#2547,#2548,#2549),
 .UNSPECIFIED.,.F.,.F.,(4,1,1,1,1,1,1,1,1,1,1,1,1,1,4),(65.9734457253856,
66.0354005879537,66.5346700167622,67.0339394455708,67.5332088743794,68.032478303188,
68.5317477319966,69.0310171608051,69.5302865896137,70.0295560184223,70.5288254472309,
71.0280948760395,71.527364304848,72.0266337336566,72.2566310325652),
 .UNSPECIFIED.);
#303=B_SPLINE_CURVE_WITH_KNOTS('',3,(#2550,#2551,#2552,#2553,#2554,#2555,
#2556,#2557,#2558,#2559,#2560,#2561,#2562,#2563,#2564,#2565,#2566),
 .UNSPECIFIED.,.F.,.F.,(4,1,1,1,1,1,1,1,1,1,1,1,1,1,4),(65.9734457253856,
66.2181967957859,66.7174662245945,67.2167356534031,67.7160050822117,68.2152745110202,
68.7145439398288,69.2138133686374,69.713082797446,70.2123522262546,70.7116216550631,
71.2108910838717,71.7101605126803,72.2094299414889,72.2566310325652),
 .UNSPECIFIED.);
#304=B_SPLINE_CURVE_WITH_KNOTS('',3,(#2571,#2572,#2573,#2574,#2575,#2576,
#2577,#2578,#2579,#2580,#2581,#2582,#2583,#2584,#2585,#2586),
 .UNSPECIFIED.,.F.,.F.,(4,1,1,1,1,1,1,1,1,1,1,1,1,4),(59.6902604182061,
60.0441674422507,60.5434368710593,61.0427062998678,61.5419757286764,62.041245157485,
62.5405145862936,63.0397840151022,63.5390534439108,64.0383228727193,64.5375923015279,
65.0368617303365,65.5361311591451,65.9734457253856),.UNSPECIFIED.);
#305=B_SPLINE_CURVE_WITH_KNOTS('',3,(#2587,#2588,#2589,#2590,#2591,#2592,
#2593,#2594,#2595,#2596,#2597,#2598,#2599,#2600,#2601,#2602,#2603),
 .UNSPECIFIED.,.F.,.F.,(4,1,1,1,1,1,1,1,1,1,1,1,1,1,4),(59.6902604182061,
59.7276942212744,60.2269636500829,60.7262330788915,61.2255025077001,61.7247719365087,
62.2240413653173,62.7233107941258,63.2225802229344,63.721849651743,64.2211190805516,
64.7203885093602,65.2196579381688,65.7189273669773,65.9734457253856),
 .UNSPECIFIED.);
#306=B_SPLINE_CURVE_WITH_KNOTS('',3,(#2608,#2609,#2610,#2611,#2612,#2613,
#2614,#2615,#2616,#2617,#2618,#2619,#2620,#2621,#2622,#2623,#2624),
 .UNSPECIFIED.,.F.,.F.,(4,1,1,1,1,1,1,1,1,1,1,1,1,1,4),(53.4070751110265,
53.5536648677391,54.0529342965477,54.5522037253563,55.0514731541649,55.5507425829734,
56.050012011782,56.5492814405906,57.0485508693992,57.5478202982078,58.0470897270164,
58.5463591558249,59.0456285846335,59.5448980134421,59.6902604182061),
 .UNSPECIFIED.);
#307=B_SPLINE_CURVE_WITH_KNOTS('',3,(#2625,#2626,#2627,#2628,#2629,#2630,
#2631,#2632,#2633,#2634,#2635,#2636,#2637,#2638,#2639,#2640),
 .UNSPECIFIED.,.F.,.F.,(4,1,1,1,1,1,1,1,1,1,1,1,1,4),(53.4070751110265,
53.7364610755714,54.23573050438,54.7349999331885,55.2342693619971,55.7335387908057,
56.2328082196143,56.7320776484229,57.2313470772314,57.73061650604,58.2298859348486,
58.7291553636572,59.2284247924658,59.6902604182061),.UNSPECIFIED.);
#308=B_SPLINE_CURVE_WITH_KNOTS('',3,(#2645,#2646,#2647,#2648,#2649,#2650,
#2651,#2652,#2653,#2654,#2655,#2656,#2657,#2658,#2659,#2660),
 .UNSPECIFIED.,.F.,.F.,(4,1,1,1,1,1,1,1,1,1,1,1,1,4),(47.1238898038469,
47.5624317220361,48.0617011508447,48.5609705796533,49.0602400084619,49.5595094372705,
50.0587788660791,50.5580482948876,51.0573177236962,51.5565871525048,52.0558565813134,
52.555126010122,53.0543954389305,53.4070751110265),.UNSPECIFIED.);
#309=B_SPLINE_CURVE_WITH_KNOTS('',3,(#2661,#2662,#2663,#2664,#2665,#2666,
#2667,#2668,#2669,#2670,#2671,#2672,#2673,#2674,#2675,#2676,#2677),
 .UNSPECIFIED.,.F.,.F.,(4,1,1,1,1,1,1,1,1,1,1,1,1,1,4),(47.1238898038469,
47.2459585010598,47.7452279298684,48.244497358677,48.7437667874856,49.2430362162941,
49.7423056451027,50.2415750739113,50.7408445027199,51.2401139315285,51.7393833603371,
52.2386527891456,52.7379222179542,53.2371916467628,53.4070751110265),
 .UNSPECIFIED.);
#310=B_SPLINE_CURVE_WITH_KNOTS('',3,(#2682,#2683,#2684,#2685,#2686,#2687,
#2688,#2689,#2690,#2691,#2692,#2693,#2694,#2695,#2696,#2697,#2698),
 .UNSPECIFIED.,.F.,.F.,(4,1,1,1,1,1,1,1,1,1,1,1,1,1,4),(40.8407044966673,
41.0719291475246,41.5711985763332,42.0704680051417,42.5697374339503,43.0690068627589,
43.5682762915675,44.0675457203761,44.5668151491847,45.0660845779932,45.5653540068018,
46.0646234356104,46.563892864419,47.0631622932276,47.1238898038469),
 .UNSPECIFIED.);
#311=B_SPLINE_CURVE_WITH_KNOTS('',3,(#2699,#2700,#2701,#2702,#2703,#2704,
#2705,#2706,#2707,#2708,#2709,#2710,#2711,#2712,#2713,#2714),
 .UNSPECIFIED.,.F.,.F.,(4,1,1,1,1,1,1,1,1,1,1,1,1,4),(40.8407044966673,
41.2547253553568,41.7539947841654,42.253264212974,42.7525336417826,43.2518030705912,
43.7510724993997,44.2503419282083,44.7496113570169,45.2488807858255,45.7481502146341,
46.2474196434427,46.7466890722512,47.1238898038469),.UNSPECIFIED.);
#312=B_SPLINE_CURVE_WITH_KNOTS('',3,(#2719,#2720,#2721,#2722,#2723,#2724,
#2725,#2726,#2727,#2728,#2729,#2730,#2731,#2732,#2733,#2734,#2735),
 .UNSPECIFIED.,.F.,.F.,(4,1,1,1,1,1,1,1,1,1,1,1,1,1,4),(34.5575191894877,
34.581426573013,35.0806960018216,35.5799654306302,36.0792348594388,36.5785042882474,
37.0777737170559,37.5770431458645,38.0763125746731,38.5755820034817,39.0748514322903,
39.5741208610988,40.0733902899074,40.572659718716,40.8407044966673),
 .UNSPECIFIED.);
#313=B_SPLINE_CURVE_WITH_KNOTS('',3,(#2736,#2737,#2738,#2739,#2740,#2741,
#2742,#2743,#2744,#2745,#2746,#2747,#2748,#2749,#2750,#2751,#2752),
 .UNSPECIFIED.,.F.,.F.,(4,1,1,1,1,1,1,1,1,1,1,1,1,1,4),(34.5575191894877,
34.7642227808453,35.2634922096539,35.7627616384624,36.262031067271,36.7613004960796,
37.2605699248882,37.7598393536968,38.2591087825054,38.7583782113139,39.2576476401225,
39.7569170689311,40.2561864977397,40.7554559265483,40.8407044966673),
 .UNSPECIFIED.);
#314=B_SPLINE_CURVE_WITH_KNOTS('',3,(#2757,#2758,#2759,#2760,#2761,#2762,
#2763,#2764,#2765,#2766,#2767,#2768,#2769,#2770,#2771,#2772),
 .UNSPECIFIED.,.F.,.F.,(4,1,1,1,1,1,1,1,1,1,1,1,1,4),(28.2743338823081,
28.59019342731,29.0894628561186,29.5887322849272,30.0880017137358,30.5872711425444,
31.086540571353,31.5858100001615,32.0850794289701,32.5843488577787,33.0836182865873,
33.5828877153959,34.0821571442044,34.5575191894877),.UNSPECIFIED.);
#315=B_SPLINE_CURVE_WITH_KNOTS('',3,(#2773,#2774,#2775,#2776,#2777,#2778,
#2779,#2780,#2781,#2782,#2783,#2784,#2785,#2786,#2787,#2788),
 .UNSPECIFIED.,.F.,.F.,(4,1,1,1,1,1,1,1,1,1,1,1,1,4),(28.2743338823081,
28.7729896351423,29.2722590639509,29.7715284927595,30.2707979215681,30.7700673503766,
31.2693367791852,31.7686062079938,32.2678756368024,32.767145065611,33.2664144944195,
33.7656839232281,34.2649533520367,34.5575191894877),.UNSPECIFIED.);
#316=B_SPLINE_CURVE_WITH_KNOTS('',3,(#2793,#2794,#2795,#2796,#2797,#2798,
#2799,#2800,#2801,#2802,#2803,#2804,#2805,#2806,#2807,#2808,#2809),
 .UNSPECIFIED.,.F.,.F.,(4,1,1,1,1,1,1,1,1,1,1,1,1,1,4),(21.9911485751285,
22.0996908527985,22.5989602816071,23.0982297104157,23.5974991392242,24.0967685680328,
24.5960379968414,25.09530742565,25.5945768544586,26.0938462832671,26.5931157120757,
27.0923851408843,27.5916545696929,28.0909239985015,28.2743338823081),
 .UNSPECIFIED.);
#317=B_SPLINE_CURVE_WITH_KNOTS('',3,(#2810,#2811,#2812,#2813,#2814,#2815,
#2816,#2817,#2818,#2819,#2820,#2821,#2822,#2823,#2824,#2825,#2826),
 .UNSPECIFIED.,.F.,.F.,(4,1,1,1,1,1,1,1,1,1,1,1,1,1,4),(21.9911485751285,
22.2824870606307,22.7817564894393,23.2810259182479,23.7802953470565,24.2795647758651,
24.7788342046737,25.2781036334822,25.7773730622908,26.2766424910994,26.775911919908,
27.2751813487166,27.7744507775251,28.2737202063337,28.2743338823081),
 .UNSPECIFIED.);
#318=B_SPLINE_CURVE_WITH_KNOTS('',3,(#2831,#2832,#2833,#2834,#2835,#2836,
#2837,#2838,#2839,#2840,#2841,#2842,#2843,#2844,#2845,#2846),
 .UNSPECIFIED.,.F.,.F.,(4,1,1,1,1,1,1,1,1,1,1,1,1,4),(15.7079632679489,
16.1084577070955,16.6077271359041,17.1069965647127,17.6062659935213,18.1055354223298,
18.6048048511384,19.104074279947,19.6033437087556,20.1026131375642,20.6018825663727,
21.1011519951813,21.6004214239899,21.9911485751285),.UNSPECIFIED.);
#319=B_SPLINE_CURVE_WITH_KNOTS('',3,(#2847,#2848,#2849,#2850,#2851,#2852,
#2853,#2854,#2855,#2856,#2857,#2858,#2859,#2860,#2861,#2862,#2863),
 .UNSPECIFIED.,.F.,.F.,(4,1,1,1,1,1,1,1,1,1,1,1,1,1,4),(15.7079632679489,
15.7919844861192,16.2912539149278,16.7905233437364,17.2897927725449,17.7890622013535,
18.2883316301621,18.7876010589707,19.2868704877793,19.7861399165878,20.2854093453964,
20.784678774205,21.2839482030136,21.7832176318222,21.9911485751285),
 .UNSPECIFIED.);
#320=B_SPLINE_CURVE_WITH_KNOTS('',3,(#3071,#3072,#3073,#3074,#3075,#3076,
#3077,#3078,#3079,#3080,#3081,#3082,#3083,#3084,#3085,#3086,#3087,#3088,
#3089,#3090,#3091,#3092,#3093,#3094,#3095,#3096,#3097,#3098,#3099,#3100,
#3101,#3102,#3103,#3104,#3105,#3106,#3107,#3108,#3109,#3110,#3111,#3112,
#3113,#3114,#3115,#3116,#3117,#3118,#3119,#3120,#3121,#3122,#3123,#3124,
#3125,#3126,#3127,#3128,#3129,#3130,#3131,#3132,#3133,#3134,#3135,#3136,
#3137,#3138,#3139,#3140,#3141,#3142,#3143,#3144,#3145,#3146,#3147,#3148,
#3149,#3150,#3151,#3152,#3153,#3154,#3155,#3156,#3157,#3158,#3159,#3160,
#3161,#3162,#3163,#3164,#3165,#3166,#3167,#3168,#3169,#3170,#3171,#3172,
#3173,#3174,#3175,#3176,#3177,#3178,#3179,#3180,#3181,#3182,#3183,#3184,
#3185),.UNSPECIFIED.,.F.,.F.,(4,3,3,3,3,3,3,3,3,3,3,3,3,3,3,3,3,3,3,3,3,
3,3,3,3,3,3,3,3,3,3,3,3,3,3,3,3,3,4),(-1.59138152785724,-1.53101236832334,
-1.46835928833804,-1.42714714550485,-1.38729662765393,-1.37813720897711,
-1.3158310509542,-1.25375213055564,-1.1962071381141,-1.18530291979597,-1.17834445984648,
-1.13866214567256,-1.07723441894236,-1.01538446937105,-0.953636935207869,
-0.903313558214265,-0.889656667528832,-0.882239770714098,-0.874613457877254,
-0.813477370666716,-0.752343427233453,-0.691134600749322,-0.630047472415293,
-0.59787954120234,-0.586455038167451,-0.57901542707413,-0.51850574930317,
-0.457968354814441,-0.398056700037659,-0.372704022711665,-0.326116019872707,
-0.305733768630663,-0.295393155051784,-0.284773561244534,-0.225278837192148,
-0.165312748640402,-0.10560227212958,-0.046953181944244,0.),
 .UNSPECIFIED.);
#321=B_SPLINE_CURVE_WITH_KNOTS('',3,(#3188,#3189,#3190,#3191,#3192,#3193,
#3194,#3195,#3196,#3197,#3198,#3199,#3200,#3201,#3202,#3203,#3204,#3205,
#3206,#3207,#3208,#3209,#3210,#3211,#3212,#3213,#3214,#3215,#3216,#3217,
#3218,#3219,#3220,#3221,#3222,#3223,#3224,#3225,#3226,#3227,#3228,#3229,
#3230,#3231,#3232,#3233,#3234,#3235,#3236,#3237,#3238,#3239,#3240,#3241,
#3242,#3243,#3244,#3245,#3246,#3247,#3248,#3249,#3250,#3251,#3252,#3253,
#3254,#3255,#3256,#3257,#3258,#3259,#3260,#3261,#3262,#3263,#3264,#3265,
#3266,#3267,#3268,#3269,#3270,#3271,#3272,#3273,#3274,#3275,#3276,#3277,
#3278,#3279,#3280,#3281,#3282,#3283,#3284,#3285,#3286,#3287,#3288,#3289,
#3290,#3291,#3292,#3293,#3294,#3295,#3296,#3297,#3298,#3299,#3300,#3301,
#3302),.UNSPECIFIED.,.F.,.F.,(4,3,3,3,3,3,3,3,3,3,3,3,3,3,3,3,3,3,3,3,3,
3,3,3,3,3,3,3,3,3,3,3,3,3,3,3,3,3,4),(-1.59387157424169,-1.53753490194851,
-1.47809626761426,-1.43880958555003,-1.41816751753973,-1.40598230513514,
-1.39547666050743,-1.33528406739289,-1.27497256046285,-1.21938768578163,
-1.20986805308879,-1.20218096712304,-1.16380281110042,-1.1038811935145,
-1.04325074869977,-0.98235224347212,-0.932412259409553,-0.917089741398605,
-0.90679773462478,-0.844695020923315,-0.78259230722185,-0.72135945226908,
-0.659869605318076,-0.626706835110665,-0.612061118414976,-0.604928766863682,
-0.543128084661419,-0.4809823718408,-0.419039364448622,-0.394567443658785,
-0.345246513201437,-0.323668606126347,-0.313270121757197,-0.303038526035069,
-0.24132418861852,-0.178604661061691,-0.115816166368451,-0.0537282357137324,
0.),.UNSPECIFIED.);
#322=B_SPLINE_CURVE_WITH_KNOTS('',3,(#3836,#3837,#3838,#3839,#3840,#3841,
#3842,#3843,#3844,#3845,#3846,#3847,#3848,#3849,#3850,#3851,#3852,#3853,
#3854,#3855,#3856,#3857,#3858,#3859,#3860,#3861,#3862,#3863,#3864,#3865,
#3866,#3867,#3868,#3869,#3870,#3871,#3872,#3873,#3874,#3875,#3876,#3877,
#3878,#3879,#3880,#3881,#3882,#3883,#3884,#3885,#3886,#3887,#3888,#3889,
#3890,#3891,#3892,#3893,#3894,#3895,#3896,#3897,#3898,#3899,#3900,#3901,
#3902,#3903,#3904,#3905,#3906,#3907,#3908,#3909,#3910,#3911,#3912,#3913,
#3914,#3915,#3916,#3917,#3918,#3919,#3920,#3921,#3922,#3923,#3924,#3925,
#3926,#3927,#3928,#3929,#3930,#3931,#3932,#3933,#3934,#3935,#3936,#3937,
#3938,#3939,#3940,#3941,#3942,#3943,#3944,#3945,#3946,#3947,#3948,#3949,
#3950,#3951,#3952,#3953,#3954,#3955,#3956),.UNSPECIFIED.,.F.,.F.,(4,3,3,
3,3,3,3,3,3,3,3,3,3,3,3,3,3,3,3,3,3,3,3,3,3,3,3,3,3,3,3,3,3,3,3,3,3,3,3,
3,4),(0.,0.0604919725702734,0.122945687611384,0.185747130449852,0.24836182990479,
0.299821698725902,0.307782722224299,0.314882617208307,0.376959073120934,
0.438864946931,0.454201305189239,0.51635849165884,0.578312884425393,0.599533533979479,
0.609777375055303,0.616873921940184,0.678316469645447,0.739807508042366,
0.800645514345322,0.841179671174346,0.888679715597974,0.903552721165681,
0.911579563514933,0.918576452469008,0.978988844380252,1.03988869369628,
1.10051708598711,1.16084855627524,1.1910142914193,1.20341443067009,1.21292714244701,
1.22118002656337,1.281201381223,1.34151841371007,1.37306255877652,1.39747356979727,
1.4077378046714,1.46760013027408,1.52721676897189,1.5859721259667,1.59387157424173),
 .UNSPECIFIED.);
#323=B_SPLINE_CURVE_WITH_KNOTS('',3,(#3957,#3958,#3959,#3960,#3961,#3962,
#3963,#3964,#3965,#3966,#3967,#3968,#3969,#3970,#3971,#3972,#3973,#3974,
#3975,#3976,#3977,#3978,#3979,#3980,#3981,#3982,#3983,#3984,#3985,#3986,
#3987,#3988,#3989,#3990),.UNSPECIFIED.,.F.,.F.,(4,3,3,3,3,3,3,3,3,3,3,4),
(57.6705026713951,57.9152537417954,58.414523170604,58.9137925994126,59.4130620282212,
59.9123314570298,60.4116008858383,60.9108703146469,61.4101397434555,61.9094091722641,
62.4086786010727,62.8318530717959),.UNSPECIFIED.);
#324=B_SPLINE_CURVE_WITH_KNOTS('',3,(#3991,#3992,#3993,#3994,#3995,#3996,
#3997,#3998,#3999,#4000,#4001,#4002,#4003,#4004),.UNSPECIFIED.,.F.,.F.,
(4,1,1,1,1,1,1,1,1,1,1,4),(10.3761157273102,10.7992901980334,11.298559626842,
11.7978290556505,12.2970984844591,12.7963679132677,13.2956373420763,13.7949067708849,
14.2941761996934,14.793445628502,15.2927150573106,15.7079632679489),
 .UNSPECIFIED.);
#325=B_SPLINE_CURVE_WITH_KNOTS('',3,(#4006,#4007,#4008,#4009,#4010,#4011,
#4012,#4013,#4014,#4015,#4016,#4017),.UNSPECIFIED.,.F.,.F.,(4,1,1,1,1,1,
1,1,1,4),(11.6150328478183,12.1143022766269,12.6135717054354,13.112841134244,
13.6121105630526,14.1113799918612,14.6106494206698,15.1099188494783,15.6091882782869,
15.7079632679489),.UNSPECIFIED.);
#326=B_SPLINE_CURVE_WITH_KNOTS('',3,(#4551,#4552,#4553,#4554,#4555,#4556,
#4557,#4558,#4559,#4560,#4561,#4562,#4563,#4564,#4565,#4566,#4567,#4568,
#4569,#4570,#4571,#4572,#4573,#4574,#4575,#4576,#4577,#4578,#4579,#4580,
#4581,#4582,#4583,#4584,#4585,#4586,#4587,#4588,#4589,#4590,#4591,#4592,
#4593,#4594,#4595,#4596,#4597,#4598,#4599,#4600,#4601,#4602,#4603,#4604,
#4605,#4606,#4607,#4608,#4609,#4610,#4611,#4612,#4613,#4614,#4615,#4616,
#4617,#4618,#4619,#4620,#4621,#4622,#4623,#4624,#4625,#4626,#4627,#4628,
#4629,#4630,#4631,#4632,#4633,#4634,#4635,#4636,#4637,#4638,#4639,#4640,
#4641,#4642,#4643,#4644,#4645,#4646,#4647,#4648,#4649,#4650,#4651,#4652,
#4653,#4654,#4655,#4656,#4657,#4658,#4659,#4660,#4661,#4662,#4663,#4664,
#4665,#4666,#4667,#4668),.UNSPECIFIED.,.F.,.F.,(4,3,3,3,3,3,3,3,3,3,3,3,
3,3,3,3,3,3,3,3,3,3,3,3,3,3,3,3,3,3,3,3,3,3,3,3,3,3,3,4),(0.,0.0562931363431531,
0.115417657378805,0.175183211030492,0.235133429819943,0.283896354739507,
0.290865755567852,0.351122535689105,0.411714480330806,0.430185129498201,
0.490552027233011,0.55109097787746,0.572409116668372,0.581071399285055,
0.588335391006044,0.649169463637275,0.710370730785153,0.77138220726014,
0.810839858595414,0.859234648679946,0.877149016694312,0.886565373089026,
0.947305686746164,1.00997880987754,1.07182897932715,1.13491357929941,1.16645587928554,
1.17816576033307,1.18913443690156,1.19799817927167,1.2594853487398,1.32160156925143,
1.35532406407716,1.3766079440146,1.38612701582289,1.39507022901569,1.45772381938905,
1.52044649272134,1.58263097532321,1.59138152785725),.UNSPECIFIED.);
#327=B_SPLINE_CURVE_WITH_KNOTS('',3,(#4669,#4670,#4671,#4672,#4673,#4674,
#4675,#4676,#4677,#4678,#4679,#4680,#4681,#4682,#4683,#4684,#4685,#4686,
#4687,#4688,#4689,#4690,#4691,#4692,#4693,#4694,#4695,#4696),
 .UNSPECIFIED.,.F.,.F.,(4,3,3,3,3,3,3,3,3,4),(-64.9050257451156,-64.405756316307,
-63.9064868874984,-63.4072174586898,-62.9079480298813,-62.4086786010727,
-61.9094091722641,-61.4101397434555,-60.9108703146469,-60.641598184747),
 .UNSPECIFIED.);
#328=LINE('',#1696,#380);
#329=LINE('',#1729,#381);
#330=LINE('',#1813,#382);
#331=LINE('',#1903,#383);
#332=LINE('',#1987,#384);
#333=LINE('',#2074,#385);
#334=LINE('',#2164,#386);
#335=LINE('',#2248,#387);
#336=LINE('',#2338,#388);
#337=LINE('',#2422,#389);
#338=LINE('',#2512,#390);
#339=LINE('',#2532,#391);
#340=LINE('',#2570,#392);
#341=LINE('',#2607,#393);
#342=LINE('',#2644,#394);
#343=LINE('',#2681,#395);
#344=LINE('',#2718,#396);
#345=LINE('',#2756,#397);
#346=LINE('',#2792,#398);
#347=LINE('',#2830,#399);
#348=LINE('',#2867,#400);
#349=LINE('',#2871,#401);
#350=LINE('',#2877,#402);
#351=LINE('',#2882,#403);
#352=LINE('',#2889,#404);
#353=LINE('',#2894,#405);
#354=LINE('',#2901,#406);
#355=LINE('',#2906,#407);
#356=LINE('',#2913,#408);
#357=LINE('',#2918,#409);
#358=LINE('',#2925,#410);
#359=LINE('',#2930,#411);
#360=LINE('',#2937,#412);
#361=LINE('',#2942,#413);
#362=LINE('',#2949,#414);
#363=LINE('',#2954,#415);
#364=LINE('',#2962,#416);
#365=LINE('',#2965,#417);
#366=LINE('',#2968,#418);
#367=LINE('',#2972,#419);
#368=LINE('',#2976,#420);
#369=LINE('',#2980,#421);
#370=LINE('',#2984,#422);
#371=LINE('',#2988,#423);
#372=LINE('',#2992,#424);
#373=LINE('',#3013,#425);
#374=LINE('',#3014,#426);
#375=LINE('',#3062,#427);
#376=LINE('',#3064,#428);
#377=LINE('',#3065,#429);
#378=LINE('',#3067,#430);
#379=LINE('',#3068,#431);
#380=VECTOR('',#1344,8.);
#381=VECTOR('',#1349,8.);
#382=VECTOR('',#1352,8.);
#383=VECTOR('',#1355,8.);
#384=VECTOR('',#1358,8.);
#385=VECTOR('',#1361,8.);
#386=VECTOR('',#1364,8.);
#387=VECTOR('',#1367,8.);
#388=VECTOR('',#1370,8.);
#389=VECTOR('',#1373,8.);
#390=VECTOR('',#1376,7.3705);
#391=VECTOR('',#1381,7.3705);
#392=VECTOR('',#1384,7.3705);
#393=VECTOR('',#1387,7.3705);
#394=VECTOR('',#1390,7.3705);
#395=VECTOR('',#1393,7.3705);
#396=VECTOR('',#1396,7.3705);
#397=VECTOR('',#1399,7.3705);
#398=VECTOR('',#1402,7.3705);
#399=VECTOR('',#1405,7.3705);
#400=VECTOR('',#1408,10.);
#401=VECTOR('',#1411,10.);
#402=VECTOR('',#1418,10.);
#403=VECTOR('',#1423,10.);
#404=VECTOR('',#1432,10.);
#405=VECTOR('',#1437,10.);
#406=VECTOR('',#1446,10.);
#407=VECTOR('',#1451,10.);
#408=VECTOR('',#1460,10.);
#409=VECTOR('',#1465,10.);
#410=VECTOR('',#1474,10.);
#411=VECTOR('',#1479,10.);
#412=VECTOR('',#1488,10.);
#413=VECTOR('',#1493,10.);
#414=VECTOR('',#1502,10.);
#415=VECTOR('',#1507,10.);
#416=VECTOR('',#1520,10.);
#417=VECTOR('',#1523,10.);
#418=VECTOR('',#1526,10.);
#419=VECTOR('',#1531,10.);
#420=VECTOR('',#1536,10.);
#421=VECTOR('',#1541,10.);
#422=VECTOR('',#1546,10.);
#423=VECTOR('',#1551,10.);
#424=VECTOR('',#1556,10.);
#425=VECTOR('',#1585,10.);
#426=VECTOR('',#1586,10.);
#427=VECTOR('',#1663,10.);
#428=VECTOR('',#1666,10.);
#429=VECTOR('',#1667,10.);
#430=VECTOR('',#1670,10.);
#431=VECTOR('',#1671,10.);
#432=VERTEX_POINT('',#1694);
#433=VERTEX_POINT('',#1695);
#434=VERTEX_POINT('',#1697);
#435=VERTEX_POINT('',#1714);
#436=VERTEX_POINT('',#1727);
#437=VERTEX_POINT('',#1728);
#438=VERTEX_POINT('',#1811);
#439=VERTEX_POINT('',#1812);
#440=VERTEX_POINT('',#1901);
#441=VERTEX_POINT('',#1902);
#442=VERTEX_POINT('',#1985);
#443=VERTEX_POINT('',#1986);
#444=VERTEX_POINT('',#2072);
#445=VERTEX_POINT('',#2073);
#446=VERTEX_POINT('',#2162);
#447=VERTEX_POINT('',#2163);
#448=VERTEX_POINT('',#2246);
#449=VERTEX_POINT('',#2247);
#450=VERTEX_POINT('',#2336);
#451=VERTEX_POINT('',#2337);
#452=VERTEX_POINT('',#2420);
#453=VERTEX_POINT('',#2421);
#454=VERTEX_POINT('',#2510);
#455=VERTEX_POINT('',#2511);
#456=VERTEX_POINT('',#2513);
#457=VERTEX_POINT('',#2522);
#458=VERTEX_POINT('',#2530);
#459=VERTEX_POINT('',#2531);
#460=VERTEX_POINT('',#2568);
#461=VERTEX_POINT('',#2569);
#462=VERTEX_POINT('',#2605);
#463=VERTEX_POINT('',#2606);
#464=VERTEX_POINT('',#2642);
#465=VERTEX_POINT('',#2643);
#466=VERTEX_POINT('',#2679);
#467=VERTEX_POINT('',#2680);
#468=VERTEX_POINT('',#2716);
#469=VERTEX_POINT('',#2717);
#470=VERTEX_POINT('',#2754);
#471=VERTEX_POINT('',#2755);
#472=VERTEX_POINT('',#2790);
#473=VERTEX_POINT('',#2791);
#474=VERTEX_POINT('',#2828);
#475=VERTEX_POINT('',#2829);
#476=VERTEX_POINT('',#2865);
#477=VERTEX_POINT('',#2866);
#478=VERTEX_POINT('',#2868);
#479=VERTEX_POINT('',#2870);
#480=VERTEX_POINT('',#2874);
#481=VERTEX_POINT('',#2876);
#482=VERTEX_POINT('',#2880);
#483=VERTEX_POINT('',#2881);
#484=VERTEX_POINT('',#2886);
#485=VERTEX_POINT('',#2888);
#486=VERTEX_POINT('',#2892);
#487=VERTEX_POINT('',#2893);
#488=VERTEX_POINT('',#2898);
#489=VERTEX_POINT('',#2900);
#490=VERTEX_POINT('',#2904);
#491=VERTEX_POINT('',#2905);
#492=VERTEX_POINT('',#2910);
#493=VERTEX_POINT('',#2912);
#494=VERTEX_POINT('',#2916);
#495=VERTEX_POINT('',#2917);
#496=VERTEX_POINT('',#2922);
#497=VERTEX_POINT('',#2924);
#498=VERTEX_POINT('',#2928);
#499=VERTEX_POINT('',#2929);
#500=VERTEX_POINT('',#2934);
#501=VERTEX_POINT('',#2936);
#502=VERTEX_POINT('',#2940);
#503=VERTEX_POINT('',#2941);
#504=VERTEX_POINT('',#2946);
#505=VERTEX_POINT('',#2948);
#506=VERTEX_POINT('',#2952);
#507=VERTEX_POINT('',#2953);
#508=VERTEX_POINT('',#2961);
#509=VERTEX_POINT('',#2963);
#510=VERTEX_POINT('',#2967);
#511=VERTEX_POINT('',#2971);
#512=VERTEX_POINT('',#2975);
#513=VERTEX_POINT('',#2979);
#514=VERTEX_POINT('',#2983);
#515=VERTEX_POINT('',#2987);
#516=VERTEX_POINT('',#2991);
#517=VERTEX_POINT('',#2996);
#518=VERTEX_POINT('',#2997);
#519=VERTEX_POINT('',#2999);
#520=VERTEX_POINT('',#3003);
#521=VERTEX_POINT('',#3004);
#522=VERTEX_POINT('',#3006);
#523=VERTEX_POINT('',#3016);
#524=VERTEX_POINT('',#3017);
#525=VERTEX_POINT('',#3019);
#526=VERTEX_POINT('',#3026);
#527=VERTEX_POINT('',#3028);
#528=VERTEX_POINT('',#3032);
#529=VERTEX_POINT('',#3039);
#530=VERTEX_POINT('',#3043);
#531=VERTEX_POINT('',#3049);
#532=VERTEX_POINT('',#3070);
#533=VERTEX_POINT('',#3186);
#534=VERTEX_POINT('',#3835);
#535=VERTEX_POINT('',#4550);
#536=EDGE_CURVE('',#432,#433,#328,.T.);
#537=EDGE_CURVE('',#432,#434,#280,.T.);
#538=EDGE_CURVE('',#435,#434,#204,.F.);
#539=EDGE_CURVE('',#435,#433,#281,.T.);
#540=EDGE_CURVE('',#436,#437,#329,.T.);
#541=EDGE_CURVE('',#436,#432,#282,.T.);
#542=EDGE_CURVE('',#433,#437,#283,.T.);
#543=EDGE_CURVE('',#438,#439,#330,.T.);
#544=EDGE_CURVE('',#438,#436,#284,.T.);
#545=EDGE_CURVE('',#437,#439,#285,.T.);
#546=EDGE_CURVE('',#440,#441,#331,.T.);
#547=EDGE_CURVE('',#440,#438,#286,.T.);
#548=EDGE_CURVE('',#439,#441,#287,.T.);
#549=EDGE_CURVE('',#442,#443,#332,.T.);
#550=EDGE_CURVE('',#442,#440,#288,.T.);
#551=EDGE_CURVE('',#441,#443,#289,.T.);
#552=EDGE_CURVE('',#444,#445,#333,.T.);
#553=EDGE_CURVE('',#444,#442,#290,.T.);
#554=EDGE_CURVE('',#443,#445,#291,.T.);
#555=EDGE_CURVE('',#446,#447,#334,.T.);
#556=EDGE_CURVE('',#446,#444,#292,.T.);
#557=EDGE_CURVE('',#445,#447,#293,.T.);
#558=EDGE_CURVE('',#448,#449,#335,.T.);
#559=EDGE_CURVE('',#448,#446,#294,.T.);
#560=EDGE_CURVE('',#447,#449,#295,.T.);
#561=EDGE_CURVE('',#450,#451,#336,.T.);
#562=EDGE_CURVE('',#450,#448,#296,.T.);
#563=EDGE_CURVE('',#449,#451,#297,.T.);
#564=EDGE_CURVE('',#452,#453,#337,.T.);
#565=EDGE_CURVE('',#452,#450,#298,.T.);
#566=EDGE_CURVE('',#451,#453,#299,.T.);
#567=EDGE_CURVE('',#454,#455,#338,.T.);
#568=EDGE_CURVE('',#454,#456,#300,.T.);
#569=EDGE_CURVE('',#457,#456,#205,.T.);
#570=EDGE_CURVE('',#455,#457,#301,.T.);
#571=EDGE_CURVE('',#458,#459,#339,.T.);
#572=EDGE_CURVE('',#458,#454,#302,.T.);
#573=EDGE_CURVE('',#459,#455,#303,.T.);
#574=EDGE_CURVE('',#460,#461,#340,.T.);
#575=EDGE_CURVE('',#460,#458,#304,.T.);
#576=EDGE_CURVE('',#461,#459,#305,.T.);
#577=EDGE_CURVE('',#462,#463,#341,.T.);
#578=EDGE_CURVE('',#462,#460,#306,.T.);
#579=EDGE_CURVE('',#463,#461,#307,.T.);
#580=EDGE_CURVE('',#464,#465,#342,.T.);
#581=EDGE_CURVE('',#464,#462,#308,.T.);
#582=EDGE_CURVE('',#465,#463,#309,.T.);
#583=EDGE_CURVE('',#466,#467,#343,.T.);
#584=EDGE_CURVE('',#466,#464,#310,.T.);
#585=EDGE_CURVE('',#467,#465,#311,.T.);
#586=EDGE_CURVE('',#468,#469,#344,.T.);
#587=EDGE_CURVE('',#468,#466,#312,.T.);
#588=EDGE_CURVE('',#469,#467,#313,.T.);
#589=EDGE_CURVE('',#470,#471,#345,.T.);
#590=EDGE_CURVE('',#470,#468,#314,.T.);
#591=EDGE_CURVE('',#471,#469,#315,.T.);
#592=EDGE_CURVE('',#472,#473,#346,.T.);
#593=EDGE_CURVE('',#472,#470,#316,.T.);
#594=EDGE_CURVE('',#473,#471,#317,.T.);
#595=EDGE_CURVE('',#474,#475,#347,.T.);
#596=EDGE_CURVE('',#474,#472,#318,.T.);
#597=EDGE_CURVE('',#475,#473,#319,.T.);
#598=EDGE_CURVE('',#476,#477,#348,.T.);
#599=EDGE_CURVE('',#477,#478,#206,.T.);
#600=EDGE_CURVE('',#478,#479,#349,.T.);
#601=EDGE_CURVE('',#479,#476,#207,.T.);
#602=EDGE_CURVE('',#476,#480,#208,.T.);
#603=EDGE_CURVE('',#480,#481,#350,.T.);
#604=EDGE_CURVE('',#481,#477,#209,.T.);
#605=EDGE_CURVE('',#482,#483,#351,.T.);
#606=EDGE_CURVE('',#483,#481,#210,.T.);
#607=EDGE_CURVE('',#480,#482,#211,.T.);
#608=EDGE_CURVE('',#482,#484,#212,.T.);
#609=EDGE_CURVE('',#484,#485,#352,.T.);
#610=EDGE_CURVE('',#485,#483,#213,.T.);
#611=EDGE_CURVE('',#486,#487,#353,.T.);
#612=EDGE_CURVE('',#487,#485,#214,.T.);
#613=EDGE_CURVE('',#484,#486,#215,.T.);
#614=EDGE_CURVE('',#486,#488,#216,.T.);
#615=EDGE_CURVE('',#488,#489,#354,.T.);
#616=EDGE_CURVE('',#489,#487,#217,.T.);
#617=EDGE_CURVE('',#490,#491,#355,.T.);
#618=EDGE_CURVE('',#491,#489,#218,.T.);
#619=EDGE_CURVE('',#488,#490,#219,.T.);
#620=EDGE_CURVE('',#490,#492,#220,.T.);
#621=EDGE_CURVE('',#492,#493,#356,.T.);
#622=EDGE_CURVE('',#493,#491,#221,.T.);
#623=EDGE_CURVE('',#494,#495,#357,.T.);
#624=EDGE_CURVE('',#495,#493,#222,.T.);
#625=EDGE_CURVE('',#492,#494,#223,.T.);
#626=EDGE_CURVE('',#494,#496,#224,.T.);
#627=EDGE_CURVE('',#496,#497,#358,.T.);
#628=EDGE_CURVE('',#497,#495,#225,.T.);
#629=EDGE_CURVE('',#498,#499,#359,.T.);
#630=EDGE_CURVE('',#499,#497,#226,.T.);
#631=EDGE_CURVE('',#496,#498,#227,.T.);
#632=EDGE_CURVE('',#498,#500,#228,.T.);
#633=EDGE_CURVE('',#500,#501,#360,.T.);
#634=EDGE_CURVE('',#501,#499,#229,.T.);
#635=EDGE_CURVE('',#502,#503,#361,.T.);
#636=EDGE_CURVE('',#503,#501,#230,.T.);
#637=EDGE_CURVE('',#500,#502,#231,.T.);
#638=EDGE_CURVE('',#502,#504,#232,.T.);
#639=EDGE_CURVE('',#504,#505,#362,.T.);
#640=EDGE_CURVE('',#505,#503,#233,.T.);
#641=EDGE_CURVE('',#506,#507,#363,.T.);
#642=EDGE_CURVE('',#507,#505,#234,.T.);
#643=EDGE_CURVE('',#504,#506,#235,.T.);
#644=EDGE_CURVE('',#506,#479,#236,.T.);
#645=EDGE_CURVE('',#478,#507,#237,.T.);
#646=EDGE_CURVE('',#508,#497,#364,.T.);
#647=EDGE_CURVE('',#509,#508,#238,.T.);
#648=EDGE_CURVE('',#495,#509,#365,.T.);
#649=EDGE_CURVE('',#499,#510,#366,.T.);
#650=EDGE_CURVE('',#510,#508,#239,.F.);
#651=EDGE_CURVE('',#511,#501,#367,.T.);
#652=EDGE_CURVE('',#510,#511,#240,.T.);
#653=EDGE_CURVE('',#503,#512,#368,.T.);
#654=EDGE_CURVE('',#512,#511,#241,.F.);
#655=EDGE_CURVE('',#513,#505,#369,.T.);
#656=EDGE_CURVE('',#512,#513,#242,.T.);
#657=EDGE_CURVE('',#507,#514,#370,.T.);
#658=EDGE_CURVE('',#514,#513,#243,.F.);
#659=EDGE_CURVE('',#515,#478,#371,.T.);
#660=EDGE_CURVE('',#514,#515,#244,.T.);
#661=EDGE_CURVE('',#477,#516,#372,.T.);
#662=EDGE_CURVE('',#516,#515,#245,.F.);
#663=EDGE_CURVE('',#517,#518,#246,.F.);
#664=EDGE_CURVE('',#519,#517,#247,.F.);
#665=EDGE_CURVE('',#518,#519,#248,.F.);
#666=EDGE_CURVE('',#520,#521,#249,.F.);
#667=EDGE_CURVE('',#522,#520,#250,.F.);
#668=EDGE_CURVE('',#521,#522,#251,.F.);
#669=EDGE_CURVE('',#520,#519,#252,.T.);
#670=EDGE_CURVE('',#517,#522,#253,.T.);
#671=EDGE_CURVE('',#491,#521,#373,.T.);
#672=EDGE_CURVE('',#522,#489,#374,.T.);
#673=EDGE_CURVE('',#523,#524,#254,.F.);
#674=EDGE_CURVE('',#525,#523,#255,.F.);
#675=EDGE_CURVE('',#524,#525,#256,.F.);
#676=EDGE_CURVE('',#519,#525,#257,.T.);
#677=EDGE_CURVE('',#523,#518,#258,.T.);
#678=EDGE_CURVE('',#509,#526,#259,.F.);
#679=EDGE_CURVE('',#527,#509,#260,.F.);
#680=EDGE_CURVE('',#526,#527,#261,.F.);
#681=EDGE_CURVE('',#528,#516,#262,.F.);
#682=EDGE_CURVE('',#515,#528,#263,.F.);
#683=EDGE_CURVE('',#525,#528,#264,.T.);
#684=EDGE_CURVE('',#516,#524,#265,.T.);
#685=EDGE_CURVE('',#529,#510,#266,.F.);
#686=EDGE_CURVE('',#508,#529,#267,.F.);
#687=EDGE_CURVE('',#530,#514,#268,.F.);
#688=EDGE_CURVE('',#513,#530,#269,.F.);
#689=EDGE_CURVE('',#528,#530,#270,.T.);
#690=EDGE_CURVE('',#531,#512,#271,.F.);
#691=EDGE_CURVE('',#511,#531,#272,.F.);
#692=EDGE_CURVE('',#530,#531,#273,.T.);
#693=EDGE_CURVE('',#531,#529,#274,.T.);
#694=EDGE_CURVE('',#529,#527,#275,.T.);
#695=EDGE_CURVE('',#527,#520,#276,.T.);
#696=EDGE_CURVE('',#521,#526,#277,.T.);
#697=EDGE_CURVE('',#526,#493,#375,.T.);
#698=EDGE_CURVE('',#483,#523,#376,.T.);
#699=EDGE_CURVE('',#524,#481,#377,.T.);
#700=EDGE_CURVE('',#487,#517,#378,.T.);
#701=EDGE_CURVE('',#518,#485,#379,.T.);
#702=EDGE_CURVE('',#434,#532,#320,.T.);
#703=EDGE_CURVE('',#532,#533,#278,.T.);
#704=EDGE_CURVE('',#533,#435,#321,.T.);
#705=EDGE_CURVE('',#534,#457,#322,.T.);
#706=EDGE_CURVE('',#453,#534,#323,.T.);
#707=EDGE_CURVE('',#533,#475,#324,.T.);
#708=EDGE_CURVE('',#532,#474,#325,.T.);
#709=EDGE_CURVE('',#456,#535,#326,.T.);
#710=EDGE_CURVE('',#535,#452,#327,.T.);
#711=EDGE_CURVE('',#535,#534,#279,.T.);
#712=ORIENTED_EDGE('',*,*,#536,.F.);
#713=ORIENTED_EDGE('',*,*,#537,.T.);
#714=ORIENTED_EDGE('',*,*,#538,.F.);
#715=ORIENTED_EDGE('',*,*,#539,.T.);
#716=ORIENTED_EDGE('',*,*,#540,.F.);
#717=ORIENTED_EDGE('',*,*,#541,.T.);
#718=ORIENTED_EDGE('',*,*,#536,.T.);
#719=ORIENTED_EDGE('',*,*,#542,.T.);
#720=ORIENTED_EDGE('',*,*,#543,.F.);
#721=ORIENTED_EDGE('',*,*,#544,.T.);
#722=ORIENTED_EDGE('',*,*,#540,.T.);
#723=ORIENTED_EDGE('',*,*,#545,.T.);
#724=ORIENTED_EDGE('',*,*,#546,.F.);
#725=ORIENTED_EDGE('',*,*,#547,.T.);
#726=ORIENTED_EDGE('',*,*,#543,.T.);
#727=ORIENTED_EDGE('',*,*,#548,.T.);
#728=ORIENTED_EDGE('',*,*,#549,.F.);
#729=ORIENTED_EDGE('',*,*,#550,.T.);
#730=ORIENTED_EDGE('',*,*,#546,.T.);
#731=ORIENTED_EDGE('',*,*,#551,.T.);
#732=ORIENTED_EDGE('',*,*,#552,.F.);
#733=ORIENTED_EDGE('',*,*,#553,.T.);
#734=ORIENTED_EDGE('',*,*,#549,.T.);
#735=ORIENTED_EDGE('',*,*,#554,.T.);
#736=ORIENTED_EDGE('',*,*,#555,.F.);
#737=ORIENTED_EDGE('',*,*,#556,.T.);
#738=ORIENTED_EDGE('',*,*,#552,.T.);
#739=ORIENTED_EDGE('',*,*,#557,.T.);
#740=ORIENTED_EDGE('',*,*,#558,.F.);
#741=ORIENTED_EDGE('',*,*,#559,.T.);
#742=ORIENTED_EDGE('',*,*,#555,.T.);
#743=ORIENTED_EDGE('',*,*,#560,.T.);
#744=ORIENTED_EDGE('',*,*,#561,.F.);
#745=ORIENTED_EDGE('',*,*,#562,.T.);
#746=ORIENTED_EDGE('',*,*,#558,.T.);
#747=ORIENTED_EDGE('',*,*,#563,.T.);
#748=ORIENTED_EDGE('',*,*,#564,.F.);
#749=ORIENTED_EDGE('',*,*,#565,.T.);
#750=ORIENTED_EDGE('',*,*,#561,.T.);
#751=ORIENTED_EDGE('',*,*,#566,.T.);
#752=ORIENTED_EDGE('',*,*,#567,.F.);
#753=ORIENTED_EDGE('',*,*,#568,.T.);
#754=ORIENTED_EDGE('',*,*,#569,.F.);
#755=ORIENTED_EDGE('',*,*,#570,.F.);
#756=ORIENTED_EDGE('',*,*,#571,.F.);
#757=ORIENTED_EDGE('',*,*,#572,.T.);
#758=ORIENTED_EDGE('',*,*,#567,.T.);
#759=ORIENTED_EDGE('',*,*,#573,.F.);
#760=ORIENTED_EDGE('',*,*,#574,.F.);
#761=ORIENTED_EDGE('',*,*,#575,.T.);
#762=ORIENTED_EDGE('',*,*,#571,.T.);
#763=ORIENTED_EDGE('',*,*,#576,.F.);
#764=ORIENTED_EDGE('',*,*,#577,.F.);
#765=ORIENTED_EDGE('',*,*,#578,.T.);
#766=ORIENTED_EDGE('',*,*,#574,.T.);
#767=ORIENTED_EDGE('',*,*,#579,.F.);
#768=ORIENTED_EDGE('',*,*,#580,.F.);
#769=ORIENTED_EDGE('',*,*,#581,.T.);
#770=ORIENTED_EDGE('',*,*,#577,.T.);
#771=ORIENTED_EDGE('',*,*,#582,.F.);
#772=ORIENTED_EDGE('',*,*,#583,.F.);
#773=ORIENTED_EDGE('',*,*,#584,.T.);
#774=ORIENTED_EDGE('',*,*,#580,.T.);
#775=ORIENTED_EDGE('',*,*,#585,.F.);
#776=ORIENTED_EDGE('',*,*,#586,.F.);
#777=ORIENTED_EDGE('',*,*,#587,.T.);
#778=ORIENTED_EDGE('',*,*,#583,.T.);
#779=ORIENTED_EDGE('',*,*,#588,.F.);
#780=ORIENTED_EDGE('',*,*,#589,.F.);
#781=ORIENTED_EDGE('',*,*,#590,.T.);
#782=ORIENTED_EDGE('',*,*,#586,.T.);
#783=ORIENTED_EDGE('',*,*,#591,.F.);
#784=ORIENTED_EDGE('',*,*,#592,.F.);
#785=ORIENTED_EDGE('',*,*,#593,.T.);
#786=ORIENTED_EDGE('',*,*,#589,.T.);
#787=ORIENTED_EDGE('',*,*,#594,.F.);
#788=ORIENTED_EDGE('',*,*,#595,.F.);
#789=ORIENTED_EDGE('',*,*,#596,.T.);
#790=ORIENTED_EDGE('',*,*,#592,.T.);
#791=ORIENTED_EDGE('',*,*,#597,.F.);
#792=ORIENTED_EDGE('',*,*,#598,.T.);
#793=ORIENTED_EDGE('',*,*,#599,.T.);
#794=ORIENTED_EDGE('',*,*,#600,.T.);
#795=ORIENTED_EDGE('',*,*,#601,.T.);
#796=ORIENTED_EDGE('',*,*,#598,.F.);
#797=ORIENTED_EDGE('',*,*,#602,.T.);
#798=ORIENTED_EDGE('',*,*,#603,.T.);
#799=ORIENTED_EDGE('',*,*,#604,.T.);
#800=ORIENTED_EDGE('',*,*,#605,.T.);
#801=ORIENTED_EDGE('',*,*,#606,.T.);
#802=ORIENTED_EDGE('',*,*,#603,.F.);
#803=ORIENTED_EDGE('',*,*,#607,.T.);
#804=ORIENTED_EDGE('',*,*,#605,.F.);
#805=ORIENTED_EDGE('',*,*,#608,.T.);
#806=ORIENTED_EDGE('',*,*,#609,.T.);
#807=ORIENTED_EDGE('',*,*,#610,.T.);
#808=ORIENTED_EDGE('',*,*,#611,.T.);
#809=ORIENTED_EDGE('',*,*,#612,.T.);
#810=ORIENTED_EDGE('',*,*,#609,.F.);
#811=ORIENTED_EDGE('',*,*,#613,.T.);
#812=ORIENTED_EDGE('',*,*,#611,.F.);
#813=ORIENTED_EDGE('',*,*,#614,.T.);
#814=ORIENTED_EDGE('',*,*,#615,.T.);
#815=ORIENTED_EDGE('',*,*,#616,.T.);
#816=ORIENTED_EDGE('',*,*,#617,.T.);
#817=ORIENTED_EDGE('',*,*,#618,.T.);
#818=ORIENTED_EDGE('',*,*,#615,.F.);
#819=ORIENTED_EDGE('',*,*,#619,.T.);
#820=ORIENTED_EDGE('',*,*,#617,.F.);
#821=ORIENTED_EDGE('',*,*,#620,.T.);
#822=ORIENTED_EDGE('',*,*,#621,.T.);
#823=ORIENTED_EDGE('',*,*,#622,.T.);
#824=ORIENTED_EDGE('',*,*,#623,.T.);
#825=ORIENTED_EDGE('',*,*,#624,.T.);
#826=ORIENTED_EDGE('',*,*,#621,.F.);
#827=ORIENTED_EDGE('',*,*,#625,.T.);
#828=ORIENTED_EDGE('',*,*,#623,.F.);
#829=ORIENTED_EDGE('',*,*,#626,.T.);
#830=ORIENTED_EDGE('',*,*,#627,.T.);
#831=ORIENTED_EDGE('',*,*,#628,.T.);
#832=ORIENTED_EDGE('',*,*,#629,.T.);
#833=ORIENTED_EDGE('',*,*,#630,.T.);
#834=ORIENTED_EDGE('',*,*,#627,.F.);
#835=ORIENTED_EDGE('',*,*,#631,.T.);
#836=ORIENTED_EDGE('',*,*,#629,.F.);
#837=ORIENTED_EDGE('',*,*,#632,.T.);
#838=ORIENTED_EDGE('',*,*,#633,.T.);
#839=ORIENTED_EDGE('',*,*,#634,.T.);
#840=ORIENTED_EDGE('',*,*,#635,.T.);
#841=ORIENTED_EDGE('',*,*,#636,.T.);
#842=ORIENTED_EDGE('',*,*,#633,.F.);
#843=ORIENTED_EDGE('',*,*,#637,.T.);
#844=ORIENTED_EDGE('',*,*,#635,.F.);
#845=ORIENTED_EDGE('',*,*,#638,.T.);
#846=ORIENTED_EDGE('',*,*,#639,.T.);
#847=ORIENTED_EDGE('',*,*,#640,.T.);
#848=ORIENTED_EDGE('',*,*,#641,.T.);
#849=ORIENTED_EDGE('',*,*,#642,.T.);
#850=ORIENTED_EDGE('',*,*,#639,.F.);
#851=ORIENTED_EDGE('',*,*,#643,.T.);
#852=ORIENTED_EDGE('',*,*,#641,.F.);
#853=ORIENTED_EDGE('',*,*,#644,.T.);
#854=ORIENTED_EDGE('',*,*,#600,.F.);
#855=ORIENTED_EDGE('',*,*,#645,.T.);
#856=ORIENTED_EDGE('',*,*,#628,.F.);
#857=ORIENTED_EDGE('',*,*,#646,.F.);
#858=ORIENTED_EDGE('',*,*,#647,.F.);
#859=ORIENTED_EDGE('',*,*,#648,.F.);
#860=ORIENTED_EDGE('',*,*,#630,.F.);
#861=ORIENTED_EDGE('',*,*,#649,.T.);
#862=ORIENTED_EDGE('',*,*,#650,.T.);
#863=ORIENTED_EDGE('',*,*,#646,.T.);
#864=ORIENTED_EDGE('',*,*,#634,.F.);
#865=ORIENTED_EDGE('',*,*,#651,.F.);
#866=ORIENTED_EDGE('',*,*,#652,.F.);
#867=ORIENTED_EDGE('',*,*,#649,.F.);
#868=ORIENTED_EDGE('',*,*,#636,.F.);
#869=ORIENTED_EDGE('',*,*,#653,.T.);
#870=ORIENTED_EDGE('',*,*,#654,.T.);
#871=ORIENTED_EDGE('',*,*,#651,.T.);
#872=ORIENTED_EDGE('',*,*,#640,.F.);
#873=ORIENTED_EDGE('',*,*,#655,.F.);
#874=ORIENTED_EDGE('',*,*,#656,.F.);
#875=ORIENTED_EDGE('',*,*,#653,.F.);
#876=ORIENTED_EDGE('',*,*,#642,.F.);
#877=ORIENTED_EDGE('',*,*,#657,.T.);
#878=ORIENTED_EDGE('',*,*,#658,.T.);
#879=ORIENTED_EDGE('',*,*,#655,.T.);
#880=ORIENTED_EDGE('',*,*,#645,.F.);
#881=ORIENTED_EDGE('',*,*,#659,.F.);
#882=ORIENTED_EDGE('',*,*,#660,.F.);
#883=ORIENTED_EDGE('',*,*,#657,.F.);
#884=ORIENTED_EDGE('',*,*,#599,.F.);
#885=ORIENTED_EDGE('',*,*,#661,.T.);
#886=ORIENTED_EDGE('',*,*,#662,.T.);
#887=ORIENTED_EDGE('',*,*,#659,.T.);
#888=ORIENTED_EDGE('',*,*,#601,.F.);
#889=ORIENTED_EDGE('',*,*,#644,.F.);
#890=ORIENTED_EDGE('',*,*,#643,.F.);
#891=ORIENTED_EDGE('',*,*,#638,.F.);
#892=ORIENTED_EDGE('',*,*,#637,.F.);
#893=ORIENTED_EDGE('',*,*,#632,.F.);
#894=ORIENTED_EDGE('',*,*,#631,.F.);
#895=ORIENTED_EDGE('',*,*,#626,.F.);
#896=ORIENTED_EDGE('',*,*,#625,.F.);
#897=ORIENTED_EDGE('',*,*,#620,.F.);
#898=ORIENTED_EDGE('',*,*,#619,.F.);
#899=ORIENTED_EDGE('',*,*,#614,.F.);
#900=ORIENTED_EDGE('',*,*,#613,.F.);
#901=ORIENTED_EDGE('',*,*,#608,.F.);
#902=ORIENTED_EDGE('',*,*,#607,.F.);
#903=ORIENTED_EDGE('',*,*,#602,.F.);
#904=ORIENTED_EDGE('',*,*,#663,.F.);
#905=ORIENTED_EDGE('',*,*,#664,.F.);
#906=ORIENTED_EDGE('',*,*,#665,.F.);
#907=ORIENTED_EDGE('',*,*,#666,.F.);
#908=ORIENTED_EDGE('',*,*,#667,.F.);
#909=ORIENTED_EDGE('',*,*,#668,.F.);
#910=ORIENTED_EDGE('',*,*,#667,.T.);
#911=ORIENTED_EDGE('',*,*,#669,.T.);
#912=ORIENTED_EDGE('',*,*,#664,.T.);
#913=ORIENTED_EDGE('',*,*,#670,.T.);
#914=ORIENTED_EDGE('',*,*,#618,.F.);
#915=ORIENTED_EDGE('',*,*,#671,.T.);
#916=ORIENTED_EDGE('',*,*,#668,.T.);
#917=ORIENTED_EDGE('',*,*,#672,.T.);
#918=ORIENTED_EDGE('',*,*,#673,.F.);
#919=ORIENTED_EDGE('',*,*,#674,.F.);
#920=ORIENTED_EDGE('',*,*,#675,.F.);
#921=ORIENTED_EDGE('',*,*,#665,.T.);
#922=ORIENTED_EDGE('',*,*,#676,.T.);
#923=ORIENTED_EDGE('',*,*,#674,.T.);
#924=ORIENTED_EDGE('',*,*,#677,.T.);
#925=ORIENTED_EDGE('',*,*,#678,.F.);
#926=ORIENTED_EDGE('',*,*,#679,.F.);
#927=ORIENTED_EDGE('',*,*,#680,.F.);
#928=ORIENTED_EDGE('',*,*,#662,.F.);
#929=ORIENTED_EDGE('',*,*,#681,.F.);
#930=ORIENTED_EDGE('',*,*,#682,.F.);
#931=ORIENTED_EDGE('',*,*,#675,.T.);
#932=ORIENTED_EDGE('',*,*,#683,.T.);
#933=ORIENTED_EDGE('',*,*,#681,.T.);
#934=ORIENTED_EDGE('',*,*,#684,.T.);
#935=ORIENTED_EDGE('',*,*,#650,.F.);
#936=ORIENTED_EDGE('',*,*,#685,.F.);
#937=ORIENTED_EDGE('',*,*,#686,.F.);
#938=ORIENTED_EDGE('',*,*,#658,.F.);
#939=ORIENTED_EDGE('',*,*,#687,.F.);
#940=ORIENTED_EDGE('',*,*,#688,.F.);
#941=ORIENTED_EDGE('',*,*,#682,.T.);
#942=ORIENTED_EDGE('',*,*,#689,.T.);
#943=ORIENTED_EDGE('',*,*,#687,.T.);
#944=ORIENTED_EDGE('',*,*,#660,.T.);
#945=ORIENTED_EDGE('',*,*,#654,.F.);
#946=ORIENTED_EDGE('',*,*,#690,.F.);
#947=ORIENTED_EDGE('',*,*,#691,.F.);
#948=ORIENTED_EDGE('',*,*,#688,.T.);
#949=ORIENTED_EDGE('',*,*,#692,.T.);
#950=ORIENTED_EDGE('',*,*,#690,.T.);
#951=ORIENTED_EDGE('',*,*,#656,.T.);
#952=ORIENTED_EDGE('',*,*,#691,.T.);
#953=ORIENTED_EDGE('',*,*,#693,.T.);
#954=ORIENTED_EDGE('',*,*,#685,.T.);
#955=ORIENTED_EDGE('',*,*,#652,.T.);
#956=ORIENTED_EDGE('',*,*,#686,.T.);
#957=ORIENTED_EDGE('',*,*,#694,.T.);
#958=ORIENTED_EDGE('',*,*,#679,.T.);
#959=ORIENTED_EDGE('',*,*,#647,.T.);
#960=ORIENTED_EDGE('',*,*,#680,.T.);
#961=ORIENTED_EDGE('',*,*,#695,.T.);
#962=ORIENTED_EDGE('',*,*,#666,.T.);
#963=ORIENTED_EDGE('',*,*,#696,.T.);
#964=ORIENTED_EDGE('',*,*,#624,.F.);
#965=ORIENTED_EDGE('',*,*,#648,.T.);
#966=ORIENTED_EDGE('',*,*,#678,.T.);
#967=ORIENTED_EDGE('',*,*,#697,.T.);
#968=ORIENTED_EDGE('',*,*,#606,.F.);
#969=ORIENTED_EDGE('',*,*,#698,.T.);
#970=ORIENTED_EDGE('',*,*,#673,.T.);
#971=ORIENTED_EDGE('',*,*,#699,.T.);
#972=ORIENTED_EDGE('',*,*,#612,.F.);
#973=ORIENTED_EDGE('',*,*,#700,.T.);
#974=ORIENTED_EDGE('',*,*,#663,.T.);
#975=ORIENTED_EDGE('',*,*,#701,.T.);
#976=ORIENTED_EDGE('',*,*,#669,.F.);
#977=ORIENTED_EDGE('',*,*,#695,.F.);
#978=ORIENTED_EDGE('',*,*,#694,.F.);
#979=ORIENTED_EDGE('',*,*,#693,.F.);
#980=ORIENTED_EDGE('',*,*,#692,.F.);
#981=ORIENTED_EDGE('',*,*,#689,.F.);
#982=ORIENTED_EDGE('',*,*,#683,.F.);
#983=ORIENTED_EDGE('',*,*,#676,.F.);
#984=ORIENTED_EDGE('',*,*,#538,.T.);
#985=ORIENTED_EDGE('',*,*,#702,.T.);
#986=ORIENTED_EDGE('',*,*,#703,.T.);
#987=ORIENTED_EDGE('',*,*,#704,.T.);
#988=ORIENTED_EDGE('',*,*,#705,.F.);
#989=ORIENTED_EDGE('',*,*,#706,.F.);
#990=ORIENTED_EDGE('',*,*,#566,.F.);
#991=ORIENTED_EDGE('',*,*,#563,.F.);
#992=ORIENTED_EDGE('',*,*,#560,.F.);
#993=ORIENTED_EDGE('',*,*,#557,.F.);
#994=ORIENTED_EDGE('',*,*,#554,.F.);
#995=ORIENTED_EDGE('',*,*,#551,.F.);
#996=ORIENTED_EDGE('',*,*,#548,.F.);
#997=ORIENTED_EDGE('',*,*,#545,.F.);
#998=ORIENTED_EDGE('',*,*,#542,.F.);
#999=ORIENTED_EDGE('',*,*,#539,.F.);
#1000=ORIENTED_EDGE('',*,*,#704,.F.);
#1001=ORIENTED_EDGE('',*,*,#707,.T.);
#1002=ORIENTED_EDGE('',*,*,#597,.T.);
#1003=ORIENTED_EDGE('',*,*,#594,.T.);
#1004=ORIENTED_EDGE('',*,*,#591,.T.);
#1005=ORIENTED_EDGE('',*,*,#588,.T.);
#1006=ORIENTED_EDGE('',*,*,#585,.T.);
#1007=ORIENTED_EDGE('',*,*,#582,.T.);
#1008=ORIENTED_EDGE('',*,*,#579,.T.);
#1009=ORIENTED_EDGE('',*,*,#576,.T.);
#1010=ORIENTED_EDGE('',*,*,#573,.T.);
#1011=ORIENTED_EDGE('',*,*,#570,.T.);
#1012=ORIENTED_EDGE('',*,*,#595,.T.);
#1013=ORIENTED_EDGE('',*,*,#707,.F.);
#1014=ORIENTED_EDGE('',*,*,#703,.F.);
#1015=ORIENTED_EDGE('',*,*,#708,.T.);
#1016=ORIENTED_EDGE('',*,*,#709,.F.);
#1017=ORIENTED_EDGE('',*,*,#568,.F.);
#1018=ORIENTED_EDGE('',*,*,#572,.F.);
#1019=ORIENTED_EDGE('',*,*,#575,.F.);
#1020=ORIENTED_EDGE('',*,*,#578,.F.);
#1021=ORIENTED_EDGE('',*,*,#581,.F.);
#1022=ORIENTED_EDGE('',*,*,#584,.F.);
#1023=ORIENTED_EDGE('',*,*,#587,.F.);
#1024=ORIENTED_EDGE('',*,*,#590,.F.);
#1025=ORIENTED_EDGE('',*,*,#593,.F.);
#1026=ORIENTED_EDGE('',*,*,#596,.F.);
#1027=ORIENTED_EDGE('',*,*,#708,.F.);
#1028=ORIENTED_EDGE('',*,*,#702,.F.);
#1029=ORIENTED_EDGE('',*,*,#537,.F.);
#1030=ORIENTED_EDGE('',*,*,#541,.F.);
#1031=ORIENTED_EDGE('',*,*,#544,.F.);
#1032=ORIENTED_EDGE('',*,*,#547,.F.);
#1033=ORIENTED_EDGE('',*,*,#550,.F.);
#1034=ORIENTED_EDGE('',*,*,#553,.F.);
#1035=ORIENTED_EDGE('',*,*,#556,.F.);
#1036=ORIENTED_EDGE('',*,*,#559,.F.);
#1037=ORIENTED_EDGE('',*,*,#562,.F.);
#1038=ORIENTED_EDGE('',*,*,#565,.F.);
#1039=ORIENTED_EDGE('',*,*,#710,.F.);
#1040=ORIENTED_EDGE('',*,*,#564,.T.);
#1041=ORIENTED_EDGE('',*,*,#706,.T.);
#1042=ORIENTED_EDGE('',*,*,#711,.F.);
#1043=ORIENTED_EDGE('',*,*,#710,.T.);
#1044=ORIENTED_EDGE('',*,*,#709,.T.);
#1045=ORIENTED_EDGE('',*,*,#711,.T.);
#1046=ORIENTED_EDGE('',*,*,#705,.T.);
#1047=ORIENTED_EDGE('',*,*,#569,.T.);
#1048=ORIENTED_EDGE('',*,*,#622,.F.);
#1049=ORIENTED_EDGE('',*,*,#697,.F.);
#1050=ORIENTED_EDGE('',*,*,#696,.F.);
#1051=ORIENTED_EDGE('',*,*,#671,.F.);
#1052=ORIENTED_EDGE('',*,*,#604,.F.);
#1053=ORIENTED_EDGE('',*,*,#699,.F.);
#1054=ORIENTED_EDGE('',*,*,#684,.F.);
#1055=ORIENTED_EDGE('',*,*,#661,.F.);
#1056=ORIENTED_EDGE('',*,*,#610,.F.);
#1057=ORIENTED_EDGE('',*,*,#701,.F.);
#1058=ORIENTED_EDGE('',*,*,#677,.F.);
#1059=ORIENTED_EDGE('',*,*,#698,.F.);
#1060=ORIENTED_EDGE('',*,*,#616,.F.);
#1061=ORIENTED_EDGE('',*,*,#672,.F.);
#1062=ORIENTED_EDGE('',*,*,#670,.F.);
#1063=ORIENTED_EDGE('',*,*,#700,.F.);
#1064=CYLINDRICAL_SURFACE('',#1191,7.942);
#1065=CYLINDRICAL_SURFACE('',#1193,7.942);
#1066=CYLINDRICAL_SURFACE('',#1194,7.942);
#1067=CYLINDRICAL_SURFACE('',#1195,7.942);
#1068=CYLINDRICAL_SURFACE('',#1196,7.942);
#1069=CYLINDRICAL_SURFACE('',#1197,7.942);
#1070=CYLINDRICAL_SURFACE('',#1198,7.942);
#1071=CYLINDRICAL_SURFACE('',#1199,7.942);
#1072=CYLINDRICAL_SURFACE('',#1200,7.942);
#1073=CYLINDRICAL_SURFACE('',#1201,7.942);
#1074=CYLINDRICAL_SURFACE('',#1202,7.3705);
#1075=CYLINDRICAL_SURFACE('',#1204,7.3705);
#1076=CYLINDRICAL_SURFACE('',#1205,7.3705);
#1077=CYLINDRICAL_SURFACE('',#1206,7.3705);
#1078=CYLINDRICAL_SURFACE('',#1207,7.3705);
#1079=CYLINDRICAL_SURFACE('',#1208,7.3705);
#1080=CYLINDRICAL_SURFACE('',#1209,7.3705);
#1081=CYLINDRICAL_SURFACE('',#1210,7.3705);
#1082=CYLINDRICAL_SURFACE('',#1211,7.3705);
#1083=CYLINDRICAL_SURFACE('',#1212,7.3705);
#1084=CYLINDRICAL_SURFACE('',#1261,12.5);
#1085=CYLINDRICAL_SURFACE('',#1263,2.);
#1086=CYLINDRICAL_SURFACE('',#1265,12.5);
#1087=CYLINDRICAL_SURFACE('',#1267,2.);
#1088=CYLINDRICAL_SURFACE('',#1269,12.5);
#1089=CYLINDRICAL_SURFACE('',#1271,2.);
#1090=CYLINDRICAL_SURFACE('',#1273,12.5);
#1091=CYLINDRICAL_SURFACE('',#1275,2.);
#1092=CYLINDRICAL_SURFACE('',#1289,2.);
#1093=CYLINDRICAL_SURFACE('',#1327,2.);
#1094=CYLINDRICAL_SURFACE('',#1328,2.);
#1095=CYLINDRICAL_SURFACE('',#1329,2.);
#1096=CYLINDRICAL_SURFACE('',#1332,7.3705);
#1097=CYLINDRICAL_SURFACE('',#1333,7.942);
#1098=CYLINDRICAL_SURFACE('',#1336,12.5);
#1099=CYLINDRICAL_SURFACE('',#1337,12.5);
#1100=CYLINDRICAL_SURFACE('',#1338,12.5);
#1101=CYLINDRICAL_SURFACE('',#1339,12.5);
#1102=ADVANCED_FACE('',(#53),#1064,.T.);
#1103=ADVANCED_FACE('',(#54),#1065,.T.);
#1104=ADVANCED_FACE('',(#55),#1066,.T.);
#1105=ADVANCED_FACE('',(#56),#1067,.T.);
#1106=ADVANCED_FACE('',(#57),#1068,.T.);
#1107=ADVANCED_FACE('',(#58),#1069,.T.);
#1108=ADVANCED_FACE('',(#59),#1070,.T.);
#1109=ADVANCED_FACE('',(#60),#1071,.T.);
#1110=ADVANCED_FACE('',(#61),#1072,.T.);
#1111=ADVANCED_FACE('',(#62),#1073,.T.);
#1112=ADVANCED_FACE('',(#63),#1074,.T.);
#1113=ADVANCED_FACE('',(#64),#1075,.T.);
#1114=ADVANCED_FACE('',(#65),#1076,.T.);
#1115=ADVANCED_FACE('',(#66),#1077,.T.);
#1116=ADVANCED_FACE('',(#67),#1078,.T.);
#1117=ADVANCED_FACE('',(#68),#1079,.T.);
#1118=ADVANCED_FACE('',(#69),#1080,.T.);
#1119=ADVANCED_FACE('',(#70),#1081,.T.);
#1120=ADVANCED_FACE('',(#71),#1082,.T.);
#1121=ADVANCED_FACE('',(#72),#1083,.T.);
#1122=ADVANCED_FACE('',(#73),#37,.T.);
#1123=ADVANCED_FACE('',(#74),#38,.F.);
#1124=ADVANCED_FACE('',(#75),#39,.T.);
#1125=ADVANCED_FACE('',(#76),#40,.F.);
#1126=ADVANCED_FACE('',(#77),#41,.T.);
#1127=ADVANCED_FACE('',(#78),#42,.F.);
#1128=ADVANCED_FACE('',(#79),#43,.T.);
#1129=ADVANCED_FACE('',(#80),#44,.F.);
#1130=ADVANCED_FACE('',(#81),#45,.T.);
#1131=ADVANCED_FACE('',(#82),#46,.F.);
#1132=ADVANCED_FACE('',(#83),#47,.T.);
#1133=ADVANCED_FACE('',(#84),#48,.F.);
#1134=ADVANCED_FACE('',(#85),#49,.T.);
#1135=ADVANCED_FACE('',(#86),#50,.F.);
#1136=ADVANCED_FACE('',(#87),#51,.T.);
#1137=ADVANCED_FACE('',(#88),#52,.F.);
#1138=ADVANCED_FACE('',(#89),#1084,.F.);
#1139=ADVANCED_FACE('',(#90),#1085,.T.);
#1140=ADVANCED_FACE('',(#91),#1086,.F.);
#1141=ADVANCED_FACE('',(#92),#1087,.T.);
#1142=ADVANCED_FACE('',(#93),#1088,.F.);
#1143=ADVANCED_FACE('',(#94),#1089,.T.);
#1144=ADVANCED_FACE('',(#95),#1090,.F.);
#1145=ADVANCED_FACE('',(#96),#1091,.T.);
#1146=ADVANCED_FACE('',(#97),#34,.T.);
#1147=ADVANCED_FACE('',(#98),#26,.T.);
#1148=ADVANCED_FACE('',(#99),#27,.T.);
#1149=ADVANCED_FACE('',(#100),#18,.T.);
#1150=ADVANCED_FACE('',(#101),#1092,.T.);
#1151=ADVANCED_FACE('',(#102),#28,.T.);
#1152=ADVANCED_FACE('',(#103),#19,.T.);
#1153=ADVANCED_FACE('',(#104),#29,.T.);
#1154=ADVANCED_FACE('',(#105),#30,.T.);
#1155=ADVANCED_FACE('',(#106),#20,.T.);
#1156=ADVANCED_FACE('',(#107),#31,.T.);
#1157=ADVANCED_FACE('',(#108),#32,.T.);
#1158=ADVANCED_FACE('',(#109),#21,.T.);
#1159=ADVANCED_FACE('',(#110),#33,.T.);
#1160=ADVANCED_FACE('',(#111),#22,.T.);
#1161=ADVANCED_FACE('',(#112),#23,.T.);
#1162=ADVANCED_FACE('',(#113),#24,.T.);
#1163=ADVANCED_FACE('',(#114),#25,.T.);
#1164=ADVANCED_FACE('',(#115),#1093,.T.);
#1165=ADVANCED_FACE('',(#116),#1094,.T.);
#1166=ADVANCED_FACE('',(#117),#1095,.T.);
#1167=ADVANCED_FACE('',(#118,#17),#35,.F.);
#1168=ADVANCED_FACE('',(#119),#15,.F.);
#1169=ADVANCED_FACE('',(#120),#1096,.T.);
#1170=ADVANCED_FACE('',(#121),#16,.F.);
#1171=ADVANCED_FACE('',(#122),#1097,.T.);
#1172=ADVANCED_FACE('',(#123),#36,.F.);
#1173=ADVANCED_FACE('',(#124),#1098,.F.);
#1174=ADVANCED_FACE('',(#125),#1099,.F.);
#1175=ADVANCED_FACE('',(#126),#1100,.F.);
#1176=ADVANCED_FACE('',(#127),#1101,.F.);
#1177=CLOSED_SHELL('',(#1102,#1103,#1104,#1105,#1106,#1107,#1108,#1109,
#1110,#1111,#1112,#1113,#1114,#1115,#1116,#1117,#1118,#1119,#1120,#1121,
#1122,#1123,#1124,#1125,#1126,#1127,#1128,#1129,#1130,#1131,#1132,#1133,
#1134,#1135,#1136,#1137,#1138,#1139,#1140,#1141,#1142,#1143,#1144,#1145,
#1146,#1147,#1148,#1149,#1150,#1151,#1152,#1153,#1154,#1155,#1156,#1157,
#1158,#1159,#1160,#1161,#1162,#1163,#1164,#1165,#1166,#1167,#1168,#1169,
#1170,#1171,#1172,#1173,#1174,#1175,#1176));
#1178=DERIVED_UNIT_ELEMENT(#1180,1.);
#1179=DERIVED_UNIT_ELEMENT(#4709,-3.);
#1180=(
MASS_UNIT()
NAMED_UNIT(*)
SI_UNIT(.KILO.,.GRAM.)
);
#1181=DERIVED_UNIT((#1178,#1179));
#1182=MEASURE_REPRESENTATION_ITEM('density measure',
POSITIVE_RATIO_MEASURE(7850.),#1181);
#1183=PROPERTY_DEFINITION_REPRESENTATION(#1188,#1185);
#1184=PROPERTY_DEFINITION_REPRESENTATION(#1189,#1186);
#1185=REPRESENTATION('material name',(#1187),#4706);
#1186=REPRESENTATION('density',(#1182),#4706);
#1187=DESCRIPTIVE_REPRESENTATION_ITEM('Steel','Steel');
#1188=PROPERTY_DEFINITION('material property','material name',#4716);
#1189=PROPERTY_DEFINITION('material property','density of part',#4716);
#1190=AXIS2_PLACEMENT_3D('',#1692,#1340,#1341);
#1191=AXIS2_PLACEMENT_3D('',#1693,#1342,#1343);
#1192=AXIS2_PLACEMENT_3D('',#1715,#1345,#1346);
#1193=AXIS2_PLACEMENT_3D('',#1726,#1347,#1348);
#1194=AXIS2_PLACEMENT_3D('',#1810,#1350,#1351);
#1195=AXIS2_PLACEMENT_3D('',#1900,#1353,#1354);
#1196=AXIS2_PLACEMENT_3D('',#1984,#1356,#1357);
#1197=AXIS2_PLACEMENT_3D('',#2071,#1359,#1360);
#1198=AXIS2_PLACEMENT_3D('',#2161,#1362,#1363);
#1199=AXIS2_PLACEMENT_3D('',#2245,#1365,#1366);
#1200=AXIS2_PLACEMENT_3D('',#2335,#1368,#1369);
#1201=AXIS2_PLACEMENT_3D('',#2419,#1371,#1372);
#1202=AXIS2_PLACEMENT_3D('',#2509,#1374,#1375);
#1203=AXIS2_PLACEMENT_3D('',#2523,#1377,#1378);
#1204=AXIS2_PLACEMENT_3D('',#2529,#1379,#1380);
#1205=AXIS2_PLACEMENT_3D('',#2567,#1382,#1383);
#1206=AXIS2_PLACEMENT_3D('',#2604,#1385,#1386);
#1207=AXIS2_PLACEMENT_3D('',#2641,#1388,#1389);
#1208=AXIS2_PLACEMENT_3D('',#2678,#1391,#1392);
#1209=AXIS2_PLACEMENT_3D('',#2715,#1394,#1395);
#1210=AXIS2_PLACEMENT_3D('',#2753,#1397,#1398);
#1211=AXIS2_PLACEMENT_3D('',#2789,#1400,#1401);
#1212=AXIS2_PLACEMENT_3D('',#2827,#1403,#1404);
#1213=AXIS2_PLACEMENT_3D('',#2864,#1406,#1407);
#1214=AXIS2_PLACEMENT_3D('',#2869,#1409,#1410);
#1215=AXIS2_PLACEMENT_3D('',#2872,#1412,#1413);
#1216=AXIS2_PLACEMENT_3D('',#2873,#1414,#1415);
#1217=AXIS2_PLACEMENT_3D('',#2875,#1416,#1417);
#1218=AXIS2_PLACEMENT_3D('',#2878,#1419,#1420);
#1219=AXIS2_PLACEMENT_3D('',#2879,#1421,#1422);
#1220=AXIS2_PLACEMENT_3D('',#2883,#1424,#1425);
#1221=AXIS2_PLACEMENT_3D('',#2884,#1426,#1427);
#1222=AXIS2_PLACEMENT_3D('',#2885,#1428,#1429);
#1223=AXIS2_PLACEMENT_3D('',#2887,#1430,#1431);
#1224=AXIS2_PLACEMENT_3D('',#2890,#1433,#1434);
#1225=AXIS2_PLACEMENT_3D('',#2891,#1435,#1436);
#1226=AXIS2_PLACEMENT_3D('',#2895,#1438,#1439);
#1227=AXIS2_PLACEMENT_3D('',#2896,#1440,#1441);
#1228=AXIS2_PLACEMENT_3D('',#2897,#1442,#1443);
#1229=AXIS2_PLACEMENT_3D('',#2899,#1444,#1445);
#1230=AXIS2_PLACEMENT_3D('',#2902,#1447,#1448);
#1231=AXIS2_PLACEMENT_3D('',#2903,#1449,#1450);
#1232=AXIS2_PLACEMENT_3D('',#2907,#1452,#1453);
#1233=AXIS2_PLACEMENT_3D('',#2908,#1454,#1455);
#1234=AXIS2_PLACEMENT_3D('',#2909,#1456,#1457);
#1235=AXIS2_PLACEMENT_3D('',#2911,#1458,#1459);
#1236=AXIS2_PLACEMENT_3D('',#2914,#1461,#1462);
#1237=AXIS2_PLACEMENT_3D('',#2915,#1463,#1464);
#1238=AXIS2_PLACEMENT_3D('',#2919,#1466,#1467);
#1239=AXIS2_PLACEMENT_3D('',#2920,#1468,#1469);
#1240=AXIS2_PLACEMENT_3D('',#2921,#1470,#1471);
#1241=AXIS2_PLACEMENT_3D('',#2923,#1472,#1473);
#1242=AXIS2_PLACEMENT_3D('',#2926,#1475,#1476);
#1243=AXIS2_PLACEMENT_3D('',#2927,#1477,#1478);
#1244=AXIS2_PLACEMENT_3D('',#2931,#1480,#1481);
#1245=AXIS2_PLACEMENT_3D('',#2932,#1482,#1483);
#1246=AXIS2_PLACEMENT_3D('',#2933,#1484,#1485);
#1247=AXIS2_PLACEMENT_3D('',#2935,#1486,#1487);
#1248=AXIS2_PLACEMENT_3D('',#2938,#1489,#1490);
#1249=AXIS2_PLACEMENT_3D('',#2939,#1491,#1492);
#1250=AXIS2_PLACEMENT_3D('',#2943,#1494,#1495);
#1251=AXIS2_PLACEMENT_3D('',#2944,#1496,#1497);
#1252=AXIS2_PLACEMENT_3D('',#2945,#1498,#1499);
#1253=AXIS2_PLACEMENT_3D('',#2947,#1500,#1501);
#1254=AXIS2_PLACEMENT_3D('',#2950,#1503,#1504);
#1255=AXIS2_PLACEMENT_3D('',#2951,#1505,#1506);
#1256=AXIS2_PLACEMENT_3D('',#2955,#1508,#1509);
#1257=AXIS2_PLACEMENT_3D('',#2956,#1510,#1511);
#1258=AXIS2_PLACEMENT_3D('',#2957,#1512,#1513);
#1259=AXIS2_PLACEMENT_3D('',#2958,#1514,#1515);
#1260=AXIS2_PLACEMENT_3D('',#2959,#1516,#1517);
#1261=AXIS2_PLACEMENT_3D('',#2960,#1518,#1519);
#1262=AXIS2_PLACEMENT_3D('',#2964,#1521,#1522);
#1263=AXIS2_PLACEMENT_3D('',#2966,#1524,#1525);
#1264=AXIS2_PLACEMENT_3D('',#2969,#1527,#1528);
#1265=AXIS2_PLACEMENT_3D('',#2970,#1529,#1530);
#1266=AXIS2_PLACEMENT_3D('',#2973,#1532,#1533);
#1267=AXIS2_PLACEMENT_3D('',#2974,#1534,#1535);
#1268=AXIS2_PLACEMENT_3D('',#2977,#1537,#1538);
#1269=AXIS2_PLACEMENT_3D('',#2978,#1539,#1540);
#1270=AXIS2_PLACEMENT_3D('',#2981,#1542,#1543);
#1271=AXIS2_PLACEMENT_3D('',#2982,#1544,#1545);
#1272=AXIS2_PLACEMENT_3D('',#2985,#1547,#1548);
#1273=AXIS2_PLACEMENT_3D('',#2986,#1549,#1550);
#1274=AXIS2_PLACEMENT_3D('',#2989,#1552,#1553);
#1275=AXIS2_PLACEMENT_3D('',#2990,#1554,#1555);
#1276=AXIS2_PLACEMENT_3D('',#2993,#1557,#1558);
#1277=AXIS2_PLACEMENT_3D('',#2994,#1559,#1560);
#1278=AXIS2_PLACEMENT_3D('',#2995,#1561,#1562);
#1279=AXIS2_PLACEMENT_3D('',#2998,#1563,#1564);
#1280=AXIS2_PLACEMENT_3D('',#3000,#1565,#1566);
#1281=AXIS2_PLACEMENT_3D('',#3001,#1567,#1568);
#1282=AXIS2_PLACEMENT_3D('',#3002,#1569,#1570);
#1283=AXIS2_PLACEMENT_3D('',#3005,#1571,#1572);
#1284=AXIS2_PLACEMENT_3D('',#3007,#1573,#1574);
#1285=AXIS2_PLACEMENT_3D('',#3008,#1575,#1576);
#1286=AXIS2_PLACEMENT_3D('',#3009,#1577,#1578);
#1287=AXIS2_PLACEMENT_3D('',#3010,#1579,#1580);
#1288=AXIS2_PLACEMENT_3D('',#3011,#1581,#1582);
#1289=AXIS2_PLACEMENT_3D('',#3012,#1583,#1584);
#1290=AXIS2_PLACEMENT_3D('',#3015,#1587,#1588);
#1291=AXIS2_PLACEMENT_3D('',#3018,#1589,#1590);
#1292=AXIS2_PLACEMENT_3D('',#3020,#1591,#1592);
#1293=AXIS2_PLACEMENT_3D('',#3021,#1593,#1594);
#1294=AXIS2_PLACEMENT_3D('',#3022,#1595,#1596);
#1295=AXIS2_PLACEMENT_3D('',#3023,#1597,#1598);
#1296=AXIS2_PLACEMENT_3D('',#3024,#1599,#1600);
#1297=AXIS2_PLACEMENT_3D('',#3025,#1601,#1602);
#1298=AXIS2_PLACEMENT_3D('',#3027,#1603,#1604);
#1299=AXIS2_PLACEMENT_3D('',#3029,#1605,#1606);
#1300=AXIS2_PLACEMENT_3D('',#3030,#1607,#1608);
#1301=AXIS2_PLACEMENT_3D('',#3031,#1609,#1610);
#1302=AXIS2_PLACEMENT_3D('',#3033,#1611,#1612);
#1303=AXIS2_PLACEMENT_3D('',#3034,#1613,#1614);
#1304=AXIS2_PLACEMENT_3D('',#3035,#1615,#1616);
#1305=AXIS2_PLACEMENT_3D('',#3036,#1617,#1618);
#1306=AXIS2_PLACEMENT_3D('',#3037,#1619,#1620);
#1307=AXIS2_PLACEMENT_3D('',#3038,#1621,#1622);
#1308=AXIS2_PLACEMENT_3D('',#3040,#1623,#1624);
#1309=AXIS2_PLACEMENT_3D('',#3041,#1625,#1626);
#1310=AXIS2_PLACEMENT_3D('',#3042,#1627,#1628);
#1311=AXIS2_PLACEMENT_3D('',#3044,#1629,#1630);
#1312=AXIS2_PLACEMENT_3D('',#3045,#1631,#1632);
#1313=AXIS2_PLACEMENT_3D('',#3046,#1633,#1634);
#1314=AXIS2_PLACEMENT_3D('',#3047,#1635,#1636);
#1315=AXIS2_PLACEMENT_3D('',#3048,#1637,#1638);
#1316=AXIS2_PLACEMENT_3D('',#3050,#1639,#1640);
#1317=AXIS2_PLACEMENT_3D('',#3051,#1641,#1642);
#1318=AXIS2_PLACEMENT_3D('',#3052,#1643,#1644);
#1319=AXIS2_PLACEMENT_3D('',#3053,#1645,#1646);
#1320=AXIS2_PLACEMENT_3D('',#3054,#1647,#1648);
#1321=AXIS2_PLACEMENT_3D('',#3055,#1649,#1650);
#1322=AXIS2_PLACEMENT_3D('',#3056,#1651,#1652);
#1323=AXIS2_PLACEMENT_3D('',#3057,#1653,#1654);
#1324=AXIS2_PLACEMENT_3D('',#3058,#1655,#1656);
#1325=AXIS2_PLACEMENT_3D('',#3059,#1657,#1658);
#1326=AXIS2_PLACEMENT_3D('',#3060,#1659,#1660);
#1327=AXIS2_PLACEMENT_3D('',#3061,#1661,#1662);
#1328=AXIS2_PLACEMENT_3D('',#3063,#1664,#1665);
#1329=AXIS2_PLACEMENT_3D('',#3066,#1668,#1669);
#1330=AXIS2_PLACEMENT_3D('',#3069,#1672,#1673);
#1331=AXIS2_PLACEMENT_3D('',#3187,#1674,#1675);
#1332=AXIS2_PLACEMENT_3D('',#4005,#1676,#1677);
#1333=AXIS2_PLACEMENT_3D('',#4697,#1678,#1679);
#1334=AXIS2_PLACEMENT_3D('',#4698,#1680,#1681);
#1335=AXIS2_PLACEMENT_3D('',#4699,#1682,#1683);
#1336=AXIS2_PLACEMENT_3D('',#4700,#1684,#1685);
#1337=AXIS2_PLACEMENT_3D('',#4701,#1686,#1687);
#1338=AXIS2_PLACEMENT_3D('',#4702,#1688,#1689);
#1339=AXIS2_PLACEMENT_3D('',#4703,#1690,#1691);
#1340=DIRECTION('axis',(0.,0.,1.));
#1341=DIRECTION('refdir',(1.,0.,0.));
#1342=DIRECTION('center_axis',(0.,0.,-1.));
#1343=DIRECTION('ref_axis',(1.,0.,0.));
#1344=DIRECTION('',(0.,0.,1.));
#1345=DIRECTION('center_axis',(0.,0.,-1.));
#1346=DIRECTION('ref_axis',(1.,0.,0.));
#1347=DIRECTION('center_axis',(0.,0.,-1.));
#1348=DIRECTION('ref_axis',(1.,0.,0.));
#1349=DIRECTION('',(0.,0.,1.));
#1350=DIRECTION('center_axis',(0.,0.,-1.));
#1351=DIRECTION('ref_axis',(1.,0.,0.));
#1352=DIRECTION('',(0.,0.,1.));
#1353=DIRECTION('center_axis',(0.,0.,-1.));
#1354=DIRECTION('ref_axis',(1.,0.,0.));
#1355=DIRECTION('',(0.,0.,1.));
#1356=DIRECTION('center_axis',(0.,0.,-1.));
#1357=DIRECTION('ref_axis',(1.,0.,0.));
#1358=DIRECTION('',(0.,0.,1.));
#1359=DIRECTION('center_axis',(0.,0.,-1.));
#1360=DIRECTION('ref_axis',(1.,0.,0.));
#1361=DIRECTION('',(0.,0.,1.));
#1362=DIRECTION('center_axis',(0.,0.,-1.));
#1363=DIRECTION('ref_axis',(1.,0.,0.));
#1364=DIRECTION('',(0.,0.,1.));
#1365=DIRECTION('center_axis',(0.,0.,-1.));
#1366=DIRECTION('ref_axis',(1.,0.,0.));
#1367=DIRECTION('',(0.,0.,1.));
#1368=DIRECTION('center_axis',(0.,0.,-1.));
#1369=DIRECTION('ref_axis',(1.,0.,0.));
#1370=DIRECTION('',(0.,0.,1.));
#1371=DIRECTION('center_axis',(0.,0.,-1.));
#1372=DIRECTION('ref_axis',(1.,0.,0.));
#1373=DIRECTION('',(0.,0.,1.));
#1374=DIRECTION('center_axis',(0.,0.,-1.));
#1375=DIRECTION('ref_axis',(-0.457932741467568,0.888986841461671,0.));
#1376=DIRECTION('',(0.,0.,-1.));
#1377=DIRECTION('center_axis',(0.,0.,-1.));
#1378=DIRECTION('ref_axis',(1.,-5.00303514628861E-14,0.));
#1379=DIRECTION('center_axis',(0.,0.,-1.));
#1380=DIRECTION('ref_axis',(1.,-5.00303514628861E-14,0.));
#1381=DIRECTION('',(0.,0.,-1.));
#1382=DIRECTION('center_axis',(0.,0.,-1.));
#1383=DIRECTION('ref_axis',(1.,-5.00303514628861E-14,0.));
#1384=DIRECTION('',(0.,0.,-1.));
#1385=DIRECTION('center_axis',(0.,0.,-1.));
#1386=DIRECTION('ref_axis',(1.,-5.00303514628861E-14,0.));
#1387=DIRECTION('',(0.,0.,-1.));
#1388=DIRECTION('center_axis',(0.,0.,-1.));
#1389=DIRECTION('ref_axis',(1.,-5.00303514628861E-14,0.));
#1390=DIRECTION('',(0.,0.,-1.));
#1391=DIRECTION('center_axis',(0.,0.,-1.));
#1392=DIRECTION('ref_axis',(1.,-5.00303514628861E-14,0.));
#1393=DIRECTION('',(0.,0.,-1.));
#1394=DIRECTION('center_axis',(0.,0.,-1.));
#1395=DIRECTION('ref_axis',(1.,-5.00303514628861E-14,0.));
#1396=DIRECTION('',(0.,0.,-1.));
#1397=DIRECTION('center_axis',(0.,0.,-1.));
#1398=DIRECTION('ref_axis',(1.,-5.00303514628861E-14,0.));
#1399=DIRECTION('',(0.,0.,-1.));
#1400=DIRECTION('center_axis',(0.,0.,-1.));
#1401=DIRECTION('ref_axis',(1.,-5.00303514628861E-14,0.));
#1402=DIRECTION('',(0.,0.,-1.));
#1403=DIRECTION('center_axis',(0.,0.,-1.));
#1404=DIRECTION('ref_axis',(1.,-5.00303514628861E-14,0.));
#1405=DIRECTION('',(0.,0.,-1.));
#1406=DIRECTION('center_axis',(0.,0.,-1.));
#1407=DIRECTION('ref_axis',(-0.923879532511286,-0.382683432365091,0.));
#1408=DIRECTION('',(-0.567945202153589,0.421234195372027,-0.707106781186547));
#1409=DIRECTION('center_axis',(0.,0.,1.));
#1410=DIRECTION('ref_axis',(-0.923879532511286,-0.382683432365091,0.));
#1411=DIRECTION('',(0.103740347769949,0.699455459800387,0.707106781186547));
#1412=DIRECTION('center_axis',(0.,0.,-1.));
#1413=DIRECTION('ref_axis',(-0.923879532511286,-0.382683432365091,0.));
#1414=DIRECTION('center_axis',(0.,0.,1.));
#1415=DIRECTION('ref_axis',(1.,0.,0.));
#1416=DIRECTION('center_axis',(0.,0.,1.));
#1417=DIRECTION('ref_axis',(1.,0.,0.));
#1418=DIRECTION('',(-0.567945202153589,-0.421234195372027,-0.707106781186547));
#1419=DIRECTION('center_axis',(0.,0.,-1.));
#1420=DIRECTION('ref_axis',(1.,0.,0.));
#1421=DIRECTION('center_axis',(0.,0.,-1.));
#1422=DIRECTION('ref_axis',(-0.923879532511286,0.382683432365091,0.));
#1423=DIRECTION('',(-0.103740347769949,0.699455459800387,-0.707106781186547));
#1424=DIRECTION('center_axis',(0.,0.,1.));
#1425=DIRECTION('ref_axis',(-0.923879532511286,0.382683432365091,0.));
#1426=DIRECTION('center_axis',(0.,0.,-1.));
#1427=DIRECTION('ref_axis',(-0.923879532511286,0.382683432365091,0.));
#1428=DIRECTION('center_axis',(0.,0.,1.));
#1429=DIRECTION('ref_axis',(1.,0.,0.));
#1430=DIRECTION('center_axis',(0.,0.,1.));
#1431=DIRECTION('ref_axis',(1.,0.,0.));
#1432=DIRECTION('',(-0.699455459800387,0.103740347769947,-0.707106781186547));
#1433=DIRECTION('center_axis',(0.,0.,-1.));
#1434=DIRECTION('ref_axis',(1.,0.,0.));
#1435=DIRECTION('center_axis',(0.,0.,-1.));
#1436=DIRECTION('ref_axis',(-0.38268343236509,0.923879532511287,0.));
#1437=DIRECTION('',(0.421234195372027,0.567945202153588,-0.707106781186548));
#1438=DIRECTION('center_axis',(0.,0.,1.));
#1439=DIRECTION('ref_axis',(-0.38268343236509,0.923879532511287,0.));
#1440=DIRECTION('center_axis',(0.,0.,-1.));
#1441=DIRECTION('ref_axis',(-0.38268343236509,0.923879532511287,0.));
#1442=DIRECTION('center_axis',(0.,0.,1.));
#1443=DIRECTION('ref_axis',(1.,0.,0.));
#1444=DIRECTION('center_axis',(0.,0.,1.));
#1445=DIRECTION('ref_axis',(1.,0.,0.));
#1446=DIRECTION('',(-0.421234195372025,0.56794520215359,-0.707106781186548));
#1447=DIRECTION('center_axis',(0.,0.,-1.));
#1448=DIRECTION('ref_axis',(1.,0.,0.));
#1449=DIRECTION('center_axis',(0.,0.,-1.));
#1450=DIRECTION('ref_axis',(0.38268343236509,0.923879532511287,0.));
#1451=DIRECTION('',(0.699455459800386,0.103740347769947,-0.707106781186548));
#1452=DIRECTION('center_axis',(0.,0.,1.));
#1453=DIRECTION('ref_axis',(0.38268343236509,0.923879532511287,0.));
#1454=DIRECTION('center_axis',(0.,0.,-1.));
#1455=DIRECTION('ref_axis',(0.38268343236509,0.923879532511287,0.));
#1456=DIRECTION('center_axis',(0.,0.,1.));
#1457=DIRECTION('ref_axis',(-1.,0.,0.));
#1458=DIRECTION('center_axis',(0.,0.,1.));
#1459=DIRECTION('ref_axis',(-1.,0.,0.));
#1460=DIRECTION('',(0.103740347769947,0.699455459800386,-0.707106781186548));
#1461=DIRECTION('center_axis',(0.,0.,-1.));
#1462=DIRECTION('ref_axis',(-1.,0.,0.));
#1463=DIRECTION('center_axis',(0.,0.,-1.));
#1464=DIRECTION('ref_axis',(0.923879532511286,0.382683432365091,0.));
#1465=DIRECTION('',(0.567945202153589,-0.421234195372026,-0.707106781186548));
#1466=DIRECTION('center_axis',(0.,0.,1.));
#1467=DIRECTION('ref_axis',(0.923879532511286,0.382683432365091,0.));
#1468=DIRECTION('center_axis',(0.,0.,-1.));
#1469=DIRECTION('ref_axis',(0.923879532511286,0.382683432365091,0.));
#1470=DIRECTION('center_axis',(0.,0.,1.));
#1471=DIRECTION('ref_axis',(-1.,0.,0.));
#1472=DIRECTION('center_axis',(0.,0.,1.));
#1473=DIRECTION('ref_axis',(-1.,0.,0.));
#1474=DIRECTION('',(0.567945202153589,0.421234195372027,-0.707106781186547));
#1475=DIRECTION('center_axis',(0.,0.,-1.));
#1476=DIRECTION('ref_axis',(-1.,0.,0.));
#1477=DIRECTION('center_axis',(0.,0.,-1.));
#1478=DIRECTION('ref_axis',(0.923879532511286,-0.382683432365091,0.));
#1479=DIRECTION('',(0.103740347769949,-0.699455459800388,-0.707106781186546));
#1480=DIRECTION('center_axis',(0.,0.,1.));
#1481=DIRECTION('ref_axis',(0.923879532511286,-0.382683432365091,0.));
#1482=DIRECTION('center_axis',(0.,0.,-1.));
#1483=DIRECTION('ref_axis',(0.923879532511286,-0.382683432365091,0.));
#1484=DIRECTION('center_axis',(0.,0.,1.));
#1485=DIRECTION('ref_axis',(-1.,0.,0.));
#1486=DIRECTION('center_axis',(0.,0.,1.));
#1487=DIRECTION('ref_axis',(-1.,0.,0.));
#1488=DIRECTION('',(0.699455459800386,-0.103740347769947,-0.707106781186548));
#1489=DIRECTION('center_axis',(0.,0.,-1.));
#1490=DIRECTION('ref_axis',(-1.,0.,0.));
#1491=DIRECTION('center_axis',(0.,0.,-1.));
#1492=DIRECTION('ref_axis',(0.38268343236509,-0.923879532511287,0.));
#1493=DIRECTION('',(-0.421234195372028,-0.567945202153589,-0.707106781186547));
#1494=DIRECTION('center_axis',(0.,0.,1.));
#1495=DIRECTION('ref_axis',(0.38268343236509,-0.923879532511287,0.));
#1496=DIRECTION('center_axis',(0.,0.,-1.));
#1497=DIRECTION('ref_axis',(0.38268343236509,-0.923879532511287,0.));
#1498=DIRECTION('center_axis',(0.,0.,1.));
#1499=DIRECTION('ref_axis',(1.,0.,0.));
#1500=DIRECTION('center_axis',(0.,0.,1.));
#1501=DIRECTION('ref_axis',(1.,0.,0.));
#1502=DIRECTION('',(0.421234195372027,-0.567945202153588,-0.707106781186548));
#1503=DIRECTION('center_axis',(0.,0.,-1.));
#1504=DIRECTION('ref_axis',(1.,0.,0.));
#1505=DIRECTION('center_axis',(0.,0.,-1.));
#1506=DIRECTION('ref_axis',(-0.38268343236509,-0.923879532511287,0.));
#1507=DIRECTION('',(-0.699455459800387,-0.103740347769949,-0.707106781186547));
#1508=DIRECTION('center_axis',(0.,0.,1.));
#1509=DIRECTION('ref_axis',(-0.38268343236509,-0.923879532511287,0.));
#1510=DIRECTION('center_axis',(0.,0.,-1.));
#1511=DIRECTION('ref_axis',(-0.38268343236509,-0.923879532511287,0.));
#1512=DIRECTION('center_axis',(0.,0.,1.));
#1513=DIRECTION('ref_axis',(1.,0.,0.));
#1514=DIRECTION('center_axis',(0.,0.,1.));
#1515=DIRECTION('ref_axis',(1.,0.,0.));
#1516=DIRECTION('center_axis',(0.,0.,-1.));
#1517=DIRECTION('ref_axis',(1.,0.,0.));
#1518=DIRECTION('center_axis',(0.,0.,1.));
#1519=DIRECTION('ref_axis',(-1.,-7.6571373978539E-16,0.));
#1520=DIRECTION('',(0.,0.,1.));
#1521=DIRECTION('center_axis',(0.,0.,1.));
#1522=DIRECTION('ref_axis',(-1.,-2.54207057918564E-15,0.));
#1523=DIRECTION('',(0.,0.,-1.));
#1524=DIRECTION('center_axis',(0.,0.,1.));
#1525=DIRECTION('ref_axis',(0.923879532511286,-0.382683432365091,0.));
#1526=DIRECTION('',(0.,0.,-1.));
#1527=DIRECTION('center_axis',(0.,0.,-1.));
#1528=DIRECTION('ref_axis',(0.146711006781561,-0.989179397525616,0.));
#1529=DIRECTION('center_axis',(0.,0.,1.));
#1530=DIRECTION('ref_axis',(1.,0.,0.));
#1531=DIRECTION('',(0.,0.,1.));
#1532=DIRECTION('center_axis',(0.,0.,1.));
#1533=DIRECTION('ref_axis',(-0.707106781186546,0.707106781186549,0.));
#1534=DIRECTION('center_axis',(0.,0.,1.));
#1535=DIRECTION('ref_axis',(0.38268343236509,-0.923879532511287,0.));
#1536=DIRECTION('',(0.,0.,-1.));
#1537=DIRECTION('center_axis',(0.,0.,-1.));
#1538=DIRECTION('ref_axis',(-0.595715112030439,-0.803195807570334,0.));
#1539=DIRECTION('center_axis',(0.,0.,1.));
#1540=DIRECTION('ref_axis',(1.,0.,0.));
#1541=DIRECTION('',(0.,0.,1.));
#1542=DIRECTION('center_axis',(0.,0.,1.));
#1543=DIRECTION('ref_axis',(-8.26946079742757E-16,1.,0.));
#1544=DIRECTION('center_axis',(0.,0.,1.));
#1545=DIRECTION('ref_axis',(-0.38268343236509,-0.923879532511287,0.));
#1546=DIRECTION('',(0.,0.,-1.));
#1547=DIRECTION('center_axis',(0.,0.,-1.));
#1548=DIRECTION('ref_axis',(-0.989179397525616,-0.146711006781561,0.));
#1549=DIRECTION('center_axis',(0.,0.,1.));
#1550=DIRECTION('ref_axis',(1.,0.,0.));
#1551=DIRECTION('',(0.,0.,1.));
#1552=DIRECTION('center_axis',(0.,0.,1.));
#1553=DIRECTION('ref_axis',(0.707106781186549,0.707106781186546,0.));
#1554=DIRECTION('center_axis',(0.,0.,1.));
#1555=DIRECTION('ref_axis',(-0.923879532511286,-0.382683432365091,0.));
#1556=DIRECTION('',(0.,0.,-1.));
#1557=DIRECTION('center_axis',(0.,0.,-1.));
#1558=DIRECTION('ref_axis',(-0.803195807570334,0.595715112030439,0.));
#1559=DIRECTION('center_axis',(0.,0.,1.));
#1560=DIRECTION('ref_axis',(1.,0.,0.));
#1561=DIRECTION('center_axis',(-0.242492692394088,-0.74924599279964,-0.616301660235592));
#1562=DIRECTION('ref_axis',(-0.274330250163457,0.662291810513825,-0.697217664414475));
#1563=DIRECTION('center_axis',(0.,0.,-1.));
#1564=DIRECTION('ref_axis',(0.59571511203044,0.803195807570334,0.));
#1565=DIRECTION('center_axis',(-0.803195807570335,0.595715112030437,0.));
#1566=DIRECTION('ref_axis',(0.,0.,-1.));
#1567=DIRECTION('center_axis',(0.146711006781561,0.989179397525616,-2.27786045408297E-15));
#1568=DIRECTION('ref_axis',(-0.989179397525616,0.146711006781561,0.));
#1569=DIRECTION('center_axis',(0.242492692394088,-0.749245992799644,-0.616301660235588));
#1570=DIRECTION('ref_axis',(0.274330250163459,0.662291810513822,-0.697217664414476));
#1571=DIRECTION('center_axis',(-0.146711006781559,0.989179397525616,0.));
#1572=DIRECTION('ref_axis',(0.,0.,-1.));
#1573=DIRECTION('center_axis',(0.803195807570335,0.595715112030438,4.45863239423491E-16));
#1574=DIRECTION('ref_axis',(-0.595715112030438,0.803195807570335,0.));
#1575=DIRECTION('center_axis',(0.,0.,-1.));
#1576=DIRECTION('ref_axis',(0.989179397525616,0.146711006781561,0.));
#1577=DIRECTION('center_axis',(0.,0.,1.));
#1578=DIRECTION('ref_axis',(1.,0.,0.));
#1579=DIRECTION('center_axis',(0.,0.,-1.));
#1580=DIRECTION('ref_axis',(-2.15921370929295E-15,-1.,0.));
#1581=DIRECTION('center_axis',(0.,0.,1.));
#1582=DIRECTION('ref_axis',(-2.15921370929295E-15,-1.,0.));
#1583=DIRECTION('center_axis',(0.,0.,1.));
#1584=DIRECTION('ref_axis',(0.38268343236509,0.923879532511287,0.));
#1585=DIRECTION('',(0.,0.,-1.));
#1586=DIRECTION('',(0.,0.,1.));
#1587=DIRECTION('center_axis',(-0.188935069785039,-0.961635541068057,-0.198898530814252));
#1588=DIRECTION('ref_axis',(-0.662291810513823,0.274330250163458,-0.697217664414476));
#1589=DIRECTION('center_axis',(0.,0.,-1.));
#1590=DIRECTION('ref_axis',(-0.146711006781561,0.989179397525616,0.));
#1591=DIRECTION('center_axis',(-0.989179397525616,-0.146711006781561,0.));
#1592=DIRECTION('ref_axis',(0.,0.,-1.));
#1593=DIRECTION('center_axis',(-0.595715112030439,0.803195807570334,0.));
#1594=DIRECTION('ref_axis',(-0.803195807570334,-0.595715112030439,0.));
#1595=DIRECTION('center_axis',(0.,0.,1.));
#1596=DIRECTION('ref_axis',(1.,0.,0.));
#1597=DIRECTION('center_axis',(0.,0.,-1.));
#1598=DIRECTION('ref_axis',(0.707106781186549,-0.707106781186546,0.));
#1599=DIRECTION('center_axis',(0.,0.,1.));
#1600=DIRECTION('ref_axis',(0.707106781186549,-0.707106781186546,0.));
#1601=DIRECTION('center_axis',(0.188935069785039,-0.961635541068057,-0.198898530814251));
#1602=DIRECTION('ref_axis',(0.662291810513825,0.274330250163457,-0.697217664414475));
#1603=DIRECTION('center_axis',(0.,0.,-1.));
#1604=DIRECTION('ref_axis',(0.803195807570335,-0.595715112030437,0.));
#1605=DIRECTION('center_axis',(0.595715112030437,0.803195807570335,0.));
#1606=DIRECTION('ref_axis',(0.,0.,-1.));
#1607=DIRECTION('center_axis',(0.989179397525616,-0.146711006781561,1.62881937694827E-16));
#1608=DIRECTION('ref_axis',(0.146711006781561,0.989179397525616,0.));
#1609=DIRECTION('center_axis',(0.188935069785039,-0.961635541068057,0.198898530814252));
#1610=DIRECTION('ref_axis',(-0.662291810513823,-0.274330250163458,-0.697217664414476));
#1611=DIRECTION('center_axis',(-0.595715112030439,-0.803195807570334,0.));
#1612=DIRECTION('ref_axis',(0.,0.,-1.));
#1613=DIRECTION('center_axis',(-0.989179397525616,0.146711006781561,-2.27786045408297E-15));
#1614=DIRECTION('ref_axis',(-0.146711006781561,-0.989179397525616,0.));
#1615=DIRECTION('center_axis',(0.,0.,1.));
#1616=DIRECTION('ref_axis',(1.,0.,0.));
#1617=DIRECTION('center_axis',(0.,0.,-1.));
#1618=DIRECTION('ref_axis',(1.,1.11022302462516E-16,0.));
#1619=DIRECTION('center_axis',(0.,0.,1.));
#1620=DIRECTION('ref_axis',(1.,1.11022302462516E-16,0.));
#1621=DIRECTION('center_axis',(-0.188935069785039,-0.961635541068057,0.198898530814253));
#1622=DIRECTION('ref_axis',(0.662291810513823,-0.27433025016346,-0.697217664414476));
#1623=DIRECTION('center_axis',(0.989179397525616,0.146711006781561,0.));
#1624=DIRECTION('ref_axis',(0.,0.,-1.));
#1625=DIRECTION('center_axis',(0.595715112030439,-0.803195807570334,0.));
#1626=DIRECTION('ref_axis',(0.803195807570334,0.595715112030439,0.));
#1627=DIRECTION('center_axis',(0.242492692394085,-0.749245992799643,0.61630166023559));
#1628=DIRECTION('ref_axis',(-0.274330250163455,-0.662291810513823,-0.697217664414477));
#1629=DIRECTION('center_axis',(0.146711006781559,-0.989179397525616,0.));
#1630=DIRECTION('ref_axis',(0.,0.,-1.));
#1631=DIRECTION('center_axis',(-0.803195807570334,-0.595715112030439,0.));
#1632=DIRECTION('ref_axis',(0.595715112030439,-0.803195807570334,0.));
#1633=DIRECTION('center_axis',(0.,0.,1.));
#1634=DIRECTION('ref_axis',(1.,0.,0.));
#1635=DIRECTION('center_axis',(0.,0.,-1.));
#1636=DIRECTION('ref_axis',(0.707106781186549,0.707106781186546,0.));
#1637=DIRECTION('center_axis',(-0.242492692394087,-0.74924599279964,0.616301660235593));
#1638=DIRECTION('ref_axis',(0.274330250163455,-0.662291810513825,-0.697217664414475));
#1639=DIRECTION('center_axis',(0.803195807570334,-0.595715112030439,0.));
#1640=DIRECTION('ref_axis',(0.,0.,-1.));
#1641=DIRECTION('center_axis',(-0.146711006781561,-0.989179397525616,2.27786045408297E-15));
#1642=DIRECTION('ref_axis',(0.989179397525616,-0.146711006781561,0.));
#1643=DIRECTION('center_axis',(0.,0.,1.));
#1644=DIRECTION('ref_axis',(1.,0.,0.));
#1645=DIRECTION('center_axis',(0.,0.,-1.));
#1646=DIRECTION('ref_axis',(-8.26946079742757E-16,1.,0.));
#1647=DIRECTION('center_axis',(0.,0.,1.));
#1648=DIRECTION('ref_axis',(1.,0.,0.));
#1649=DIRECTION('center_axis',(0.,0.,-1.));
#1650=DIRECTION('ref_axis',(-0.707106781186546,0.707106781186549,0.));
#1651=DIRECTION('center_axis',(0.,0.,1.));
#1652=DIRECTION('ref_axis',(-1.,-1.01064309961486E-15,0.));
#1653=DIRECTION('center_axis',(0.,0.,-1.));
#1654=DIRECTION('ref_axis',(-1.,-2.54207057918564E-15,0.));
#1655=DIRECTION('center_axis',(0.,0.,1.));
#1656=DIRECTION('ref_axis',(1.,0.,0.));
#1657=DIRECTION('center_axis',(0.,0.,-1.));
#1658=DIRECTION('ref_axis',(-0.707106781186547,-0.707106781186548,0.));
#1659=DIRECTION('center_axis',(0.,0.,1.));
#1660=DIRECTION('ref_axis',(-0.707106781186547,-0.707106781186548,0.));
#1661=DIRECTION('center_axis',(0.,0.,1.));
#1662=DIRECTION('ref_axis',(0.923879532511287,0.382683432365091,0.));
#1663=DIRECTION('',(0.,0.,1.));
#1664=DIRECTION('center_axis',(0.,0.,1.));
#1665=DIRECTION('ref_axis',(-0.923879532511286,0.382683432365091,0.));
#1666=DIRECTION('',(0.,0.,-1.));
#1667=DIRECTION('',(0.,0.,1.));
#1668=DIRECTION('center_axis',(0.,0.,1.));
#1669=DIRECTION('ref_axis',(-0.38268343236509,0.923879532511287,0.));
#1670=DIRECTION('',(0.,0.,-1.));
#1671=DIRECTION('',(0.,0.,1.));
#1672=DIRECTION('center_axis',(0.,0.,1.));
#1673=DIRECTION('ref_axis',(1.,0.,0.));
#1674=DIRECTION('center_axis',(0.,0.,1.));
#1675=DIRECTION('ref_axis',(1.,-5.00303514628861E-14,0.));
#1676=DIRECTION('center_axis',(0.,0.,-1.));
#1677=DIRECTION('ref_axis',(0.888986032672367,-0.457934311570387,0.));
#1678=DIRECTION('center_axis',(0.,0.,-1.));
#1679=DIRECTION('ref_axis',(0.846771381067643,0.531956979656059,0.));
#1680=DIRECTION('center_axis',(0.,0.,-1.));
#1681=DIRECTION('ref_axis',(1.,0.,0.));
#1682=DIRECTION('center_axis',(0.,0.,1.));
#1683=DIRECTION('ref_axis',(1.,0.,0.));
#1684=DIRECTION('center_axis',(0.,0.,1.));
#1685=DIRECTION('ref_axis',(1.,0.,0.));
#1686=DIRECTION('center_axis',(0.,0.,1.));
#1687=DIRECTION('ref_axis',(1.,0.,0.));
#1688=DIRECTION('center_axis',(0.,0.,1.));
#1689=DIRECTION('ref_axis',(1.,0.,0.));
#1690=DIRECTION('center_axis',(0.,0.,1.));
#1691=DIRECTION('ref_axis',(1.,0.,0.));
#1692=CARTESIAN_POINT('',(0.,0.,0.));
#1693=CARTESIAN_POINT('Origin',(0.,0.,0.));
#1694=CARTESIAN_POINT('',(-7.94213792349627,-0.000201374917452452,-0.321454429253108));
#1695=CARTESIAN_POINT('',(-7.94194100534895,-0.000130834035433945,-0.178545570746886));
#1696=CARTESIAN_POINT('',(-7.942,9.72614487882828E-16,0.));
#1697=CARTESIAN_POINT('',(3.44706716026394,-7.15493480002647,0.));
#1698=CARTESIAN_POINT('Ctrl Pts',(-7.94213792349627,-0.000201374917452452,
-0.321454429253108));
#1699=CARTESIAN_POINT('Ctrl Pts',(-7.94240773205839,-0.261673354306644,
-0.316214253300256));
#1700=CARTESIAN_POINT('Ctrl Pts',(-7.92974959978732,-0.523119232966688,
-0.310974077347404));
#1701=CARTESIAN_POINT('Ctrl Pts',(-7.90396980988861,-0.783264657023699,
-0.305733901394551));
#1702=CARTESIAN_POINT('Ctrl Pts',(-7.77366292733077,-2.09819931528657,-0.279246835551367));
#1703=CARTESIAN_POINT('Ctrl Pts',(-7.30810922670493,-3.37990850157935,-0.252759769708183));
#1704=CARTESIAN_POINT('Ctrl Pts',(-6.56413819142052,-4.4719466865234,-0.226272703864999));
#1705=CARTESIAN_POINT('Ctrl Pts',(-5.82016715613611,-5.56398487146745,-0.199785638021815));
#1706=CARTESIAN_POINT('Ctrl Pts',(-4.79777878619314,-6.46635205506278,-0.17329857217863));
#1707=CARTESIAN_POINT('Ctrl Pts',(-3.62177232867838,-7.06888031070925,-0.146811506335446));
#1708=CARTESIAN_POINT('Ctrl Pts',(-2.44576587116362,-7.67140856635573,-0.120324440492262));
#1709=CARTESIAN_POINT('Ctrl Pts',(-1.11614132607708,-7.97409789405334,-0.0938373746490773));
#1710=CARTESIAN_POINT('Ctrl Pts',(0.204795404574729,-7.94003539516088,-0.067350308805893));
#1711=CARTESIAN_POINT('Ctrl Pts',(1.32440471689801,-7.91116445071967,-0.0449002058705951));
#1712=CARTESIAN_POINT('Ctrl Pts',(2.43777266528647,-7.6403695193822,-0.0224501029352973));
#1713=CARTESIAN_POINT('Ctrl Pts',(3.44736470160948,-7.15517030248736,4.53452875098377E-16));
#1714=CARTESIAN_POINT('',(-3.44706716026398,-7.15493480002646,0.));
#1715=CARTESIAN_POINT('Origin',(0.,0.,0.));
#1716=CARTESIAN_POINT('Ctrl Pts',(-3.44706716026398,-7.15493480002646,-5.55111512312578E-16));
#1717=CARTESIAN_POINT('Ctrl Pts',(-4.63781389718792,-6.58126304930319,-0.0264870658431847));
#1718=CARTESIAN_POINT('Ctrl Pts',(-5.68198310367516,-5.70489112018739,-0.0529741316863692));
#1719=CARTESIAN_POINT('Ctrl Pts',(-6.45250030793383,-4.63161940548419,-0.0794611975295534));
#1720=CARTESIAN_POINT('Ctrl Pts',(-7.22301751219251,-3.55834769078098,-0.105948263372738));
#1721=CARTESIAN_POINT('Ctrl Pts',(-7.7198827142226,-2.28817619049036,-0.132435329215922));
#1722=CARTESIAN_POINT('Ctrl Pts',(-7.88239671459932,-0.976764374920714,
-0.158922395059106));
#1723=CARTESIAN_POINT('Ctrl Pts',(-7.92253002343764,-0.652907382375611,
-0.165463453621699));
#1724=CARTESIAN_POINT('Ctrl Pts',(-7.94227267331779,-0.326535318253008,
-0.172004512184293));
#1725=CARTESIAN_POINT('Ctrl Pts',(-7.94194100534895,-0.000130834035433945,
-0.178545570746886));
#1726=CARTESIAN_POINT('Origin',(0.,0.,0.));
#1727=CARTESIAN_POINT('',(-7.94205558469382,0.000205155509561128,-1.32145442925311));
#1728=CARTESIAN_POINT('',(-7.94225996362409,0.000186143332686842,-1.17854557074689));
#1729=CARTESIAN_POINT('',(-7.942,9.72614487882828E-16,0.));
#1730=CARTESIAN_POINT('Ctrl Pts',(-7.94205558469382,0.000205155509561128,
-1.32145442925311));
#1731=CARTESIAN_POINT('Ctrl Pts',(-7.94098454402572,-1.03413811036646,-1.30072571008514));
#1732=CARTESIAN_POINT('Ctrl Pts',(-7.7379138868167,-2.06888955108721,-1.27999699091716));
#1733=CARTESIAN_POINT('Ctrl Pts',(-7.34406325613406,-3.02505773094874,-1.25926827174919));
#1734=CARTESIAN_POINT('Ctrl Pts',(-6.84080265895312,-4.24684521004581,-1.232781205906));
#1735=CARTESIAN_POINT('Ctrl Pts',(-6.02604385505057,-5.34032496171062,-1.20629414006282));
#1736=CARTESIAN_POINT('Ctrl Pts',(-4.99924234797583,-6.1720187393748,-1.17980707421963));
#1737=CARTESIAN_POINT('Ctrl Pts',(-3.9724408409011,-7.00371251703898,-1.15332000837645));
#1738=CARTESIAN_POINT('Ctrl Pts',(-2.7335966306542,-7.57362032070252,-1.12683294253327));
#1739=CARTESIAN_POINT('Ctrl Pts',(-1.4339322307405,-7.81217497015029,-1.10034587669008));
#1740=CARTESIAN_POINT('Ctrl Pts',(-0.134267830826802,-8.05072961959807,
-1.0738588108469));
#1741=CARTESIAN_POINT('Ctrl Pts',(1.22621675875369,-7.95793111483008,-1.04737174500371));
#1742=CARTESIAN_POINT('Ctrl Pts',(2.48145069642306,-7.54510714178438,-1.02088467916053));
#1743=CARTESIAN_POINT('Ctrl Pts',(3.73668463409243,-7.13228316873869,-0.994397613317345));
#1744=CARTESIAN_POINT('Ctrl Pts',(4.88666791985069,-6.39943372741528,-0.96791054747416));
#1745=CARTESIAN_POINT('Ctrl Pts',(5.79102506479602,-5.4360158332837,-0.941423481630975));
#1746=CARTESIAN_POINT('Ctrl Pts',(6.69538220974136,-4.47259793915212,-0.914936415787791));
#1747=CARTESIAN_POINT('Ctrl Pts',(7.35411321387377,-3.27861159221237,-0.888449349944607));
#1748=CARTESIAN_POINT('Ctrl Pts',(7.68680848180691,-1.99980366852674,-0.861962284101423));
#1749=CARTESIAN_POINT('Ctrl Pts',(8.01950374974005,-0.720995744841103,-0.835475218258239));
#1750=CARTESIAN_POINT('Ctrl Pts',(8.02616328147392,0.642633755590418,-0.808988152415054));
#1751=CARTESIAN_POINT('Ctrl Pts',(7.70597417032799,1.92463018974911,-0.782501086571869));
#1752=CARTESIAN_POINT('Ctrl Pts',(7.38578505918207,3.2066266239078,-0.756014020728685));
#1753=CARTESIAN_POINT('Ctrl Pts',(6.73874730515635,4.40698999179367,-0.729526954885501));
#1754=CARTESIAN_POINT('Ctrl Pts',(5.84384312609223,5.37919486341327,-0.703039889042317));
#1755=CARTESIAN_POINT('Ctrl Pts',(4.9489389470281,6.35139973503288,-0.676552823199133));
#1756=CARTESIAN_POINT('Ctrl Pts',(3.80616834292557,7.09544611038622,-0.650065757355948));
#1757=CARTESIAN_POINT('Ctrl Pts',(2.55502639017076,7.52051050667792,-0.623578691512763));
#1758=CARTESIAN_POINT('Ctrl Pts',(1.30388443741594,7.94557490296962,-0.597091625669579));
#1759=CARTESIAN_POINT('Ctrl Pts',(-0.0556288639911601,8.05165732019969,
-0.570604559826395));
#1760=CARTESIAN_POINT('Ctrl Pts',(-1.3575612738471,7.82580789585264,-0.544117493983211));
#1761=CARTESIAN_POINT('Ctrl Pts',(-2.65949368370304,7.59995847150558,-0.517630428140027));
#1762=CARTESIAN_POINT('Ctrl Pts',(-3.90384520200782,7.04217720558139,-0.491143362296842));
#1763=CARTESIAN_POINT('Ctrl Pts',(-4.93872097801246,6.22055229296062,-0.464656296453658));
#1764=CARTESIAN_POINT('Ctrl Pts',(-5.9735967540171,5.39892738033984,-0.438169230610473));
#1765=CARTESIAN_POINT('Ctrl Pts',(-6.79899678772159,4.31345882102248,-0.411682164767289));
#1766=CARTESIAN_POINT('Ctrl Pts',(-7.31416677232893,3.09664447624732,-0.385195098924105));
#1767=CARTESIAN_POINT('Ctrl Pts',(-7.72741601641509,2.12056352588916,-0.363948209033773));
#1768=CARTESIAN_POINT('Ctrl Pts',(-7.94104395396884,1.0599665288846,-0.342701319143441));
#1769=CARTESIAN_POINT('Ctrl Pts',(-7.94213792349627,-0.000201374917452452,
-0.321454429253108));
#1770=CARTESIAN_POINT('Ctrl Pts',(-7.94194100534895,-0.000130834035433945,
-0.178545570746886));
#1771=CARTESIAN_POINT('Ctrl Pts',(-7.94092963208912,0.995192194541791,-0.198491578027477));
#1772=CARTESIAN_POINT('Ctrl Pts',(-7.75325593512326,1.99081668343798,-0.218437585308068));
#1773=CARTESIAN_POINT('Ctrl Pts',(-7.38788964589767,2.91634799715651,-0.238383592588659));
#1774=CARTESIAN_POINT('Ctrl Pts',(-6.90270577809598,4.14539642281542,-0.264870658431843));
#1775=CARTESIAN_POINT('Ctrl Pts',(-6.10417524376926,5.25084114328456,-0.291357724275028));
#1776=CARTESIAN_POINT('Ctrl Pts',(-5.08975741620399,6.09760855896477,-0.317844790118212));
#1777=CARTESIAN_POINT('Ctrl Pts',(-4.07533958863873,6.94437597464499,-0.344331855961396));
#1778=CARTESIAN_POINT('Ctrl Pts',(-2.84503446783493,7.53246608553626,-0.37081892180458));
#1779=CARTESIAN_POINT('Ctrl Pts',(-1.54903006235273,7.79016109354623,-0.397305987647765));
#1780=CARTESIAN_POINT('Ctrl Pts',(-0.25302565687053,8.0478561015562,-0.423793053490949));
#1781=CARTESIAN_POINT('Ctrl Pts',(1.10867803329006,7.97515600668486,-0.450280119334134));
#1782=CARTESIAN_POINT('Ctrl Pts',(2.3698653855645,7.58089979645635,-0.476767185177318));
#1783=CARTESIAN_POINT('Ctrl Pts',(3.63105273783893,7.18664358622783,-0.503254251020502));
#1784=CARTESIAN_POINT('Ctrl Pts',(4.79172375222721,6.47083126064214,-0.529741316863686));
#1785=CARTESIAN_POINT('Ctrl Pts',(5.71019624402205,5.52085832505936,-0.556228382706871));
#1786=CARTESIAN_POINT('Ctrl Pts',(6.62866873581689,4.57088538947658,-0.582715448550055));
#1787=CARTESIAN_POINT('Ctrl Pts',(7.30494270501829,3.38675184389671,-0.60920251439324));
#1788=CARTESIAN_POINT('Ctrl Pts',(7.65646819837793,2.1129924926857,-0.635689580236424));
#1789=CARTESIAN_POINT('Ctrl Pts',(8.00799369173758,0.839233141474697,-0.662176646079608));
#1790=CARTESIAN_POINT('Ctrl Pts',(8.03477070925546,-0.524152015367442,-0.688663711922793));
#1791=CARTESIAN_POINT('Ctrl Pts',(7.73353010298834,-1.81073328449213,-0.715150777765977));
#1792=CARTESIAN_POINT('Ctrl Pts',(7.43228949672123,-3.09731455361681,-0.741637843609161));
#1793=CARTESIAN_POINT('Ctrl Pts',(6.80303126666911,-4.30709193502404,-0.768124909452345));
#1794=CARTESIAN_POINT('Ctrl Pts',(5.9225676209091,-5.29239348708806,-0.79461197529553));
#1795=CARTESIAN_POINT('Ctrl Pts',(5.04210397514909,-6.27769503915208,-0.821099041138714));
#1796=CARTESIAN_POINT('Ctrl Pts',(3.91043491368117,-7.0385207618729,-0.847586106981898));
#1797=CARTESIAN_POINT('Ctrl Pts',(2.66570021246548,-7.48199736037207,-0.874073172825083));
#1798=CARTESIAN_POINT('Ctrl Pts',(1.4209655112498,-7.92547395887124,-0.900560238668267));
#1799=CARTESIAN_POINT('Ctrl Pts',(0.063165170286332,-8.05160143314876,-0.927047304511452));
#1800=CARTESIAN_POINT('Ctrl Pts',(-1.24195755474961,-7.84498437715808,-0.953534370354636));
#1801=CARTESIAN_POINT('Ctrl Pts',(-2.54708027978555,-7.63836732116739,-0.98002143619782));
#1802=CARTESIAN_POINT('Ctrl Pts',(-3.79952538889396,-7.0990057349085,-1.006508502041));
#1803=CARTESIAN_POINT('Ctrl Pts',(-4.84641017966863,-6.29273776107594,-1.03299556788419));
#1804=CARTESIAN_POINT('Ctrl Pts',(-5.8932949704433,-5.48646978724339,-1.05948263372737));
#1805=CARTESIAN_POINT('Ctrl Pts',(-6.73461944288422,-4.41329542583716,-1.08596969957056));
#1806=CARTESIAN_POINT('Ctrl Pts',(-7.26768527151126,-3.20421447134474,-1.11245676541374));
#1807=CARTESIAN_POINT('Ctrl Pts',(-7.71104234229768,-2.19860773097634,-1.13448636719146));
#1808=CARTESIAN_POINT('Ctrl Pts',(-7.94116325244924,-1.098988379133,-1.15651596896917));
#1809=CARTESIAN_POINT('Ctrl Pts',(-7.94225996362409,0.000186143332686842,
-1.17854557074689));
#1810=CARTESIAN_POINT('Origin',(0.,0.,0.));
#1811=CARTESIAN_POINT('',(-7.94150497668653,-0.00014796886688484,-2.32145442925311));
#1812=CARTESIAN_POINT('',(-7.94139364903859,-9.92862728999684E-5,-2.17854557074689));
#1813=CARTESIAN_POINT('',(-7.942,9.72614487882828E-16,0.));
#1814=CARTESIAN_POINT('Ctrl Pts',(-7.94150497668653,-0.00014796886688484,
-2.32145442925311));
#1815=CARTESIAN_POINT('Ctrl Pts',(-7.94182879448523,-0.485772132642971,
-2.3117242327132));
#1816=CARTESIAN_POINT('Ctrl Pts',(-7.89799783416883,-0.971338542794667,
-2.30199403617328));
#1817=CARTESIAN_POINT('Ctrl Pts',(-7.8094660010105,-1.44861318577485,-2.29226383963337));
#1818=CARTESIAN_POINT('Ctrl Pts',(-7.56846896827187,-2.74782691101105,-2.26577677379019));
#1819=CARTESIAN_POINT('Ctrl Pts',(-6.99623368643115,-3.98559775459329,-2.239289707947));
#1820=CARTESIAN_POINT('Ctrl Pts',(-6.16261143874631,-5.0108342257527,-2.21280264210382));
#1821=CARTESIAN_POINT('Ctrl Pts',(-5.32898919106146,-6.03607069691211,-2.18631557626064));
#1822=CARTESIAN_POINT('Ctrl Pts',(-4.23397997753249,-6.84877279564869,-2.15982851041745));
#1823=CARTESIAN_POINT('Ctrl Pts',(-3.01124874537884,-7.34973607528804,-2.13334144457427));
#1824=CARTESIAN_POINT('Ctrl Pts',(-1.7885175132252,-7.85069935492738,-2.10685437873108));
#1825=CARTESIAN_POINT('Ctrl Pts',(-0.438064262446881,-8.03992381546949,
-2.0803673128879));
#1826=CARTESIAN_POINT('Ctrl Pts',(0.875264665704176,-7.89431131561948,-2.05388024704472));
#1827=CARTESIAN_POINT('Ctrl Pts',(2.18859359385523,-7.74869881576947,-2.02739318120153));
#1828=CARTESIAN_POINT('Ctrl Pts',(3.46479819937903,-7.26824935552734,-2.00090611535835));
#1829=CARTESIAN_POINT('Ctrl Pts',(4.5480954814285,-6.51161015991724,-1.97441904951516));
#1830=CARTESIAN_POINT('Ctrl Pts',(5.63139276347796,-5.75497096430713,-1.94793198367198));
#1831=CARTESIAN_POINT('Ctrl Pts',(6.52178272205309,-4.72214203332904,-1.92144491782879));
#1832=CARTESIAN_POINT('Ctrl Pts',(7.11057775402991,-3.53919812766211,-1.89495785198561));
#1833=CARTESIAN_POINT('Ctrl Pts',(7.69937278600674,-2.35625422199518,-1.86847078614243));
#1834=CARTESIAN_POINT('Ctrl Pts',(7.98657289138527,-1.02319534163941,-1.84198372029924));
#1835=CARTESIAN_POINT('Ctrl Pts',(7.93712029489429,0.297255458020273,-1.81549665445606));
#1836=CARTESIAN_POINT('Ctrl Pts',(7.88766769840331,1.61770625767995,-1.78900958861287));
#1837=CARTESIAN_POINT('Ctrl Pts',(7.50156240004282,2.92554897664354,-1.76252252276969));
#1838=CARTESIAN_POINT('Ctrl Pts',(6.82593527660432,4.0611386312811,-1.7360354569265));
#1839=CARTESIAN_POINT('Ctrl Pts',(6.15030815316583,5.19672828591866,-1.70954839108332));
#1840=CARTESIAN_POINT('Ctrl Pts',(5.18515920464932,6.16006487623019,-1.68306132524014));
#1841=CARTESIAN_POINT('Ctrl Pts',(4.04830167103918,6.83355639205545,-1.65657425939695));
#1842=CARTESIAN_POINT('Ctrl Pts',(2.91144413742903,7.50704790788072,-1.63008719355377));
#1843=CARTESIAN_POINT('Ctrl Pts',(1.60287801872526,7.8906943492197,-1.60360012771058));
#1844=CARTESIAN_POINT('Ctrl Pts',(0.282336602132963,7.93766498572452,-1.5771130618674));
#1845=CARTESIAN_POINT('Ctrl Pts',(-1.03820481445933,7.98463562222933,-1.55062599602421));
#1846=CARTESIAN_POINT('Ctrl Pts',(-2.37072152894013,7.69493045389996,-1.52413893018103));
#1847=CARTESIAN_POINT('Ctrl Pts',(-3.55255666674134,7.10391304235015,-1.49765186433785));
#1848=CARTESIAN_POINT('Ctrl Pts',(-4.73439180454255,6.51289563080034,-1.47116479849466));
#1849=CARTESIAN_POINT('Ctrl Pts',(-5.76554536566416,5.62056597603009,-1.44467773265148));
#1850=CARTESIAN_POINT('Ctrl Pts',(-6.52014709746628,4.53584845530282,-1.41819066680829));
#1851=CARTESIAN_POINT('Ctrl Pts',(-7.2747488292684,3.45113093457555,-1.39170360096511));
#1852=CARTESIAN_POINT('Ctrl Pts',(-7.75279873175102,2.17402554789126,-1.36521653512192));
#1853=CARTESIAN_POINT('Ctrl Pts',(-7.89594248776267,0.860425251284449,-1.33872946927874));
#1854=CARTESIAN_POINT('Ctrl Pts',(-7.92706225679964,0.574845642531089,-1.33297112260353));
#1855=CARTESIAN_POINT('Ctrl Pts',(-7.94235311506317,0.287541148525742,-1.32721277592832));
#1856=CARTESIAN_POINT('Ctrl Pts',(-7.94205558469382,0.000205155509561128,
-1.32145442925311));
#1857=CARTESIAN_POINT('Ctrl Pts',(-7.94225996362409,0.000186143332686842,
-1.17854557074689));
#1858=CARTESIAN_POINT('Ctrl Pts',(-7.9424818718865,0.222592838878426,-1.18300303481235));
#1859=CARTESIAN_POINT('Ctrl Pts',(-7.93332721487893,0.444981322498473,-1.18746049887782));
#1860=CARTESIAN_POINT('Ctrl Pts',(-7.91466520343104,0.666569102406832,-1.19191796294329));
#1861=CARTESIAN_POINT('Ctrl Pts',(-7.80377212191063,1.98328417408736,-1.21840502878648));
#1862=CARTESIAN_POINT('Ctrl Pts',(-7.35717877405665,3.27172676986979,-1.24489209462966));
#1863=CARTESIAN_POINT('Ctrl Pts',(-6.6293996515112,4.37461998383456,-1.27137916047285));
#1864=CARTESIAN_POINT('Ctrl Pts',(-5.90162052896575,5.47751319779932,-1.29786622631603));
#1865=CARTESIAN_POINT('Ctrl Pts',(-4.89265563172882,6.39485702994643,-1.32435329215921));
#1866=CARTESIAN_POINT('Ctrl Pts',(-3.72566670216009,7.01467371062426,-1.3508403580024));
#1867=CARTESIAN_POINT('Ctrl Pts',(-2.55867777259135,7.63449039130209,-1.37732742384558));
#1868=CARTESIAN_POINT('Ctrl Pts',(-1.23366481069081,7.95677992051065,-1.40381448968877));
#1869=CARTESIAN_POINT('Ctrl Pts',(0.0876312740239856,7.94220123568997,-1.43030155553195));
#1870=CARTESIAN_POINT('Ctrl Pts',(1.40892735873878,7.9276225508693,-1.45678862137514));
#1871=CARTESIAN_POINT('Ctrl Pts',(2.72650656626781,7.57617565201939,-1.48327568721832));
#1872=CARTESIAN_POINT('Ctrl Pts',(3.87953540423327,6.93076076072284,-1.5097627530615));
#1873=CARTESIAN_POINT('Ctrl Pts',(5.03256424219873,6.28534586942628,-1.53624981890469));
#1874=CARTESIAN_POINT('Ctrl Pts',(6.02104271060061,5.34596298568307,-1.56273688474788));
#1875=CARTESIAN_POINT('Ctrl Pts',(6.72430979555838,4.2272801493379,-1.58922395059106));
#1876=CARTESIAN_POINT('Ctrl Pts',(7.42757688051615,3.10859731299274,-1.61571101643424));
#1877=CARTESIAN_POINT('Ctrl Pts',(7.84563258202981,1.81061452404562,-1.64219808227743));
#1878=CARTESIAN_POINT('Ctrl Pts',(7.92744591991276,0.491773191576537,-1.66868514812061));
#1879=CARTESIAN_POINT('Ctrl Pts',(8.00925925779571,-0.827068140892548,-1.69517221396379));
#1880=CARTESIAN_POINT('Ctrl Pts',(7.75483023204795,-2.1667680168836,-1.72165927980698));
#1881=CARTESIAN_POINT('Ctrl Pts',(7.19521633696389,-3.36379273266879,-1.74814634565016));
#1882=CARTESIAN_POINT('Ctrl Pts',(6.63560244187983,-4.56081744845398,-1.77463341149335));
#1883=CARTESIAN_POINT('Ctrl Pts',(5.77080367745947,-5.6151670040333,-1.80112047733653));
#1884=CARTESIAN_POINT('Ctrl Pts',(4.7063837957883,-6.39813967121726,-1.82760754317972));
#1885=CARTESIAN_POINT('Ctrl Pts',(3.64196391411714,-7.18111233840121,-1.8540946090229));
#1886=CARTESIAN_POINT('Ctrl Pts',(2.37792291519515,-7.69270811718981,-1.88058167486608));
#1887=CARTESIAN_POINT('Ctrl Pts',(1.06855901984457,-7.87047783210166,-1.90706874070927));
#1888=CARTESIAN_POINT('Ctrl Pts',(-0.240804875506009,-8.04824754701352,
-1.93355580655245));
#1889=CARTESIAN_POINT('Ctrl Pts',(-1.59549166728518,-7.89219119804865,-1.96004287239564));
#1890=CARTESIAN_POINT('Ctrl Pts',(-2.8301382368354,-7.42135818065194,-1.98652993823882));
#1891=CARTESIAN_POINT('Ctrl Pts',(-4.06478480638563,-6.95052516325524,-2.01301700408201));
#1892=CARTESIAN_POINT('Ctrl Pts',(-5.17939115370689,-6.1649154774267,-2.03950406992519));
#1893=CARTESIAN_POINT('Ctrl Pts',(-6.0379001600539,-5.16042646901262,-2.06599113576837));
#1894=CARTESIAN_POINT('Ctrl Pts',(-6.89640916640091,-4.15593746059854,-2.09247820161156));
#1895=CARTESIAN_POINT('Ctrl Pts',(-7.49882083177366,-2.93256912959892,-2.11896526745474));
#1896=CARTESIAN_POINT('Ctrl Pts',(-7.77160031969968,-1.63965488923081,-2.14545233329793));
#1897=CARTESIAN_POINT('Ctrl Pts',(-7.88520490465178,-1.10119436651181,-2.15648341244758));
#1898=CARTESIAN_POINT('Ctrl Pts',(-7.94163557897553,-0.550671272603306,
-2.16751449159723));
#1899=CARTESIAN_POINT('Ctrl Pts',(-7.94139364903859,-9.92862728999684E-5,
-2.17854557074689));
#1900=CARTESIAN_POINT('Origin',(0.,0.,0.));
#1901=CARTESIAN_POINT('',(-7.94263992782794,6.60939700336538E-5,-3.32145442925311));
#1902=CARTESIAN_POINT('',(-7.94268464758063,-1.73324001091337E-6,-3.17854557074688));
#1903=CARTESIAN_POINT('',(-7.942,9.72614487882828E-16,0.));
#1904=CARTESIAN_POINT('Ctrl Pts',(-7.94263992782794,6.60939700336538E-5,
-3.32145442925311));
#1905=CARTESIAN_POINT('Ctrl Pts',(-7.94208640431851,-1.25805727894517,-3.29623568949807));
#1906=CARTESIAN_POINT('Ctrl Pts',(-7.63783983737249,-2.51643885665828,-3.27101694974304));
#1907=CARTESIAN_POINT('Ctrl Pts',(-7.06205605507856,-3.63505208461561,-3.24579820998801));
#1908=CARTESIAN_POINT('Ctrl Pts',(-6.45731437880137,-4.80992372807468,-3.21931114414483));
#1909=CARTESIAN_POINT('Ctrl Pts',(-5.55303582222503,-5.83061475435107,-3.19282407830164));
#1910=CARTESIAN_POINT('Ctrl Pts',(-4.45960333376953,-6.57253204544274,-3.16633701245846));
#1911=CARTESIAN_POINT('Ctrl Pts',(-3.36617084531404,-7.3144493365344,-3.13984994661527));
#1912=CARTESIAN_POINT('Ctrl Pts',(-2.08358442497939,-7.77759289244134,-3.11336288077209));
#1913=CARTESIAN_POINT('Ctrl Pts',(-0.768406085267614,-7.9054279751993,-3.0868758149289));
#1914=CARTESIAN_POINT('Ctrl Pts',(0.546772254444167,-8.03326305795726,-3.06038874908572));
#1915=CARTESIAN_POINT('Ctrl Pts',(1.89454251353309,-7.82578966756624,-3.03390168324253));
#1916=CARTESIAN_POINT('Ctrl Pts',(3.11038585661473,-7.30833354506423,-3.00741461739935));
#1917=CARTESIAN_POINT('Ctrl Pts',(4.32622919969637,-6.79087742256222,-2.98092755155616));
#1918=CARTESIAN_POINT('Ctrl Pts',(5.41014562677074,-5.96343856794921,-2.95444048571298));
#1919=CARTESIAN_POINT('Ctrl Pts',(6.22982425841775,-4.92702030563806,-2.9279534198698));
#1920=CARTESIAN_POINT('Ctrl Pts',(7.04950289006475,-3.89060204332691,-2.90146635402661));
#1921=CARTESIAN_POINT('Ctrl Pts',(7.60494372628438,-2.64520437331761,-2.87497928818343));
#1922=CARTESIAN_POINT('Ctrl Pts',(7.82834553842988,-1.34284977338683,-2.84849222234024));
#1923=CARTESIAN_POINT('Ctrl Pts',(8.05174735057538,-0.0404951734560388,
-2.82200515649706));
#1924=CARTESIAN_POINT('Ctrl Pts',(7.94311013864674,1.31881635639624,-2.79551809065388));
#1925=CARTESIAN_POINT('Ctrl Pts',(7.51569496658671,2.56915716766477,-2.76903102481069));
#1926=CARTESIAN_POINT('Ctrl Pts',(7.08827979452668,3.81949797893331,-2.74254395896751));
#1927=CARTESIAN_POINT('Ctrl Pts',(6.34208666233526,4.9608680716181,-2.71605689312432));
#1928=CARTESIAN_POINT('Ctrl Pts',(5.36820143887779,5.85394334569189,-2.68956982728114));
#1929=CARTESIAN_POINT('Ctrl Pts',(4.39431621542033,6.74701861976568,-2.66308276143795));
#1930=CARTESIAN_POINT('Ctrl Pts',(3.19273890069681,7.39179907522846,-2.63659569559477));
#1931=CARTESIAN_POINT('Ctrl Pts',(1.91014293486482,7.70957802680057,-2.61010862975159));
#1932=CARTESIAN_POINT('Ctrl Pts',(0.627546969032827,8.02735697837268,-2.5836215639084));
#1933=CARTESIAN_POINT('Ctrl Pts',(-0.736067647907637,8.01813442605412,-2.55713449806522));
#1934=CARTESIAN_POINT('Ctrl Pts',(-2.0142480007217,7.68303614299246,-2.53064743222203));
#1935=CARTESIAN_POINT('Ctrl Pts',(-3.29242835353577,7.3479378599308,-2.50416036637885));
#1936=CARTESIAN_POINT('Ctrl Pts',(-4.48517444222344,6.68696384612605,-2.47767330053566));
#1937=CARTESIAN_POINT('Ctrl Pts',(-5.4468908315858,5.7807974927104,-2.45118623469248));
#1938=CARTESIAN_POINT('Ctrl Pts',(-6.40860722094816,4.87463113929474,-2.4246991688493));
#1939=CARTESIAN_POINT('Ctrl Pts',(-7.13929391098521,3.72327244626818,-2.39821210300611));
#1940=CARTESIAN_POINT('Ctrl Pts',(-7.54975786418546,2.46726479630983,-2.37172503716293));
#1941=CARTESIAN_POINT('Ctrl Pts',(-7.80943520474868,1.67265975553749,-2.35496816785965));
#1942=CARTESIAN_POINT('Ctrl Pts',(-7.94094731348739,0.836170250351881,-2.33821129855638));
#1943=CARTESIAN_POINT('Ctrl Pts',(-7.94150497668653,-0.00014796886688484,
-2.32145442925311));
#1944=CARTESIAN_POINT('Ctrl Pts',(-7.94139364903859,-9.92862728999684E-5,
-2.17854557074689));
#1945=CARTESIAN_POINT('Ctrl Pts',(-7.94105467350995,0.771324178204913,-2.19400155744042));
#1946=CARTESIAN_POINT('Ctrl Pts',(-7.82945785417055,1.54284362672141,-2.20945754413395));
#1947=CARTESIAN_POINT('Ctrl Pts',(-7.60798211214359,2.28141356755943,-2.22491353082748));
#1948=CARTESIAN_POINT('Ctrl Pts',(-7.22843710618216,3.54710763424496,-2.25140059667066));
#1949=CARTESIAN_POINT('Ctrl Pts',(-6.52619978378001,4.7160356178794,-2.27788766251385));
#1950=CARTESIAN_POINT('Ctrl Pts',(-5.58699044160278,5.64550949785368,-2.30437472835703));
#1951=CARTESIAN_POINT('Ctrl Pts',(-4.64778109942556,6.57498337782796,-2.33086179420022));
#1952=CARTESIAN_POINT('Ctrl Pts',(-3.47159973747324,7.26500315414207,-2.3573488600434));
#1953=CARTESIAN_POINT('Ctrl Pts',(-2.20201977752434,7.63133989443064,-2.38383592588659));
#1954=CARTESIAN_POINT('Ctrl Pts',(-0.932439817575431,7.99767663471921,-2.41032299172977));
#1955=CARTESIAN_POINT('Ctrl Pts',(0.430538740370092,8.04033033898224,-2.43681005757296));
#1956=CARTESIAN_POINT('Ctrl Pts',(1.72054062315623,7.75409437968061,-2.46329712341614));
#1957=CARTESIAN_POINT('Ctrl Pts',(3.01054250594238,7.46785842037898,-2.48978418925932));
#1958=CARTESIAN_POINT('Ctrl Pts',(4.22756771356914,6.85273279751268,-2.51627125510251));
#1959=CARTESIAN_POINT('Ctrl Pts',(5.22305712148112,5.98380430751841,-2.54275832094569));
#1960=CARTESIAN_POINT('Ctrl Pts',(6.21854652939311,5.11487581752414,-2.56924538678888));
#1961=CARTESIAN_POINT('Ctrl Pts',(6.99250013759031,3.9921444604019,-2.59573245263206));
#1962=CARTESIAN_POINT('Ctrl Pts',(7.45044342758296,2.75265915385738,-2.62221951847524));
#1963=CARTESIAN_POINT('Ctrl Pts',(7.90838671757561,1.51317384731285,-2.64870658431843));
#1964=CARTESIAN_POINT('Ctrl Pts',(8.05031968936371,0.156934591346034,-2.67519365016161));
#1965=CARTESIAN_POINT('Ctrl Pts',(7.8589169515731,-1.15050599007826,-2.7016807160048));
#1966=CARTESIAN_POINT('Ctrl Pts',(7.66751421378249,-2.45794657150255,-2.72816778184798));
#1967=CARTESIAN_POINT('Ctrl Pts',(7.14277576641316,-3.71658847838432,-2.75465484769117));
#1968=CARTESIAN_POINT('Ctrl Pts',(6.34875507678302,-4.77279254315031,-2.78114191353435));
#1969=CARTESIAN_POINT('Ctrl Pts',(5.55473438715288,-5.82899660791631,-2.80762897937753));
#1970=CARTESIAN_POINT('Ctrl Pts',(4.49143145526192,-6.68276283056654,-2.83411604522072));
#1971=CARTESIAN_POINT('Ctrl Pts',(3.28864092440033,-7.2298741728531,-2.8606031110639));
#1972=CARTESIAN_POINT('Ctrl Pts',(2.08585039353874,-7.77698551513966,-2.88709017690709));
#1973=CARTESIAN_POINT('Ctrl Pts',(0.743572263706512,-8.01744197706254,-2.91357724275027));
#1974=CARTESIAN_POINT('Ctrl Pts',(-0.574345039748829,-7.92189165920901,
-2.94006430859346));
#1975=CARTESIAN_POINT('Ctrl Pts',(-1.89226234320417,-7.82634134135547,-2.96655137443664));
#1976=CARTESIAN_POINT('Ctrl Pts',(-3.18581882028262,-7.39478424372552,-2.99303844027982));
#1977=CARTESIAN_POINT('Ctrl Pts',(-4.29711337198176,-6.67989942688247,-3.01952550612301));
#1978=CARTESIAN_POINT('Ctrl Pts',(-5.4084079236809,-5.96501461003941,-3.04601257196619));
#1979=CARTESIAN_POINT('Ctrl Pts',(-6.33744055000073,-4.96680207398326,-3.07249963780938));
#1980=CARTESIAN_POINT('Ctrl Pts',(-6.97080663714634,-3.80711104545766,-3.09898670365256));
#1981=CARTESIAN_POINT('Ctrl Pts',(-7.60495122489343,-2.64599458512954,-3.12550632601734));
#1982=CARTESIAN_POINT('Ctrl Pts',(-7.94270186669729,-1.32300242639061,-3.15202594838211));
#1983=CARTESIAN_POINT('Ctrl Pts',(-7.94268463252425,-1.73320189448389E-6,
-3.17854557074689));
#1984=CARTESIAN_POINT('Origin',(0.,0.,0.));
#1985=CARTESIAN_POINT('',(-7.94133264580565,4.528496108408E-5,-4.32145442925311));
#1986=CARTESIAN_POINT('',(-7.94139811590043,0.000101958421161006,-4.17854557074688));
#1987=CARTESIAN_POINT('',(-7.942,9.72614487882828E-16,0.));
#1988=CARTESIAN_POINT('Ctrl Pts',(-7.94133264580565,4.528496108408E-5,-4.32145442925311));
#1989=CARTESIAN_POINT('Ctrl Pts',(-7.94119172959306,-0.709715299416784,
-4.30723421212614));
#1990=CARTESIAN_POINT('Ctrl Pts',(-7.84694142829896,-1.41951258524276,-4.29301399499917));
#1991=CARTESIAN_POINT('Ctrl Pts',(-7.65905592846376,-2.10359256216699,-4.2787937778722));
#1992=CARTESIAN_POINT('Ctrl Pts',(-7.30909392994576,-3.37778347142041,-4.25230671202901));
#1993=CARTESIAN_POINT('Ctrl Pts',(-6.63427332071211,-4.56275056984909,-4.22581964618582));
#1994=CARTESIAN_POINT('Ctrl Pts',(-5.71696771004515,-5.51384798350853,-4.19933258034264));
#1995=CARTESIAN_POINT('Ctrl Pts',(-4.79966209937818,-6.46494539716797,-4.17284551449946));
#1996=CARTESIAN_POINT('Ctrl Pts',(-3.6398714872779,-7.18217312605817,-4.14635844865628));
#1997=CARTESIAN_POINT('Ctrl Pts',(-2.3791685190121,-7.5779810333018,-4.11987138281309));
#1998=CARTESIAN_POINT('Ctrl Pts',(-1.11846555074631,-7.97378894054543,-4.09338431696991));
#1999=CARTESIAN_POINT('Ctrl Pts',(0.243149773684996,-8.04817702614249,-4.06689725112672));
#2000=CARTESIAN_POINT('Ctrl Pts',(1.53946858752106,-7.79206492856521,-4.04041018528354));
#2001=CARTESIAN_POINT('Ctrl Pts',(2.83578740135712,-7.53595283098793,-4.01392311944035));
#2002=CARTESIAN_POINT('Ctrl Pts',(4.06680970459794,-6.94934055023632,-3.98743605359717));
#2003=CARTESIAN_POINT('Ctrl Pts',(5.08226778336897,-6.10383433270186,-3.96094898775399));
#2004=CARTESIAN_POINT('Ctrl Pts',(6.09772586213999,-5.2583281151674,-3.9344619219108));
#2005=CARTESIAN_POINT('Ctrl Pts',(6.89761971644122,-4.15392796085009,-3.90797485606762));
#2006=CARTESIAN_POINT('Ctrl Pts',(7.38430836892258,-2.92544514486256,-3.88148779022443));
#2007=CARTESIAN_POINT('Ctrl Pts',(7.87099702140394,-1.69696232887505,-3.85500072438125));
#2008=CARTESIAN_POINT('Ctrl Pts',(8.04448047206545,-0.344396851217332,-3.82851365853806));
#2009=CARTESIAN_POINT('Ctrl Pts',(7.88358204404484,0.967147112777476,-3.80202659269488));
#2010=CARTESIAN_POINT('Ctrl Pts',(7.72268361602423,2.27869107677231,-3.7755395268517));
#2011=CARTESIAN_POINT('Ctrl Pts',(7.22740330932147,3.54921352710426,-3.74905246100851));
#2012=CARTESIAN_POINT('Ctrl Pts',(6.45819871208864,4.62362506893852,-3.72256539516533));
#2013=CARTESIAN_POINT('Ctrl Pts',(5.68899411485581,5.69803661077277,-3.69607832932214));
#2014=CARTESIAN_POINT('Ctrl Pts',(4.6458652270929,6.57633724410935,-3.66959126347896));
#2015=CARTESIAN_POINT('Ctrl Pts',(3.45614409861572,7.15131507853931,-3.64310419763577));
#2016=CARTESIAN_POINT('Ctrl Pts',(2.26642297013854,7.72629291296927,-3.61661713179259));
#2017=CARTESIAN_POINT('Ctrl Pts',(0.930109600947106,7.99794794849259,-3.5901300659494));
#2018=CARTESIAN_POINT('Ctrl Pts',(-0.389675686540585,7.93311995637651,-3.56364300010622));
#2019=CARTESIAN_POINT('Ctrl Pts',(-1.70946097402828,7.86829196426042,-3.53715593426304));
#2020=CARTESIAN_POINT('Ctrl Pts',(-3.01271817981222,7.46698094450493,-3.51066886841985));
#2021=CARTESIAN_POINT('Ctrl Pts',(-4.14036206198563,6.77817389704706,-3.48418180257667));
#2022=CARTESIAN_POINT('Ctrl Pts',(-5.26800594415905,6.08936684958918,-3.45769473673348));
#2023=CARTESIAN_POINT('Ctrl Pts',(-6.22003650272194,5.11306377442892,-3.4312076708903));
#2024=CARTESIAN_POINT('Ctrl Pts',(-6.88024182567455,3.96843946699185,-3.40472060504711));
#2025=CARTESIAN_POINT('Ctrl Pts',(-7.54044714862716,2.82381515955477,-3.37823353920393));
#2026=CARTESIAN_POINT('Ctrl Pts',(-7.90882723596949,1.51086961984087,-3.35174647336074));
#2027=CARTESIAN_POINT('Ctrl Pts',(-7.94041488165163,0.189870719663047,-3.32525940751756));
#2028=CARTESIAN_POINT('Ctrl Pts',(-7.94192744764588,0.126615039421463,-3.32399108142941));
#2029=CARTESIAN_POINT('Ctrl Pts',(-7.94266776618601,0.0633408932455342,
-3.32272275534126));
#2030=CARTESIAN_POINT('Ctrl Pts',(-7.94263992782794,6.60939700336538E-5,
-3.32145442925311));
#2031=CARTESIAN_POINT('Ctrl Pts',(-7.94268463252425,-1.73320189448389E-6,
-3.17854557074689));
#2032=CARTESIAN_POINT('Ctrl Pts',(-7.94266744066589,1.31975062559961,-3.20500008006848));
#2033=CARTESIAN_POINT('Ctrl Pts',(-7.60663956164915,2.6395114152595,-3.23145458939007));
#2034=CARTESIAN_POINT('Ctrl Pts',(-6.97547405074804,3.79855254699338,-3.25790909871167));
#2035=CARTESIAN_POINT('Ctrl Pts',(-6.34353178933786,4.95902006495013,-3.28439616455485));
#2036=CARTESIAN_POINT('Ctrl Pts',(-5.41572502055577,5.95837209887435,-3.31088323039804));
#2037=CARTESIAN_POINT('Ctrl Pts',(-4.30530872093235,6.67462032646,-3.33737029624122));
#2038=CARTESIAN_POINT('Ctrl Pts',(-3.19489242130895,7.39086855404564,-3.3638573620844));
#2039=CARTESIAN_POINT('Ctrl Pts',(-1.90186659084424,7.8240129752927,-3.39034442792759));
#2040=CARTESIAN_POINT('Ctrl Pts',(-0.584067553878725,7.92118076914264,-3.41683149377077));
#2041=CARTESIAN_POINT('Ctrl Pts',(0.733731483086792,8.01834856299259,-3.44331855961396));
#2042=CARTESIAN_POINT('Ctrl Pts',(2.07630372655313,7.77953972944542,-3.46980562545714));
#2043=CARTESIAN_POINT('Ctrl Pts',(3.27976484948086,7.23390504617243,-3.49629269130033));
#2044=CARTESIAN_POINT('Ctrl Pts',(4.4832259724086,6.68827036289944,-3.52277975714351));
#2045=CARTESIAN_POINT('Ctrl Pts',(5.54757597479775,5.83580982990063,-3.5492668229867));
#2046=CARTESIAN_POINT('Ctrl Pts',(6.34289240016612,4.78058110325973,-3.57575388882988));
#2047=CARTESIAN_POINT('Ctrl Pts',(7.1382088255345,3.72535237661881,-3.60224095467306));
#2048=CARTESIAN_POINT('Ctrl Pts',(7.6644916738821,2.4673554563358,-3.62872802051625));
#2049=CARTESIAN_POINT('Ctrl Pts',(7.85749895685145,1.16015077813513,-3.65521508635943));
#2050=CARTESIAN_POINT('Ctrl Pts',(8.05050623982079,-0.147053900065516,-3.68170215220262));
#2051=CARTESIAN_POINT('Ctrl Pts',(7.91023795741191,-1.5034663361838,-3.7081892180458));
#2052=CARTESIAN_POINT('Ctrl Pts',(7.45381629666494,-2.74351276660075,-3.73467628388899));
#2053=CARTESIAN_POINT('Ctrl Pts',(6.99739463591797,-3.98355919701773,-3.76116334973217));
#2054=CARTESIAN_POINT('Ctrl Pts',(6.2248195968329,-5.10723962173336,-3.78765041557535));
#2055=CARTESIAN_POINT('Ctrl Pts',(5.2303974195276,-5.97738927281201,-3.81413748141853));
#2056=CARTESIAN_POINT('Ctrl Pts',(4.23597524222231,-6.84753892389066,-3.84062454726172));
#2057=CARTESIAN_POINT('Ctrl Pts',(3.01970592669677,-7.46415780133234,-3.86711161310491));
#2058=CARTESIAN_POINT('Ctrl Pts',(1.73005632770956,-7.75197683096907,-3.89359867894809));
#2059=CARTESIAN_POINT('Ctrl Pts',(0.440406728722346,-8.0397958606058,-3.92008574479127));
#2060=CARTESIAN_POINT('Ctrl Pts',(-0.922623153726551,-7.99881504243758,
-3.94657281063445));
#2061=CARTESIAN_POINT('Ctrl Pts',(-2.19265178143177,-7.63403679911966,-3.97305987647764));
#2062=CARTESIAN_POINT('Ctrl Pts',(-3.462680409137,-7.26925855580174,-3.99954694232082));
#2063=CARTESIAN_POINT('Ctrl Pts',(-4.63970778209854,-6.58068288733414,-4.02603400816401));
#2064=CARTESIAN_POINT('Ctrl Pts',(-5.58005720815813,-5.65236244756222,-4.0525210740072));
#2065=CARTESIAN_POINT('Ctrl Pts',(-6.52040663421772,-4.72404200779032,-4.07900813985038));
#2066=CARTESIAN_POINT('Ctrl Pts',(-7.22407811337535,-3.55597679671411,-4.10549520569356));
#2067=CARTESIAN_POINT('Ctrl Pts',(-7.60517628515432,-2.29074951853219,-4.13198227153675));
#2068=CARTESIAN_POINT('Ctrl Pts',(-7.828495197437,-1.54934165967253,-4.14750337127346));
#2069=CARTESIAN_POINT('Ctrl Pts',(-7.9410483057396,-0.774570114998968,-4.16302447101017));
#2070=CARTESIAN_POINT('Ctrl Pts',(-7.94139811590043,0.000101958421161006,
-4.17854557074688));
#2071=CARTESIAN_POINT('Origin',(0.,0.,0.));
#2072=CARTESIAN_POINT('',(-7.94243786069451,-0.000150659258356042,-5.32145442925311));
#2073=CARTESIAN_POINT('',(-7.94224998921854,-0.000187558473389522,-5.17854557074689));
#2074=CARTESIAN_POINT('',(-7.942,9.72614487882828E-16,0.));
#2075=CARTESIAN_POINT('Ctrl Pts',(-7.94243786069451,-0.000150659258356042,
-5.32145442925311));
#2076=CARTESIAN_POINT('Ctrl Pts',(-7.94257716481428,-0.160887804913247,
-5.3182327347542));
#2077=CARTESIAN_POINT('Ctrl Pts',(-7.93779779714399,-0.321616673934455,
-5.31501104025529));
#2078=CARTESIAN_POINT('Ctrl Pts',(-7.92804350862513,-0.482043056465912,
-5.31178934575638));
#2079=CARTESIAN_POINT('Ctrl Pts',(-7.84784891464979,-1.80098380597966,-5.2853022799132));
#2080=CARTESIAN_POINT('Ctrl Pts',(-7.43138661040301,-3.09947871476699,-5.25881521407002));
#2081=CARTESIAN_POINT('Ctrl Pts',(-6.72949307399686,-4.21902386221841,-5.23232814822683));
#2082=CARTESIAN_POINT('Ctrl Pts',(-6.02759953759071,-5.33856900966982,-5.20584108238365));
#2083=CARTESIAN_POINT('Ctrl Pts',(-5.04027476902524,-6.27916439578534,-5.17935401654046));
#2084=CARTESIAN_POINT('Ctrl Pts',(-3.88803895338021,-6.92599397053868,-5.15286695069728));
#2085=CARTESIAN_POINT('Ctrl Pts',(-2.73580313773517,-7.57282354529202,-5.12637988485409));
#2086=CARTESIAN_POINT('Ctrl Pts',(-1.41865627501058,-7.9258873086831,-5.09989281901091));
#2087=CARTESIAN_POINT('Ctrl Pts',(-0.0973790816709043,-7.94208767877772,
-5.07340575316773));
#2088=CARTESIAN_POINT('Ctrl Pts',(1.22389811166879,-7.95828804887235,-5.04691868732454));
#2089=CARTESIAN_POINT('Ctrl Pts',(2.54930563562362,-7.63762502567051,-5.02043162148136));
#2090=CARTESIAN_POINT('Ctrl Pts',(3.71705441614309,-7.01924111641502,-4.99394455563817));
#2091=CARTESIAN_POINT('Ctrl Pts',(4.88480319666252,-6.40085720715955,-4.96745748979499));
#2092=CARTESIAN_POINT('Ctrl Pts',(5.89489323374662,-5.48475241185043,-4.9409704239518));
#2093=CARTESIAN_POINT('Ctrl Pts',(6.62402544477069,-4.38275327733268,-4.91448335810862));
#2094=CARTESIAN_POINT('Ctrl Pts',(7.35315765579478,-3.28075414281493,-4.88799629226544));
#2095=CARTESIAN_POINT('Ctrl Pts',(7.80133204075886,-1.99286066908853,-4.86150922642225));
#2096=CARTESIAN_POINT('Ctrl Pts',(7.91384110974304,-0.676282686959456,-4.83502216057907));
#2097=CARTESIAN_POINT('Ctrl Pts',(8.02635017872722,0.64029529516965,-4.80853509473588));
#2098=CARTESIAN_POINT('Ctrl Pts',(7.8031939317315,1.98555778570143,-4.7820480288927));
#2099=CARTESIAN_POINT('Ctrl Pts',(7.27161247560413,3.19529206608384,-4.75556096304951));
#2100=CARTESIAN_POINT('Ctrl Pts',(6.74003101947679,4.4050263464662,-4.72907389720633));
#2101=CARTESIAN_POINT('Ctrl Pts',(5.90002435421782,5.4792324166992,-4.70258683136314));
#2102=CARTESIAN_POINT('Ctrl Pts',(4.85412992443368,6.28678471554876,-4.67609976551996));
#2103=CARTESIAN_POINT('Ctrl Pts',(3.80823549464952,7.09433701439834,-4.64961269967678));
#2104=CARTESIAN_POINT('Ctrl Pts',(2.55645330034018,7.63523554186449,-4.62312563383359));
#2105=CARTESIAN_POINT('Ctrl Pts',(1.25158516167783,7.84345421137957,-4.59663856799041));
#2106=CARTESIAN_POINT('Ctrl Pts',(-0.0532829769845253,8.05167288089466,
-4.57015150214723));
#2107=CARTESIAN_POINT('Ctrl Pts',(-1.41123705999986,7.92721169245869,-4.54366443630404));
#2108=CARTESIAN_POINT('Ctrl Pts',(-2.65651513889325,7.48526330196681,-4.51717737046085));
#2109=CARTESIAN_POINT('Ctrl Pts',(-3.90179321778662,7.04331491147493,-4.49069030461767));
#2110=CARTESIAN_POINT('Ctrl Pts',(-5.03439529255803,6.28387931892714,-4.46420323877449));
#2111=CARTESIAN_POINT('Ctrl Pts',(-5.91606755248656,5.2996588661305,-4.4377161729313));
#2112=CARTESIAN_POINT('Ctrl Pts',(-6.79773981241512,4.31543841333383,-4.41122910708812));
#2113=CARTESIAN_POINT('Ctrl Pts',(-7.4284822575008,3.10643310028829,-4.38474204124493));
#2114=CARTESIAN_POINT('Ctrl Pts',(-7.73130178614245,1.82022308372643,-4.35825497540175));
#2115=CARTESIAN_POINT('Ctrl Pts',(-7.87154538156955,1.22454579036921,-4.34598812668554));
#2116=CARTESIAN_POINT('Ctrl Pts',(-7.94145420498059,0.612309193138776,-4.33372127796932));
#2117=CARTESIAN_POINT('Ctrl Pts',(-7.94133264580565,4.528496108408E-5,-4.32145442925311));
#2118=CARTESIAN_POINT('Ctrl Pts',(-7.94139811590043,0.000101958421161006,
-4.17854557074688));
#2119=CARTESIAN_POINT('Ctrl Pts',(-7.94164526374643,0.547423207872498,-4.18951153685336));
#2120=CARTESIAN_POINT('Ctrl Pts',(-7.8858838470606,1.09469480421908,-4.20047750295983));
#2121=CARTESIAN_POINT('Ctrl Pts',(-7.77360689927773,1.63011516784272,-4.2114434690663));
#2122=CARTESIAN_POINT('Ctrl Pts',(-7.50241447722188,2.92336323074805,-4.23793053490949));
#2123=CARTESIAN_POINT('Ctrl Pts',(-6.90150476870989,4.14747001127106,-4.26441760075267));
#2124=CARTESIAN_POINT('Ctrl Pts',(-6.04422927022188,5.15301195553846,-4.29090466659585));
#2125=CARTESIAN_POINT('Ctrl Pts',(-5.18695377173387,6.15855389980585,-4.31739173243904));
#2126=CARTESIAN_POINT('Ctrl Pts',(-4.07331248326985,6.94553100781762,-4.34387879828222));
#2127=CARTESIAN_POINT('Ctrl Pts',(-2.83924472132574,7.41787901609032,-4.37036586412541));
#2128=CARTESIAN_POINT('Ctrl Pts',(-1.60517695938164,7.89022702436301,-4.39685292996859));
#2129=CARTESIAN_POINT('Ctrl Pts',(-0.250682723957454,8.04794593289662,-4.42333999581178));
#2130=CARTESIAN_POINT('Ctrl Pts',(1.05889837113346,7.87178340178006,-4.44982706165496));
#2131=CARTESIAN_POINT('Ctrl Pts',(2.36847946622438,7.69562087066349,-4.47631412749814));
#2132=CARTESIAN_POINT('Ctrl Pts',(3.63314742098202,7.18557689989675,-4.50280119334133));
#2133=CARTESIAN_POINT('Ctrl Pts',(4.69852748372923,6.40391123998219,-4.52928825918451));
#2134=CARTESIAN_POINT('Ctrl Pts',(5.76390754647644,5.62224558006763,-4.5557753250277));
#2135=CARTESIAN_POINT('Ctrl Pts',(6.62999971721321,4.56895823100526,-4.58226239087088));
#2136=CARTESIAN_POINT('Ctrl Pts',(7.19108236103608,3.37262125975107,-4.60874945671406));
#2137=CARTESIAN_POINT('Ctrl Pts',(7.75216500485895,2.17628428849686,-4.63523652255725));
#2138=CARTESIAN_POINT('Ctrl Pts',(8.00823812176791,0.836897695050822,-4.66172358840044));
#2139=CARTESIAN_POINT('Ctrl Pts',(7.9280435276006,-0.482043057619783,-4.68821065424362));
#2140=CARTESIAN_POINT('Ctrl Pts',(7.8478489334333,-1.80098381029035,-4.7146977200868));
#2141=CARTESIAN_POINT('Ctrl Pts',(7.43138662818976,-3.09947872218549,-4.74118478592998));
#2142=CARTESIAN_POINT('Ctrl Pts',(6.72949309010365,-4.21902387231648,-4.76767185177317));
#2143=CARTESIAN_POINT('Ctrl Pts',(6.02759955201754,-5.3385690224475,-4.79415891761635));
#2144=CARTESIAN_POINT('Ctrl Pts',(5.04027478108886,-6.27916441081437,-4.82064598345954));
#2145=CARTESIAN_POINT('Ctrl Pts',(3.88803896268598,-6.92599398711585,-4.84713304930273));
#2146=CARTESIAN_POINT('Ctrl Pts',(2.7358031442831,-7.57282356341733,-4.87362011514591));
#2147=CARTESIAN_POINT('Ctrl Pts',(1.41865627840602,-7.92588732765343,-4.90010718098909));
#2148=CARTESIAN_POINT('Ctrl Pts',(0.0973790819039158,-7.94208769778682,
-4.92659424683228));
#2149=CARTESIAN_POINT('Ctrl Pts',(-1.22389811459819,-7.9582880679202,-4.95308131267546));
#2150=CARTESIAN_POINT('Ctrl Pts',(-2.54930564172525,-7.63762504395089,-4.97956837851865));
#2151=CARTESIAN_POINT('Ctrl Pts',(-3.71705442503967,-7.01924113321534,-5.00605544436183));
#2152=CARTESIAN_POINT('Ctrl Pts',(-4.8848032083541,-6.40085722247978,-5.03254251020501));
#2153=CARTESIAN_POINT('Ctrl Pts',(-5.89489324785586,-5.48475242497795,-5.0590295760482));
#2154=CARTESIAN_POINT('Ctrl Pts',(-6.62402546062509,-4.38275328782259,-5.08551664189138));
#2155=CARTESIAN_POINT('Ctrl Pts',(-7.35315767339433,-3.28075415066722,-5.11200370773457));
#2156=CARTESIAN_POINT('Ctrl Pts',(-7.80133205943109,-1.99286067385828,-5.13849077357775));
#2157=CARTESIAN_POINT('Ctrl Pts',(-7.91384112868454,-0.676282688577995,
-5.16497783942094));
#2158=CARTESIAN_POINT('Ctrl Pts',(-7.93305167258296,-0.451481440556337,
-5.16950041652959));
#2159=CARTESIAN_POINT('Ctrl Pts',(-7.94247609218797,-0.225843912611909,
-5.17402299363824));
#2160=CARTESIAN_POINT('Ctrl Pts',(-7.94224998921854,-0.000187558473389522,
-5.17854557074689));
#2161=CARTESIAN_POINT('Origin',(0.,0.,0.));
#2162=CARTESIAN_POINT('',(-7.94174703910978,0.000196295036729577,-6.32145442925311));
#2163=CARTESIAN_POINT('',(-7.94194230881784,0.000207263280563392,-6.17854557074688));
#2164=CARTESIAN_POINT('',(-7.942,9.72614487882828E-16,0.));
#2165=CARTESIAN_POINT('Ctrl Pts',(-7.94174703910978,0.000196295036729577,
-6.32145442925311));
#2166=CARTESIAN_POINT('Ctrl Pts',(-7.94088399004285,-0.933530942794602,
-6.30274419153908));
#2167=CARTESIAN_POINT('Ctrl Pts',(-7.7762286517362,-1.86755452549932,-6.28403395382505));
#2168=CARTESIAN_POINT('Ctrl Pts',(-7.45381627882453,-2.7435127600342,-6.26532371611102));
#2169=CARTESIAN_POINT('Ctrl Pts',(-6.99739461916999,-3.98355918748318,-6.23883665026783));
#2170=CARTESIAN_POINT('Ctrl Pts',(-6.22481958193407,-5.10723960950932,-6.21234958442465));
#2171=CARTESIAN_POINT('Ctrl Pts',(-5.23039740700889,-5.97738925850531,-6.18586251858146));
#2172=CARTESIAN_POINT('Ctrl Pts',(-4.23597523208371,-6.8475389075013,-6.15937545273828));
#2173=CARTESIAN_POINT('Ctrl Pts',(-3.01970591946928,-7.46415778346713,-6.1328883868951));
#2174=CARTESIAN_POINT('Ctrl Pts',(-1.73005632356879,-7.75197681241499,-6.10640132105191));
#2175=CARTESIAN_POINT('Ctrl Pts',(-0.440406727668325,-8.03979584136284,
-6.07991425520873));
#2176=CARTESIAN_POINT('Ctrl Pts',(0.922623151518184,-7.99881502329273,-6.05342718936555));
#2177=CARTESIAN_POINT('Ctrl Pts',(2.19265177618363,-7.63403678084792,-6.02694012352236));
#2178=CARTESIAN_POINT('Ctrl Pts',(3.46268040084911,-7.2692585384031,-6.00045305767918));
#2179=CARTESIAN_POINT('Ctrl Pts',(4.6397077709935,-6.58068287158356,-5.97396599183599));
#2180=CARTESIAN_POINT('Ctrl Pts',(5.58005719480243,-5.65236243403355,-5.94747892599281));
#2181=CARTESIAN_POINT('Ctrl Pts',(6.52040661861132,-4.72404199648356,-5.92099186014962));
#2182=CARTESIAN_POINT('Ctrl Pts',(7.22407809608475,-3.55597678820311,-5.89450479430644));
#2183=CARTESIAN_POINT('Ctrl Pts',(7.60517626695158,-2.29074951304948,-5.86801772846326));
#2184=CARTESIAN_POINT('Ctrl Pts',(7.98627443781842,-1.02552223789581,-5.84153066262007));
#2185=CARTESIAN_POINT('Ctrl Pts',(8.04479930207865,0.336867104131023,-5.81504359677688));
#2186=CARTESIAN_POINT('Ctrl Pts',(7.7736068806719,1.63011516394104,-5.7885565309337));
#2187=CARTESIAN_POINT('Ctrl Pts',(7.50241445926515,2.92336322375101,-5.76206946509051));
#2188=CARTESIAN_POINT('Ctrl Pts',(6.90150475219141,4.14747000134421,-5.73558239924734));
#2189=CARTESIAN_POINT('Ctrl Pts',(6.04422925575528,5.15301194320487,-5.70909533340415));
#2190=CARTESIAN_POINT('Ctrl Pts',(5.18695375931914,6.15855388506554,-5.68260826756097));
#2191=CARTESIAN_POINT('Ctrl Pts',(4.07331247352058,6.94553099119371,-5.65612120171778));
#2192=CARTESIAN_POINT('Ctrl Pts',(2.83924471453017,7.41787899833587,-5.62963413587459));
#2193=CARTESIAN_POINT('Ctrl Pts',(1.60517695553976,7.89022700547803,-5.60314707003141));
#2194=CARTESIAN_POINT('Ctrl Pts',(0.250682723357518,8.04794591363416,-5.57666000418823));
#2195=CARTESIAN_POINT('Ctrl Pts',(-1.05889836859897,7.87178338293925,-5.55017293834505));
#2196=CARTESIAN_POINT('Ctrl Pts',(-2.36847946055545,7.69562085224433,-5.52368587250186));
#2197=CARTESIAN_POINT('Ctrl Pts',(-3.63314741228616,7.18557688269837,-5.49719880665867));
#2198=CARTESIAN_POINT('Ctrl Pts',(-4.69852747248343,6.4039112246547,-5.47071174081549));
#2199=CARTESIAN_POINT('Ctrl Pts',(-5.7639075326807,5.62224556661104,-5.4442246749723));
#2200=CARTESIAN_POINT('Ctrl Pts',(-6.62999970134452,4.56895822006968,-5.41773760912912));
#2201=CARTESIAN_POINT('Ctrl Pts',(-7.19108234382446,3.37262125167888,-5.39125054328594));
#2202=CARTESIAN_POINT('Ctrl Pts',(-7.68391896489106,2.32179803149727,-5.36798517194167));
#2203=CARTESIAN_POINT('Ctrl Pts',(-7.94143188012208,1.16060787440991,-5.34471980059738));
#2204=CARTESIAN_POINT('Ctrl Pts',(-7.94243786069451,-0.000150659258356042,
-5.32145442925311));
#2205=CARTESIAN_POINT('Ctrl Pts',(-7.94224998921854,-0.000187558473389522,
-5.17854557074689));
#2206=CARTESIAN_POINT('Ctrl Pts',(-7.94115189050056,1.0957421137644,-5.20051005948142));
#2207=CARTESIAN_POINT('Ctrl Pts',(-7.71242821044843,2.19211583691665,-5.22247454821595));
#2208=CARTESIAN_POINT('Ctrl Pts',(-7.27161249300847,3.19529207373166,-5.24443903695049));
#2209=CARTESIAN_POINT('Ctrl Pts',(-6.7400310356088,4.40502635700948,-5.27092610279367));
#2210=CARTESIAN_POINT('Ctrl Pts',(-5.90002436833931,5.47923242981354,-5.29741316863686));
#2211=CARTESIAN_POINT('Ctrl Pts',(-4.85412993605185,6.28678473059595,-5.32390023448004));
#2212=CARTESIAN_POINT('Ctrl Pts',(-3.80823550376437,7.09433703137838,-5.35038730032323));
#2213=CARTESIAN_POINT('Ctrl Pts',(-2.55645330645891,7.63523556013915,-5.37687436616641));
#2214=CARTESIAN_POINT('Ctrl Pts',(-1.25158516467339,7.84345423015259,-5.40336143200959));
#2215=CARTESIAN_POINT('Ctrl Pts',(0.0532829771121127,8.05167290016604,-5.42984849785277));
#2216=CARTESIAN_POINT('Ctrl Pts',(1.41123706337767,7.92721171143217,-5.45633556369596));
#2217=CARTESIAN_POINT('Ctrl Pts',(2.65651514525158,7.48526331988249,-5.48282262953915));
#2218=CARTESIAN_POINT('Ctrl Pts',(3.90179322712549,7.0433149283328,-5.50930969538233));
#2219=CARTESIAN_POINT('Ctrl Pts',(5.03439530460775,6.28387933396732,-5.53579676122551));
#2220=CARTESIAN_POINT('Ctrl Pts',(5.91606756664653,5.29965887881495,-5.5622838270687));
#2221=CARTESIAN_POINT('Ctrl Pts',(6.79773982868531,4.3154384236626,-5.58877089291188));
#2222=CARTESIAN_POINT('Ctrl Pts',(7.42848227528061,3.10643310772338,-5.61525795875507));
#2223=CARTESIAN_POINT('Ctrl Pts',(7.73130180464704,1.82022308808306,-5.64174502459825));
#2224=CARTESIAN_POINT('Ctrl Pts',(8.03412133401348,0.534013068442718,-5.66823209044144));
#2225=CARTESIAN_POINT('Ctrl Pts',(8.00901794615103,-0.829401654898771,-5.69471915628462));
#2226=CARTESIAN_POINT('Ctrl Pts',(7.6590559467954,-2.10359256720192,-5.7212062221278));
#2227=CARTESIAN_POINT('Ctrl Pts',(7.30909394743977,-3.37778347950507,-5.74769328797099));
#2228=CARTESIAN_POINT('Ctrl Pts',(6.63427333659097,-4.56275058076992,-5.77418035381418));
#2229=CARTESIAN_POINT('Ctrl Pts',(5.71696772372846,-5.51384799670577,-5.80066741965736));
#2230=CARTESIAN_POINT('Ctrl Pts',(4.79966211086593,-6.46494541264163,-5.82715448550054));
#2231=CARTESIAN_POINT('Ctrl Pts',(3.63987149598975,-7.18217314324845,-5.85364155134373));
#2232=CARTESIAN_POINT('Ctrl Pts',(2.37916852470649,-7.57798105143943,-5.88012861718691));
#2233=CARTESIAN_POINT('Ctrl Pts',(1.11846555342325,-7.9737889596304,-5.90661568303009));
#2234=CARTESIAN_POINT('Ctrl Pts',(-0.243149774267086,-8.0481770454055,-5.93310274887328));
#2235=CARTESIAN_POINT('Ctrl Pts',(-1.53946859120584,-7.79206494721521,-5.95958981471647));
#2236=CARTESIAN_POINT('Ctrl Pts',(-2.83578740814457,-7.53595284902492,-5.98607688055965));
#2237=CARTESIAN_POINT('Ctrl Pts',(-4.06680971433172,-6.94934056686928,-6.01256394640283));
#2238=CARTESIAN_POINT('Ctrl Pts',(-5.08226779553319,-6.10383434731115,-6.03905101224601));
#2239=CARTESIAN_POINT('Ctrl Pts',(-6.09772587673467,-5.258328127753,-6.0655380780892));
#2240=CARTESIAN_POINT('Ctrl Pts',(-6.89761973295044,-4.15392797079231,-6.09202514393238));
#2241=CARTESIAN_POINT('Ctrl Pts',(-7.38430838659667,-2.92544515186445,-6.11851220977557));
#2242=CARTESIAN_POINT('Ctrl Pts',(-7.75200427507256,-1.99731979246089,-6.13852333009934));
#2243=CARTESIAN_POINT('Ctrl Pts',(-7.9409262811392,-0.998369494526393,-6.15853445042311));
#2244=CARTESIAN_POINT('Ctrl Pts',(-7.94194230881784,0.000207263280563392,
-6.17854557074688));
#2245=CARTESIAN_POINT('Origin',(0.,0.,0.));
#2246=CARTESIAN_POINT('',(-7.94175632208621,-0.000197278656115379,-7.32145442925311));
#2247=CARTESIAN_POINT('',(-7.94158474175373,-0.000169682528181033,-7.17854557074689));
#2248=CARTESIAN_POINT('',(-7.942,9.72614487882828E-16,0.));
#2249=CARTESIAN_POINT('Ctrl Pts',(-7.94175632208621,-0.000197278656115379,
-7.32145442925311));
#2250=CARTESIAN_POINT('Ctrl Pts',(-7.94211447963877,-0.385046171437517,
-7.31374271416714));
#2251=CARTESIAN_POINT('Ctrl Pts',(-7.91464388212478,-0.769844373413021,
-7.30603099908118));
#2252=CARTESIAN_POINT('Ctrl Pts',(-7.8589169327631,-1.15050598732445,-7.29831928399521));
#2253=CARTESIAN_POINT('Ctrl Pts',(-7.66751419543062,-2.45794656561943,-7.27183221815202));
#2254=CARTESIAN_POINT('Ctrl Pts',(-7.14277574931727,-3.71658846948864,-7.24534515230884));
#2255=CARTESIAN_POINT('Ctrl Pts',(-6.34875506158761,-4.77279253172667,-7.21885808646565));
#2256=CARTESIAN_POINT('Ctrl Pts',(-5.55473437385794,-5.82899659396472,-7.19237102062247));
#2257=CARTESIAN_POINT('Ctrl Pts',(-4.49143144451197,-6.68276281457153,-7.16588395477928));
#2258=CARTESIAN_POINT('Ctrl Pts',(-3.2886409165292,-7.22987415554862,-7.1393968889361));
#2259=CARTESIAN_POINT('Ctrl Pts',(-2.08585038854647,-7.77698549652569,-7.11290982309292));
#2260=CARTESIAN_POINT('Ctrl Pts',(-0.743572261926898,-8.01744195787308,
-7.08642275724973));
#2261=CARTESIAN_POINT('Ctrl Pts',(0.574345038374038,-7.92189164024826,-7.05993569140654));
#2262=CARTESIAN_POINT('Ctrl Pts',(1.89226233867499,-7.82634132262343,-7.03344862556336));
#2263=CARTESIAN_POINT('Ctrl Pts',(3.18581881265737,-7.39478422602641,-7.00696155972018));
#2264=CARTESIAN_POINT('Ctrl Pts',(4.29711336169668,-6.67989941089443,-6.980474493877));
#2265=CARTESIAN_POINT('Ctrl Pts',(5.40840791073602,-5.96501459576243,-6.95398742803381));
#2266=CARTESIAN_POINT('Ctrl Pts',(6.33744053483229,-4.96680206209545,-6.92750036219062));
#2267=CARTESIAN_POINT('Ctrl Pts',(6.97080662046197,-3.80711103634549,-6.90101329634744));
#2268=CARTESIAN_POINT('Ctrl Pts',(7.60417270609163,-2.64742001059558,-6.87452623050425));
#2269=CARTESIAN_POINT('Ctrl Pts',(7.94187225325472,-1.32625049276276,-6.84803916466107));
#2270=CARTESIAN_POINT('Ctrl Pts',(7.94268315021937,-0.00487423443327403,
-6.82155209881789));
#2271=CARTESIAN_POINT('Ctrl Pts',(7.94349404718402,1.31650202389621,-6.7950650329747));
#2272=CARTESIAN_POINT('Ctrl Pts',(7.60741629395018,2.63808502272237,-6.76857796713152));
#2273=CARTESIAN_POINT('Ctrl Pts',(6.97547403405256,3.79855253790157,-6.74209090128833));
#2274=CARTESIAN_POINT('Ctrl Pts',(6.34353177415493,4.9590200530808,-6.71560383544515));
#2275=CARTESIAN_POINT('Ctrl Pts',(5.41572500759351,5.95837208461313,-6.68911676960197));
#2276=CARTESIAN_POINT('Ctrl Pts',(4.30530871062786,6.67462031048448,-6.66262970375879));
#2277=CARTESIAN_POINT('Ctrl Pts',(3.19489241366219,7.39086853635584,-6.6361426379156));
#2278=CARTESIAN_POINT('Ctrl Pts',(1.90186658629233,7.82401295656619,-6.60965557207241));
#2279=CARTESIAN_POINT('Ctrl Pts',(0.584067552480901,7.92118075018359,-6.58316850622922));
#2280=CARTESIAN_POINT('Ctrl Pts',(-0.733731481330511,8.01834854380098,-6.55668144038604));
#2281=CARTESIAN_POINT('Ctrl Pts',(-2.07630372158346,7.77953971082541,-6.53019437454286));
#2282=CARTESIAN_POINT('Ctrl Pts',(-3.27976484163076,7.23390502885839,-6.50370730869968));
#2283=CARTESIAN_POINT('Ctrl Pts',(-4.48322596167807,6.68827034689138,-6.47722024285649));
#2284=CARTESIAN_POINT('Ctrl Pts',(-5.54757596151974,5.83580981593292,-6.4507331770133));
#2285=CARTESIAN_POINT('Ctrl Pts',(-6.34289238498457,4.78058109181768,-6.42424611117012));
#2286=CARTESIAN_POINT('Ctrl Pts',(-7.1382088084494,3.72535236770244,-6.39775904532693));
#2287=CARTESIAN_POINT('Ctrl Pts',(-7.66449165553738,2.46735545043041,-6.37127197948376));
#2288=CARTESIAN_POINT('Ctrl Pts',(-7.8574989380448,1.16015077535849,-6.34478491364057));
#2289=CARTESIAN_POINT('Ctrl Pts',(-7.91416752008487,0.776344348937108,-6.33700808551142));
#2290=CARTESIAN_POINT('Ctrl Pts',(-7.94210576166388,0.388295920445467,-6.32923125738227));
#2291=CARTESIAN_POINT('Ctrl Pts',(-7.94174703910978,0.000196295036729577,
-6.32145442925311));
#2292=CARTESIAN_POINT('Ctrl Pts',(-7.94194230881784,0.000207263280563392,
-6.17854557074688));
#2293=CARTESIAN_POINT('Ctrl Pts',(-7.94227111299205,0.323364016919596,-6.1850215162663));
#2294=CARTESIAN_POINT('Ctrl Pts',(-7.92292086558397,0.646481650380011,-6.19149746178571));
#2295=CARTESIAN_POINT('Ctrl Pts',(-7.88358206291388,0.967147115092482,-6.19797340730512));
#2296=CARTESIAN_POINT('Ctrl Pts',(-7.72268363450813,2.27869108222642,-6.22446047314831));
#2297=CARTESIAN_POINT('Ctrl Pts',(-7.22740332661995,3.54921353559925,-6.25094753899149));
#2298=CARTESIAN_POINT('Ctrl Pts',(-6.45819872754606,4.62362508000504,-6.27743460483468));
#2299=CARTESIAN_POINT('Ctrl Pts',(-5.68899412847216,5.69803662441085,-6.30392167067786));
#2300=CARTESIAN_POINT('Ctrl Pts',(-4.64586523821255,6.57633725984961,-6.33040873652105));
#2301=CARTESIAN_POINT('Ctrl Pts',(-3.45614410688782,7.15131509565575,-6.35689580236423));
#2302=CARTESIAN_POINT('Ctrl Pts',(-2.26642297556307,7.72629293146189,-6.38338286820741));
#2303=CARTESIAN_POINT('Ctrl Pts',(-0.930109603173186,7.99794796763539,-6.4098699340506));
#2304=CARTESIAN_POINT('Ctrl Pts',(0.389675687473378,7.93311997536413,-6.43635699989378));
#2305=CARTESIAN_POINT('Ctrl Pts',(1.70946097811991,7.86829198309286,-6.46284406573697));
#2306=CARTESIAN_POINT('Ctrl Pts',(3.01271818702312,7.46698096237684,-6.48933113158015));
#2307=CARTESIAN_POINT('Ctrl Pts',(4.14036207189549,6.77817391327034,-6.51581819742334));
#2308=CARTESIAN_POINT('Ctrl Pts',(5.26800595676787,6.08936686416382,-6.54230526326652));
#2309=CARTESIAN_POINT('Ctrl Pts',(6.22003651760941,5.1130637866668,-6.5687923291097));
#2310=CARTESIAN_POINT('Ctrl Pts',(6.88024184214219,3.9684394764901,-6.59527939495289));
#2311=CARTESIAN_POINT('Ctrl Pts',(7.54044716667496,2.8238151663134,-6.62176646079607));
#2312=CARTESIAN_POINT('Ctrl Pts',(7.90882725489897,1.51086962345702,-6.64825352663926));
#2313=CARTESIAN_POINT('Ctrl Pts',(7.94041490065671,0.189870720117433,-6.67474059248244));
#2314=CARTESIAN_POINT('Ctrl Pts',(7.97200254641445,-1.13112818322215,-6.70122765832563));
#2315=CARTESIAN_POINT('Ctrl Pts',(7.66679774970592,-2.46018044704495,-6.72771472416881));
#2316=CARTESIAN_POINT('Ctrl Pts',(7.0620560719813,-3.63505209331603,-6.75420179001199));
#2317=CARTESIAN_POINT('Ctrl Pts',(6.45731439425668,-4.80992373958711,-6.78068885585517));
#2318=CARTESIAN_POINT('Ctrl Pts',(5.553035835516,-5.83061476830644,-6.80717592169836));
#2319=CARTESIAN_POINT('Ctrl Pts',(4.45960334444342,-6.57253206117385,-6.83366298754154));
#2320=CARTESIAN_POINT('Ctrl Pts',(3.36617085337083,-7.31444935404126,-6.86015005338473));
#2321=CARTESIAN_POINT('Ctrl Pts',(2.08358442996631,-7.77759291105674,-6.88663711922791));
#2322=CARTESIAN_POINT('Ctrl Pts',(0.768406087106703,-7.90542799412066,-6.9131241850711));
#2323=CARTESIAN_POINT('Ctrl Pts',(-0.546772255752907,-8.03326307718457,
-6.93961125091428));
#2324=CARTESIAN_POINT('Ctrl Pts',(-1.89454251806766,-7.82578968629696,-6.96609831675747));
#2325=CARTESIAN_POINT('Ctrl Pts',(-3.11038586405938,-7.30833356255643,-6.99258538260065));
#2326=CARTESIAN_POINT('Ctrl Pts',(-4.3262292100511,-6.79087743881589,-7.01907244844383));
#2327=CARTESIAN_POINT('Ctrl Pts',(-5.41014563971978,-5.96343858222244,-7.04555951428702));
#2328=CARTESIAN_POINT('Ctrl Pts',(-6.22982427332864,-4.92702031743065,-7.0720465801302));
#2329=CARTESIAN_POINT('Ctrl Pts',(-7.0495029069375,-3.89060205263887,-7.09853364597339));
#2330=CARTESIAN_POINT('Ctrl Pts',(-7.60494374448655,-2.64520437964875,-7.12502071181657));
#2331=CARTESIAN_POINT('Ctrl Pts',(-7.82834555716674,-1.34284977660082,-7.15150777765976));
#2332=CARTESIAN_POINT('Ctrl Pts',(-7.90436117452879,-0.899705256029207,
-7.16052037535547));
#2333=CARTESIAN_POINT('Ctrl Pts',(-7.94193342659297,-0.449966281479411,
-7.16953297305118));
#2334=CARTESIAN_POINT('Ctrl Pts',(-7.94158474175373,-0.000169682528181033,
-7.17854557074689));
#2335=CARTESIAN_POINT('Origin',(0.,0.,0.));
#2336=CARTESIAN_POINT('',(-7.94242918187058,0.000152922994961502,-8.32145442925311));
#2337=CARTESIAN_POINT('',(-7.94258098136349,0.000100465862467906,-8.17854557074689));
#2338=CARTESIAN_POINT('',(-7.942,9.72614487882828E-16,0.));
#2339=CARTESIAN_POINT('Ctrl Pts',(-7.94242918187058,0.000152922994961502,
-8.32145442925311));
#2340=CARTESIAN_POINT('Ctrl Pts',(-7.94141509855477,-1.15736064367741,-8.29825417095202));
#2341=CARTESIAN_POINT('Ctrl Pts',(-7.68538714351812,-2.31530805300607,-8.27505391265093));
#2342=CARTESIAN_POINT('Ctrl Pts',(-7.19521631974242,-3.36379272461655,-8.25185365434984));
#2343=CARTESIAN_POINT('Ctrl Pts',(-6.63560242599779,-4.56081743753584,-8.22536658850666));
#2344=CARTESIAN_POINT('Ctrl Pts',(-5.7708036636473,-5.61516699059368,-8.19887952266347));
#2345=CARTESIAN_POINT('Ctrl Pts',(-4.70638378452376,-6.39813965590411,-8.17239245682029));
#2346=CARTESIAN_POINT('Ctrl Pts',(-3.64196390540025,-7.18111232121452,-8.1459053909771));
#2347=CARTESIAN_POINT('Ctrl Pts',(-2.37792290950372,-7.69270809877752,-8.11941832513392));
#2348=CARTESIAN_POINT('Ctrl Pts',(-1.06855901728707,-7.87047781326365,-8.09293125929073));
#2349=CARTESIAN_POINT('Ctrl Pts',(0.240804874929576,-8.04824752774977,-8.06644419344755));
#2350=CARTESIAN_POINT('Ctrl Pts',(1.59549166346632,-7.89219117915902,-8.03995712760437));
#2351=CARTESIAN_POINT('Ctrl Pts',(2.83013823006146,-7.4213581628894,-8.01347006176119));
#2352=CARTESIAN_POINT('Ctrl Pts',(4.06478479665661,-6.95052514661977,-7.986982995918));
#2353=CARTESIAN_POINT('Ctrl Pts',(5.17939114131013,-6.16491546267127,-7.96049593007481));
#2354=CARTESIAN_POINT('Ctrl Pts',(6.03790014560234,-5.16042645666134,-7.93400886423163));
#2355=CARTESIAN_POINT('Ctrl Pts',(6.89640914989456,-4.1559374506514,-7.90752179838844));
#2356=CARTESIAN_POINT('Ctrl Pts',(7.49882081382546,-2.93256912258005,-7.88103473254526));
#2357=CARTESIAN_POINT('Ctrl Pts',(7.77160030109862,-1.63965488530652,-7.85454766670207));
#2358=CARTESIAN_POINT('Ctrl Pts',(8.04437978837177,-0.346740648033012,-7.82806060085889));
#2359=CARTESIAN_POINT('Ctrl Pts',(7.98752709898718,1.01571949844271,-7.80157353501571));
#2360=CARTESIAN_POINT('Ctrl Pts',(7.6079820939342,2.28141356209886,-7.77508646917252));
#2361=CARTESIAN_POINT('Ctrl Pts',(7.22843708888122,3.54710762575503,-7.74859940332934));
#2362=CARTESIAN_POINT('Ctrl Pts',(6.52619976815985,4.71603560659166,-7.72211233748615));
#2363=CARTESIAN_POINT('Ctrl Pts',(5.58699042823059,5.64550948434129,-7.69562527164296));
#2364=CARTESIAN_POINT('Ctrl Pts',(4.64778108830133,6.57498336209092,-7.66913820579978));
#2365=CARTESIAN_POINT('Ctrl Pts',(3.47159972916417,7.26500313675353,-7.6426511399566));
#2366=CARTESIAN_POINT('Ctrl Pts',(2.20201977225394,7.63133987616531,-7.61616407411342));
#2367=CARTESIAN_POINT('Ctrl Pts',(0.932439815343749,7.99767661557707,-7.58967700827023));
#2368=CARTESIAN_POINT('Ctrl Pts',(-0.430538739339509,8.04033031973802,-7.56318994242704));
#2369=CARTESIAN_POINT('Ctrl Pts',(-1.72054061903807,7.7540943611215,-7.53670287658386));
#2370=CARTESIAN_POINT('Ctrl Pts',(-3.01054249873664,7.46785840250498,-7.51021581074067));
#2371=CARTESIAN_POINT('Ctrl Pts',(-4.22756770345051,6.85273278111099,-7.4837287448975));
#2372=CARTESIAN_POINT('Ctrl Pts',(-5.22305710897984,5.98380429319648,-7.45724167905432));
#2373=CARTESIAN_POINT('Ctrl Pts',(-6.21854651450917,5.11487580528197,-7.43075461321113));
#2374=CARTESIAN_POINT('Ctrl Pts',(-6.99250012085396,3.99214445084696,-7.40426754736794));
#2375=CARTESIAN_POINT('Ctrl Pts',(-7.45044340975056,2.7526591472691,-7.37778048152476));
#2376=CARTESIAN_POINT('Ctrl Pts',(-7.77505640867053,1.87405026431966,-7.35900513076754));
#2377=CARTESIAN_POINT('Ctrl Pts',(-7.94088433270372,0.936776257055048,-7.34022978001033));
#2378=CARTESIAN_POINT('Ctrl Pts',(-7.94175632208621,-0.000197278656115379,
-7.32145442925311));
#2379=CARTESIAN_POINT('Ctrl Pts',(-7.94158474175373,-0.000169682528181033,
-7.17854557074689));
#2380=CARTESIAN_POINT('Ctrl Pts',(-7.94090867894446,0.871938072260135,-7.19602003889436));
#2381=CARTESIAN_POINT('Ctrl Pts',(-7.79767611725356,1.74426245494822,-7.21349450704184));
#2382=CARTESIAN_POINT('Ctrl Pts',(-7.51569498457521,2.56915717381407,-7.23096897518931));
#2383=CARTESIAN_POINT('Ctrl Pts',(-7.08827981149216,3.81949798807522,-7.2574560410325));
#2384=CARTESIAN_POINT('Ctrl Pts',(-6.34208667751476,4.96086808349182,-7.28394310687568));
#2385=CARTESIAN_POINT('Ctrl Pts',(-5.36820145172634,5.85394335970313,-7.31043017271886));
#2386=CARTESIAN_POINT('Ctrl Pts',(-4.3943162259379,6.74701863591445,-7.33691723856205));
#2387=CARTESIAN_POINT('Ctrl Pts',(-3.19273890833845,7.39179909292048,-7.36340430440523));
#2388=CARTESIAN_POINT('Ctrl Pts',(-1.91014293943661,7.70957804525317,-7.38989137024842));
#2389=CARTESIAN_POINT('Ctrl Pts',(-0.627546970534776,8.02735699758586,-7.4163784360916));
#2390=CARTESIAN_POINT('Ctrl Pts',(0.736067649669448,8.01813444524522,-7.44286550193478));
#2391=CARTESIAN_POINT('Ctrl Pts',(2.01424800554279,7.68303616138151,-7.46935256777797));
#2392=CARTESIAN_POINT('Ctrl Pts',(3.29242836141613,7.34793787751779,-7.49583963362115));
#2393=CARTESIAN_POINT('Ctrl Pts',(4.48517445295859,6.68696386213101,-7.52232669946434));
#2394=CARTESIAN_POINT('Ctrl Pts',(5.44689084462278,5.78079750654648,-7.54881376530752));
#2395=CARTESIAN_POINT('Ctrl Pts',(6.40860723628696,4.87463115096194,-7.57530083115071));
#2396=CARTESIAN_POINT('Ctrl Pts',(7.13929392807287,3.72327245517964,-7.60178789699389));
#2397=CARTESIAN_POINT('Ctrl Pts',(7.54975788225554,2.46726480221508,-7.62827496283707));
#2398=CARTESIAN_POINT('Ctrl Pts',(7.96022183643819,1.21125714925053,-7.65476202868026));
#2399=CARTESIAN_POINT('Ctrl Pts',(8.05046305301761,-0.149399460896291,-7.68124909452344));
#2400=CARTESIAN_POINT('Ctrl Pts',(7.80946601970216,-1.44861318924208,-7.70773616036662));
#2401=CARTESIAN_POINT('Ctrl Pts',(7.5684689863867,-2.74782691758791,-7.73422322620981));
#2402=CARTESIAN_POINT('Ctrl Pts',(6.99623370317635,-3.98559776413271,-7.760710292053));
#2403=CARTESIAN_POINT('Ctrl Pts',(6.16261145349625,-5.01083423774599,-7.78719735789618));
#2404=CARTESIAN_POINT('Ctrl Pts',(5.32898920381614,-6.03607071135928,-7.81368442373937));
#2405=CARTESIAN_POINT('Ctrl Pts',(4.23397998766628,-6.84877281204104,-7.84017148958255));
#2406=CARTESIAN_POINT('Ctrl Pts',(3.01124875258604,-7.34973609287941,-7.86665855542573));
#2407=CARTESIAN_POINT('Ctrl Pts',(1.78851751750585,-7.85069937371776,-7.89314562126892));
#2408=CARTESIAN_POINT('Ctrl Pts',(0.438064263495291,-8.03992383471274,-7.9196326871121));
#2409=CARTESIAN_POINT('Ctrl Pts',(-0.875264667799151,-7.8943113345142,-7.94611975295529));
#2410=CARTESIAN_POINT('Ctrl Pts',(-2.18859359909359,-7.74869883431567,-7.97260681879847));
#2411=CARTESIAN_POINT('Ctrl Pts',(-3.46479820767192,-7.26824937292363,-7.99909388464165));
#2412=CARTESIAN_POINT('Ctrl Pts',(-4.5480954923142,-6.51161017550254,-8.02558095048484));
#2413=CARTESIAN_POINT('Ctrl Pts',(-5.63139277695651,-5.75497097808142,-8.05206801632802));
#2414=CARTESIAN_POINT('Ctrl Pts',(-6.52178273766276,-4.72214204463124,-8.0785550821712));
#2415=CARTESIAN_POINT('Ctrl Pts',(-7.11057777104884,-3.53919813613297,-8.10504214801438));
#2416=CARTESIAN_POINT('Ctrl Pts',(-7.65522662592766,-2.44494800048862,-8.12954328892522));
#2417=CARTESIAN_POINT('Ctrl Pts',(-7.94181057649871,-1.22224939584923,-8.15404442983606));
#2418=CARTESIAN_POINT('Ctrl Pts',(-7.94258098136349,0.000100465862467906,
-8.17854557074689));
#2419=CARTESIAN_POINT('Origin',(0.,0.,0.));
#2420=CARTESIAN_POINT('',(-7.94133461542415,-4.7479869791367E-5,-9.32145442925311));
#2421=CARTESIAN_POINT('',(-7.94131874379937,1.20833572024523E-5,-9.17854557074689));
#2422=CARTESIAN_POINT('',(-7.942,9.72614487882828E-16,0.));
#2423=CARTESIAN_POINT('Ctrl Pts',(-7.94133461542415,-4.7479869791367E-5,
-9.32145442925311));
#2424=CARTESIAN_POINT('Ctrl Pts',(-7.94146354694721,-0.609061500650892,
-9.30925269358008));
#2425=CARTESIAN_POINT('Ctrl Pts',(-7.87230190090573,-1.21804685088958,-9.29705095790705));
#2426=CARTESIAN_POINT('Ctrl Pts',(-7.7335300841635,-1.81073328324516,-9.28484922223402));
#2427=CARTESIAN_POINT('Ctrl Pts',(-7.43228947825901,-3.09731455158586,-9.25836215639084));
#2428=CARTESIAN_POINT('Ctrl Pts',(-6.80303125036307,-4.30709192429999,-9.23187509054766));
#2429=CARTESIAN_POINT('Ctrl Pts',(-5.92256760688188,-5.29239347271452,-9.20538802470448));
#2430=CARTESIAN_POINT('Ctrl Pts',(-5.04210396340067,-6.27769502112908,-9.17890095886129));
#2431=CARTESIAN_POINT('Ctrl Pts',(-3.91043490433419,-7.03852074524404,-9.15241389301811));
#2432=CARTESIAN_POINT('Ctrl Pts',(-2.66570020601615,-7.48199734340265,-9.12592682717492));
#2433=CARTESIAN_POINT('Ctrl Pts',(-1.42096550769814,-7.92547394156125,-9.09943976133174));
#2434=CARTESIAN_POINT('Ctrl Pts',(-0.0631651701285699,-8.05160141376353,
-9.07295269548855));
#2435=CARTESIAN_POINT('Ctrl Pts',(1.24195755174503,-7.84498435786748,-9.04646562964537));
#2436=CARTESIAN_POINT('Ctrl Pts',(2.54708027361867,-7.63836730197143,-9.01997856380219));
#2437=CARTESIAN_POINT('Ctrl Pts',(3.79952537979636,-7.09900571797704,-8.993491497959));
#2438=CARTESIAN_POINT('Ctrl Pts',(4.84641016808345,-6.29273774629489,-8.96700443211581));
#2439=CARTESIAN_POINT('Ctrl Pts',(5.89329495637054,-5.48646977461274,-8.94051736627263));
#2440=CARTESIAN_POINT('Ctrl Pts',(6.73461942676706,-4.41329541524281,-8.91403030042944));
#2441=CARTESIAN_POINT('Ctrl Pts',(7.26768525410981,-3.2042144635231,-8.88754323458626));
#2442=CARTESIAN_POINT('Ctrl Pts',(7.80075108145256,-1.99513351180341,-8.86105616874307));
#2443=CARTESIAN_POINT('Ctrl Pts',(8.02555826574157,-0.650145967733969,-8.83456910289989));
#2444=CARTESIAN_POINT('Ctrl Pts',(7.91466518449045,0.666569100728791,-8.80808203705671));
#2445=CARTESIAN_POINT('Ctrl Pts',(7.80377210323932,1.98328416919153,-8.78159497121353));
#2446=CARTESIAN_POINT('Ctrl Pts',(7.35717875644806,3.27172676204756,-8.75510790537034));
#2447=CARTESIAN_POINT('Ctrl Pts',(6.62939963564279,4.37461997340868,-8.72862083952716));
#2448=CARTESIAN_POINT('Ctrl Pts',(5.90162051483752,5.4775131847698,-8.70213377368397));
#2449=CARTESIAN_POINT('Ctrl Pts',(4.89265562001823,6.39485701463604,-8.67564670784079));
#2450=CARTESIAN_POINT('Ctrl Pts',(3.72566669324344,7.01467369381076,-8.6491596419976));
#2451=CARTESIAN_POINT('Ctrl Pts',(2.55867776646863,7.6344903729855,-8.62267257615442));
#2452=CARTESIAN_POINT('Ctrl Pts',(1.2336648077383,7.95677990146872,-8.59618551031124));
#2453=CARTESIAN_POINT('Ctrl Pts',(-0.0876312738143713,7.94220121669357,
-8.56969844446805));
#2454=CARTESIAN_POINT('Ctrl Pts',(-1.40892735536704,7.92762253191841,-8.54321137862487));
#2455=CARTESIAN_POINT('Ctrl Pts',(-2.72650655974208,7.57617563388488,-8.51672431278168));
#2456=CARTESIAN_POINT('Ctrl Pts',(-3.87953539494768,6.93076074412736,-8.4902372469385));
#2457=CARTESIAN_POINT('Ctrl Pts',(-5.03256423015324,6.28534585436986,-8.46375018109531));
#2458=CARTESIAN_POINT('Ctrl Pts',(-6.02104269618939,5.34596297288837,-8.43726311525213));
#2459=CARTESIAN_POINT('Ctrl Pts',(-6.72430977946398,4.22728013922385,-8.41077604940895));
#2460=CARTESIAN_POINT('Ctrl Pts',(-7.42757686273856,3.10859730555932,-8.38428898356576));
#2461=CARTESIAN_POINT('Ctrl Pts',(-7.84563256325158,1.81061451971174,-8.35780191772257));
#2462=CARTESIAN_POINT('Ctrl Pts',(-7.9274459009387,0.491773190397618,-8.33131485187939));
#2463=CARTESIAN_POINT('Ctrl Pts',(-7.93759820308293,0.328116798493795,-8.3280280443373));
#2464=CARTESIAN_POINT('Ctrl Pts',(-7.94257284823185,0.164139214511188,-8.3247412367952));
#2465=CARTESIAN_POINT('Ctrl Pts',(-7.94242918187058,0.000152922994961502,
-8.32145442925311));
#2466=CARTESIAN_POINT('Ctrl Pts',(-7.94258098136349,0.000100465862467906,
-8.17854557074689));
#2467=CARTESIAN_POINT('Ctrl Pts',(-7.94264342605676,0.0991772833570351,
-8.18053149567925));
#2468=CARTESIAN_POINT('Ctrl Pts',(-7.94082812906277,0.198251809675612,-8.1825174206116));
#2469=CARTESIAN_POINT('Ctrl Pts',(-7.93712031389149,0.29725545873176,-8.18450334554395));
#2470=CARTESIAN_POINT('Ctrl Pts',(-7.88766771728214,1.61770626155191,-8.21099041138713));
#2471=CARTESIAN_POINT('Ctrl Pts',(-7.50156241799754,2.92554898364591,-8.23747747723031));
#2472=CARTESIAN_POINT('Ctrl Pts',(-6.82593529294195,4.06113864100137,-8.26396454307349));
#2473=CARTESIAN_POINT('Ctrl Pts',(-6.15030816788634,5.19672829835687,-8.29045160891667));
#2474=CARTESIAN_POINT('Ctrl Pts',(-5.18515921705973,6.16006489097382,-8.31693867475987));
#2475=CARTESIAN_POINT('Ctrl Pts',(-4.04830168072856,6.83355640841119,-8.34342574060305));
#2476=CARTESIAN_POINT('Ctrl Pts',(-2.91144414439741,7.50704792584855,-8.36991280644624));
#2477=CARTESIAN_POINT('Ctrl Pts',(-1.60287802256172,7.89069436810634,-8.39639987228941));
#2478=CARTESIAN_POINT('Ctrl Pts',(-0.282336602808709,7.93766500472332,-8.4228869381326));
#2479=CARTESIAN_POINT('Ctrl Pts',(1.0382048169443,7.98463564134029,-8.44937400397578));
#2480=CARTESIAN_POINT('Ctrl Pts',(2.3707215346146,7.69493047231644,-8.47586106981897));
#2481=CARTESIAN_POINT('Ctrl Pts',(3.5525566752444,7.10391305935252,-8.50234813566216));
#2482=CARTESIAN_POINT('Ctrl Pts',(4.7343918158742,6.5128956463886,-8.52883520150534));
#2483=CARTESIAN_POINT('Ctrl Pts',(5.76554537946349,5.62056598948459,-8.55532226734853));
#2484=CARTESIAN_POINT('Ctrl Pts',(6.52014711307187,4.53584846616021,-8.58180933319171));
#2485=CARTESIAN_POINT('Ctrl Pts',(7.27474884668025,3.45113094283581,-8.60829639903489));
#2486=CARTESIAN_POINT('Ctrl Pts',(7.75279875030771,2.17402555309105,-8.63478346487808));
#2487=CARTESIAN_POINT('Ctrl Pts',(7.89594250666166,0.860425253341818,-8.66127053072126));
#2488=CARTESIAN_POINT('Ctrl Pts',(8.03908626301561,-0.453175046407412,-8.68775759656444));
#2489=CARTESIAN_POINT('Ctrl Pts',(7.84732387209603,-1.80327025616109,-8.71424466240763));
#2490=CARTESIAN_POINT('Ctrl Pts',(7.34406327371113,-3.02505773818549,-8.74073172825081));
#2491=CARTESIAN_POINT('Ctrl Pts',(6.84080267532623,-4.24684522020988,-8.767218794094));
#2492=CARTESIAN_POINT('Ctrl Pts',(6.02604386947598,-5.34032497450503,-8.79370585993718));
#2493=CARTESIAN_POINT('Ctrl Pts',(4.99924235994253,-6.17201875415419,-8.82019292578037));
#2494=CARTESIAN_POINT('Ctrl Pts',(3.97244085040904,-7.00371253380338,-8.84667999162355));
#2495=CARTESIAN_POINT('Ctrl Pts',(2.73359663719231,-7.5736203388066,-8.87316705746674));
#2496=CARTESIAN_POINT('Ctrl Pts',(1.43393223417,-7.81217498883574,-8.89965412330992));
#2497=CARTESIAN_POINT('Ctrl Pts',(0.134267831147793,-8.05072963886485,-8.92614118915311));
#2498=CARTESIAN_POINT('Ctrl Pts',(-1.22621676167997,-7.95793113391992,-8.95262825499629));
#2499=CARTESIAN_POINT('Ctrl Pts',(-2.48145070235774,-7.54510715986697,-8.97911532083947));
#2500=CARTESIAN_POINT('Ctrl Pts',(-3.73668464303559,-7.132283185814,-9.00560238668265));
#2501=CARTESIAN_POINT('Ctrl Pts',(-4.88666793156342,-6.39943374265297,-9.03208945252584));
#2502=CARTESIAN_POINT('Ctrl Pts',(-5.79102507866545,-5.43601584625074,-9.05857651836903));
#2503=CARTESIAN_POINT('Ctrl Pts',(-6.69538222576749,-4.47259794984852,-9.08506358421221));
#2504=CARTESIAN_POINT('Ctrl Pts',(-7.35411323144372,-3.2786116002051,-9.1115506500554));
#2505=CARTESIAN_POINT('Ctrl Pts',(-7.68680850018819,-1.99980367339402,-9.13803771589858));
#2506=CARTESIAN_POINT('Ctrl Pts',(-7.85641042004357,-1.34789094757757,-9.15154033418135));
#2507=CARTESIAN_POINT('Ctrl Pts',(-7.94128306605267,-0.67393502273164,-9.16504295246412));
#2508=CARTESIAN_POINT('Ctrl Pts',(-7.94131874379937,1.20833572024523E-5,
-9.17854557074689));
#2509=CARTESIAN_POINT('Origin',(0.,0.,1.84858989190501));
#2510=CARTESIAN_POINT('',(-7.36988249596874,-4.40632561183351E-5,-9.65141010809498));
#2511=CARTESIAN_POINT('',(-7.37098815285855,-0.000146672762379729,-9.84858989190502));
#2512=CARTESIAN_POINT('',(-7.3705,3.69651331380514E-13,1.84858989190501));
#2513=CARTESIAN_POINT('',(4.27958030299761,6.00117754704011,-10.));
#2514=CARTESIAN_POINT('Ctrl Pts',(-7.36988249596874,-4.40632561183457E-5,
-9.65141010809498));
#2515=CARTESIAN_POINT('Ctrl Pts',(-7.36974240993132,0.66165882271046,-9.66569543826514));
#2516=CARTESIAN_POINT('Ctrl Pts',(-7.11777508049789,2.55035854286396,-9.70646783427848));
#2517=CARTESIAN_POINT('Ctrl Pts',(-5.52406515734137,5.3408923064801,-9.773727296135));
#2518=CARTESIAN_POINT('Ctrl Pts',(-2.29261502617706,7.33380151316922,-9.85318849366455));
#2519=CARTESIAN_POINT('Ctrl Pts',(1.30592838134837,7.52592425043598,-9.92861272828623));
#2520=CARTESIAN_POINT('Ctrl Pts',(3.4326237060617,6.60390653609156,-9.9775498970647));
#2521=CARTESIAN_POINT('Ctrl Pts',(4.27958030299761,6.00117754704011,-10.));
#2522=CARTESIAN_POINT('',(-4.27927109335321,6.00100901179057,-10.));
#2523=CARTESIAN_POINT('Origin',(0.,0.,-10.));
#2524=CARTESIAN_POINT('Ctrl Pts',(-7.37098815285855,-0.000146672762379643,
-9.84858989190502));
#2525=CARTESIAN_POINT('Ctrl Pts',(-7.37016925161754,1.11035638065713,-9.8725728620935));
#2526=CARTESIAN_POINT('Ctrl Pts',(-6.83471021376792,3.44829061980676,-9.92304289812516));
#2527=CARTESIAN_POINT('Ctrl Pts',(-5.27797787388383,5.28883926695872,-9.97351293415682));
#2528=CARTESIAN_POINT('Ctrl Pts',(-4.27927109335321,6.00100901179057,-10.));
#2529=CARTESIAN_POINT('Origin',(0.,0.,1.84858989190501));
#2530=CARTESIAN_POINT('',(-7.3708982982847,0.00014191877806715,-8.65141010809499));
#2531=CARTESIAN_POINT('',(-7.36986776645344,1.12138487748381E-5,-8.84858989190502));
#2532=CARTESIAN_POINT('',(-7.3705,3.69651331380514E-13,1.84858989190501));
#2533=CARTESIAN_POINT('Ctrl Pts',(-7.3708982982847,0.000141918778066782,
-8.65141010809499));
#2534=CARTESIAN_POINT('Ctrl Pts',(-7.37103162652894,0.152327887252012,-8.65469691563708));
#2535=CARTESIAN_POINT('Ctrl Pts',(-7.32921102865765,1.53084643367048,-8.68447078902236));
#2536=CARTESIAN_POINT('Ctrl Pts',(-6.50512159735372,4.08948609465055,-8.74073172825081));
#2537=CARTESIAN_POINT('Ctrl Pts',(-3.75307657069059,6.70484300523704,-8.82019292578037));
#2538=CARTESIAN_POINT('Ctrl Pts',(-0.084774810738664,7.68331418200212,-8.89965412330992));
#2539=CARTESIAN_POINT('Ctrl Pts',(3.60422343113559,6.78602069055704,-8.97911532083947));
#2540=CARTESIAN_POINT('Ctrl Pts',(6.41330518280981,4.23202319696759,-9.05857651836903));
#2541=CARTESIAN_POINT('Ctrl Pts',(7.65667571763417,0.644841329435961,-9.13803771589857));
#2542=CARTESIAN_POINT('Ctrl Pts',(7.03078500302739,-3.09976860265829,-9.21749891342815));
#2543=CARTESIAN_POINT('Ctrl Pts',(4.68843471000642,-6.08761736206492,-9.29696011095767));
#2544=CARTESIAN_POINT('Ctrl Pts',(1.20147425102287,-7.58926602291753,-9.37642130848725));
#2545=CARTESIAN_POINT('Ctrl Pts',(-2.57880806629893,-7.23811170390459,-9.45588250601678));
#2546=CARTESIAN_POINT('Ctrl Pts',(-5.72951322866964,-5.11987977255634,-9.53534370354635));
#2547=CARTESIAN_POINT('Ctrl Pts',(-7.1664873238244,-2.35723215282254,-9.60051957090574));
#2548=CARTESIAN_POINT('Ctrl Pts',(-7.370002149682,-0.565233919736455,-9.63920837242195));
#2549=CARTESIAN_POINT('Ctrl Pts',(-7.36988249596874,-4.40632561183457E-5,
-9.65141010809498));
#2550=CARTESIAN_POINT('Ctrl Pts',(-7.36986776645344,1.12138487748728E-5,
-8.84858989190502));
#2551=CARTESIAN_POINT('Ctrl Pts',(-7.36989960622709,0.601459604269604,-8.86157433946544));
#2552=CARTESIAN_POINT('Ctrl Pts',(-7.14867495872753,2.42978378750843,-8.90104585286903));
#2553=CARTESIAN_POINT('Ctrl Pts',(-5.65335499273727,5.20385268559704,-8.96700443211581));
#2554=CARTESIAN_POINT('Ctrl Pts',(-2.47174176332635,7.27536886401131,-9.04646562964537));
#2555=CARTESIAN_POINT('Ctrl Pts',(1.31330966525647,7.57071529263049,-9.12592682717492));
#2556=CARTESIAN_POINT('Ctrl Pts',(4.77773659097985,6.01778398790944,-9.20538802470448));
#2557=CARTESIAN_POINT('Ctrl Pts',(7.07575131332374,2.99570664836189,-9.28484922223402));
#2558=CARTESIAN_POINT('Ctrl Pts',(7.64632916853912,-0.757736133022032,-9.36431041976358));
#2559=CARTESIAN_POINT('Ctrl Pts',(6.35017070160022,-4.32617143048412,-9.44377161729312));
#2560=CARTESIAN_POINT('Ctrl Pts',(3.50371631379992,-6.83847202735654,-9.5232328148227));
#2561=CARTESIAN_POINT('Ctrl Pts',(-0.198121097089637,-7.68119631308398,
-9.60269401235223));
#2562=CARTESIAN_POINT('Ctrl Pts',(-3.85158280729714,-6.64880358887068,-9.6821552098818));
#2563=CARTESIAN_POINT('Ctrl Pts',(-6.56475356573615,-3.99295169876881,-9.76161640741134));
#2564=CARTESIAN_POINT('Ctrl Pts',(-7.34005204712806,-1.45843857048945,-9.81709463475242));
#2565=CARTESIAN_POINT('Ctrl Pts',(-7.37107365548909,-0.116095858737101,
-9.84608579625031));
#2566=CARTESIAN_POINT('Ctrl Pts',(-7.37098815285855,-0.000146672762379643,
-9.84858989190502));
#2567=CARTESIAN_POINT('Origin',(0.,0.,1.84858989190501));
#2568=CARTESIAN_POINT('',(-7.37027385695497,-0.000183082640878009,-7.65141010809498));
#2569=CARTESIAN_POINT('',(-7.3710391744069,9.32364193978463E-5,-7.84858989190502));
#2570=CARTESIAN_POINT('',(-7.3705,3.69651331380514E-13,1.84858989190501));
#2571=CARTESIAN_POINT('Ctrl Pts',(-7.37027385695497,-0.000183082640878192,
-7.65141010809498));
#2572=CARTESIAN_POINT('Ctrl Pts',(-7.36946461523452,0.869366583055274,-7.6701854588522));
#2573=CARTESIAN_POINT('Ctrl Pts',(-6.99846418762404,2.96629362058933,-7.7154478754526));
#2574=CARTESIAN_POINT('Ctrl Pts',(-5.0528043351329,5.78875391220023,-7.78719735789619));
#2575=CARTESIAN_POINT('Ctrl Pts',(-1.66445721677092,7.50133892572997,-7.86665855542573));
#2576=CARTESIAN_POINT('Ctrl Pts',(2.13024189074349,7.38258579307384,-7.9461197529553));
#2577=CARTESIAN_POINT('Ctrl Pts',(5.40487474425149,5.46148629075046,-8.02558095048483));
#2578=CARTESIAN_POINT('Ctrl Pts',(7.35998939007505,2.20704773015245,-8.10504214801441));
#2579=CARTESIAN_POINT('Ctrl Pts',(7.51827423536933,-1.58620806546544,-8.18450334554393));
#2580=CARTESIAN_POINT('Ctrl Pts',(5.84108643544384,-4.99221521557244,-8.26396454307351));
#2581=CARTESIAN_POINT('Ctrl Pts',(2.73788595825845,-7.1794487243394,-8.34342574060304));
#2582=CARTESIAN_POINT('Ctrl Pts',(-1.0337278574971,-7.61392869813244,-8.42288693813261));
#2583=CARTESIAN_POINT('Ctrl Pts',(-4.55297269264775,-6.18958344056702,-8.50234813566216));
#2584=CARTESIAN_POINT('Ctrl Pts',(-6.86108672381701,-3.37556577181419,-8.57852252564962));
#2585=CARTESIAN_POINT('Ctrl Pts',(-7.36995718759734,-1.07407789275039,-8.6282098497939));
#2586=CARTESIAN_POINT('Ctrl Pts',(-7.3708982982847,0.000141918778066782,
-8.65141010809499));
#2587=CARTESIAN_POINT('Ctrl Pts',(-7.3710391744069,9.3236419398332E-5,-7.84858989190502));
#2588=CARTESIAN_POINT('Ctrl Pts',(-7.37109712562973,0.0920405649692092,
-7.85057581683737));
#2589=CARTESIAN_POINT('Ctrl Pts',(-7.34694335067932,1.41029527476815,-7.87904880761291));
#2590=CARTESIAN_POINT('Ctrl Pts',(-6.60343448671284,3.92876020739821,-7.93400886423163));
#2591=CARTESIAN_POINT('Ctrl Pts',(-3.91634168562969,6.61080718141599,-8.01347006176117));
#2592=CARTESIAN_POINT('Ctrl Pts',(-0.273133450554122,7.67892583011696,-8.09293125929073));
#2593=CARTESIAN_POINT('Ctrl Pts',(3.43675617457392,6.87235118331881,-8.17239245682029));
#2594=CARTESIAN_POINT('Ctrl Pts',(6.30761389571527,4.38799620867352,-8.25185365434983));
#2595=CARTESIAN_POINT('Ctrl Pts',(7.6385633346549,0.832378502133399,-8.33131485187939));
#2596=CARTESIAN_POINT('Ctrl Pts',(7.10467336905202,-2.92645179633908,-8.41077604940894));
#2597=CARTESIAN_POINT('Ctrl Pts',(4.83628513742803,-5.97083326034016,-8.4902372469385));
#2598=CARTESIAN_POINT('Ctrl Pts',(1.38719122902452,-7.55752633895115,-8.56969844446805));
#2599=CARTESIAN_POINT('Ctrl Pts',(-2.40056438345504,-7.29916394382525,-8.6491596419976));
#2600=CARTESIAN_POINT('Ctrl Pts',(-5.60225860207538,-5.25882140259446,-8.72862083952716));
#2601=CARTESIAN_POINT('Ctrl Pts',(-7.13656148494964,-2.47781264092276,-8.7950975894963));
#2602=CARTESIAN_POINT('Ctrl Pts',(-7.36983465604904,-0.625439194792453,
-8.83508727362225));
#2603=CARTESIAN_POINT('Ctrl Pts',(-7.36986776645344,1.12138487748728E-5,
-8.84858989190502));
#2604=CARTESIAN_POINT('Origin',(0.,0.,1.84858989190501));
#2605=CARTESIAN_POINT('',(-7.37026524197415,0.000182169802169118,-6.65141010809498));
#2606=CARTESIAN_POINT('',(-7.37011462340668,-0.000157472308035395,-6.84858989190502));
#2607=CARTESIAN_POINT('',(-7.3705,3.69651331380514E-13,1.84858989190501));
#2608=CARTESIAN_POINT('Ctrl Pts',(-7.37026524197415,0.000182169802169542,
-6.65141010809498));
#2609=CARTESIAN_POINT('Ctrl Pts',(-7.37059815113871,0.360354455004255,-6.65918693622414));
#2610=CARTESIAN_POINT('Ctrl Pts',(-7.25636284427988,1.94702665767155,-6.69345083019647));
#2611=CARTESIAN_POINT('Ctrl Pts',(-6.13613703074971,4.62475143602424,-6.75420179001199));
#2612=CARTESIAN_POINT('Ctrl Pts',(-3.17285636825925,6.99810588456211,-6.83366298754155));
#2613=CARTESIAN_POINT('Ctrl Pts',(0.5650290624072,7.66297890273629,-6.91312418507109));
#2614=CARTESIAN_POINT('Ctrl Pts',(4.16497121575512,6.45705182549106,-6.99258538260066));
#2615=CARTESIAN_POINT('Ctrl Pts',(6.74809880563461,3.67473346170018,-7.0720465801302));
#2616=CARTESIAN_POINT('Ctrl Pts',(7.68378040228906,-0.00471535201725085,
-7.15150777765976));
#2617=CARTESIAN_POINT('Ctrl Pts',(6.74358353284844,-3.68301298404468,-7.23096897518931));
#2618=CARTESIAN_POINT('Ctrl Pts',(4.15704300556258,-6.46215884631825,-7.31043017271887));
#2619=CARTESIAN_POINT('Ctrl Pts',(0.555623467101077,-7.66366662035562,-7.38989137024841));
#2620=CARTESIAN_POINT('Ctrl Pts',(-3.1814431152142,-6.99420640314553,-7.46935256777798));
#2621=CARTESIAN_POINT('Ctrl Pts',(-6.14180860529643,-4.61721675482682,-7.54881376530752));
#2622=CARTESIAN_POINT('Ctrl Pts',(-7.25754992751192,-1.94099054647405,-7.60949961207986));
#2623=CARTESIAN_POINT('Ctrl Pts',(-7.37060624177507,-0.35733855534871,-7.64369839300902));
#2624=CARTESIAN_POINT('Ctrl Pts',(-7.37027385695497,-0.000183082640878192,
-7.65141010809498));
#2625=CARTESIAN_POINT('Ctrl Pts',(-7.37011462340668,-0.00015747230803529,
-6.84858989190502));
#2626=CARTESIAN_POINT('Ctrl Pts',(-7.36948720953913,0.809194102442159,-6.86606436005249));
#2627=CARTESIAN_POINT('Ctrl Pts',(-7.03507840840258,2.84583261238077,-6.91002589404315));
#2628=CARTESIAN_POINT('Ctrl Pts',(-5.19321749718483,5.66312597552816,-6.98047449387699));
#2629=CARTESIAN_POINT('Ctrl Pts',(-1.84787918717472,7.4582736807773,-7.05993569140655));
#2630=CARTESIAN_POINT('Ctrl Pts',(1.94859080459634,7.43259696633759,-7.1393968889361));
#2631=CARTESIAN_POINT('Ctrl Pts',(5.26934190043378,5.59236441267039,-7.21885808646565));
#2632=CARTESIAN_POINT('Ctrl Pts',(7.30366307714294,2.38684089192117,-7.2983192839952));
#2633=CARTESIAN_POINT('Ctrl Pts',(7.55490566847959,-1.40139363782723,-7.37778048152475));
#2634=CARTESIAN_POINT('Ctrl Pts',(5.96173260568612,-4.8474991620497,-7.45724167905431));
#2635=CARTESIAN_POINT('Ctrl Pts',(2.91309293269478,-7.11016127476999,-7.53670287658386));
#2636=CARTESIAN_POINT('Ctrl Pts',(-0.846734204808993,-7.6369853328524,-7.61616407411342));
#2637=CARTESIAN_POINT('Ctrl Pts',(-4.39984402633757,-6.29935523142071,-7.69562527164297));
#2638=CARTESIAN_POINT('Ctrl Pts',(-6.81684365819462,-3.49569923563617,-7.77310054424017));
#2639=CARTESIAN_POINT('Ctrl Pts',(-7.3703242072632,-1.13429730195219,-7.82408875099419));
#2640=CARTESIAN_POINT('Ctrl Pts',(-7.3710391744069,9.3236419398332E-5,-7.84858989190502));
#2641=CARTESIAN_POINT('Origin',(0.,0.,1.84858989190501));
#2642=CARTESIAN_POINT('',(-7.37090635258737,-0.000139817937988451,-5.65141010809498));
#2643=CARTESIAN_POINT('',(-7.3704464602294,0.000192348780273521,-5.84858989190502));
#2644=CARTESIAN_POINT('',(-7.3705,3.69651331380514E-13,1.84858989190501));
#2645=CARTESIAN_POINT('Ctrl Pts',(-7.37090635258737,-0.000139817937988406,
-5.65141010809498));
#2646=CARTESIAN_POINT('Ctrl Pts',(-7.3699727615764,1.07709145534355,-5.67467547943926));
#2647=CARTESIAN_POINT('Ctrl Pts',(-6.85891445156341,3.38158122725426,-5.72442791662673));
#2648=CARTESIAN_POINT('Ctrl Pts',(-4.54537246795342,6.1951668769063,-5.80066741965735));
#2649=CARTESIAN_POINT('Ctrl Pts',(-1.02438211102903,7.61519171103066,-5.88012861718693));
#2650=CARTESIAN_POINT('Ctrl Pts',(2.74669560426913,7.17608296793137,-5.95958981471646));
#2651=CARTESIAN_POINT('Ctrl Pts',(5.84720923949132,4.98504238846105,-6.03905101224603));
#2652=CARTESIAN_POINT('Ctrl Pts',(7.52021540770596,1.57697930450848,-6.11851220977557));
#2653=CARTESIAN_POINT('Ctrl Pts',(7.35727502290489,-2.21607936285819,-6.19797340730513));
#2654=CARTESIAN_POINT('Ctrl Pts',(5.39816750916101,-5.46811585906741,-6.27743460483467));
#2655=CARTESIAN_POINT('Ctrl Pts',(2.12117925746779,-7.38519478841517,-6.35689580236424));
#2656=CARTESIAN_POINT('Ctrl Pts',(-1.67366274374513,-7.49929040145438,-6.43635699989377));
#2657=CARTESIAN_POINT('Ctrl Pts',(-5.05990536599067,-5.7825479844412,-6.51581819742334));
#2658=CARTESIAN_POINT('Ctrl Pts',(-7.00033704998027,-2.96026537305969,-6.58750256682373));
#2659=CARTESIAN_POINT('Ctrl Pts',(-7.36946429723129,-0.866354799026333,
-6.63269987038095));
#2660=CARTESIAN_POINT('Ctrl Pts',(-7.37026524197415,0.000182169802169542,
-6.65141010809498));
#2661=CARTESIAN_POINT('Ctrl Pts',(-7.3704464602294,0.000192348780273903,
-5.84858989190502));
#2662=CARTESIAN_POINT('Ctrl Pts',(-7.37075160391686,0.300094999585517,-5.85506583742443));
#2663=CARTESIAN_POINT('Ctrl Pts',(-7.27934506103189,1.82643547456332,-5.88802884878702));
#2664=CARTESIAN_POINT('Ctrl Pts',(-6.24768480352082,4.47291162260374,-5.94747892599281));
#2665=CARTESIAN_POINT('Ctrl Pts',(-3.3434863073013,6.91820808451562,-6.02694012352235));
#2666=CARTESIAN_POINT('Ctrl Pts',(0.376973669228333,7.67452895235122,-6.10640132105191));
#2667=CARTESIAN_POINT('Ctrl Pts',(4.00540124095634,6.55722995530232,-6.18586251858146));
#2668=CARTESIAN_POINT('Ctrl Pts',(6.65597083879662,3.8390827004452,-6.26532371611102));
#2669=CARTESIAN_POINT('Ctrl Pts',(7.68158608945958,0.183681621262499,-6.34478491364057));
#2670=CARTESIAN_POINT('Ctrl Pts',(6.83185858222956,-3.51656254034889,-6.42424611117013));
#2671=CARTESIAN_POINT('Ctrl Pts',(4.31423640247693,-6.35829128393089,-6.50370730869967));
#2672=CARTESIAN_POINT('Ctrl Pts',(0.743358827419273,-7.64773962955503,-6.58316850622923));
#2673=CARTESIAN_POINT('Ctrl Pts',(-3.00899853283918,-7.07010831721412,-6.66262970375877));
#2674=CARTESIAN_POINT('Ctrl Pts',(-6.02675453065069,-4.76641727244375,-6.74209090128833));
#2675=CARTESIAN_POINT('Ctrl Pts',(-7.23309457930352,-2.06158718458695,-6.80407763067041));
#2676=CARTESIAN_POINT('Ctrl Pts',(-7.37043821716239,-0.417587065933212,
-6.83957729420931));
#2677=CARTESIAN_POINT('Ctrl Pts',(-7.37011462340668,-0.00015747230803529,
-6.84858989190502));
#2678=CARTESIAN_POINT('Origin',(0.,0.,1.84858989190501));
#2679=CARTESIAN_POINT('',(-7.36988066808241,4.20262913473318E-5,-4.65141010809498));
#2680=CARTESIAN_POINT('',(-7.37073200019331,-0.000174061914503948,-4.84858989190502));
#2681=CARTESIAN_POINT('',(-7.3705,3.69651331380514E-13,1.84858989190501));
#2682=CARTESIAN_POINT('Ctrl Pts',(-7.36988066808241,4.20262913474606E-5,
-4.65141010809498));
#2683=CARTESIAN_POINT('Ctrl Pts',(-7.36999347995586,0.568247910857412,-4.66367695681119));
#2684=CARTESIAN_POINT('Ctrl Pts',(-7.16502757288865,2.36326638446605,-4.70243087137059));
#2685=CARTESIAN_POINT('Ctrl Pts',(-5.72322514428378,5.12690915201196,-4.76767185177318));
#2686=CARTESIAN_POINT('Ctrl Pts',(-2.56992235200119,7.24127078694277,-4.84713304930272));
#2687=CARTESIAN_POINT('Ctrl Pts',(1.21078801145813,7.58778596801831,-4.92659424683228));
#2688=CARTESIAN_POINT('Ctrl Pts',(4.69590284266828,6.08185826843787,-5.00605544436182));
#2689=CARTESIAN_POINT('Ctrl Pts',(7.0345842049037,3.09113709972002,-5.08551664189139));
#2690=CARTESIAN_POINT('Ctrl Pts',(7.65587850803209,-0.654238316975186,-5.16497783942093));
#2691=CARTESIAN_POINT('Ctrl Pts',(6.40810616943561,-4.23989136964467,-5.2444390369505));
#2692=CARTESIAN_POINT('Ctrl Pts',(3.59589188399299,-6.790439239385,-5.32390023448003));
#2693=CARTESIAN_POINT('Ctrl Pts',(-0.0942048757560426,-7.68320434106304,
-5.4033614320096));
#2694=CARTESIAN_POINT('Ctrl Pts',(-3.76130294363989,-6.70023161325875,-5.48282262953914));
#2695=CARTESIAN_POINT('Ctrl Pts',(-6.5101359353469,-4.08149894137572,-5.56228382706871));
#2696=CARTESIAN_POINT('Ctrl Pts',(-7.33013427858941,-1.52481214630015,-5.61847965325397));
#2697=CARTESIAN_POINT('Ctrl Pts',(-7.37103563249353,-0.149310446501244,
-5.64818841359607));
#2698=CARTESIAN_POINT('Ctrl Pts',(-7.37090635258737,-0.000139817937988406,
-5.65141010809498));
#2699=CARTESIAN_POINT('Ctrl Pts',(-7.37073200019331,-0.000174061914503809,
-4.84858989190502));
#2700=CARTESIAN_POINT('Ctrl Pts',(-7.36971291978519,1.01689338321615,-4.87055438063955));
#2701=CARTESIAN_POINT('Ctrl Pts',(-6.901476904617,3.26135562318552,-4.91900593521727));
#2702=CARTESIAN_POINT('Ctrl Pts',(-4.69590285390765,6.08185828299465,-4.99394455563817));
#2703=CARTESIAN_POINT('Ctrl Pts',(-1.21078801435599,7.5877859861794,-5.07340575316772));
#2704=CARTESIAN_POINT('Ctrl Pts',(2.56992235815231,7.24127080427445,-5.15286695069728));
#2705=CARTESIAN_POINT('Ctrl Pts',(5.72322515798218,5.12690916428294,-5.23232814822682));
#2706=CARTESIAN_POINT('Ctrl Pts',(7.47928932417358,1.76089039780213,-5.31178934575639));
#2707=CARTESIAN_POINT('Ctrl Pts',(7.40939842002844,-2.03502305663809,-5.39125054328593));
#2708=CARTESIAN_POINT('Ctrl Pts',(5.53061524994742,-5.33411649149301,-5.47071174081549));
#2709=CARTESIAN_POINT('Ctrl Pts',(2.30161623448087,-7.33096627307359,-5.55017293834504));
#2710=CARTESIAN_POINT('Ctrl Pts',(-1.48928748224333,-7.53807180802903,-5.62963413587459));
#2711=CARTESIAN_POINT('Ctrl Pts',(-4.91660424417468,-5.90487142060961,-5.70909533340414));
#2712=CARTESIAN_POINT('Ctrl Pts',(-6.96210992369526,-3.08067571517695,-5.7820805854143));
#2713=CARTESIAN_POINT('Ctrl Pts',(-7.36950354509405,-0.926527620171786,
-5.82857877158125));
#2714=CARTESIAN_POINT('Ctrl Pts',(-7.3704464602294,0.000192348780273903,
-5.84858989190502));
#2715=CARTESIAN_POINT('Origin',(0.,0.,1.84858989190501));
#2716=CARTESIAN_POINT('',(-7.37109387913068,6.13379005710464E-5,-3.65141010809498));
#2717=CARTESIAN_POINT('',(-7.36994142700128,9.46215747027468E-5,-3.84858989190502));
#2718=CARTESIAN_POINT('',(-7.3705,3.69651331380514E-13,1.84858989190501));
#2719=CARTESIAN_POINT('Ctrl Pts',(-7.37109387913067,6.13379005708677E-5,
-3.65141010809498));
#2720=CARTESIAN_POINT('Ctrl Pts',(-7.37111971426265,0.0587829329723508,
-3.65267843418313));
#2721=CARTESIAN_POINT('Ctrl Pts',(-7.35608475927035,1.34380267564663,-3.68043382611447));
#2722=CARTESIAN_POINT('Ctrl Pts',(-6.65597082286575,3.83908269125659,-3.73467628388898));
#2723=CARTESIAN_POINT('Ctrl Pts',(-4.00540123136946,6.5572299396079,-3.81413748141854));
#2724=CARTESIAN_POINT('Ctrl Pts',(-0.376973668325946,7.67452893398252,-3.89359867894808));
#2725=CARTESIAN_POINT('Ctrl Pts',(3.3434862992989,6.91820806795711,-3.97305987647765));
#2726=CARTESIAN_POINT('Ctrl Pts',(6.24768478856729,4.47291161189789,-4.05252107400719));
#2727=CARTESIAN_POINT('Ctrl Pts',(7.62660577845116,0.935621614351443,-4.13198227153675));
#2728=CARTESIAN_POINT('Ctrl Pts',(7.14360661963701,-2.83008621229541,-4.2114434690663));
#2729=CARTESIAN_POINT('Ctrl Pts',(4.91660423240688,-5.9048714064766,-4.29090466659585));
#2730=CARTESIAN_POINT('Ctrl Pts',(1.48928747867867,-7.53807178998694,-4.37036586412541));
#2731=CARTESIAN_POINT('Ctrl Pts',(-2.30161622897214,-7.33096625552719,-4.44982706165496));
#2732=CARTESIAN_POINT('Ctrl Pts',(-5.53061523671018,-5.33411647872591,-4.52928825918451));
#2733=CARTESIAN_POINT('Ctrl Pts',(-7.11936062814405,-2.54432169346093,-4.59648260799786));
#2734=CARTESIAN_POINT('Ctrl Pts',(-7.36974989208835,-0.658644751240392,
-4.63718989096801));
#2735=CARTESIAN_POINT('Ctrl Pts',(-7.36988066808241,4.20262913474606E-5,
-4.65141010809498));
#2736=CARTESIAN_POINT('Ctrl Pts',(-7.36994142700128,9.46215747023652E-5,
-3.84858989190502));
#2737=CARTESIAN_POINT('Ctrl Pts',(-7.37017079028492,0.508031069456861,-3.85955585801149));
#2738=CARTESIAN_POINT('Ctrl Pts',(-7.19342830864112,2.24267387124221,-3.89700888996115));
#2739=CARTESIAN_POINT('Ctrl Pts',(-5.84720925348632,4.98504240039264,-3.96094898775398));
#2740=CARTESIAN_POINT('Ctrl Pts',(-2.74669561084313,7.17608298510711,-4.04041018528354));
#2741=CARTESIAN_POINT('Ctrl Pts',(1.02438211348096,7.61519172925731,-4.11987138281308));
#2742=CARTESIAN_POINT('Ctrl Pts',(4.54537247883271,6.19516689173414,-4.19933258034265));
#2743=CARTESIAN_POINT('Ctrl Pts',(6.95667908085312,3.26268600294131,-4.27879377787219));
#2744=CARTESIAN_POINT('Ctrl Pts',(7.66961797842706,-0.46633019713192,-4.35825497540175));
#2745=CARTESIAN_POINT('Ctrl Pts',(6.5101359509286,-4.08149895114473,-4.4377161729313));
#2746=CARTESIAN_POINT('Ctrl Pts',(3.76130295264233,-6.70023162929556,-4.51717737046086));
#2747=CARTESIAN_POINT('Ctrl Pts',(0.0942048759814016,-7.68320435945251,
-4.5966385679904));
#2748=CARTESIAN_POINT('Ctrl Pts',(-3.59589189259973,-6.7904392556376,-4.67609976551996));
#2749=CARTESIAN_POINT('Ctrl Pts',(-6.40810618477324,-4.2398913797926,-4.75556096304951));
#2750=CARTESIAN_POINT('Ctrl Pts',(-7.31097205134657,-1.64537661897385,-4.81305767184453));
#2751=CARTESIAN_POINT('Ctrl Pts',(-7.370941832973,-0.20959236437976,-4.84406731479637));
#2752=CARTESIAN_POINT('Ctrl Pts',(-7.37073200019331,-0.000174061914503809,
-4.84858989190502));
#2753=CARTESIAN_POINT('Origin',(0.,0.,1.84858989190501));
#2754=CARTESIAN_POINT('',(-7.37004059817025,-0.000137321144893903,-2.65141010809498));
#2755=CARTESIAN_POINT('',(-7.3711353808852,-1.60851712387238E-6,-2.84858989190502));
#2756=CARTESIAN_POINT('',(-7.3705,3.69651331380514E-13,1.84858989190501));
#2757=CARTESIAN_POINT('Ctrl Pts',(-7.37004059817025,-0.000137321144893926,
-2.65141010809498));
#2758=CARTESIAN_POINT('Ctrl Pts',(-7.36952306397113,0.77600010453526,-2.66816697739825));
#2759=CARTESIAN_POINT('Ctrl Pts',(-7.05455600561896,2.77936421539623,-2.71141091254471));
#2760=CARTESIAN_POINT('Ctrl Pts',(-5.26934188782173,5.59236439928535,-2.78114191353435));
#2761=CARTESIAN_POINT('Ctrl Pts',(-1.94859079993235,7.43259694854798,-2.8606031110639));
#2762=CARTESIAN_POINT('Ctrl Pts',(1.847879182752,7.45827366292617,-2.94006430859346));
#2763=CARTESIAN_POINT('Ctrl Pts',(5.19321748475515,5.66312596197361,-3.01952550612301));
#2764=CARTESIAN_POINT('Ctrl Pts',(7.27071048934472,2.48541193472607,-3.09898670365257));
#2765=CARTESIAN_POINT('Ctrl Pts',(7.57316978316996,-1.29907772686152,-3.17844790118211));
#2766=CARTESIAN_POINT('Ctrl Pts',(6.0267545162258,-4.76641726103559,-3.25790909871167));
#2767=CARTESIAN_POINT('Ctrl Pts',(3.00899852563716,-7.07010830029212,-3.33737029624122));
#2768=CARTESIAN_POINT('Ctrl Pts',(-0.743358825640189,-7.64773961125043,
-3.41683149377077));
#2769=CARTESIAN_POINT('Ctrl Pts',(-4.31423639215106,-6.3582912687125,-3.49629269130033));
#2770=CARTESIAN_POINT('Ctrl Pts',(-6.79167334362694,-3.5619210063115,-3.57448556274173));
#2771=CARTESIAN_POINT('Ctrl Pts',(-7.37058018673251,-1.16752847827565,-3.62619136833995));
#2772=CARTESIAN_POINT('Ctrl Pts',(-7.37109387913067,6.13379005708677E-5,
-3.65141010809498));
#2773=CARTESIAN_POINT('Ctrl Pts',(-7.37113536691261,-1.608481750993E-6,
-2.84858989190502));
#2774=CARTESIAN_POINT('Ctrl Pts',(-7.37111941216665,1.22478242079875,-2.87504440122661));
#2775=CARTESIAN_POINT('Ctrl Pts',(-6.7470404731582,3.67587343076458,-2.92798597639139));
#2776=CARTESIAN_POINT('Ctrl Pts',(-4.16497122572368,6.45705184094587,-3.00741461739935));
#2777=CARTESIAN_POINT('Ctrl Pts',(-0.565029063759405,7.66297892107735,-3.0868758149289));
#2778=CARTESIAN_POINT('Ctrl Pts',(3.17285637585351,6.99810590131176,-3.16633701245845));
#2779=CARTESIAN_POINT('Ctrl Pts',(6.13613704543643,4.62475144709326,-3.24579820998801));
#2780=CARTESIAN_POINT('Ctrl Pts',(7.60137290557718,1.12233405816887,-3.32525940751756));
#2781=CARTESIAN_POINT('Ctrl Pts',(7.21084884029334,-2.6540841716511,-3.40472060504711));
#2782=CARTESIAN_POINT('Ctrl Pts',(5.05990537810126,-5.78254799828159,-3.48418180257666));
#2783=CARTESIAN_POINT('Ctrl Pts',(1.67366274775087,-7.49929041940367,-3.56364300010623));
#2784=CARTESIAN_POINT('Ctrl Pts',(-2.12117926254486,-7.38519480609132,-3.64310419763577));
#2785=CARTESIAN_POINT('Ctrl Pts',(-5.39816752208141,-5.46811587215506,-3.72256539516533));
#2786=CARTESIAN_POINT('Ctrl Pts',(-7.08691029251165,-2.66487353674397,-3.7910606265884));
#2787=CARTESIAN_POINT('Ctrl Pts',(-7.36961678890129,-0.718832665902513,
-3.83306879216831));
#2788=CARTESIAN_POINT('Ctrl Pts',(-7.36994142700128,9.46215747023652E-5,
-3.84858989190502));
#2789=CARTESIAN_POINT('Origin',(0.,0.,1.84858989190501));
#2790=CARTESIAN_POINT('',(-7.37055158486349,0.000190392682351013,-1.65141010809498));
#2791=CARTESIAN_POINT('',(-7.36993728157125,-9.21417113941558E-5,-1.84858989190502));
#2792=CARTESIAN_POINT('',(-7.3705,3.69651331380514E-13,1.84858989190501));
#2793=CARTESIAN_POINT('Ctrl Pts',(-7.37055158486349,0.000190392682350507,
-1.65141010809498));
#2794=CARTESIAN_POINT('Ctrl Pts',(-7.37082770518422,0.266849916294265,-1.65716845477019));
#2795=CARTESIAN_POINT('Ctrl Pts',(-7.29136395444072,1.75991801657067,-1.68941386728858));
#2796=CARTESIAN_POINT('Ctrl Pts',(-6.3076138806188,4.38799619816745,-1.74814634565016));
#2797=CARTESIAN_POINT('Ctrl Pts',(-3.43675616634775,6.8723511668721,-1.82760754317972));
#2798=CARTESIAN_POINT('Ctrl Pts',(0.273133449900335,7.67892581173669,-1.90706874070927));
#2799=CARTESIAN_POINT('Ctrl Pts',(3.91634167625626,6.61080716559376,-1.98652993823882));
#2800=CARTESIAN_POINT('Ctrl Pts',(6.60343447090779,3.92876019799447,-2.06599113576837));
#2801=CARTESIAN_POINT('Ctrl Pts',(7.67839887593146,0.287566005050213,-2.14545233329793));
#2802=CARTESIAN_POINT('Ctrl Pts',(6.87879863290986,-3.42383306734802,-2.22491353082748));
#2803=CARTESIAN_POINT('Ctrl Pts',(4.39984401580662,-6.29935521634346,-2.30437472835704));
#2804=CARTESIAN_POINT('Ctrl Pts',(0.846734202782249,-7.6369853145736,-2.38383592588658));
#2805=CARTESIAN_POINT('Ctrl Pts',(-2.9130929257225,-7.11016125775202,-2.46329712341614));
#2806=CARTESIAN_POINT('Ctrl Pts',(-5.96173259141701,-4.84749915044731,-2.54275832094569));
#2807=CARTESIAN_POINT('Ctrl Pts',(-7.21893547178398,-2.12811235419765,-2.60546264917197));
#2808=CARTESIAN_POINT('Ctrl Pts',(-7.37034111429784,-0.450816356540494,
-2.64167991155507));
#2809=CARTESIAN_POINT('Ctrl Pts',(-7.37004059817025,-0.000137321144893926,
-2.65141010809498));
#2810=CARTESIAN_POINT('Ctrl Pts',(-7.36993728157125,-9.21417113942946E-5,
-1.84858989190502));
#2811=CARTESIAN_POINT('Ctrl Pts',(-7.36962269845188,0.715820304137632,-1.86404587859855));
#2812=CARTESIAN_POINT('Ctrl Pts',(-7.0885736081954,2.65884018950947,-1.90598893113526));
#2813=CARTESIAN_POINT('Ctrl Pts',(-5.40487475718774,5.46148630382248,-1.97441904951516));
#2814=CARTESIAN_POINT('Ctrl Pts',(-2.13024189584197,7.38258581074381,-2.05388024704472));
#2815=CARTESIAN_POINT('Ctrl Pts',(1.6644572207549,7.50133894368411,-2.13334144457426));
#2816=CARTESIAN_POINT('Ctrl Pts',(5.05280434722671,5.78875392605528,-2.21280264210382));
#2817=CARTESIAN_POINT('Ctrl Pts',(7.20758591454632,2.66293241975856,-2.29226383963337));
#2818=CARTESIAN_POINT('Ctrl Pts',(7.60274467879872,-1.11300365532456,-2.37172503716293));
#2819=CARTESIAN_POINT('Ctrl Pts',(6.14180861999652,-4.61721676587809,-2.45118623469248));
#2820=CARTESIAN_POINT('Ctrl Pts',(3.18144312282871,-6.99420641988597,-2.53064743222203));
#2821=CARTESIAN_POINT('Ctrl Pts',(-0.555623468431109,-7.66366663869831,
-2.61010862975159));
#2822=CARTESIAN_POINT('Ctrl Pts',(-4.15704301551246,-6.46215886178509,-2.68956982728114));
#2823=CARTESIAN_POINT('Ctrl Pts',(-6.74358354898903,-3.68301299285968,-2.76903102481069));
#2824=CARTESIAN_POINT('Ctrl Pts',(-7.37076667712252,-1.22930750835438,-2.82203771301865));
#2825=CARTESIAN_POINT('Ctrl Pts',(-7.37113538654749,-0.00150890189666138,
-2.84855733538343));
#2826=CARTESIAN_POINT('Ctrl Pts',(-7.37113536691261,-1.608481750993E-6,
-2.84858989190502));
#2827=CARTESIAN_POINT('Origin',(0.,0.,1.84858989190501));
#2828=CARTESIAN_POINT('',(-7.37062799863124,-0.00018688413862701,-0.651410108094979));
#2829=CARTESIAN_POINT('',(-7.37074125684857,0.000172748606906969,-0.84858989190502));
#2830=CARTESIAN_POINT('',(-7.3705,3.69651331380514E-13,1.84858989190501));
#2831=CARTESIAN_POINT('Ctrl Pts',(-7.37062799863124,-0.000186884138627108,
-0.651410108094979));
#2832=CARTESIAN_POINT('Ctrl Pts',(-7.36961275028045,0.983692180954931,-0.672656997985311));
#2833=CARTESIAN_POINT('Ctrl Pts',(-6.92420561062889,3.19500162001155,-0.720390953718829));
#2834=CARTESIAN_POINT('Ctrl Pts',(-4.77773658109594,6.01778396792288,-0.794611975295528));
#2835=CARTESIAN_POINT('Ctrl Pts',(-1.3133096613029,7.57071527760339,-0.874073172825083));
#2836=CARTESIAN_POINT('Ctrl Pts',(2.47174175698759,7.2753688448934,-0.953534370354634));
#2837=CARTESIAN_POINT('Ctrl Pts',(5.65335497942691,5.20385267407678,-1.03299556788419));
#2838=CARTESIAN_POINT('Ctrl Pts',(7.45478727584336,1.86189414864134,-1.11245676541374));
#2839=CARTESIAN_POINT('Ctrl Pts',(7.43624632445411,-1.93461727150367,-1.19191796294329));
#2840=CARTESIAN_POINT('Ctrl Pts',(5.60225858863518,-5.25882139015868,-1.27137916047284));
#2841=CARTESIAN_POINT('Ctrl Pts',(2.40056437772561,-7.29916392627334,-1.3508403580024));
#2842=CARTESIAN_POINT('Ctrl Pts',(-1.38719122571294,-7.55752632090656,-1.43030155553195));
#2843=CARTESIAN_POINT('Ctrl Pts',(-4.83628512584822,-5.97083324602538,-1.5097627530615));
#2844=CARTESIAN_POINT('Ctrl Pts',(-6.94028914684585,-3.14707020920714,-1.58346560391585));
#2845=CARTESIAN_POINT('Ctrl Pts',(-7.36955761542956,-0.959722354879872,
-1.630681388927));
#2846=CARTESIAN_POINT('Ctrl Pts',(-7.37055158486349,0.000190392682350507,
-1.65141010809498));
#2847=CARTESIAN_POINT('Ctrl Pts',(-7.37074125684857,0.000172748606906969,
-0.84858989190502));
#2848=CARTESIAN_POINT('Ctrl Pts',(-7.370947196769,0.206575235325505,-0.853047355970487));
#2849=CARTESIAN_POINT('Ctrl Pts',(-7.31196714029274,1.63934167460509,-0.883991885879138));
#2850=CARTESIAN_POINT('Ctrl Pts',(-6.41330519816503,4.23202320694282,-0.941423481630975));
#2851=CARTESIAN_POINT('Ctrl Pts',(-3.6042234397598,6.78602070688245,-1.02088467916053));
#2852=CARTESIAN_POINT('Ctrl Pts',(0.0847748109407692,7.68331420034695,-1.10034587669008));
#2853=CARTESIAN_POINT('Ctrl Pts',(3.75307657967387,6.70484302130893,-1.17980707421963));
#2854=CARTESIAN_POINT('Ctrl Pts',(6.50512161292344,4.08948610442553,-1.25926827174918));
#2855=CARTESIAN_POINT('Ctrl Pts',(7.66903985064935,0.475743163377397,-1.33872946927874));
#2856=CARTESIAN_POINT('Ctrl Pts',(6.96067830408403,-3.25414525364301,-1.41819066680829));
#2857=CARTESIAN_POINT('Ctrl Pts',(4.55297270354504,-6.18958345537962,-1.49765186433785));
#2858=CARTESIAN_POINT('Ctrl Pts',(1.03372785997118,-7.61392871635719,-1.57711306186739));
#2859=CARTESIAN_POINT('Ctrl Pts',(-2.73788596481163,-7.17944874152252,-1.65657425939695));
#2860=CARTESIAN_POINT('Ctrl Pts',(-5.84108644942437,-4.99221522752129,-1.7360354569265));
#2861=CARTESIAN_POINT('Ctrl Pts',(-7.19204468237629,-2.24871005705951,-1.80004066776253));
#2862=CARTESIAN_POINT('Ctrl Pts',(-7.37016180242247,-0.51104540603386,-1.83755881275537));
#2863=CARTESIAN_POINT('Ctrl Pts',(-7.36993728157125,-9.21417113942946E-5,
-1.84858989190502));
#2864=CARTESIAN_POINT('Origin',(-20.8536607902302,-8.63786912444136,4.25));
#2865=CARTESIAN_POINT('',(-21.2552586940153,-8.34001156842614,5.));
#2866=CARTESIAN_POINT('',(-22.4600524053708,-7.44643890038049,3.5));
#2867=CARTESIAN_POINT('',(-21.2552586940153,-8.34001156842614,5.));
#2868=CARTESIAN_POINT('',(-21.1470828037933,-10.6162279194926,3.5));
#2869=CARTESIAN_POINT('Origin',(-20.8536607902302,-8.63786912444136,3.5));
#2870=CARTESIAN_POINT('',(-20.9270162936209,-9.13245882320417,5.));
#2871=CARTESIAN_POINT('',(-21.1470828037933,-10.6162279194926,3.5));
#2872=CARTESIAN_POINT('Origin',(-20.8536607902302,-8.63786912444136,5.));
#2873=CARTESIAN_POINT('Origin',(-32.5,1.33573707650214E-15,4.25));
#2874=CARTESIAN_POINT('',(-21.2552586940153,8.34001156842615,5.));
#2875=CARTESIAN_POINT('Origin',(-32.5,1.33573707650214E-15,5.));
#2876=CARTESIAN_POINT('',(-22.4600524053708,7.44643890038049,3.5));
#2877=CARTESIAN_POINT('',(-21.2552586940153,8.34001156842615,5.));
#2878=CARTESIAN_POINT('Origin',(-32.5,1.33573707650214E-15,3.5));
#2879=CARTESIAN_POINT('Origin',(-20.8536607902302,8.63786912444136,4.25));
#2880=CARTESIAN_POINT('',(-20.9270162936209,9.13245882320417,5.));
#2881=CARTESIAN_POINT('',(-21.1470828037933,10.6162279194926,3.5));
#2882=CARTESIAN_POINT('',(-20.9270162936209,9.13245882320417,5.));
#2883=CARTESIAN_POINT('Origin',(-20.8536607902302,8.63786912444136,3.5));
#2884=CARTESIAN_POINT('Origin',(-20.8536607902302,8.63786912444136,5.));
#2885=CARTESIAN_POINT('Origin',(-22.9809703885628,22.9809703885628,4.25));
#2886=CARTESIAN_POINT('',(-9.13245882320417,20.9270162936209,5.));
#2887=CARTESIAN_POINT('Origin',(-22.9809703885628,22.9809703885628,5.));
#2888=CARTESIAN_POINT('',(-10.6162279194926,21.1470828037933,3.5));
#2889=CARTESIAN_POINT('',(-9.13245882320417,20.9270162936209,5.));
#2890=CARTESIAN_POINT('Origin',(-22.9809703885628,22.9809703885628,3.5));
#2891=CARTESIAN_POINT('Origin',(-8.63786912444137,20.8536607902302,4.25));
#2892=CARTESIAN_POINT('',(-8.34001156842615,21.2552586940153,5.));
#2893=CARTESIAN_POINT('',(-7.44643890038049,22.4600524053708,3.5));
#2894=CARTESIAN_POINT('',(-8.34001156842615,21.2552586940153,5.));
#2895=CARTESIAN_POINT('Origin',(-8.63786912444137,20.8536607902302,3.5));
#2896=CARTESIAN_POINT('Origin',(-8.63786912444137,20.8536607902302,5.));
#2897=CARTESIAN_POINT('Origin',(-4.23020788880826E-16,32.5,4.25));
#2898=CARTESIAN_POINT('',(8.34001156842613,21.2552586940153,5.));
#2899=CARTESIAN_POINT('Origin',(-4.23020788880826E-16,32.5,5.));
#2900=CARTESIAN_POINT('',(7.44643890038047,22.4600524053708,3.5));
#2901=CARTESIAN_POINT('',(8.34001156842613,21.2552586940153,5.));
#2902=CARTESIAN_POINT('Origin',(-4.23020788880826E-16,32.5,3.5));
#2903=CARTESIAN_POINT('Origin',(8.63786912444135,20.8536607902301,4.25));
#2904=CARTESIAN_POINT('',(9.13245882320416,20.9270162936209,5.));
#2905=CARTESIAN_POINT('',(10.6162279194926,21.1470828037933,3.5));
#2906=CARTESIAN_POINT('',(9.13245882320416,20.9270162936209,5.));
#2907=CARTESIAN_POINT('Origin',(8.63786912444135,20.8536607902301,3.5));
#2908=CARTESIAN_POINT('Origin',(8.63786912444135,20.8536607902301,5.));
#2909=CARTESIAN_POINT('Origin',(22.9809703885628,22.9809703885628,4.25));
#2910=CARTESIAN_POINT('',(20.9270162936209,9.13245882320417,5.));
#2911=CARTESIAN_POINT('Origin',(22.9809703885628,22.9809703885628,5.));
#2912=CARTESIAN_POINT('',(21.1470828037933,10.6162279194926,3.5));
#2913=CARTESIAN_POINT('',(20.9270162936209,9.13245882320417,5.));
#2914=CARTESIAN_POINT('Origin',(22.9809703885628,22.9809703885628,3.5));
#2915=CARTESIAN_POINT('Origin',(20.8536607902301,8.63786912444136,4.25));
#2916=CARTESIAN_POINT('',(21.2552586940153,8.34001156842614,5.));
#2917=CARTESIAN_POINT('',(22.4600524053708,7.44643890038048,3.5));
#2918=CARTESIAN_POINT('',(21.2552586940153,8.34001156842614,5.));
#2919=CARTESIAN_POINT('Origin',(20.8536607902301,8.63786912444136,3.5));
#2920=CARTESIAN_POINT('Origin',(20.8536607902301,8.63786912444136,5.));
#2921=CARTESIAN_POINT('Origin',(32.5,1.04489747462059E-14,4.25));
#2922=CARTESIAN_POINT('',(21.2552586940153,-8.34001156842615,5.));
#2923=CARTESIAN_POINT('Origin',(32.5,1.04489747462059E-14,5.));
#2924=CARTESIAN_POINT('',(22.4600524053708,-7.44643890038049,3.5));
#2925=CARTESIAN_POINT('',(21.2552586940153,-8.34001156842615,5.));
#2926=CARTESIAN_POINT('Origin',(32.5,1.04489747462059E-14,3.5));
#2927=CARTESIAN_POINT('Origin',(20.8536607902302,-8.63786912444136,4.25));
#2928=CARTESIAN_POINT('',(20.9270162936209,-9.13245882320417,5.));
#2929=CARTESIAN_POINT('',(21.1470828037933,-10.6162279194926,3.5));
#2930=CARTESIAN_POINT('',(20.9270162936209,-9.13245882320417,5.));
#2931=CARTESIAN_POINT('Origin',(20.8536607902302,-8.63786912444136,3.5));
#2932=CARTESIAN_POINT('Origin',(20.8536607902302,-8.63786912444136,5.));
#2933=CARTESIAN_POINT('Origin',(22.9809703885628,-22.9809703885628,4.25));
#2934=CARTESIAN_POINT('',(9.13245882320417,-20.9270162936209,5.));
#2935=CARTESIAN_POINT('Origin',(22.9809703885628,-22.9809703885628,5.));
#2936=CARTESIAN_POINT('',(10.6162279194926,-21.1470828037933,3.5));
#2937=CARTESIAN_POINT('',(9.13245882320417,-20.9270162936209,5.));
#2938=CARTESIAN_POINT('Origin',(22.9809703885628,-22.9809703885628,3.5));
#2939=CARTESIAN_POINT('Origin',(8.63786912444136,-20.8536607902302,4.25));
#2940=CARTESIAN_POINT('',(8.34001156842614,-21.2552586940153,5.));
#2941=CARTESIAN_POINT('',(7.44643890038048,-22.4600524053708,3.5));
#2942=CARTESIAN_POINT('',(8.34001156842614,-21.2552586940153,5.));
#2943=CARTESIAN_POINT('Origin',(8.63786912444136,-20.8536607902302,3.5));
#2944=CARTESIAN_POINT('Origin',(8.63786912444136,-20.8536607902302,5.));
#2945=CARTESIAN_POINT('Origin',(-3.17604077239058E-15,-32.5,4.25));
#2946=CARTESIAN_POINT('',(-8.34001156842615,-21.2552586940153,5.));
#2947=CARTESIAN_POINT('Origin',(-3.17604077239058E-15,-32.5,5.));
#2948=CARTESIAN_POINT('',(-7.44643890038049,-22.4600524053708,3.5));
#2949=CARTESIAN_POINT('',(-8.34001156842615,-21.2552586940153,5.));
#2950=CARTESIAN_POINT('Origin',(-3.17604077239058E-15,-32.5,3.5));
#2951=CARTESIAN_POINT('Origin',(-8.63786912444137,-20.8536607902302,4.25));
#2952=CARTESIAN_POINT('',(-9.13245882320417,-20.9270162936209,5.));
#2953=CARTESIAN_POINT('',(-10.6162279194926,-21.1470828037933,3.5));
#2954=CARTESIAN_POINT('',(-9.13245882320417,-20.9270162936209,5.));
#2955=CARTESIAN_POINT('Origin',(-8.63786912444137,-20.8536607902302,3.5));
#2956=CARTESIAN_POINT('Origin',(-8.63786912444137,-20.8536607902302,5.));
#2957=CARTESIAN_POINT('Origin',(-22.9809703885628,-22.9809703885628,4.25));
#2958=CARTESIAN_POINT('Origin',(-22.9809703885628,-22.9809703885628,5.));
#2959=CARTESIAN_POINT('Origin',(-22.9809703885628,-22.9809703885628,3.5));
#2960=CARTESIAN_POINT('Origin',(32.5,1.04489747462059E-14,0.));
#2961=CARTESIAN_POINT('',(22.4600524053708,-7.44643890038049,2.));
#2962=CARTESIAN_POINT('',(22.4600524053708,-7.44643890038049,0.));
#2963=CARTESIAN_POINT('',(22.4600524053708,7.44643890038048,2.));
#2964=CARTESIAN_POINT('Origin',(32.5,1.04489747462059E-14,2.));
#2965=CARTESIAN_POINT('',(22.4600524053708,7.44643890038048,0.));
#2966=CARTESIAN_POINT('Origin',(20.8536607902302,-8.63786912444136,0.));
#2967=CARTESIAN_POINT('',(21.1470828037933,-10.6162279194926,2.));
#2968=CARTESIAN_POINT('',(21.1470828037933,-10.6162279194926,0.));
#2969=CARTESIAN_POINT('Origin',(20.8536607902302,-8.63786912444136,2.));
#2970=CARTESIAN_POINT('Origin',(22.9809703885628,-22.9809703885628,0.));
#2971=CARTESIAN_POINT('',(10.6162279194926,-21.1470828037933,2.));
#2972=CARTESIAN_POINT('',(10.6162279194926,-21.1470828037933,0.));
#2973=CARTESIAN_POINT('Origin',(22.9809703885628,-22.9809703885628,2.));
#2974=CARTESIAN_POINT('Origin',(8.63786912444136,-20.8536607902302,0.));
#2975=CARTESIAN_POINT('',(7.44643890038048,-22.4600524053708,2.));
#2976=CARTESIAN_POINT('',(7.44643890038048,-22.4600524053708,0.));
#2977=CARTESIAN_POINT('Origin',(8.63786912444136,-20.8536607902302,2.));
#2978=CARTESIAN_POINT('Origin',(-3.17604077239058E-15,-32.5,0.));
#2979=CARTESIAN_POINT('',(-7.44643890038049,-22.4600524053708,2.));
#2980=CARTESIAN_POINT('',(-7.44643890038049,-22.4600524053708,0.));
#2981=CARTESIAN_POINT('Origin',(-3.17604077239058E-15,-32.5,2.));
#2982=CARTESIAN_POINT('Origin',(-8.63786912444137,-20.8536607902302,0.));
#2983=CARTESIAN_POINT('',(-10.6162279194926,-21.1470828037933,2.));
#2984=CARTESIAN_POINT('',(-10.6162279194926,-21.1470828037933,0.));
#2985=CARTESIAN_POINT('Origin',(-8.63786912444137,-20.8536607902302,2.));
#2986=CARTESIAN_POINT('Origin',(-22.9809703885628,-22.9809703885628,0.));
#2987=CARTESIAN_POINT('',(-21.1470828037933,-10.6162279194926,2.));
#2988=CARTESIAN_POINT('',(-21.1470828037933,-10.6162279194926,0.));
#2989=CARTESIAN_POINT('Origin',(-22.9809703885628,-22.9809703885628,2.));
#2990=CARTESIAN_POINT('Origin',(-20.8536607902302,-8.63786912444136,0.));
#2991=CARTESIAN_POINT('',(-22.4600524053708,-7.44643890038048,2.));
#2992=CARTESIAN_POINT('',(-22.4600524053708,-7.44643890038049,0.));
#2993=CARTESIAN_POINT('Origin',(-20.8536607902302,-8.63786912444136,2.));
#2994=CARTESIAN_POINT('Origin',(3.99680288865056E-14,-4.44089209850063E-15,
5.));
#2995=CARTESIAN_POINT('Origin',(-8.63786912444137,20.8536607902302,2.));
#2996=CARTESIAN_POINT('',(-7.44643890038049,22.4600524053708,2.));
#2997=CARTESIAN_POINT('',(-10.6162279194926,21.1470828037933,2.));
#2998=CARTESIAN_POINT('Origin',(-8.63786912444137,20.8536607902302,2.));
#2999=CARTESIAN_POINT('',(-8.63786912444137,20.8536607902302,0.));
#3000=CARTESIAN_POINT('Origin',(-8.63786912444137,20.8536607902302,2.));
#3001=CARTESIAN_POINT('Origin',(-8.63786912444137,20.8536607902302,2.));
#3002=CARTESIAN_POINT('Origin',(8.63786912444134,20.8536607902301,2.));
#3003=CARTESIAN_POINT('',(8.63786912444135,20.8536607902301,0.));
#3004=CARTESIAN_POINT('',(10.6162279194926,21.1470828037933,2.));
#3005=CARTESIAN_POINT('Origin',(8.63786912444135,20.8536607902301,2.));
#3006=CARTESIAN_POINT('',(7.44643890038047,22.4600524053708,2.));
#3007=CARTESIAN_POINT('Origin',(8.63786912444134,20.8536607902301,2.));
#3008=CARTESIAN_POINT('Origin',(8.63786912444135,20.8536607902301,2.));
#3009=CARTESIAN_POINT('Origin',(-4.23020788880826E-16,32.5,2.));
#3010=CARTESIAN_POINT('Origin',(-4.23020788880826E-16,32.5,0.));
#3011=CARTESIAN_POINT('Origin',(-4.23020788880826E-16,32.5,2.));
#3012=CARTESIAN_POINT('Origin',(8.63786912444135,20.8536607902301,0.));
#3013=CARTESIAN_POINT('',(10.6162279194926,21.1470828037933,0.));
#3014=CARTESIAN_POINT('',(7.44643890038047,22.4600524053708,0.));
#3015=CARTESIAN_POINT('Origin',(-20.8536607902302,8.63786912444137,2.));
#3016=CARTESIAN_POINT('',(-21.1470828037933,10.6162279194926,2.));
#3017=CARTESIAN_POINT('',(-22.4600524053708,7.44643890038049,2.));
#3018=CARTESIAN_POINT('Origin',(-20.8536607902302,8.63786912444136,2.));
#3019=CARTESIAN_POINT('',(-20.8536607902302,8.63786912444137,0.));
#3020=CARTESIAN_POINT('Origin',(-20.8536607902302,8.63786912444137,2.));
#3021=CARTESIAN_POINT('Origin',(-20.8536607902302,8.63786912444137,2.));
#3022=CARTESIAN_POINT('Origin',(-22.9809703885628,22.9809703885628,2.));
#3023=CARTESIAN_POINT('Origin',(-22.9809703885628,22.9809703885628,0.));
#3024=CARTESIAN_POINT('Origin',(-22.9809703885628,22.9809703885628,2.));
#3025=CARTESIAN_POINT('Origin',(20.8536607902301,8.63786912444136,2.));
#3026=CARTESIAN_POINT('',(21.1470828037933,10.6162279194926,2.));
#3027=CARTESIAN_POINT('Origin',(20.8536607902301,8.63786912444136,2.));
#3028=CARTESIAN_POINT('',(20.8536607902301,8.63786912444136,0.));
#3029=CARTESIAN_POINT('Origin',(20.8536607902301,8.63786912444136,2.));
#3030=CARTESIAN_POINT('Origin',(20.8536607902301,8.63786912444136,2.));
#3031=CARTESIAN_POINT('Origin',(-20.8536607902302,-8.63786912444136,2.));
#3032=CARTESIAN_POINT('',(-20.8536607902301,-8.63786912444136,0.));
#3033=CARTESIAN_POINT('Origin',(-20.8536607902302,-8.63786912444136,2.));
#3034=CARTESIAN_POINT('Origin',(-20.8536607902302,-8.63786912444136,2.));
#3035=CARTESIAN_POINT('Origin',(-32.5,1.33573707650214E-15,2.));
#3036=CARTESIAN_POINT('Origin',(-32.5,1.33573707650214E-15,0.));
#3037=CARTESIAN_POINT('Origin',(-32.5,1.33573707650214E-15,2.));
#3038=CARTESIAN_POINT('Origin',(20.8536607902302,-8.63786912444136,2.));
#3039=CARTESIAN_POINT('',(20.8536607902302,-8.63786912444137,0.));
#3040=CARTESIAN_POINT('Origin',(20.8536607902302,-8.63786912444136,2.));
#3041=CARTESIAN_POINT('Origin',(20.8536607902302,-8.63786912444137,2.));
#3042=CARTESIAN_POINT('Origin',(-8.63786912444137,-20.8536607902302,2.));
#3043=CARTESIAN_POINT('',(-8.63786912444137,-20.8536607902302,0.));
#3044=CARTESIAN_POINT('Origin',(-8.63786912444137,-20.8536607902302,2.));
#3045=CARTESIAN_POINT('Origin',(-8.63786912444137,-20.8536607902302,2.));
#3046=CARTESIAN_POINT('Origin',(-22.9809703885628,-22.9809703885628,2.));
#3047=CARTESIAN_POINT('Origin',(-22.9809703885628,-22.9809703885628,0.));
#3048=CARTESIAN_POINT('Origin',(8.63786912444136,-20.8536607902302,2.));
#3049=CARTESIAN_POINT('',(8.63786912444136,-20.8536607902302,0.));
#3050=CARTESIAN_POINT('Origin',(8.63786912444136,-20.8536607902302,2.));
#3051=CARTESIAN_POINT('Origin',(8.63786912444136,-20.8536607902302,2.));
#3052=CARTESIAN_POINT('Origin',(-3.17604077239058E-15,-32.5,2.));
#3053=CARTESIAN_POINT('Origin',(-3.17604077239058E-15,-32.5,0.));
#3054=CARTESIAN_POINT('Origin',(22.9809703885628,-22.9809703885628,2.));
#3055=CARTESIAN_POINT('Origin',(22.9809703885628,-22.9809703885628,0.));
#3056=CARTESIAN_POINT('Origin',(32.5,1.04489747462059E-14,2.));
#3057=CARTESIAN_POINT('Origin',(32.5,1.04489747462059E-14,0.));
#3058=CARTESIAN_POINT('Origin',(22.9809703885628,22.9809703885628,2.));
#3059=CARTESIAN_POINT('Origin',(22.9809703885628,22.9809703885628,0.));
#3060=CARTESIAN_POINT('Origin',(22.9809703885628,22.9809703885628,2.));
#3061=CARTESIAN_POINT('Origin',(20.8536607902301,8.63786912444136,0.));
#3062=CARTESIAN_POINT('',(21.1470828037933,10.6162279194926,0.));
#3063=CARTESIAN_POINT('Origin',(-20.8536607902302,8.63786912444136,0.));
#3064=CARTESIAN_POINT('',(-21.1470828037933,10.6162279194926,0.));
#3065=CARTESIAN_POINT('',(-22.4600524053708,7.44643890038049,0.));
#3066=CARTESIAN_POINT('Origin',(-8.63786912444137,20.8536607902302,0.));
#3067=CARTESIAN_POINT('',(-7.44643890038049,22.4600524053708,0.));
#3068=CARTESIAN_POINT('',(-10.6162279194926,21.1470828037933,0.));
#3069=CARTESIAN_POINT('Origin',(3.99680288865056E-14,-4.44089209850063E-15,
0.));
#3070=CARTESIAN_POINT('',(4.27927109335329,6.00100901179052,0.));
#3071=CARTESIAN_POINT('Ctrl Pts',(3.44736470160944,-7.15517030248738,-1.21430643318376E-17));
#3072=CARTESIAN_POINT('Ctrl Pts',(3.62581931321862,-7.0616511505054,-3.05744528270819E-17));
#3073=CARTESIAN_POINT('Ctrl Pts',(3.80045296903698,-6.96143183574243,-3.4244319219378E-16));
#3074=CARTESIAN_POINT('Ctrl Pts',(3.97084764975922,-6.85463477037963,-1.82145964977565E-16));
#3075=CARTESIAN_POINT('Ctrl Pts',(4.14768879916047,-6.74379729757011,-2.21435181693881E-17));
#3076=CARTESIAN_POINT('Ctrl Pts',(4.31996487553745,-6.62587486452966,3.4459207487839E-16));
#3077=CARTESIAN_POINT('Ctrl Pts',(4.48734295159554,-6.50124333983456,3.60822483003176E-16));
#3078=CARTESIAN_POINT('Ctrl Pts',(4.59744143644685,-6.419262817912,3.71498572638936E-16));
#3079=CARTESIAN_POINT('Ctrl Pts',(4.70542004409747,-6.33437851375742,-1.08964471037149E-16));
#3080=CARTESIAN_POINT('Ctrl Pts',(4.81117556237266,-6.24668851321249,-9.71445146547012E-17));
#3081=CARTESIAN_POINT('Ctrl Pts',(4.91343698046778,-6.16189573875743,-8.57150826855226E-17));
#3082=CARTESIAN_POINT('Ctrl Pts',(5.01361979503789,-6.0744795151871,3.70765835390343E-17));
#3083=CARTESIAN_POINT('Ctrl Pts',(5.11162382467006,-5.9845232385338,5.55111512312578E-17));
#3084=CARTESIAN_POINT('Ctrl Pts',(5.13414950282496,-5.96384729139662,5.9748233525917E-17));
#3085=CARTESIAN_POINT('Ctrl Pts',(5.15655383909248,-5.94304281344223,-3.61764562167335E-16));
#3086=CARTESIAN_POINT('Ctrl Pts',(5.1788324240743,-5.92211420480194,-3.53883589099269E-16));
#3087=CARTESIAN_POINT('Ctrl Pts',(5.33038058290206,-5.77974914396653,-3.00273947409218E-16));
#3088=CARTESIAN_POINT('Ctrl Pts',(5.4761637021752,-5.63159663531224,2.52170533928924E-16));
#3089=CARTESIAN_POINT('Ctrl Pts',(5.61585434705735,-5.47802824697894,2.70616862252382E-16));
#3090=CARTESIAN_POINT('Ctrl Pts',(5.75503552431552,-5.32501993997383,2.88995914724476E-16));
#3091=CARTESIAN_POINT('Ctrl Pts',(5.88816901952113,-5.1666346395294,5.76455790187181E-16));
#3092=CARTESIAN_POINT('Ctrl Pts',(6.01489132491196,-5.00320703706421,5.68989300120393E-16));
#3093=CARTESIAN_POINT('Ctrl Pts',(6.13235847896476,-4.85171535376464,5.62068124434674E-16));
#3094=CARTESIAN_POINT('Ctrl Pts',(6.24431661506834,-4.6958903526094,-1.06301592168236E-16));
#3095=CARTESIAN_POINT('Ctrl Pts',(6.35044066357195,-4.53597931045614,-1.38777878078145E-16));
#3096=CARTESIAN_POINT('Ctrl Pts',(6.37055014216582,-4.50567771789115,-1.44931819484661E-16));
#3097=CARTESIAN_POINT('Ctrl Pts',(6.39045003169999,-4.47522936517459,2.12504841387384E-16));
#3098=CARTESIAN_POINT('Ctrl Pts',(6.41013796699302,-4.44463587616239,2.08166817117217E-16));
#3099=CARTESIAN_POINT('Ctrl Pts',(6.42270170198326,-4.42511282904469,2.05398533571969E-16));
#3100=CARTESIAN_POINT('Ctrl Pts',(6.43517797561277,-4.40553241000645,3.27771132093343E-17));
#3101=CARTESIAN_POINT('Ctrl Pts',(6.44756148300428,-4.38590271249269,2.77555756156289E-17));
#3102=CARTESIAN_POINT('Ctrl Pts',(6.51818145271765,-4.27395957715322,-8.80966647462624E-19));
#3103=CARTESIAN_POINT('Ctrl Pts',(6.58583022461762,-4.16034442052897,-2.24761641683248E-16));
#3104=CARTESIAN_POINT('Ctrl Pts',(6.65042550165582,-4.04515184689109,-2.63677968348475E-16));
#3105=CARTESIAN_POINT('Ctrl Pts',(6.75041818375025,-3.8668351815937,-3.22783314705896E-16));
#3106=CARTESIAN_POINT('Ctrl Pts',(6.84309630238892,-3.68473977020484,-4.79271268212582E-16));
#3107=CARTESIAN_POINT('Ctrl Pts',(6.92838914695502,-3.49935534991175,-3.7470027081099E-16));
#3108=CARTESIAN_POINT('Ctrl Pts',(7.01426825100158,-3.31269669173296,-2.69410505745838E-16));
#3109=CARTESIAN_POINT('Ctrl Pts',(7.09266041240106,-3.1227029852643,-5.65849752375769E-16));
#3110=CARTESIAN_POINT('Ctrl Pts',(7.16344511376745,-2.92985270591538,-6.52256026967279E-16));
#3111=CARTESIAN_POINT('Ctrl Pts',(7.23411260494806,-2.73732176134689,-7.38519224095705E-16));
#3112=CARTESIAN_POINT('Ctrl Pts',(7.29719795712212,-2.54194300582308,1.55873233054602E-16));
#3113=CARTESIAN_POINT('Ctrl Pts',(7.35253068543628,-2.34418151615689,2.77555756156289E-16));
#3114=CARTESIAN_POINT('Ctrl Pts',(7.39762608535426,-2.18300866716526,3.76725311128253E-16));
#3115=CARTESIAN_POINT('Ctrl Pts',(7.43757127814083,-2.02025283728693,-1.99410461725795E-16));
#3116=CARTESIAN_POINT('Ctrl Pts',(7.47224799558535,-1.85616513071841,-1.94289029309402E-16));
#3117=CARTESIAN_POINT('Ctrl Pts',(7.48165865456258,-1.81163457642524,-1.92899161481725E-16));
#3118=CARTESIAN_POINT('Ctrl Pts',(7.49068116202064,-1.76700594119968,-1.79758592929136E-16));
#3119=CARTESIAN_POINT('Ctrl Pts',(7.49931284738327,-1.72228427623514,-1.94289029309402E-16));
#3120=CARTESIAN_POINT('Ctrl Pts',(7.50400061425104,-1.69799646562983,-2.02180338523764E-16));
#3121=CARTESIAN_POINT('Ctrl Pts',(7.50857310785883,-1.67368121673047,2.95292800073685E-16));
#3122=CARTESIAN_POINT('Ctrl Pts',(7.51302988394511,-1.64933934147443,3.05311331771918E-16));
#3123=CARTESIAN_POINT('Ctrl Pts',(7.51761249706846,-1.62431017356566,3.15612736632344E-16));
#3124=CARTESIAN_POINT('Ctrl Pts',(7.52207118665879,-1.59926138204476,-2.79672483182404E-17));
#3125=CARTESIAN_POINT('Ctrl Pts',(7.5264048510373,-1.57419917251901,-2.77555756156289E-17));
#3126=CARTESIAN_POINT('Ctrl Pts',(7.56114552966594,-1.37328879026291,-2.60587083242132E-17));
#3127=CARTESIAN_POINT('Ctrl Pts',(7.58787564259691,-1.17140886800828,-2.26084114983344E-16));
#3128=CARTESIAN_POINT('Ctrl Pts',(7.60649911822019,-0.969025342022019,-2.77555756156289E-16));
#3129=CARTESIAN_POINT('Ctrl Pts',(7.62512194079899,-0.766648912747762,-3.29025592442142E-16));
#3130=CARTESIAN_POINT('Ctrl Pts',(7.63563883121554,-0.563768231792723,-1.47868568007695E-16));
#3131=CARTESIAN_POINT('Ctrl Pts',(7.63790214666196,-0.360841740693393,-1.66533453693773E-16));
#3132=CARTESIAN_POINT('Ctrl Pts',(7.64016823444657,-0.15766668465776,-1.84088611215957E-16));
#3133=CARTESIAN_POINT('Ctrl Pts',(7.63416043867761,0.0455549846042384,-1.43881637536117E-16));
#3134=CARTESIAN_POINT('Ctrl Pts',(7.6199991025918,0.248341491514788,-1.66533453693773E-16));
#3135=CARTESIAN_POINT('Ctrl Pts',(7.60586592271325,0.45072480914408,-1.89140232488664E-16));
#3136=CARTESIAN_POINT('Ctrl Pts',(7.58361139236748,0.652675379629869,-6.91374901000804E-17));
#3137=CARTESIAN_POINT('Ctrl Pts',(7.55330513345289,0.853701168251515,-8.32667268468867E-17));
#3138=CARTESIAN_POINT('Ctrl Pts',(7.53734613065355,0.959559536728933,-9.07070555733824E-17));
#3139=CARTESIAN_POINT('Ctrl Pts',(7.51915358181551,1.06516118291888,-3.37531104623444E-16));
#3140=CARTESIAN_POINT('Ctrl Pts',(7.49873234164218,1.17043180617798,-3.33066907387547E-16));
#3141=CARTESIAN_POINT('Ctrl Pts',(7.49147969866704,1.20781887179145,-3.31481439098268E-16));
#3142=CARTESIAN_POINT('Ctrl Pts',(7.48394591149729,1.24516416592097,-3.40360061518231E-16));
#3143=CARTESIAN_POINT('Ctrl Pts',(7.47613108977103,1.28246429503326,-3.33066907387547E-16));
#3144=CARTESIAN_POINT('Ctrl Pts',(7.47104209515748,1.30675405656413,-3.28317621557762E-16));
#3145=CARTESIAN_POINT('Ctrl Pts',(7.46583367834039,1.33102557447353,-6.31839367364833E-16));
#3146=CARTESIAN_POINT('Ctrl Pts',(7.46050957716134,1.35526159766803,-6.38378239159465E-16));
#3147=CARTESIAN_POINT('Ctrl Pts',(7.41720628580329,1.55238399231386,-6.91561802159691E-16));
#3148=CARTESIAN_POINT('Ctrl Pts',(7.36620254598819,1.74741175797405,-5.54639965648862E-16));
#3149=CARTESIAN_POINT('Ctrl Pts',(7.30765760164347,1.93988612619183,-6.10622663543836E-16));
#3150=CARTESIAN_POINT('Ctrl Pts',(7.24908584053557,2.13244865812057,-6.66631004554005E-16));
#3151=CARTESIAN_POINT('Ctrl Pts',(7.18296575751404,2.32245613444576,-7.93149941241103E-16));
#3152=CARTESIAN_POINT('Ctrl Pts',(7.10940621073168,2.50943681642862,-8.04911692853238E-16));
#3153=CARTESIAN_POINT('Ctrl Pts',(7.03660700604866,2.69448478824,-8.1655187010414E-16));
#3154=CARTESIAN_POINT('Ctrl Pts',(6.95652106840207,2.8765688289038,-4.3799197414721E-16));
#3155=CARTESIAN_POINT('Ctrl Pts',(6.86920804154815,3.05520999926853,-4.44089209850063E-16));
#3156=CARTESIAN_POINT('Ctrl Pts',(6.83225998854527,3.13080517296669,-4.4666936307619E-16));
#3157=CARTESIAN_POINT('Ctrl Pts',(6.79401723141584,3.20578350813226,-6.75985308911218E-16));
#3158=CARTESIAN_POINT('Ctrl Pts',(6.75448195105302,3.28010711828818,-6.66133814775094E-16));
#3159=CARTESIAN_POINT('Ctrl Pts',(6.68183203995691,3.41668395853358,-6.48030739077004E-16));
#3160=CARTESIAN_POINT('Ctrl Pts',(6.60481827678933,3.55105072161056,-1.15659148530878E-15));
#3161=CARTESIAN_POINT('Ctrl Pts',(6.52357587539697,3.68303045476462,-1.22124532708767E-15));
#3162=CARTESIAN_POINT('Ctrl Pts',(6.48803232478782,3.74077158801952,-1.24953138286594E-15));
#3163=CARTESIAN_POINT('Ctrl Pts',(6.45167922192558,3.7980556603108,-5.55865807133332E-16));
#3164=CARTESIAN_POINT('Ctrl Pts',(6.41452716587022,3.8548670200264,-5.55111512312578E-16));
#3165=CARTESIAN_POINT('Ctrl Pts',(6.39567865641133,3.88368936701514,-5.54728832736444E-16));
#3166=CARTESIAN_POINT('Ctrl Pts',(6.37662449935227,3.91239003494868,-6.1071833343787E-16));
#3167=CARTESIAN_POINT('Ctrl Pts',(6.3573660392343,3.94096692589848,-6.10622663543836E-16));
#3168=CARTESIAN_POINT('Ctrl Pts',(6.33758800360364,3.97031479504049,-6.10524412564195E-16));
#3169=CARTESIAN_POINT('Ctrl Pts',(6.31759056371151,3.99953763735921,-6.35873165311693E-16));
#3170=CARTESIAN_POINT('Ctrl Pts',(6.29739627309102,4.02860314144772,-6.10622663543836E-16));
#3171=CARTESIAN_POINT('Ctrl Pts',(6.18426070786072,4.19143838510917,-4.69160413468199E-16));
#3172=CARTESIAN_POINT('Ctrl Pts',(6.06485845146564,4.34947938579086,-7.69065490900169E-16));
#3173=CARTESIAN_POINT('Ctrl Pts',(5.93955762947821,4.50241942283566,-6.66133814775094E-16));
#3174=CARTESIAN_POINT('Ctrl Pts',(5.81326407477092,4.65657117243383,-5.62386632086071E-16));
#3175=CARTESIAN_POINT('Ctrl Pts',(5.680977659988,4.80554134386992,-6.47207941865401E-16));
#3176=CARTESIAN_POINT('Ctrl Pts',(5.54303277007913,4.94898487489819,-5.55111512312578E-16));
#3177=CARTESIAN_POINT('Ctrl Pts',(5.4056758854195,5.09181696211531,-4.63407653909357E-16));
#3178=CARTESIAN_POINT('Ctrl Pts',(5.26270814232389,5.22916989021585,-1.65160724893333E-16));
#3179=CARTESIAN_POINT('Ctrl Pts',(5.11442509865765,5.36066498660091,-1.11022302462516E-16));
#3180=CARTESIAN_POINT('Ctrl Pts',(4.96877786706402,5.4898226858435,-5.78462200532361E-17));
#3181=CARTESIAN_POINT('Ctrl Pts',(4.81800209061253,5.61332929310776,1.36854350453022E-16));
#3182=CARTESIAN_POINT('Ctrl Pts',(4.66235227555566,5.73078343836522,2.22044604925031E-16));
#3183=CARTESIAN_POINT('Ctrl Pts',(4.53774242972755,5.8248146643391,2.90246063898402E-16));
#3184=CARTESIAN_POINT('Ctrl Pts',(4.41000811799372,5.91496599737814,-2.21546140614134E-17));
#3185=CARTESIAN_POINT('Ctrl Pts',(4.27927109335331,6.0010090117905,0.));
#3186=CARTESIAN_POINT('',(-4.27958032823095,6.00117750532211,2.45029690981724E-16));
#3187=CARTESIAN_POINT('Origin',(0.,0.,0.));
#3188=CARTESIAN_POINT('Ctrl Pts',(-4.27958032823094,6.00117750532212,-3.29597460435593E-17));
#3189=CARTESIAN_POINT('Ctrl Pts',(-4.43631454255054,5.89824200900381,-6.16267867859433E-17));
#3190=CARTESIAN_POINT('Ctrl Pts',(-4.58889153576011,5.78943108278334,-1.09402505275086E-17));
#3191=CARTESIAN_POINT('Ctrl Pts',(-4.73694575940751,5.67493470591717,-1.16226472890446E-16));
#3192=CARTESIAN_POINT('Ctrl Pts',(-4.89315201907477,5.55413402671256,-2.29129569322738E-16));
#3193=CARTESIAN_POINT('Ctrl Pts',(-5.04432463538221,5.42700482403457,-5.08208104045899E-16));
#3194=CARTESIAN_POINT('Ctrl Pts',(-5.1902138127877,5.29396874893456,-5.96744875736022E-16));
#3195=CARTESIAN_POINT('Ctrl Pts',(-5.28664102370092,5.20603695097068,-6.55264322546044E-16));
#3196=CARTESIAN_POINT('Ctrl Pts',(-5.38075952323665,5.11552363487981,-8.43074669180986E-16));
#3197=CARTESIAN_POINT('Ctrl Pts',(-5.47248967757489,5.02254063590686,-8.81239525796218E-16));
#3198=CARTESIAN_POINT('Ctrl Pts',(-5.52068667424032,4.97368536771539,-9.01292162579516E-16));
#3199=CARTESIAN_POINT('Ctrl Pts',(-5.56822421906739,4.92414817673122,-7.71936155727997E-16));
#3200=CARTESIAN_POINT('Ctrl Pts',(-5.61509000590816,4.87394452114585,-7.91033905045424E-16));
#3201=CARTESIAN_POINT('Ctrl Pts',(-5.64275533318438,4.84430881766453,-8.02307491188359E-16));
#3202=CARTESIAN_POINT('Ctrl Pts',(-5.6701865657882,4.81444086469528,-1.20379382227013E-15));
#3203=CARTESIAN_POINT('Ctrl Pts',(-5.69738108077679,4.78434376331805,-1.2490009027033E-15));
#3204=CARTESIAN_POINT('Ctrl Pts',(-5.72082719733243,4.75839514290054,-1.28797679462199E-15));
#3205=CARTESIAN_POINT('Ctrl Pts',(-5.74409885351693,4.73227436787692,-6.42358539486223E-16));
#3206=CARTESIAN_POINT('Ctrl Pts',(-5.76717904630526,4.70600113247533,-6.73072708679001E-16));
#3207=CARTESIAN_POINT('Ctrl Pts',(-5.89941811422955,4.55546737425565,-8.49051009353171E-16));
#3208=CARTESIAN_POINT('Ctrl Pts',(-6.02548539536354,4.39981125742017,-1.24210655490568E-15));
#3209=CARTESIAN_POINT('Ctrl Pts',(-6.14512680797071,4.23946585779905,-1.22818422099158E-15));
#3210=CARTESIAN_POINT('Ctrl Pts',(-6.26500457884271,4.07880368692289,-1.2142343827325E-15));
#3211=CARTESIAN_POINT('Ctrl Pts',(-6.37843153371092,3.9134331475176,-9.78266759734162E-16));
#3212=CARTESIAN_POINT('Ctrl Pts',(-6.4851161119196,3.74375173960438,-1.0547118733939E-15));
#3213=CARTESIAN_POINT('Ctrl Pts',(-6.58343978532785,3.58736831835229,-1.12516595884225E-15));
#3214=CARTESIAN_POINT('Ctrl Pts',(-6.67603637303261,3.42732250493816,-1.0598252116767E-15));
#3215=CARTESIAN_POINT('Ctrl Pts',(-6.76264545779802,3.26390282398441,-1.11022302462516E-15));
#3216=CARTESIAN_POINT('Ctrl Pts',(-6.77747838995013,3.2359150782823,-1.11885430553644E-15));
#3217=CARTESIAN_POINT('Ctrl Pts',(-6.79213562249433,3.20782833001043,-7.02130423317699E-16));
#3218=CARTESIAN_POINT('Ctrl Pts',(-6.80661574566837,3.17964397712467,-7.07767178198537E-16));
#3219=CARTESIAN_POINT('Ctrl Pts',(-6.81830841861331,3.15688516378466,-7.12318847441977E-16));
#3220=CARTESIAN_POINT('Ctrl Pts',(-6.8298853203819,3.13406316163155,-9.01771728180225E-16));
#3221=CARTESIAN_POINT('Ctrl Pts',(-6.84133979400093,3.11119082894759,-9.0205620750794E-16));
#3222=CARTESIAN_POINT('Ctrl Pts',(-6.89852681879382,2.99699957933013,-9.03476484589905E-16));
#3223=CARTESIAN_POINT('Ctrl Pts',(-6.95270264811276,2.88147713288419,-6.43999174970028E-16));
#3224=CARTESIAN_POINT('Ctrl Pts',(-7.00380450592121,2.76473150281298,-6.10622663543836E-16));
#3225=CARTESIAN_POINT('Ctrl Pts',(-7.08359223672629,2.58245106714453,-5.57955962259805E-16));
#3226=CARTESIAN_POINT('Ctrl Pts',(-7.15588866080702,2.39719017037845,-8.96494214639709E-16));
#3227=CARTESIAN_POINT('Ctrl Pts',(-7.22071171168284,2.20944572422886,-8.88178419700125E-16));
#3228=CARTESIAN_POINT('Ctrl Pts',(-7.28630157002091,2.01948040386308,-8.79764255221803E-16));
#3229=CARTESIAN_POINT('Ctrl Pts',(-7.34424041792193,1.82697181660282,-8.64203634518324E-16));
#3230=CARTESIAN_POINT('Ctrl Pts',(-7.39450030620543,1.63240812168825,-8.74300631892311E-16));
#3231=CARTESIAN_POINT('Ctrl Pts',(-7.44498240441083,1.43698421826692,-8.8444227029266E-16));
#3232=CARTESIAN_POINT('Ctrl Pts',(-7.48771767192428,1.23948632146206,-5.63415095453745E-16));
#3233=CARTESIAN_POINT('Ctrl Pts',(-7.52262820868516,1.04039219248376,-5.27355936696949E-16));
#3234=CARTESIAN_POINT('Ctrl Pts',(-7.55125668885781,0.877124513072598,-4.97785525947256E-16));
#3235=CARTESIAN_POINT('Ctrl Pts',(-7.57462227252254,0.712782905718183,-9.97881240234331E-16));
#3236=CARTESIAN_POINT('Ctrl Pts',(-7.59265599043725,0.547627268403176,-1.0547118733939E-15));
#3237=CARTESIAN_POINT('Ctrl Pts',(-7.59818907124894,0.496954440310194,-1.07214857099216E-15));
#3238=CARTESIAN_POINT('Ctrl Pts',(-7.60322005216575,0.446204975293463,-3.77833895294164E-16));
#3239=CARTESIAN_POINT('Ctrl Pts',(-7.60774648413624,0.39538638223111,-3.60822483003176E-16));
#3240=CARTESIAN_POINT('Ctrl Pts',(-7.61078685050868,0.361251959699493,-3.49396060113277E-16));
#3241=CARTESIAN_POINT('Ctrl Pts',(-7.61359995677844,0.327080359403092,-8.39047021249061E-16));
#3242=CARTESIAN_POINT('Ctrl Pts',(-7.61618266454614,0.292907658323484,-8.32667268468867E-16));
#3243=CARTESIAN_POINT('Ctrl Pts',(-7.6317669101259,0.0867071069451206,-7.94171378493153E-16));
#3244=CARTESIAN_POINT('Ctrl Pts',(-7.63898640312388,-0.119722236755781,
-4.97876664515244E-16));
#3245=CARTESIAN_POINT('Ctrl Pts',(-7.63783386732374,-0.325862017550959,
-4.9960036108132E-16));
#3246=CARTESIAN_POINT('Ctrl Pts',(-7.63668133152361,-0.532001798346137,
-5.01324057647397E-16));
#3247=CARTESIAN_POINT('Ctrl Pts',(-7.62715689675689,-0.73785275747375,-9.85130176895302E-17));
#3248=CARTESIAN_POINT('Ctrl Pts',(-7.60920084129983,-0.942910712630418,
-2.22044604925031E-16));
#3249=CARTESIAN_POINT('Ctrl Pts',(-7.59149629227463,-1.14509646711096,-3.43845912990872E-16));
#3250=CARTESIAN_POINT('Ctrl Pts',(-7.56559474130418,-1.34651199514455,-4.45788762985865E-16));
#3251=CARTESIAN_POINT('Ctrl Pts',(-7.53170351442836,-1.54671254323961,-4.44089209850063E-16));
#3252=CARTESIAN_POINT('Ctrl Pts',(-7.49767004734303,-1.74775332553481,-4.42382523753421E-16));
#3253=CARTESIAN_POINT('Ctrl Pts',(-7.45557953886026,-1.94756958074229,-8.70422366071966E-16));
#3254=CARTESIAN_POINT('Ctrl Pts',(-7.40558991770739,-2.14570359139215,-9.15933995315754E-16));
#3255=CARTESIAN_POINT('Ctrl Pts',(-7.37862946161178,-2.25256143852079,-9.40479376012168E-16));
#3256=CARTESIAN_POINT('Ctrl Pts',(-7.34937053440771,-2.35892978983187,-8.12417329394326E-16));
#3257=CARTESIAN_POINT('Ctrl Pts',(-7.317831918391,-2.46473490007171,-8.32667268468867E-16));
#3258=CARTESIAN_POINT('Ctrl Pts',(-7.30390347899146,-2.51146174646715,-8.41610275007097E-16));
#3259=CARTESIAN_POINT('Ctrl Pts',(-7.28953035949141,-2.55807871714434,-8.02992746773832E-16));
#3260=CARTESIAN_POINT('Ctrl Pts',(-7.27471392566988,-2.60457934373236,-8.32667268468867E-16));
#3261=CARTESIAN_POINT('Ctrl Pts',(-7.26749843618941,-2.62722479175465,-8.47118532633209E-16));
#3262=CARTESIAN_POINT('Ctrl Pts',(-7.26018086360619,-2.64983304470183,-7.18609540656764E-16));
#3263=CARTESIAN_POINT('Ctrl Pts',(-7.25276192267388,-2.67240252616947,-7.21644966006352E-16));
#3264=CARTESIAN_POINT('Ctrl Pts',(-7.18847798945245,-2.86796346306668,-7.47946439795108E-16));
#3265=CARTESIAN_POINT('Ctrl Pts',(-7.11658069426475,-3.06063572385937,-7.39941643424617E-16));
#3266=CARTESIAN_POINT('Ctrl Pts',(-7.0373197840372,-3.24997546797596,-7.21644966006352E-16));
#3267=CARTESIAN_POINT('Ctrl Pts',(-6.95761636347008,-3.44037228794777,-7.03246139004967E-16));
#3268=CARTESIAN_POINT('Ctrl Pts',(-6.87046669849825,-3.62739995514049,1.30668217936943E-17));
#3269=CARTESIAN_POINT('Ctrl Pts',(-6.77607237201952,-3.81060030376267,-2.77555756156289E-17));
#3270=CARTESIAN_POINT('Ctrl Pts',(-6.68198593874086,-3.9932030937847,-6.84448194865776E-17));
#3271=CARTESIAN_POINT('Ctrl Pts',(-6.5807017869405,-4.17200415668133,-4.95015657546566E-16));
#3272=CARTESIAN_POINT('Ctrl Pts',(-6.47237090694959,-4.34653296132228,-4.9960036108132E-16));
#3273=CARTESIAN_POINT('Ctrl Pts',(-6.42957245679611,-4.41548432908002,-5.01411647075832E-16));
#3274=CARTESIAN_POINT('Ctrl Pts',(-6.38567362696237,-4.48376863673255,-4.90770341858075E-16));
#3275=CARTESIAN_POINT('Ctrl Pts',(-6.34068175068423,-4.55135579061634,-4.9960036108132E-16));
#3276=CARTESIAN_POINT('Ctrl Pts',(-6.25000471637552,-4.68757155173866,-4.6188531044171E-16));
#3277=CARTESIAN_POINT('Ctrl Pts',(-6.15488886004108,-4.82095640402799,-3.83558645631417E-16));
#3278=CARTESIAN_POINT('Ctrl Pts',(-6.05551182528858,-4.95135254936933,-3.88578058618805E-16));
#3279=CARTESIAN_POINT('Ctrl Pts',(-6.01203437258436,-5.00840086295617,-3.90774051800787E-16));
#3280=CARTESIAN_POINT('Ctrl Pts',(-5.96774109462975,-5.06487694973819,-4.39497587742282E-16));
#3281=CARTESIAN_POINT('Ctrl Pts',(-5.92264594219324,-5.12076675208916,-4.44089209850063E-16));
#3282=CARTESIAN_POINT('Ctrl Pts',(-5.90091439816056,-5.14770028341447,-4.46301931897231E-16));
#3283=CARTESIAN_POINT('Ctrl Pts',(-5.8789966255473,-5.17449765284356,-1.68842381047341E-16));
#3284=CARTESIAN_POINT('Ctrl Pts',(-5.85689414267139,-5.20115724068462,-1.66533453693773E-16));
#3285=CARTESIAN_POINT('Ctrl Pts',(-5.83514638970919,-5.22738896015688,-1.64261583063901E-16));
#3286=CARTESIAN_POINT('Ctrl Pts',(-5.81321606479439,-5.25349157749713,1.15282059893527E-16));
#3287=CARTESIAN_POINT('Ctrl Pts',(-5.79112587330814,-5.27943883175172,1.11022302462516E-16));
#3288=CARTESIAN_POINT('Ctrl Pts',(-5.65788355529609,-5.43594595415861,8.53285480815139E-17));
#3289=CARTESIAN_POINT('Ctrl Pts',(-5.5187114765374,-5.58694829730789,-7.07243821784697E-16));
#3290=CARTESIAN_POINT('Ctrl Pts',(-5.3740445043013,-5.73219859205239,-6.66133814775094E-16));
#3291=CARTESIAN_POINT('Ctrl Pts',(-5.22702122686607,-5.87981469303029,-6.24354216622772E-16));
#3292=CARTESIAN_POINT('Ctrl Pts',(-5.07432221981426,-6.02149037466243,-7.02129357837639E-17));
#3293=CARTESIAN_POINT('Ctrl Pts',(-4.91635724117034,-6.1569393960605,0.));
#3294=CARTESIAN_POINT('Ctrl Pts',(-4.7582185623623,-6.29253735880904,7.02901427607396E-17));
#3295=CARTESIAN_POINT('Ctrl Pts',(-4.59480182355217,-6.42189544694704,-9.5337725152268E-17));
#3296=CARTESIAN_POINT('Ctrl Pts',(-4.4264785290728,-6.54469234683937,-1.11022302462516E-16));
#3297=CARTESIAN_POINT('Ctrl Pts',(-4.26003330552877,-6.66611913756558,-1.2653187874946E-16));
#3298=CARTESIAN_POINT('Ctrl Pts',(-4.08878986257092,-6.78113073706183,-2.50615265694245E-18));
#3299=CARTESIAN_POINT('Ctrl Pts',(-3.91307658091155,-6.88937662787914,5.55111512312578E-17));
#3300=CARTESIAN_POINT('Ctrl Pts',(-3.76102183346749,-6.98304798518718,1.05716840902501E-16));
#3301=CARTESIAN_POINT('Ctrl Pts',(-3.60561921599554,-7.07165245435783,3.97668829079156E-18));
#3302=CARTESIAN_POINT('Ctrl Pts',(-3.44706716026395,-7.15493480002647,0.));
#3303=CARTESIAN_POINT('Ctrl Pts',(-3.1990189504817,-6.64007138549421,0.329955678841871));
#3304=CARTESIAN_POINT('Ctrl Pts',(-4.30408049977633,-6.1076805974426,0.303468612998687));
#3305=CARTESIAN_POINT('Ctrl Pts',(-6.24214374238884,-4.48106279246953,0.250494481312318));
#3306=CARTESIAN_POINT('Ctrl Pts',(-7.62547727483513,-0.944749882789848,
0.171033283782765));
#3307=CARTESIAN_POINT('Ctrl Pts',(-7.14706147578839,2.82119919694578,0.0915720862532126));
#3308=CARTESIAN_POINT('Ctrl Pts',(-4.92385473822035,5.89889259113534,0.0121108887236594));
#3309=CARTESIAN_POINT('Ctrl Pts',(-1.49853470817083,7.53620743462216,-0.0673503088058932));
#3310=CARTESIAN_POINT('Ctrl Pts',(2.29261502048518,7.33380147293145,-0.146811506335446));
#3311=CARTESIAN_POINT('Ctrl Pts',(5.52406517594302,5.34089235215731,-0.226272703864999));
#3312=CARTESIAN_POINT('Ctrl Pts',(7.40689467355029,2.04411963834602,-0.305733901394552));
#3313=CARTESIAN_POINT('Ctrl Pts',(7.48144516748713,-1.7517114993416,-0.385195098924105));
#3314=CARTESIAN_POINT('Ctrl Pts',(5.72951324180125,-5.11987979057627,-0.464656296453657));
#3315=CARTESIAN_POINT('Ctrl Pts',(2.5788080727446,-7.23811171804307,-0.544117493983211));
#3316=CARTESIAN_POINT('Ctrl Pts',(-1.20147425402618,-7.58926604283372,-0.623578691512763));
#3317=CARTESIAN_POINT('Ctrl Pts',(-4.68843472116931,-6.08761737567638,-0.703039889042316));
#3318=CARTESIAN_POINT('Ctrl Pts',(-7.03078501988214,-3.09976861060035,-0.782501086571869));
#3319=CARTESIAN_POINT('Ctrl Pts',(-7.65667573594813,0.644841331263749,-0.861962284101421));
#3320=CARTESIAN_POINT('Ctrl Pts',(-6.41330519816503,4.23202320694282,-0.941423481630975));
#3321=CARTESIAN_POINT('Ctrl Pts',(-3.6042234397598,6.78602070688245,-1.02088467916053));
#3322=CARTESIAN_POINT('Ctrl Pts',(0.0847748109407692,7.68331420034695,-1.10034587669008));
#3323=CARTESIAN_POINT('Ctrl Pts',(3.75307657967387,6.70484302130893,-1.17980707421963));
#3324=CARTESIAN_POINT('Ctrl Pts',(6.50512161292344,4.08948610442553,-1.25926827174918));
#3325=CARTESIAN_POINT('Ctrl Pts',(7.66903985064935,0.475743163377397,-1.33872946927874));
#3326=CARTESIAN_POINT('Ctrl Pts',(6.96067830408403,-3.25414525364301,-1.41819066680829));
#3327=CARTESIAN_POINT('Ctrl Pts',(4.55297270354504,-6.18958345537962,-1.49765186433785));
#3328=CARTESIAN_POINT('Ctrl Pts',(1.03372785997118,-7.61392871635719,-1.57711306186739));
#3329=CARTESIAN_POINT('Ctrl Pts',(-2.73788596481163,-7.17944874152252,-1.65657425939695));
#3330=CARTESIAN_POINT('Ctrl Pts',(-5.84108644942437,-4.99221522752129,-1.7360354569265));
#3331=CARTESIAN_POINT('Ctrl Pts',(-7.51827425336408,-1.58620806926164,-1.81549665445606));
#3332=CARTESIAN_POINT('Ctrl Pts',(-7.35998940769085,2.20704773543503,-1.89495785198561));
#3333=CARTESIAN_POINT('Ctrl Pts',(-5.40487475718774,5.46148630382248,-1.97441904951516));
#3334=CARTESIAN_POINT('Ctrl Pts',(-2.13024189584197,7.38258581074381,-2.05388024704472));
#3335=CARTESIAN_POINT('Ctrl Pts',(1.6644572207549,7.50133894368411,-2.13334144457426));
#3336=CARTESIAN_POINT('Ctrl Pts',(5.05280434722671,5.78875392605528,-2.21280264210382));
#3337=CARTESIAN_POINT('Ctrl Pts',(7.20758591454632,2.66293241975856,-2.29226383963337));
#3338=CARTESIAN_POINT('Ctrl Pts',(7.60274467879872,-1.11300365532456,-2.37172503716293));
#3339=CARTESIAN_POINT('Ctrl Pts',(6.14180861999652,-4.61721676587809,-2.45118623469248));
#3340=CARTESIAN_POINT('Ctrl Pts',(3.18144312282871,-6.99420641988597,-2.53064743222203));
#3341=CARTESIAN_POINT('Ctrl Pts',(-0.555623468431109,-7.66366663869831,
-2.61010862975159));
#3342=CARTESIAN_POINT('Ctrl Pts',(-4.15704301551246,-6.46215886178509,-2.68956982728114));
#3343=CARTESIAN_POINT('Ctrl Pts',(-6.74358354898903,-3.68301299285968,-2.76903102481069));
#3344=CARTESIAN_POINT('Ctrl Pts',(-7.6837804206799,-0.00471535202836732,
-2.84849222234024));
#3345=CARTESIAN_POINT('Ctrl Pts',(-6.74809882178585,3.67473347049567,-2.9279534198698));
#3346=CARTESIAN_POINT('Ctrl Pts',(-4.16497122572368,6.45705184094587,-3.00741461739935));
#3347=CARTESIAN_POINT('Ctrl Pts',(-0.565029063759405,7.66297892107735,-3.0868758149289));
#3348=CARTESIAN_POINT('Ctrl Pts',(3.17285637585351,6.99810590131176,-3.16633701245845));
#3349=CARTESIAN_POINT('Ctrl Pts',(6.13613704543643,4.62475144709326,-3.24579820998801));
#3350=CARTESIAN_POINT('Ctrl Pts',(7.60137290557718,1.12233405816887,-3.32525940751756));
#3351=CARTESIAN_POINT('Ctrl Pts',(7.21084884029334,-2.6540841716511,-3.40472060504711));
#3352=CARTESIAN_POINT('Ctrl Pts',(5.05990537810126,-5.78254799828159,-3.48418180257666));
#3353=CARTESIAN_POINT('Ctrl Pts',(1.67366274775087,-7.49929041940367,-3.56364300010623));
#3354=CARTESIAN_POINT('Ctrl Pts',(-2.12117926254486,-7.38519480609132,-3.64310419763577));
#3355=CARTESIAN_POINT('Ctrl Pts',(-5.39816752208141,-5.46811587215506,-3.72256539516533));
#3356=CARTESIAN_POINT('Ctrl Pts',(-7.35727504051428,-2.21607936816218,-3.80202659269487));
#3357=CARTESIAN_POINT('Ctrl Pts',(-7.5202154257053,1.57697930828303,-3.88148779022444));
#3358=CARTESIAN_POINT('Ctrl Pts',(-5.84720925348632,4.98504240039264,-3.96094898775398));
#3359=CARTESIAN_POINT('Ctrl Pts',(-2.74669561084313,7.17608298510711,-4.04041018528354));
#3360=CARTESIAN_POINT('Ctrl Pts',(1.02438211348096,7.61519172925731,-4.11987138281308));
#3361=CARTESIAN_POINT('Ctrl Pts',(4.54537247883271,6.19516689173414,-4.19933258034265));
#3362=CARTESIAN_POINT('Ctrl Pts',(6.95667908085312,3.26268600294131,-4.27879377787219));
#3363=CARTESIAN_POINT('Ctrl Pts',(7.66961797842706,-0.46633019713192,-4.35825497540175));
#3364=CARTESIAN_POINT('Ctrl Pts',(6.5101359509286,-4.08149895114473,-4.4377161729313));
#3365=CARTESIAN_POINT('Ctrl Pts',(3.76130295264233,-6.70023162929556,-4.51717737046086));
#3366=CARTESIAN_POINT('Ctrl Pts',(0.0942048759814016,-7.68320435945251,
-4.5966385679904));
#3367=CARTESIAN_POINT('Ctrl Pts',(-3.59589189259973,-6.7904392556376,-4.67609976551996));
#3368=CARTESIAN_POINT('Ctrl Pts',(-6.40810618477324,-4.2398913797926,-4.75556096304951));
#3369=CARTESIAN_POINT('Ctrl Pts',(-7.65587852635616,-0.654238318540963,
-4.83502216057907));
#3370=CARTESIAN_POINT('Ctrl Pts',(-7.03458422174067,3.09113710711864,-4.91448335810861));
#3371=CARTESIAN_POINT('Ctrl Pts',(-4.69590285390765,6.08185828299465,-4.99394455563817));
#3372=CARTESIAN_POINT('Ctrl Pts',(-1.21078801435599,7.5877859861794,-5.07340575316772));
#3373=CARTESIAN_POINT('Ctrl Pts',(2.56992235815231,7.24127080427445,-5.15286695069728));
#3374=CARTESIAN_POINT('Ctrl Pts',(5.72322515798218,5.12690916428294,-5.23232814822682));
#3375=CARTESIAN_POINT('Ctrl Pts',(7.47928932417358,1.76089039780213,-5.31178934575639));
#3376=CARTESIAN_POINT('Ctrl Pts',(7.40939842002844,-2.03502305663809,-5.39125054328593));
#3377=CARTESIAN_POINT('Ctrl Pts',(5.53061524994742,-5.33411649149301,-5.47071174081549));
#3378=CARTESIAN_POINT('Ctrl Pts',(2.30161623448087,-7.33096627307359,-5.55017293834504));
#3379=CARTESIAN_POINT('Ctrl Pts',(-1.48928748224333,-7.53807180802903,-5.62963413587459));
#3380=CARTESIAN_POINT('Ctrl Pts',(-4.91660424417468,-5.90487142060961,-5.70909533340414));
#3381=CARTESIAN_POINT('Ctrl Pts',(-7.143606636735,-2.830086219069,-5.78855653093371));
#3382=CARTESIAN_POINT('Ctrl Pts',(-7.62660579670514,0.935621616590932,-5.86801772846324));
#3383=CARTESIAN_POINT('Ctrl Pts',(-6.24768480352082,4.47291162260374,-5.94747892599281));
#3384=CARTESIAN_POINT('Ctrl Pts',(-3.3434863073013,6.91820808451562,-6.02694012352235));
#3385=CARTESIAN_POINT('Ctrl Pts',(0.376973669228333,7.67452895235122,-6.10640132105191));
#3386=CARTESIAN_POINT('Ctrl Pts',(4.00540124095634,6.55722995530232,-6.18586251858146));
#3387=CARTESIAN_POINT('Ctrl Pts',(6.65597083879662,3.8390827004452,-6.26532371611102));
#3388=CARTESIAN_POINT('Ctrl Pts',(7.68158608945958,0.183681621262499,-6.34478491364057));
#3389=CARTESIAN_POINT('Ctrl Pts',(6.83185858222956,-3.51656254034889,-6.42424611117013));
#3390=CARTESIAN_POINT('Ctrl Pts',(4.31423640247693,-6.35829128393089,-6.50370730869967));
#3391=CARTESIAN_POINT('Ctrl Pts',(0.743358827419273,-7.64773962955503,-6.58316850622923));
#3392=CARTESIAN_POINT('Ctrl Pts',(-3.00899853283918,-7.07010831721412,-6.66262970375877));
#3393=CARTESIAN_POINT('Ctrl Pts',(-6.02675453065069,-4.76641727244375,-6.74209090128833));
#3394=CARTESIAN_POINT('Ctrl Pts',(-7.57316980129607,-1.29907772997069,-6.82155209881788));
#3395=CARTESIAN_POINT('Ctrl Pts',(-7.27071050674687,2.48541194067492,-6.90101329634744));
#3396=CARTESIAN_POINT('Ctrl Pts',(-5.19321749718483,5.66312597552816,-6.98047449387699));
#3397=CARTESIAN_POINT('Ctrl Pts',(-1.84787918717472,7.4582736807773,-7.05993569140655));
#3398=CARTESIAN_POINT('Ctrl Pts',(1.94859080459634,7.43259696633759,-7.1393968889361));
#3399=CARTESIAN_POINT('Ctrl Pts',(5.26934190043378,5.59236441267039,-7.21885808646565));
#3400=CARTESIAN_POINT('Ctrl Pts',(7.30366307714294,2.38684089192117,-7.2983192839952));
#3401=CARTESIAN_POINT('Ctrl Pts',(7.55490566847959,-1.40139363782723,-7.37778048152475));
#3402=CARTESIAN_POINT('Ctrl Pts',(5.96173260568612,-4.8474991620497,-7.45724167905431));
#3403=CARTESIAN_POINT('Ctrl Pts',(2.91309293269478,-7.11016127476999,-7.53670287658386));
#3404=CARTESIAN_POINT('Ctrl Pts',(-0.846734204808993,-7.6369853328524,-7.61616407411342));
#3405=CARTESIAN_POINT('Ctrl Pts',(-4.39984402633757,-6.29935523142071,-7.69562527164297));
#3406=CARTESIAN_POINT('Ctrl Pts',(-6.87879864937407,-3.42383307554265,-7.77508646917252));
#3407=CARTESIAN_POINT('Ctrl Pts',(-7.6783988943094,0.28756600573845,-7.85454766670207));
#3408=CARTESIAN_POINT('Ctrl Pts',(-6.60343448671284,3.92876020739821,-7.93400886423163));
#3409=CARTESIAN_POINT('Ctrl Pts',(-3.91634168562969,6.61080718141599,-8.01347006176117));
#3410=CARTESIAN_POINT('Ctrl Pts',(-0.273133450554122,7.67892583011696,-8.09293125929073));
#3411=CARTESIAN_POINT('Ctrl Pts',(3.43675617457392,6.87235118331881,-8.17239245682029));
#3412=CARTESIAN_POINT('Ctrl Pts',(6.30761389571527,4.38799620867352,-8.25185365434983));
#3413=CARTESIAN_POINT('Ctrl Pts',(7.6385633346549,0.832378502133399,-8.33131485187939));
#3414=CARTESIAN_POINT('Ctrl Pts',(7.10467336905202,-2.92645179633908,-8.41077604940894));
#3415=CARTESIAN_POINT('Ctrl Pts',(4.83628513742803,-5.97083326034016,-8.4902372469385));
#3416=CARTESIAN_POINT('Ctrl Pts',(1.38719122902452,-7.55752633895115,-8.56969844446805));
#3417=CARTESIAN_POINT('Ctrl Pts',(-2.40056438345504,-7.29916394382525,-8.6491596419976));
#3418=CARTESIAN_POINT('Ctrl Pts',(-5.60225860207538,-5.25882140259446,-8.72862083952716));
#3419=CARTESIAN_POINT('Ctrl Pts',(-7.43624634219247,-1.9346172764121,-8.80808203705671));
#3420=CARTESIAN_POINT('Ctrl Pts',(-7.45478729380121,1.86189415360869,-8.88754323458626));
#3421=CARTESIAN_POINT('Ctrl Pts',(-5.65335499273727,5.20385268559704,-8.96700443211581));
#3422=CARTESIAN_POINT('Ctrl Pts',(-2.47174176332635,7.27536886401131,-9.04646562964537));
#3423=CARTESIAN_POINT('Ctrl Pts',(1.31330966525647,7.57071529263049,-9.12592682717492));
#3424=CARTESIAN_POINT('Ctrl Pts',(4.77773659097985,6.01778398790944,-9.20538802470448));
#3425=CARTESIAN_POINT('Ctrl Pts',(7.07575131332374,2.99570664836189,-9.28484922223402));
#3426=CARTESIAN_POINT('Ctrl Pts',(7.64632916853912,-0.757736133022032,-9.36431041976358));
#3427=CARTESIAN_POINT('Ctrl Pts',(6.35017070160022,-4.32617143048412,-9.44377161729312));
#3428=CARTESIAN_POINT('Ctrl Pts',(3.50371631379992,-6.83847202735654,-9.5232328148227));
#3429=CARTESIAN_POINT('Ctrl Pts',(-0.198121097089637,-7.68119631308398,
-9.60269401235223));
#3430=CARTESIAN_POINT('Ctrl Pts',(-3.85158280729714,-6.64880358887068,-9.6821552098818));
#3431=CARTESIAN_POINT('Ctrl Pts',(-6.56475356573615,-3.99295169876881,-9.76161640741134));
#3432=CARTESIAN_POINT('Ctrl Pts',(-7.67520984249301,-0.362780765417284,
-9.84107760494089));
#3433=CARTESIAN_POINT('Ctrl Pts',(-6.91194825428378,3.35697089364837,-9.92053880247045));
#3434=CARTESIAN_POINT('Ctrl Pts',(-5.27797787388383,5.28883926695872,-9.97351293415682));
#3435=CARTESIAN_POINT('Ctrl Pts',(-4.27927109335321,6.00100901179057,-10.));
#3436=CARTESIAN_POINT('Ctrl Pts',(-3.28170168707578,-6.81169252367163,0.219970452561247));
#3437=CARTESIAN_POINT('Ctrl Pts',(-4.41532496558019,-6.26554141472947,0.193483386718063));
#3438=CARTESIAN_POINT('Ctrl Pts',(-6.4034799316467,-4.59688159200355,0.140509255031694));
#3439=CARTESIAN_POINT('Ctrl Pts',(-7.82256748864098,-0.969168151926477,
0.0610480575021416));
#3440=CARTESIAN_POINT('Ctrl Pts',(-7.33178642133317,2.89411669874594,-0.0184131400274114));
#3441=CARTESIAN_POINT('Ctrl Pts',(-5.05111806196108,6.05135701534147,-0.0978743375569642));
#3442=CARTESIAN_POINT('Ctrl Pts',(-1.53726625445759,7.73099035522395,-0.177335535086517));
#3443=CARTESIAN_POINT('Ctrl Pts',(2.35187058814034,7.52335295255881,-0.25679673261607));
#3444=CARTESIAN_POINT('Ctrl Pts',(5.66684170616718,5.47893454645702,-0.336257930145623));
#3445=CARTESIAN_POINT('Ctrl Pts',(7.59833534044008,2.09695252500296,-0.415719127675176));
#3446=CARTESIAN_POINT('Ctrl Pts',(7.67481268724921,-1.79698672363093,-0.495180325204729));
#3447=CARTESIAN_POINT('Ctrl Pts',(5.87759984007315,-5.25220963252794,-0.574641522734281));
#3448=CARTESIAN_POINT('Ctrl Pts',(2.64546066590083,-7.42518997355995,-0.654102720263834));
#3449=CARTESIAN_POINT('Ctrl Pts',(-1.23252789290983,-7.78542033103125,-0.733563917793387));
#3450=CARTESIAN_POINT('Ctrl Pts',(-4.809613313447,-6.24495963333412,-0.81302511532294));
#3451=CARTESIAN_POINT('Ctrl Pts',(-7.21250465169647,-3.17988609521056,-0.892486312852493));
#3452=CARTESIAN_POINT('Ctrl Pts',(-7.85457231388696,0.661508080277486,-0.971947510382045));
#3453=CARTESIAN_POINT('Ctrl Pts',(-6.57906527417757,4.34140525984594,-1.0514087079116));
#3454=CARTESIAN_POINT('Ctrl Pts',(-3.6973792046705,6.96141409195284,-1.13086990544115));
#3455=CARTESIAN_POINT('Ctrl Pts',(0.0869659243637615,7.88189928347101,-1.2103311029707));
#3456=CARTESIAN_POINT('Ctrl Pts',(3.85007964438153,6.87813826526247,-1.28979230050026));
#3457=CARTESIAN_POINT('Ctrl Pts',(6.67325480161646,4.19518410359696,-1.36925349802981));
#3458=CARTESIAN_POINT('Ctrl Pts',(7.86725599494738,0.488039353951103,-1.44871469555936));
#3459=CARTESIAN_POINT('Ctrl Pts',(7.14058593815609,-3.33825280005355,-1.52817589308892));
#3460=CARTESIAN_POINT('Ctrl Pts',(4.67065010670972,-6.34956115679063,-1.60763709061847));
#3461=CARTESIAN_POINT('Ctrl Pts',(1.06044587873851,-7.81072044289758,-1.68709828814802));
#3462=CARTESIAN_POINT('Ctrl Pts',(-2.80865012956254,-7.36501077737628,-1.76655948567757));
#3463=CARTESIAN_POINT('Ctrl Pts',(-5.99205679995896,-5.12124541554691,-1.84602068320713));
#3464=CARTESIAN_POINT('Ctrl Pts',(-7.71259366795819,-1.62720564570753,-1.92548188073668));
#3465=CARTESIAN_POINT('Ctrl Pts',(-7.55021774798867,2.26409170716018,-2.00494307826623));
#3466=CARTESIAN_POINT('Ctrl Pts',(-5.54457065858444,5.60264540305295,-2.08440427579578));
#3467=CARTESIAN_POINT('Ctrl Pts',(-2.18530072240163,7.57339818398126,-2.16386547332534));
#3468=CARTESIAN_POINT('Ctrl Pts',(1.70747724660847,7.69522064353783,-2.24332667085489));
#3469=CARTESIAN_POINT('Ctrl Pts',(5.18340053854979,5.93837167558565,-2.32278786838445));
#3470=CARTESIAN_POINT('Ctrl Pts',(7.39387519162671,2.7317593142656,-2.40224906591399));
#3471=CARTESIAN_POINT('Ctrl Pts',(7.7992473395831,-1.1417706584233,-2.48171026344355));
#3472=CARTESIAN_POINT('Ctrl Pts',(6.30055151967895,-4.73655463900743,-2.5611714609731));
#3473=CARTESIAN_POINT('Ctrl Pts',(3.26367158967613,-7.17498063099623,-2.64063265850266));
#3474=CARTESIAN_POINT('Ctrl Pts',(-0.569984267662651,-7.86174390546068,
-2.72009385603221));
#3475=CARTESIAN_POINT('Ctrl Pts',(-4.26448710946198,-6.62918162322191,-2.79955505356176));
#3476=CARTESIAN_POINT('Ctrl Pts',(-6.91788009143288,-3.77820517454883,-2.87901625109131));
#3477=CARTESIAN_POINT('Ctrl Pts',(-7.88237755386482,-0.00483722633288853,
-2.95847744862087));
#3478=CARTESIAN_POINT('Ctrl Pts',(-6.92251206723056,3.76971165733908,-3.03793864615042));
#3479=CARTESIAN_POINT('Ctrl Pts',(-4.272620234407,6.62394260489677,-3.11739984367997));
#3480=CARTESIAN_POINT('Ctrl Pts',(-0.579632962632786,7.86103841289815,-3.19686104120952));
#3481=CARTESIAN_POINT('Ctrl Pts',(3.25486290724216,7.17898089950725,-3.27632223873908));
#3482=CARTESIAN_POINT('Ctrl Pts',(6.29473335601992,4.74428406369612,-3.35578343626863));
#3483=CARTESIAN_POINT('Ctrl Pts',(7.79784011112801,1.15134221746352,-3.43524463379818));
#3484=CARTESIAN_POINT('Ctrl Pts',(7.39722245186323,-2.72268237186811,-3.51470583132774));
#3485=CARTESIAN_POINT('Ctrl Pts',(5.19068510465011,-5.93200534767073,-3.59416702885728));
#3486=CARTESIAN_POINT('Ctrl Pts',(1.71692070222433,-7.69311917252712,-3.67362822638685));
#3487=CARTESIAN_POINT('Ctrl Pts',(-2.17600385375506,-7.57607461215067,-3.75308942391639));
#3488=CARTESIAN_POINT('Ctrl Pts',(-5.53769006640763,-5.60944632105888,-3.83255062144595));
#3489=CARTESIAN_POINT('Ctrl Pts',(-7.54743322452052,-2.27335677398743,-3.9120118189755));
#3490=CARTESIAN_POINT('Ctrl Pts',(-7.71458501238148,1.61773835559703,-3.99147301650506));
#3491=CARTESIAN_POINT('Ctrl Pts',(-5.99833785572352,5.11388719752646,-4.07093421403461));
#3492=CARTESIAN_POINT('Ctrl Pts',(-2.81768747216402,7.3615580286812,-4.15039541156416));
#3493=CARTESIAN_POINT('Ctrl Pts',(1.05085857947622,7.81201609998162,-4.22985660909371));
#3494=CARTESIAN_POINT('Ctrl Pts',(4.66285344446835,6.35528890419943,-4.30931780662326));
#3495=CARTESIAN_POINT('Ctrl Pts',(7.13648334988542,3.34701429594184,-4.38877900415282));
#3496=CARTESIAN_POINT('Ctrl Pts',(7.86784906517699,-0.478383097552999,-4.46824020168237));
#3497=CARTESIAN_POINT('Ctrl Pts',(6.67839874160114,-4.18699051212336,-4.54770139921192));
#3498=CARTESIAN_POINT('Ctrl Pts',(3.85851863848162,-6.87340768592412,-4.62716259674148));
#3499=CARTESIAN_POINT('Ctrl Pts',(0.0966397214972459,-7.88178660359818,
-4.70662379427103));
#3500=CARTESIAN_POINT('Ctrl Pts',(-3.68883231801729,-6.96594684375226,-4.78608499180058));
#3501=CARTESIAN_POINT('Ctrl Pts',(-6.57373188563468,-4.34947679568711,-4.86554618933014));
#3502=CARTESIAN_POINT('Ctrl Pts',(-7.85375449939338,-0.671147944710439,
-4.94500738685968));
#3503=CARTESIAN_POINT('Ctrl Pts',(-7.21640204878655,3.1710314994809,-5.02446858438925));
#3504=CARTESIAN_POINT('Ctrl Pts',(-4.81727446962835,6.23905168953565,-5.10392978191879));
#3505=CARTESIAN_POINT('Ctrl Pts',(-1.24208237928848,7.78390202041956,-5.18339097944835));
#3506=CARTESIAN_POINT('Ctrl Pts',(2.63634528864929,7.42843071041573,-5.2628521769779));
#3507=CARTESIAN_POINT('Ctrl Pts',(5.87114923268479,5.25942068938923,-5.34231337450746));
#3508=CARTESIAN_POINT('Ctrl Pts',(7.6726011234077,1.80640286246279,-5.421774572037));
#3509=CARTESIAN_POINT('Ctrl Pts',(7.60090379944849,-2.08762083050547,-5.50123576956656));
#3510=CARTESIAN_POINT('Ctrl Pts',(5.67356107521234,-5.47198355500693,-5.58069696709611));
#3511=CARTESIAN_POINT('Ctrl Pts',(2.36110445002508,-7.52044447333417,-5.66015816462566));
#3512=CARTESIAN_POINT('Ctrl Pts',(-1.52778002214799,-7.73290291574622,-5.73961936215521));
#3513=CARTESIAN_POINT('Ctrl Pts',(-5.04368016962278,-6.05749037531094,-5.81908055968477));
#3514=CARTESIAN_POINT('Ctrl Pts',(-7.3282422875454,-2.90323341732322,-5.89854175721432));
#3515=CARTESIAN_POINT('Ctrl Pts',(-7.8237251786022,0.959803954011801,-5.97800295474388));
#3516=CARTESIAN_POINT('Ctrl Pts',(-6.40916420859114,4.58851974472652,-6.05746415227343));
#3517=CARTESIAN_POINT('Ctrl Pts',(-3.42990298751851,7.09701802143988,-6.13692534980298));
#3518=CARTESIAN_POINT('Ctrl Pts',(0.386717035891097,7.87288696950378,-6.21638654733253));
#3519=CARTESIAN_POINT('Ctrl Pts',(4.10892595927968,6.72670995075516,-6.29584774486208));
#3520=CARTESIAN_POINT('Ctrl Pts',(6.82800291868139,3.9383087033534,-6.37530894239164));
#3521=CARTESIAN_POINT('Ctrl Pts',(7.88012650734739,0.188429107708544,-6.4547701399212));
#3522=CARTESIAN_POINT('Ctrl Pts',(7.00843670581883,-3.60745259718851,-6.53423133745074));
#3523=CARTESIAN_POINT('Ctrl Pts',(4.42574336057637,-6.52262945496254,-6.6136925349803));
#3524=CARTESIAN_POINT('Ctrl Pts',(0.762571887133463,-7.84540524239408,-6.69315373250985));
#3525=CARTESIAN_POINT('Ctrl Pts',(-3.08676994868693,-7.25284430994586,-6.7726149300394));
#3526=CARTESIAN_POINT('Ctrl Pts',(-6.18252371022995,-4.88961142350549,-6.85207612756896));
#3527=CARTESIAN_POINT('Ctrl Pts',(-7.76890806154257,-1.33265405553334,-6.93153732509851));
#3528=CARTESIAN_POINT('Ctrl Pts',(-7.45863131965445,2.54965059133614,-7.01099852262806));
#3529=CARTESIAN_POINT('Ctrl Pts',(-5.327442845969,5.80949670998825,-7.09045972015761));
#3530=CARTESIAN_POINT('Ctrl Pts',(-1.89563998836281,7.65104230382704,-7.16992091768717));
#3531=CARTESIAN_POINT('Ctrl Pts',(1.99895462635545,7.62470194185992,-7.24938211521672));
#3532=CARTESIAN_POINT('Ctrl Pts',(5.40553478178953,5.73690622402834,-7.32884331274628));
#3533=CARTESIAN_POINT('Ctrl Pts',(7.49243559138155,2.44853184774656,-7.40830451027582));
#3534=CARTESIAN_POINT('Ctrl Pts',(7.75017186885207,-1.43761444889921,-7.48776570780538));
#3535=CARTESIAN_POINT('Ctrl Pts',(6.11582121044608,-4.97278897825897,-7.56722690533493));
#3536=CARTESIAN_POINT('Ctrl Pts',(2.98838554563534,-7.29393248742092,-7.64668810286449));
#3537=CARTESIAN_POINT('Ctrl Pts',(-0.86861913337775,-7.83437298713751,-7.72614930039404));
#3538=CARTESIAN_POINT('Ctrl Pts',(-4.51356362297515,-6.462170124791,-7.80561049792359));
#3539=CARTESIAN_POINT('Ctrl Pts',(-7.05658999903904,-3.51232642075544,-7.88507169545314));
#3540=CARTESIAN_POINT('Ctrl Pts',(-7.87685693506185,0.294998516978266,-7.9645328929827));
#3541=CARTESIAN_POINT('Ctrl Pts',(-6.77410869737954,4.0303040401788,-8.04399409051224));
#3542=CARTESIAN_POINT('Ctrl Pts',(-4.01756454583083,6.78167194880757,-8.12345528804181));
#3543=CARTESIAN_POINT('Ctrl Pts',(-0.280192933944756,7.87739749019936,-8.20291648557135));
#3544=CARTESIAN_POINT('Ctrl Pts',(3.52558353381092,7.04997588997672,-8.28237768310092));
#3545=CARTESIAN_POINT('Ctrl Pts',(6.47064224482777,4.50140958330922,-8.36183888063045));
#3546=CARTESIAN_POINT('Ctrl Pts',(7.835991774415,0.853892389204348,-8.44130007816002));
#3547=CARTESIAN_POINT('Ctrl Pts',(7.28830273976016,-3.00208968619764,-8.52076127568956));
#3548=CARTESIAN_POINT('Ctrl Pts',(4.96128511282728,-6.12515708316016,-8.60022247321913));
#3549=CARTESIAN_POINT('Ctrl Pts',(1.42304496067491,-7.75286027390403,-8.67968367074867));
#3550=CARTESIAN_POINT('Ctrl Pts',(-2.46261004047262,-7.48782017220851,-8.75914486827822));
#3551=CARTESIAN_POINT('Ctrl Pts',(-5.747056141414,-5.39474236822695,-8.83860606580778));
#3552=CARTESIAN_POINT('Ctrl Pts',(-7.62844564050162,-1.98461993446197,-8.91806726333733));
#3553=CARTESIAN_POINT('Ctrl Pts',(-7.64746580672017,1.91001718953059,-8.99752846086689));
#3554=CARTESIAN_POINT('Ctrl Pts',(-5.79947318364922,5.33835291442904,-9.07698965839644));
#3555=CARTESIAN_POINT('Ctrl Pts',(-2.53562709076869,7.46341007812081,-9.15645085592599));
#3556=CARTESIAN_POINT('Ctrl Pts',(1.34725383339041,7.76639011296101,-9.23591205345554));
#3557=CARTESIAN_POINT('Ctrl Pts',(4.90122330430753,6.17332131233748,-9.3153732509851));
#3558=CARTESIAN_POINT('Ctrl Pts',(7.2586331565078,3.07313451845388,-9.39483444851465));
#3559=CARTESIAN_POINT('Ctrl Pts',(7.84395832620912,-0.777320792589307,-9.47429564604419));
#3560=CARTESIAN_POINT('Ctrl Pts',(6.51429898579463,-4.43798686464831,-9.55375684357376));
#3561=CARTESIAN_POINT('Ctrl Pts',(3.59427434348297,-7.01522108389427,-9.63321804110331));
#3562=CARTESIAN_POINT('Ctrl Pts',(-0.20324179025774,-7.8797266567028,-9.71267923863286));
#3563=CARTESIAN_POINT('Ctrl Pts',(-3.95113189145561,-6.8206504220136,-9.79214043616241));
#3564=CARTESIAN_POINT('Ctrl Pts',(-6.73442801852397,-4.09615464275029,-9.87160163369197));
#3565=CARTESIAN_POINT('Ctrl Pts',(-7.87358545812219,-0.372157298327136,
-9.95106283122152));
#3566=CARTESIAN_POINT('Ctrl Pts',(-7.09059639788884,3.44373610024764,-10.0305240287511));
#3567=CARTESIAN_POINT('Ctrl Pts',(-5.41439396301957,5.42553608269111,-10.0834981604374));
#3568=CARTESIAN_POINT('Ctrl Pts',(-4.38987432831472,6.15611276550417,-10.1099852262806));
#3569=CARTESIAN_POINT('Ctrl Pts',(-3.36438442366987,-6.98331366184905,0.109985226280624));
#3570=CARTESIAN_POINT('Ctrl Pts',(-4.52656943138405,-6.42340223201634,0.0834981604374395));
#3571=CARTESIAN_POINT('Ctrl Pts',(-6.56481612090455,-4.71270039153758,0.0305240287510703));
#3572=CARTESIAN_POINT('Ctrl Pts',(-8.01965770244685,-0.993586421063105,
-0.0489371687784823));
#3573=CARTESIAN_POINT('Ctrl Pts',(-7.51651136687793,2.9670342005461,-0.128398366308035));
#3574=CARTESIAN_POINT('Ctrl Pts',(-5.17838138570181,6.20382143954759,-0.207859563837588));
#3575=CARTESIAN_POINT('Ctrl Pts',(-1.57599780074436,7.92577327582574,-0.287320761367141));
#3576=CARTESIAN_POINT('Ctrl Pts',(2.4111261557955,7.71290443218617,-0.366781958896694));
#3577=CARTESIAN_POINT('Ctrl Pts',(5.80961823639133,5.61697674075673,-0.446243156426247));
#3578=CARTESIAN_POINT('Ctrl Pts',(7.78977600732988,2.1497854116599,-0.5257043539558));
#3579=CARTESIAN_POINT('Ctrl Pts',(7.86818020701128,-1.84226194792026,-0.605165551485352));
#3580=CARTESIAN_POINT('Ctrl Pts',(6.02568643834508,-5.38453947447959,-0.684626749014905));
#3581=CARTESIAN_POINT('Ctrl Pts',(2.71211325905705,-7.61226822907684,-0.764087946544458));
#3582=CARTESIAN_POINT('Ctrl Pts',(-1.26358153179347,-7.98157461922877,-0.843549144074011));
#3583=CARTESIAN_POINT('Ctrl Pts',(-4.93079190572469,-6.40230189099186,-0.923010341603564));
#3584=CARTESIAN_POINT('Ctrl Pts',(-7.39422428351079,-3.26000357982075,-1.00247153913312));
#3585=CARTESIAN_POINT('Ctrl Pts',(-8.05246889182579,0.678174829291211,-1.08193273666267));
#3586=CARTESIAN_POINT('Ctrl Pts',(-6.74482535019011,4.45078731274908,-1.16139393419222));
#3587=CARTESIAN_POINT('Ctrl Pts',(-3.7905349695812,7.13680747702319,-1.24085513172178));
#3588=CARTESIAN_POINT('Ctrl Pts',(0.0891570377867493,8.0804843665951,-1.32031632925133));
#3589=CARTESIAN_POINT('Ctrl Pts',(3.94708270908919,7.05143350921598,-1.39977752678088));
#3590=CARTESIAN_POINT('Ctrl Pts',(6.84138799030947,4.30088210276841,-1.47923872431043));
#3591=CARTESIAN_POINT('Ctrl Pts',(8.06547213924543,0.500335544524806,-1.55869992183999));
#3592=CARTESIAN_POINT('Ctrl Pts',(7.32049357222814,-3.42236034646411,-1.63816111936954));
#3593=CARTESIAN_POINT('Ctrl Pts',(4.78832750987442,-6.50953885820162,-1.71762231689909));
#3594=CARTESIAN_POINT('Ctrl Pts',(1.08716389750583,-8.00751216943799,-1.79708351442864));
#3595=CARTESIAN_POINT('Ctrl Pts',(-2.87941429431344,-7.55057281323003,-1.8765447119582));
#3596=CARTESIAN_POINT('Ctrl Pts',(-6.14302715049357,-5.25027560357253,-1.95600590948775));
#3597=CARTESIAN_POINT('Ctrl Pts',(-7.90691308255229,-1.66820322215342,-2.0354671070173));
#3598=CARTESIAN_POINT('Ctrl Pts',(-7.7404460882865,2.32113567888534,-2.11492830454686));
#3599=CARTESIAN_POINT('Ctrl Pts',(-5.68426655998112,5.74380450228342,-2.19438950207641));
#3600=CARTESIAN_POINT('Ctrl Pts',(-2.24035954896129,7.76421055721871,-2.27385069960596));
#3601=CARTESIAN_POINT('Ctrl Pts',(1.75049727246204,7.88910234339156,-2.35331189713551));
#3602=CARTESIAN_POINT('Ctrl Pts',(5.31399672987284,6.08798942511601,-2.43277309466507));
#3603=CARTESIAN_POINT('Ctrl Pts',(7.58016446870711,2.80058620877263,-2.51223429219462));
#3604=CARTESIAN_POINT('Ctrl Pts',(7.99575000036746,-1.17053766152205,-2.59169548972418));
#3605=CARTESIAN_POINT('Ctrl Pts',(6.45929441936139,-4.85589251213674,-2.67115668725372));
#3606=CARTESIAN_POINT('Ctrl Pts',(3.34590005652355,-7.35575484210651,-2.75061788478328));
#3607=CARTESIAN_POINT('Ctrl Pts',(-0.584345066894182,-8.05982117222305,
-2.83007908231283));
#3608=CARTESIAN_POINT('Ctrl Pts',(-4.37193120341153,-6.79620438465874,-2.90954027984239));
#3609=CARTESIAN_POINT('Ctrl Pts',(-7.09217663387672,-3.87339735623797,-2.98900147737193));
#3610=CARTESIAN_POINT('Ctrl Pts',(-8.08097468704977,-0.00495910063741005,
-3.06846267490149));
#3611=CARTESIAN_POINT('Ctrl Pts',(-7.09692531267526,3.86468984418249,-3.14792387243104));
#3612=CARTESIAN_POINT('Ctrl Pts',(-4.38026924309033,6.79083336884768,-3.2273850699606));
#3613=CARTESIAN_POINT('Ctrl Pts',(-0.594236861506161,8.05909790471896,-3.30684626749015));
#3614=CARTESIAN_POINT('Ctrl Pts',(3.33686943863081,7.35985589770274,-3.3863074650197));
#3615=CARTESIAN_POINT('Ctrl Pts',(6.45332966660341,4.86381668029897,-3.46576866254925));
#3616=CARTESIAN_POINT('Ctrl Pts',(7.99430731667885,1.18035037675817,-3.54522986007881));
#3617=CARTESIAN_POINT('Ctrl Pts',(7.58359606343313,-2.79128057208512,-3.62469105760836));
#3618=CARTESIAN_POINT('Ctrl Pts',(5.32146483119897,-6.08146269705986,-3.70415225513791));
#3619=CARTESIAN_POINT('Ctrl Pts',(1.76017865669778,-7.88694792565057,-3.78361345266747));
#3620=CARTESIAN_POINT('Ctrl Pts',(-2.23082844496525,-7.76695441821002,-3.86307465019702));
#3621=CARTESIAN_POINT('Ctrl Pts',(-5.67721261073386,-5.75077676996269,-3.94253584772657));
#3622=CARTESIAN_POINT('Ctrl Pts',(-7.73759140852676,-2.33063417981267,-4.02199704525612));
#3623=CARTESIAN_POINT('Ctrl Pts',(-7.90895459905767,1.65849740291104,-4.10145824278568));
#3624=CARTESIAN_POINT('Ctrl Pts',(-6.14946645796071,5.24273199466026,-4.18091944031523));
#3625=CARTESIAN_POINT('Ctrl Pts',(-2.88867933348493,7.5470330722553,-4.26038063784478));
#3626=CARTESIAN_POINT('Ctrl Pts',(1.07733504547148,8.00884047070593,-4.33984183537433));
#3627=CARTESIAN_POINT('Ctrl Pts',(4.78033441010401,6.51541091666472,-4.41930303290389));
#3628=CARTESIAN_POINT('Ctrl Pts',(7.31628761891771,3.43134258894236,-4.49876423043344));
#3629=CARTESIAN_POINT('Ctrl Pts',(8.06608015192692,-0.490435997974076,-4.57822542796299));
#3630=CARTESIAN_POINT('Ctrl Pts',(6.84666153227368,-4.292482073102,-4.65768662549254));
#3631=CARTESIAN_POINT('Ctrl Pts',(3.9557343243209,-7.04658374255267,-4.7371478230221));
#3632=CARTESIAN_POINT('Ctrl Pts',(0.0990745670130893,-8.08036884774386,
-4.81660902055165));
#3633=CARTESIAN_POINT('Ctrl Pts',(-3.78177274343486,-7.14145443186689,-4.89607021808121));
#3634=CARTESIAN_POINT('Ctrl Pts',(-6.73935758649613,-4.45906221158164,-4.97553141561075));
#3635=CARTESIAN_POINT('Ctrl Pts',(-8.0516304724306,-0.688057570879914,-5.05499261314032));
#3636=CARTESIAN_POINT('Ctrl Pts',(-7.39821987583243,3.25092589184315,-5.13445381066986));
#3637=CARTESIAN_POINT('Ctrl Pts',(-4.93864608534906,6.39624509607665,-5.21391500819942));
#3638=CARTESIAN_POINT('Ctrl Pts',(-1.27337674422097,7.98001805465973,-5.29337620572897));
#3639=CARTESIAN_POINT('Ctrl Pts',(2.70276821914627,7.61559061655702,-5.37283740325852));
#3640=CARTESIAN_POINT('Ctrl Pts',(6.01907330738739,5.39193221449553,-5.45229860078808));
#3641=CARTESIAN_POINT('Ctrl Pts',(7.86591292264183,1.85191532712345,-5.53175979831763));
#3642=CARTESIAN_POINT('Ctrl Pts',(7.79240917886852,-2.14021860437284,-5.61122099584718));
#3643=CARTESIAN_POINT('Ctrl Pts',(5.81650690047725,-5.60985061852085,-5.69068219337673));
#3644=CARTESIAN_POINT('Ctrl Pts',(2.4205926655693,-7.70992267359474,-5.77014339090629));
#3645=CARTESIAN_POINT('Ctrl Pts',(-1.56627256205264,-7.9277340234634,-5.84960458843584));
#3646=CARTESIAN_POINT('Ctrl Pts',(-5.17075609507088,-6.21010933001228,-5.92906578596539));
#3647=CARTESIAN_POINT('Ctrl Pts',(-7.51287793835578,-2.97638061557743,-6.00852698349495));
#3648=CARTESIAN_POINT('Ctrl Pts',(-8.02084456049928,0.983986291432662,-6.08798818102449));
#3649=CARTESIAN_POINT('Ctrl Pts',(-6.57064361366145,4.7041278668493,-6.16744937855406));
#3650=CARTESIAN_POINT('Ctrl Pts',(-3.51631966773573,7.27582795836412,-6.2469105760836));
#3651=CARTESIAN_POINT('Ctrl Pts',(0.396460402553869,8.07124498665634,-6.32637177361316));
#3652=CARTESIAN_POINT('Ctrl Pts',(4.212450677603,6.89618994620798,-6.40583297114271));
#3653=CARTESIAN_POINT('Ctrl Pts',(7.00003499856618,4.0375347062616,-6.48529416867227));
#3654=CARTESIAN_POINT('Ctrl Pts',(8.07866692523519,0.193176594154585,-6.56475536620181));
#3655=CARTESIAN_POINT('Ctrl Pts',(7.18501482940811,-3.69834265402812,-6.64421656373137));
#3656=CARTESIAN_POINT('Ctrl Pts',(4.53725031867581,-6.68696762599419,-6.72367776126092));
#3657=CARTESIAN_POINT('Ctrl Pts',(0.781784946847656,-8.04307085523313,-6.80313895879048));
#3658=CARTESIAN_POINT('Ctrl Pts',(-3.16454136453467,-7.43558030267761,-6.88260015632003));
#3659=CARTESIAN_POINT('Ctrl Pts',(-6.3382928898092,-5.01280557456723,-6.96206135384958));
#3660=CARTESIAN_POINT('Ctrl Pts',(-7.9646463217891,-1.36623038109599,-7.04152255137913));
#3661=CARTESIAN_POINT('Ctrl Pts',(-7.64655213256201,2.61388924199735,-7.12098374890869));
#3662=CARTESIAN_POINT('Ctrl Pts',(-5.46166819475319,5.95586744444834,-7.20044494643823));
#3663=CARTESIAN_POINT('Ctrl Pts',(-1.9434007895509,7.84381092687677,-7.2799061439678));
#3664=CARTESIAN_POINT('Ctrl Pts',(2.04931844811456,7.81680691738224,-7.35936734149733));
#3665=CARTESIAN_POINT('Ctrl Pts',(5.54172766314529,5.88144803538628,-7.43882853902691));
#3666=CARTESIAN_POINT('Ctrl Pts',(7.68120810562016,2.51022280357195,-7.51828973655644));
#3667=CARTESIAN_POINT('Ctrl Pts',(7.94543806922456,-1.47383525997119,-7.59775093408601));
#3668=CARTESIAN_POINT('Ctrl Pts',(6.26990981520604,-5.09807879446824,-7.67721213161556));
#3669=CARTESIAN_POINT('Ctrl Pts',(3.0636781585759,-7.47770370007184,-7.75667332914511));
#3670=CARTESIAN_POINT('Ctrl Pts',(-0.89050406194651,-8.03176064142262,-7.83613452667467));
#3671=CARTESIAN_POINT('Ctrl Pts',(-4.62728321961272,-6.62498501816128,-7.91559572420422));
#3672=CARTESIAN_POINT('Ctrl Pts',(-7.23438134870402,-3.60081976596825,-7.99505692173376));
#3673=CARTESIAN_POINT('Ctrl Pts',(-8.0753149758143,0.30243102821809,-8.07451811926333));
#3674=CARTESIAN_POINT('Ctrl Pts',(-6.94478290804623,4.13184787295938,-8.15397931679286));
#3675=CARTESIAN_POINT('Ctrl Pts',(-4.11878740603197,6.95253671619916,-8.23344051432244));
#3676=CARTESIAN_POINT('Ctrl Pts',(-0.287252417335387,8.07586915028175,-8.31290171185197));
#3677=CARTESIAN_POINT('Ctrl Pts',(3.61441089304792,7.22760059663466,-8.39236290938154));
#3678=CARTESIAN_POINT('Ctrl Pts',(6.63367059394027,4.6148229579449,-8.47182410691108));
#3679=CARTESIAN_POINT('Ctrl Pts',(8.03342021417509,0.87540627627531,-8.55128530444065));
#3680=CARTESIAN_POINT('Ctrl Pts',(7.47193211046831,-3.0777275760562,-8.63074650197018));
#3681=CARTESIAN_POINT('Ctrl Pts',(5.08628508822652,-6.27948090598015,-8.71020769949975));
#3682=CARTESIAN_POINT('Ctrl Pts',(1.45889869232531,-7.9481942088569,-8.78966889702929));
#3683=CARTESIAN_POINT('Ctrl Pts',(-2.5246556974902,-7.67647640059175,-8.86913009455886));
#3684=CARTESIAN_POINT('Ctrl Pts',(-5.89185368075263,-5.53066333385945,-8.9485912920884));
#3685=CARTESIAN_POINT('Ctrl Pts',(-7.82064493881078,-2.03462259251184,-9.02805248961796));
#3686=CARTESIAN_POINT('Ctrl Pts',(-7.84014431963912,1.95814022545249,-9.10751368714751));
#3687=CARTESIAN_POINT('Ctrl Pts',(-5.94559137456117,5.47285314326103,-9.18697488467706));
#3688=CARTESIAN_POINT('Ctrl Pts',(-2.59951241821102,7.65145129223033,-9.26643608220661));
#3689=CARTESIAN_POINT('Ctrl Pts',(1.38119800152436,7.96206493329152,-9.34589727973617));
#3690=CARTESIAN_POINT('Ctrl Pts',(5.0247100176352,6.3288586367655,-9.42535847726572));
#3691=CARTESIAN_POINT('Ctrl Pts',(7.44151499969186,3.15056238854587,-9.50481967479528));
#3692=CARTESIAN_POINT('Ctrl Pts',(8.04158748387912,-0.796905452156591,-9.58428087232482));
#3693=CARTESIAN_POINT('Ctrl Pts',(6.67842726998904,-4.54980229881249,-9.66374206985439));
#3694=CARTESIAN_POINT('Ctrl Pts',(3.68483237316603,-7.19197014043203,-9.74320326738392));
#3695=CARTESIAN_POINT('Ctrl Pts',(-0.208362483425843,-8.0782570003216,-9.82266446491348));
#3696=CARTESIAN_POINT('Ctrl Pts',(-4.05068097561409,-6.99249725515653,-9.90212566244305));
#3697=CARTESIAN_POINT('Ctrl Pts',(-6.9041024713118,-4.19935758673177,-9.98158685997258));
#3698=CARTESIAN_POINT('Ctrl Pts',(-8.07196107375138,-0.381533831236993,
-10.0610480575022));
#3699=CARTESIAN_POINT('Ctrl Pts',(-7.2692445414939,3.53050130684692,-10.1405092550317));
#3700=CARTESIAN_POINT('Ctrl Pts',(-5.5508100521553,5.5622328984235,-10.1934833867181));
#3701=CARTESIAN_POINT('Ctrl Pts',(-4.50047756327624,6.31121651921776,-10.2199704525612));
#3702=CARTESIAN_POINT('Ctrl Pts',(-3.44706716026395,-7.15493480002647,0.));
#3703=CARTESIAN_POINT('Ctrl Pts',(-4.6378138971879,-6.5812630493032,-0.0264870658431843));
#3704=CARTESIAN_POINT('Ctrl Pts',(-6.72615231016241,-4.8285191910716,-0.0794611975295535));
#3705=CARTESIAN_POINT('Ctrl Pts',(-8.2167479162527,-1.01800469019974,-0.158922395059106));
#3706=CARTESIAN_POINT('Ctrl Pts',(-7.7012363124227,3.03995170234627,-0.238383592588659));
#3707=CARTESIAN_POINT('Ctrl Pts',(-5.30564470944253,6.35628586375371,-0.317844790118212));
#3708=CARTESIAN_POINT('Ctrl Pts',(-1.61472934703112,8.12055619642754,-0.397305987647764));
#3709=CARTESIAN_POINT('Ctrl Pts',(2.47038172345065,7.90245591181352,-0.476767185177318));
#3710=CARTESIAN_POINT('Ctrl Pts',(5.95239476661548,5.75501893505645,-0.55622838270687));
#3711=CARTESIAN_POINT('Ctrl Pts',(7.98121667421969,2.20261829831684,-0.635689580236424));
#3712=CARTESIAN_POINT('Ctrl Pts',(8.06154772677334,-1.88753717220958,-0.715150777765976));
#3713=CARTESIAN_POINT('Ctrl Pts',(6.173773036617,-5.51686931643126,-0.794611975295529));
#3714=CARTESIAN_POINT('Ctrl Pts',(2.77876585221326,-7.79934648459371,-0.874073172825082));
#3715=CARTESIAN_POINT('Ctrl Pts',(-1.29463517067712,-8.17772890742629,-0.953534370354635));
#3716=CARTESIAN_POINT('Ctrl Pts',(-5.05197049800238,-6.55964414864961,-1.03299556788419));
#3717=CARTESIAN_POINT('Ctrl Pts',(-7.57594391532514,-3.34012106443095,-1.11245676541374));
#3718=CARTESIAN_POINT('Ctrl Pts',(-8.25036546976461,0.694841578304936,-1.19191796294329));
#3719=CARTESIAN_POINT('Ctrl Pts',(-6.91058542620266,4.56016936565222,-1.27137916047285));
#3720=CARTESIAN_POINT('Ctrl Pts',(-3.8836907344919,7.31220086209354,-1.3508403580024));
#3721=CARTESIAN_POINT('Ctrl Pts',(0.0913481512097419,8.2790694497192,-1.43030155553195));
#3722=CARTESIAN_POINT('Ctrl Pts',(4.04408577379685,7.22472875316949,-1.5097627530615));
#3723=CARTESIAN_POINT('Ctrl Pts',(7.00952117900249,4.40658010193985,-1.58922395059106));
#3724=CARTESIAN_POINT('Ctrl Pts',(8.26368828354347,0.512631735098504,-1.66868514812061));
#3725=CARTESIAN_POINT('Ctrl Pts',(7.50040120630018,-3.50646789287465,-1.74814634565017));
#3726=CARTESIAN_POINT('Ctrl Pts',(4.90600491303911,-6.66951655961262,-1.82760754317971));
#3727=CARTESIAN_POINT('Ctrl Pts',(1.11388191627316,-8.20430389597839,-1.90706874070927));
#3728=CARTESIAN_POINT('Ctrl Pts',(-2.95017845906435,-7.73613484908378,-1.98652993823882));
#3729=CARTESIAN_POINT('Ctrl Pts',(-6.29399750102816,-5.37930579159816,-2.06599113576837));
#3730=CARTESIAN_POINT('Ctrl Pts',(-8.1012324971464,-1.70920079859931,-2.14545233329793));
#3731=CARTESIAN_POINT('Ctrl Pts',(-7.93067442858433,2.3781796506105,-2.22491353082748));
#3732=CARTESIAN_POINT('Ctrl Pts',(-5.82396246137782,5.88496360151389,-2.30437472835703));
#3733=CARTESIAN_POINT('Ctrl Pts',(-2.29541837552095,7.95502293045617,-2.38383592588658));
#3734=CARTESIAN_POINT('Ctrl Pts',(1.79351729831561,8.08298404324528,-2.46329712341614));
#3735=CARTESIAN_POINT('Ctrl Pts',(5.4445929211959,6.23760717464637,-2.54275832094569));
#3736=CARTESIAN_POINT('Ctrl Pts',(7.76645374578751,2.86941310327966,-2.62221951847524));
#3737=CARTESIAN_POINT('Ctrl Pts',(8.19225266115182,-1.19930466462078,-2.7016807160048));
#3738=CARTESIAN_POINT('Ctrl Pts',(6.61803731904383,-4.97523038526608,-2.78114191353435));
#3739=CARTESIAN_POINT('Ctrl Pts',(3.42812852337097,-7.53652905321677,-2.8606031110639));
#3740=CARTESIAN_POINT('Ctrl Pts',(-0.598705866125718,-8.25789843898542,
-2.94006430859346));
#3741=CARTESIAN_POINT('Ctrl Pts',(-4.47937529736107,-6.96322714609556,-3.01952550612301));
#3742=CARTESIAN_POINT('Ctrl Pts',(-7.26647317632056,-3.96858953792711,-3.09898670365256));
#3743=CARTESIAN_POINT('Ctrl Pts',(-8.2795718202347,-0.00508097494193191,
-3.17844790118211));
#3744=CARTESIAN_POINT('Ctrl Pts',(-7.27133855811997,3.9596680310259,-3.25790909871167));
#3745=CARTESIAN_POINT('Ctrl Pts',(-4.48791825177365,6.95772413279858,-3.33737029624122));
#3746=CARTESIAN_POINT('Ctrl Pts',(-0.608840760379537,8.25715739653976,-3.41683149377077));
#3747=CARTESIAN_POINT('Ctrl Pts',(3.41887597001945,7.54073089589825,-3.49629269130032));
#3748=CARTESIAN_POINT('Ctrl Pts',(6.6119259771869,4.98334929690182,-3.57575388882988));
#3749=CARTESIAN_POINT('Ctrl Pts',(8.19077452222969,1.20935853605282,-3.65521508635943));
#3750=CARTESIAN_POINT('Ctrl Pts',(7.76996967500302,-2.85987877230213,-3.73467628388899));
#3751=CARTESIAN_POINT('Ctrl Pts',(5.45224455774783,-6.230920046449,-3.81413748141853));
#3752=CARTESIAN_POINT('Ctrl Pts',(1.80343661117124,-8.08077667877401,-3.89359867894809));
#3753=CARTESIAN_POINT('Ctrl Pts',(-2.28565303617544,-7.95783422426936,-3.97305987647764));
#3754=CARTESIAN_POINT('Ctrl Pts',(-5.81673515506009,-5.89210721886652,-4.0525210740072));
#3755=CARTESIAN_POINT('Ctrl Pts',(-7.92774959253299,-2.38791158563791,-4.13198227153674));
#3756=CARTESIAN_POINT('Ctrl Pts',(-8.10332418573388,1.69925645022504,-4.21144346906631));
#3757=CARTESIAN_POINT('Ctrl Pts',(-6.30059506019789,5.37157679179408,-4.29090466659585));
#3758=CARTESIAN_POINT('Ctrl Pts',(-2.95967119480582,7.7325081158294,-4.37036586412541));
#3759=CARTESIAN_POINT('Ctrl Pts',(1.10381151146673,8.20566484143024,-4.44982706165496));
#3760=CARTESIAN_POINT('Ctrl Pts',(4.89781537573967,6.67553292913,-4.52928825918452));
#3761=CARTESIAN_POINT('Ctrl Pts',(7.49609188794999,3.51567088194289,-4.60874945671406));
#3762=CARTESIAN_POINT('Ctrl Pts',(8.26431123867685,-0.502488898395155,-4.68821065424362));
#3763=CARTESIAN_POINT('Ctrl Pts',(7.01492432294622,-4.39797363408063,-4.76767185177316));
#3764=CARTESIAN_POINT('Ctrl Pts',(4.05295001016018,-7.21975979918123,-4.84713304930273));
#3765=CARTESIAN_POINT('Ctrl Pts',(0.101509412528936,-8.27895109188953,-4.92659424683227));
#3766=CARTESIAN_POINT('Ctrl Pts',(-3.87471316885243,-7.31696201998155,-5.00605544436183));
#3767=CARTESIAN_POINT('Ctrl Pts',(-6.90498328735757,-4.56864762747615,-5.08551664189138));
#3768=CARTESIAN_POINT('Ctrl Pts',(-8.24950644546782,-0.704967197049395,
-5.16497783942094));
#3769=CARTESIAN_POINT('Ctrl Pts',(-7.5800377028783,3.33082028420542,-5.24443903695049));
#3770=CARTESIAN_POINT('Ctrl Pts',(-5.06001770106977,6.55343850261764,-5.32390023448005));
#3771=CARTESIAN_POINT('Ctrl Pts',(-1.30467110915345,8.17613408889991,-5.40336143200959));
#3772=CARTESIAN_POINT('Ctrl Pts',(2.76919114964323,7.80275052269829,-5.48282262953915));
#3773=CARTESIAN_POINT('Ctrl Pts',(6.16699738209,5.52444373960183,-5.5622838270687));
#3774=CARTESIAN_POINT('Ctrl Pts',(8.05922472187593,1.8974277917841,-5.64174502459825));
#3775=CARTESIAN_POINT('Ctrl Pts',(7.98391455828858,-2.19281637824021,-5.7212062221278));
#3776=CARTESIAN_POINT('Ctrl Pts',(5.95945272574216,-5.74771768203478,-5.80066741965736));
#3777=CARTESIAN_POINT('Ctrl Pts',(2.48008088111352,-7.89940087385529,-5.88012861718691));
#3778=CARTESIAN_POINT('Ctrl Pts',(-1.60476510195731,-8.1225651311806,-5.95958981471647));
#3779=CARTESIAN_POINT('Ctrl Pts',(-5.29783202051898,-6.3627282847136,-6.03905101224601));
#3780=CARTESIAN_POINT('Ctrl Pts',(-7.69751358916618,-3.04952781383166,-6.11851220977557));
#3781=CARTESIAN_POINT('Ctrl Pts',(-8.21796394239634,1.00816862885353,-6.19797340730512));
#3782=CARTESIAN_POINT('Ctrl Pts',(-6.73212301873177,4.81973598897208,-6.27743460483467));
#3783=CARTESIAN_POINT('Ctrl Pts',(-3.60273634795294,7.45463789528837,-6.35689580236423));
#3784=CARTESIAN_POINT('Ctrl Pts',(0.406203769216634,8.26960300380889,-6.43635699989378));
#3785=CARTESIAN_POINT('Ctrl Pts',(4.31597539592634,7.06566994166083,-6.51581819742334));
#3786=CARTESIAN_POINT('Ctrl Pts',(7.17206707845095,4.13676070916979,-6.59527939495288));
#3787=CARTESIAN_POINT('Ctrl Pts',(8.27720734312298,0.19792408060064,-6.67474059248244));
#3788=CARTESIAN_POINT('Ctrl Pts',(7.36159295299739,-3.78923271086774,-6.75420179001199));
#3789=CARTESIAN_POINT('Ctrl Pts',(4.64875727677525,-6.85130579702584,-6.83366298754154));
#3790=CARTESIAN_POINT('Ctrl Pts',(0.800998006561847,-8.24073646807219,-6.9131241850711));
#3791=CARTESIAN_POINT('Ctrl Pts',(-3.24231278038242,-7.61831629540935,-6.99258538260065));
#3792=CARTESIAN_POINT('Ctrl Pts',(-6.49406206938846,-5.13599972562898,-7.0720465801302));
#3793=CARTESIAN_POINT('Ctrl Pts',(-8.1603845820356,-1.39980670665863,-7.15150777765976));
#3794=CARTESIAN_POINT('Ctrl Pts',(-7.8344729454696,2.67812789265857,-7.23096897518931));
#3795=CARTESIAN_POINT('Ctrl Pts',(-5.59589354353735,6.10223817890843,-7.31043017271886));
#3796=CARTESIAN_POINT('Ctrl Pts',(-1.991161590739,8.03657954992651,-7.38989137024842));
#3797=CARTESIAN_POINT('Ctrl Pts',(2.09968226987367,8.00891189290457,-7.46935256777796));
#3798=CARTESIAN_POINT('Ctrl Pts',(5.67792054450105,6.02598984674423,-7.54881376530753));
#3799=CARTESIAN_POINT('Ctrl Pts',(7.86998061985878,2.57191375939735,-7.62827496283707));
#3800=CARTESIAN_POINT('Ctrl Pts',(8.14070426959703,-1.51005607104317,-7.70773616036662));
#3801=CARTESIAN_POINT('Ctrl Pts',(6.423998419966,-5.2233686106775,-7.78719735789618));
#3802=CARTESIAN_POINT('Ctrl Pts',(3.13897077151646,-7.66147491272278,-7.86665855542573));
#3803=CARTESIAN_POINT('Ctrl Pts',(-0.912388990515267,-8.22914829570772,
-7.94611975295529));
#3804=CARTESIAN_POINT('Ctrl Pts',(-4.7410028162503,-6.78779991153157,-8.02558095048484));
#3805=CARTESIAN_POINT('Ctrl Pts',(-7.412172698369,-3.68931311118104,-8.10504214801438));
#3806=CARTESIAN_POINT('Ctrl Pts',(-8.27377301656676,0.30986353945791,-8.18450334554396));
#3807=CARTESIAN_POINT('Ctrl Pts',(-7.11545711871291,4.23339170573996,-8.26396454307348));
#3808=CARTESIAN_POINT('Ctrl Pts',(-4.22001026623311,7.12340148359076,-8.34342574060306));
#3809=CARTESIAN_POINT('Ctrl Pts',(-0.294311900726012,8.27434081036413,-8.42288693813259));
#3810=CARTESIAN_POINT('Ctrl Pts',(3.70323825228491,7.4052253032926,-8.50234813566216));
#3811=CARTESIAN_POINT('Ctrl Pts',(6.79669894305278,4.72823633258059,-8.58180933319171));
#3812=CARTESIAN_POINT('Ctrl Pts',(8.23084865393518,0.896920163346271,-8.66127053072126));
#3813=CARTESIAN_POINT('Ctrl Pts',(7.65556148117646,-3.15336546591477,-8.74073172825082));
#3814=CARTESIAN_POINT('Ctrl Pts',(5.21128506362576,-6.43380472880014,-8.82019292578036));
#3815=CARTESIAN_POINT('Ctrl Pts',(1.4947524239757,-8.14352814380978,-8.89965412330992));
#3816=CARTESIAN_POINT('Ctrl Pts',(-2.58670135450779,-7.86513262897501,-8.97911532083947));
#3817=CARTESIAN_POINT('Ctrl Pts',(-6.03665122009125,-5.66658429949194,-9.05857651836903));
#3818=CARTESIAN_POINT('Ctrl Pts',(-8.01284423711994,-2.08462525056171,-9.13803771589858));
#3819=CARTESIAN_POINT('Ctrl Pts',(-8.03282283255807,2.0062632613744,-9.21749891342813));
#3820=CARTESIAN_POINT('Ctrl Pts',(-6.09170956547311,5.60735337209301,-9.29696011095769));
#3821=CARTESIAN_POINT('Ctrl Pts',(-2.66339774565336,7.83949250633984,-9.37642130848723));
#3822=CARTESIAN_POINT('Ctrl Pts',(1.41514216965831,8.15773975362205,-9.4558825060168));
#3823=CARTESIAN_POINT('Ctrl Pts',(5.14819673096287,6.48439596119353,-9.53534370354634));
#3824=CARTESIAN_POINT('Ctrl Pts',(7.62439684287592,3.22799025863786,-9.6148049010759));
#3825=CARTESIAN_POINT('Ctrl Pts',(8.23921664154913,-0.816490111723868,-9.69426609860544));
#3826=CARTESIAN_POINT('Ctrl Pts',(6.84255555418344,-4.66161773297669,-9.773727296135));
#3827=CARTESIAN_POINT('Ctrl Pts',(3.77539040284908,-7.36871919696975,-9.85318849366456));
#3828=CARTESIAN_POINT('Ctrl Pts',(-0.213483176593946,-8.27678734394044,
-9.9326496911941));
#3829=CARTESIAN_POINT('Ctrl Pts',(-4.15023005977256,-7.16434408829944,-10.0121108887237));
#3830=CARTESIAN_POINT('Ctrl Pts',(-7.07377692409964,-4.30256053071326,-10.0915720862532));
#3831=CARTESIAN_POINT('Ctrl Pts',(-8.27033668938056,-0.39091036414684,-10.1710332837828));
#3832=CARTESIAN_POINT('Ctrl Pts',(-7.44789268509896,3.61726651344619,-10.2504944813123));
#3833=CARTESIAN_POINT('Ctrl Pts',(-5.68722614129103,5.69892971415589,-10.3034686129987));
#3834=CARTESIAN_POINT('Ctrl Pts',(-4.61108079823775,6.46632027293136,-10.3299556788419));
#3835=CARTESIAN_POINT('',(-3.44736473603233,-7.15517026279979,-10.));
#3836=CARTESIAN_POINT('Ctrl Pts',(-3.44736473603233,-7.15517026279979,-10.));
#3837=CARTESIAN_POINT('Ctrl Pts',(-3.62593570386602,-7.06159013392526,-10.));
#3838=CARTESIAN_POINT('Ctrl Pts',(-3.80056375188925,-6.96136238371584,-10.));
#3839=CARTESIAN_POINT('Ctrl Pts',(-3.97084768053656,-6.85463473667711,-10.));
#3840=CARTESIAN_POINT('Ctrl Pts',(-4.14665388264818,-6.74444593356904,-10.));
#3841=CARTESIAN_POINT('Ctrl Pts',(-4.31783039792974,-6.6273288783846,-10.));
#3842=CARTESIAN_POINT('Ctrl Pts',(-4.48407164439287,-6.50367787429682,-10.));
#3843=CARTESIAN_POINT('Ctrl Pts',(-4.65123848355173,-6.37933841010281,-10.));
#3844=CARTESIAN_POINT('Ctrl Pts',(-4.81341544132454,-6.2483915383938,-10.));
#3845=CARTESIAN_POINT('Ctrl Pts',(-4.97025871658283,-6.11119715966367,-10.));
#3846=CARTESIAN_POINT('Ctrl Pts',(-5.12663561013743,-5.97441073561305,-10.));
#3847=CARTESIAN_POINT('Ctrl Pts',(-5.27771094547255,-5.8314133664817,-10.));
#3848=CARTESIAN_POINT('Ctrl Pts',(-5.42310413960885,-5.68252892426307,-10.));
#3849=CARTESIAN_POINT('Ctrl Pts',(-5.54259548529711,-5.56016829756089,-10.));
#3850=CARTESIAN_POINT('Ctrl Pts',(-5.65824829815022,-5.43383059825329,-10.));
#3851=CARTESIAN_POINT('Ctrl Pts',(-5.76982779507088,-5.30368273749369,-10.));
#3852=CARTESIAN_POINT('Ctrl Pts',(-5.78708953742029,-5.28354840366212,-10.));
#3853=CARTESIAN_POINT('Ctrl Pts',(-5.8042537476037,-5.26332286159062,-10.));
#3854=CARTESIAN_POINT('Ctrl Pts',(-5.82131950626062,-5.2430067094362,-10.));
#3855=CARTESIAN_POINT('Ctrl Pts',(-5.83653929481054,-5.22488811616681,-10.));
#3856=CARTESIAN_POINT('Ctrl Pts',(-5.85167495177352,-5.20670438137845,-10.));
#3857=CARTESIAN_POINT('Ctrl Pts',(-5.86672469353921,-5.18845769991448,-10.));
#3858=CARTESIAN_POINT('Ctrl Pts',(-5.99830898222501,-5.02892163353591,-10.));
#3859=CARTESIAN_POINT('Ctrl Pts',(-6.12336236533584,-4.86453634703474,-10.));
#3860=CARTESIAN_POINT('Ctrl Pts',(-6.24157687094875,-4.69567150636888,-10.));
#3861=CARTESIAN_POINT('Ctrl Pts',(-6.35946653071432,-4.52727069540874,-10.));
#3862=CARTESIAN_POINT('Ctrl Pts',(-6.47055527195907,-4.35441437171811,-10.));
#3863=CARTESIAN_POINT('Ctrl Pts',(-6.57449708913299,-4.17743733015725,-10.));
#3864=CARTESIAN_POINT('Ctrl Pts',(-6.60024729421179,-4.13359361798887,-10.));
#3865=CARTESIAN_POINT('Ctrl Pts',(-6.62555865509592,-4.08949687184596,-10.));
#3866=CARTESIAN_POINT('Ctrl Pts',(-6.65042547783664,-4.04515193812866,-10.));
#3867=CARTESIAN_POINT('Ctrl Pts',(-6.75120896971752,-3.86542502593503,-10.));
#3868=CARTESIAN_POINT('Ctrl Pts',(-6.84469423684746,-3.68162266597803,-10.));
#3869=CARTESIAN_POINT('Ctrl Pts',(-6.93074861864172,-3.49422213754677,-10.));
#3870=CARTESIAN_POINT('Ctrl Pts',(-7.01652223987169,-3.30743302107401,-10.));
#3871=CARTESIAN_POINT('Ctrl Pts',(-7.09491352744013,-3.11706848553672,-10.));
#3872=CARTESIAN_POINT('Ctrl Pts',(-7.16574079550106,-2.92359000765285,-10.));
#3873=CARTESIAN_POINT('Ctrl Pts',(-7.19000058673261,-2.85731966277347,-10.));
#3874=CARTESIAN_POINT('Ctrl Pts',(-7.21337251972096,-2.79068393992724,-10.));
#3875=CARTESIAN_POINT('Ctrl Pts',(-7.23584788184593,-2.72370130470427,-10.));
#3876=CARTESIAN_POINT('Ctrl Pts',(-7.24669741013879,-2.69136678693585,-10.));
#3877=CARTESIAN_POINT('Ctrl Pts',(-7.25733800129834,-2.65895142894775,-10.));
#3878=CARTESIAN_POINT('Ctrl Pts',(-7.26776861365077,-2.62645731029273,-10.));
#3879=CARTESIAN_POINT('Ctrl Pts',(-7.27499454863445,-2.60394660997911,-10.));
#3880=CARTESIAN_POINT('Ctrl Pts',(-7.28211949189753,-2.58139865589051,-10.));
#3881=CARTESIAN_POINT('Ctrl Pts',(-7.28913920715522,-2.55882707905024,-10.));
#3882=CARTESIAN_POINT('Ctrl Pts',(-7.34991653965156,-2.36340031596548,-10.));
#3883=CARTESIAN_POINT('Ctrl Pts',(-7.4028908112012,-2.16595404745551,-10.));
#3884=CARTESIAN_POINT('Ctrl Pts',(-7.44798575410871,-1.96696871543837,-10.));
#3885=CARTESIAN_POINT('Ctrl Pts',(-7.49311628611618,-1.7678263434426,-10.));
#3886=CARTESIAN_POINT('Ctrl Pts',(-7.53035519413653,-1.56714178598994,-10.));
#3887=CARTESIAN_POINT('Ctrl Pts',(-7.55957590867618,-1.36538210044864,-10.));
#3888=CARTESIAN_POINT('Ctrl Pts',(-7.58848630052654,-1.16576509379781,-10.));
#3889=CARTESIAN_POINT('Ctrl Pts',(-7.60954795516885,-0.965095008374974,
-10.));
#3890=CARTESIAN_POINT('Ctrl Pts',(-7.62258790042264,-0.763820091899005,
-10.));
#3891=CARTESIAN_POINT('Ctrl Pts',(-7.63127594294867,-0.629717915875052,
-10.));
#3892=CARTESIAN_POINT('Ctrl Pts',(-7.63640205670126,-0.49534718187879,-10.));
#3893=CARTESIAN_POINT('Ctrl Pts',(-7.63790224052911,-0.360841614788217,
-10.));
#3894=CARTESIAN_POINT('Ctrl Pts',(-7.63966023438025,-0.203220958239791,
-10.));
#3895=CARTESIAN_POINT('Ctrl Pts',(-7.63643923607598,-0.045414877672947,
-10.));
#3896=CARTESIAN_POINT('Ctrl Pts',(-7.62826893053119,0.11234829338262,-10.));
#3897=CARTESIAN_POINT('Ctrl Pts',(-7.62571068029517,0.16174640553094,-10.));
#3898=CARTESIAN_POINT('Ctrl Pts',(-7.62266706357758,0.21114026525505,-10.));
#3899=CARTESIAN_POINT('Ctrl Pts',(-7.61913864094033,0.260522723919325,-10.));
#3900=CARTESIAN_POINT('Ctrl Pts',(-7.6172343794162,0.287174042559134,-10.));
#3901=CARTESIAN_POINT('Ctrl Pts',(-7.61518890685705,0.31382203914792,-10.));
#3902=CARTESIAN_POINT('Ctrl Pts',(-7.61300229152629,0.340465580313738,-10.));
#3903=CARTESIAN_POINT('Ctrl Pts',(-7.61109624877761,0.363690391611783,-10.));
#3904=CARTESIAN_POINT('Ctrl Pts',(-7.60908371430808,0.386902566741256,-10.));
#3905=CARTESIAN_POINT('Ctrl Pts',(-7.60696515017791,0.41009967737223,-10.));
#3906=CARTESIAN_POINT('Ctrl Pts',(-7.58867308818281,0.610387683634037,-10.));
#3907=CARTESIAN_POINT('Ctrl Pts',(-7.56247750692827,0.809594724781414,-10.));
#3908=CARTESIAN_POINT('Ctrl Pts',(-7.52855545769461,1.00726512928845,-10.));
#3909=CARTESIAN_POINT('Ctrl Pts',(-7.49435969716494,1.20653050296216,-10.));
#3910=CARTESIAN_POINT('Ctrl Pts',(-7.45231213783313,1.40423503427699,-10.));
#3911=CARTESIAN_POINT('Ctrl Pts',(-7.40254177512465,1.59990597851195,-10.));
#3912=CARTESIAN_POINT('Ctrl Pts',(-7.35299326049552,1.79470473253565,-10.));
#3913=CARTESIAN_POINT('Ctrl Pts',(-7.2957904058397,1.98748865145157,-10.));
#3914=CARTESIAN_POINT('Ctrl Pts',(-7.23101173718046,2.17777526836631,-10.));
#3915=CARTESIAN_POINT('Ctrl Pts',(-7.16655031612262,2.36712997398922,-10.));
#3916=CARTESIAN_POINT('Ctrl Pts',(-7.09458688857828,2.55401241747578,-10.));
#3917=CARTESIAN_POINT('Ctrl Pts',(-7.01515377179269,2.73792159085302,-10.));
#3918=CARTESIAN_POINT('Ctrl Pts',(-6.97543721339989,2.82987617754164,-10.));
#3919=CARTESIAN_POINT('Ctrl Pts',(-6.9338525470139,2.92108698623108,-10.));
#3920=CARTESIAN_POINT('Ctrl Pts',(-6.89039980427306,3.01148820969605,-10.));
#3921=CARTESIAN_POINT('Ctrl Pts',(-6.87253781422901,3.04864917242588,-10.));
#3922=CARTESIAN_POINT('Ctrl Pts',(-6.85436013336731,3.08567330692723,-10.));
#3923=CARTESIAN_POINT('Ctrl Pts',(-6.83586663720835,3.12255592113168,-10.));
#3924=CARTESIAN_POINT('Ctrl Pts',(-6.82167943373021,3.15085025488155,-10.));
#3925=CARTESIAN_POINT('Ctrl Pts',(-6.80730509722324,3.17906360755104,-9.99999999999999));
#3926=CARTESIAN_POINT('Ctrl Pts',(-6.79275459142021,3.20717292795626,-9.99999999999999));
#3927=CARTESIAN_POINT('Ctrl Pts',(-6.78013109971325,3.23155955601078,-9.99999999999999));
#3928=CARTESIAN_POINT('Ctrl Pts',(-6.76737337273119,3.25587121305559,-9.99999999999999));
#3929=CARTESIAN_POINT('Ctrl Pts',(-6.75448168448748,3.28010670073372,-9.99999999999999));
#3930=CARTESIAN_POINT('Ctrl Pts',(-6.66072335935801,3.45636590669973,-9.99999999999999));
#3931=CARTESIAN_POINT('Ctrl Pts',(-6.55988317625456,3.62859839711728,-10.));
#3932=CARTESIAN_POINT('Ctrl Pts',(-6.45232435535394,3.79647503507049,-10.));
#3933=CARTESIAN_POINT('Ctrl Pts',(-6.34423567706064,3.96517866867995,-10.));
#3934=CARTESIAN_POINT('Ctrl Pts',(-6.22936153075494,4.12948395993907,-10.));
#3935=CARTESIAN_POINT('Ctrl Pts',(-6.10802800941962,4.28902592762686,-10.));
#3936=CARTESIAN_POINT('Ctrl Pts',(-6.04457392289363,4.37246197819867,-10.));
#3937=CARTESIAN_POINT('Ctrl Pts',(-5.9793525374534,4.45459469853123,-10.));
#3938=CARTESIAN_POINT('Ctrl Pts',(-5.91240655843867,4.53536778938533,-10.));
#3939=CARTESIAN_POINT('Ctrl Pts',(-5.86059919361455,4.5978755164727,-10.));
#3940=CARTESIAN_POINT('Ctrl Pts',(-5.80775896282508,4.65956894440977,-10.));
#3941=CARTESIAN_POINT('Ctrl Pts',(-5.75390469085797,4.7204206753255,-10.));
#3942=CARTESIAN_POINT('Ctrl Pts',(-5.7312602827269,4.74600734431212,-10.));
#3943=CARTESIAN_POINT('Ctrl Pts',(-5.70843526523751,4.77144652459294,-9.99999999999999));
#3944=CARTESIAN_POINT('Ctrl Pts',(-5.68544598791045,4.79671996749191,-9.99999999999999));
#3945=CARTESIAN_POINT('Ctrl Pts',(-5.55136959336187,4.94411790669264,-10.));
#3946=CARTESIAN_POINT('Ctrl Pts',(-5.4115998873636,5.08600662509648,-10.));
#3947=CARTESIAN_POINT('Ctrl Pts',(-5.26646934860812,5.22203916645738,-10.));
#3948=CARTESIAN_POINT('Ctrl Pts',(-5.12193445448409,5.35751340317987,-10.));
#3949=CARTESIAN_POINT('Ctrl Pts',(-4.97208212214555,5.48717989722251,-10.));
#3950=CARTESIAN_POINT('Ctrl Pts',(-4.81720745506904,5.61065665345758,-10.));
#3951=CARTESIAN_POINT('Ctrl Pts',(-4.66457026262922,5.73234954073905,-10.));
#3952=CARTESIAN_POINT('Ctrl Pts',(-4.50705428412028,5.84803060593881,-10.));
#3953=CARTESIAN_POINT('Ctrl Pts',(-4.34491736080402,5.95728993970534,-10.));
#3954=CARTESIAN_POINT('Ctrl Pts',(-4.3231186295101,5.97197946760197,-10.));
#3955=CARTESIAN_POINT('Ctrl Pts',(-4.30123634044474,5.98655284623788,-10.));
#3956=CARTESIAN_POINT('Ctrl Pts',(-4.27927109335321,6.00100901179057,-10.));
#3957=CARTESIAN_POINT('Ctrl Pts',(-7.94131874379937,1.20833572024523E-5,
-9.17854557074689));
#3958=CARTESIAN_POINT('Ctrl Pts',(-7.94135305239207,0.648096082641248,-9.1915300183073));
#3959=CARTESIAN_POINT('Ctrl Pts',(-7.86293678926852,1.29617192703068,-9.20451446586772));
#3960=CARTESIAN_POINT('Ctrl Pts',(-7.70597418880423,1.92463019450482,-9.21749891342813));
#3961=CARTESIAN_POINT('Ctrl Pts',(-7.38578507686309,3.20662663161393,-9.24398597927132));
#3962=CARTESIAN_POINT('Ctrl Pts',(-6.73874732116811,4.40699000185345,-9.2704730451145));
#3963=CARTESIAN_POINT('Ctrl Pts',(-5.84384314001734,5.37919487601435,-9.29696011095768));
#3964=CARTESIAN_POINT('Ctrl Pts',(-4.94893895886655,6.35139975017527,-9.32344717680087));
#3965=CARTESIAN_POINT('Ctrl Pts',(-3.80616835225995,7.09544612825756,-9.34993424264405));
#3966=CARTESIAN_POINT('Ctrl Pts',(-2.5550263964047,7.52051052517907,-9.37642130848723));
#3967=CARTESIAN_POINT('Ctrl Pts',(-1.30388444054946,7.94557492210058,-9.40290837433042));
#3968=CARTESIAN_POINT('Ctrl Pts',(0.0556288645544492,8.05165733786132,-9.42939544017361));
#3969=CARTESIAN_POINT('Ctrl Pts',(1.35756127732384,7.82580791367026,-9.45588250601679));
#3970=CARTESIAN_POINT('Ctrl Pts',(2.65949369009319,7.5999584894792,-9.48236957185998));
#3971=CARTESIAN_POINT('Ctrl Pts',(3.90384521052803,7.04217722533637,-9.50885663770316));
#3972=CARTESIAN_POINT('Ctrl Pts',(4.93872098939762,6.22055230950567,-9.53534370354634));
#3973=CARTESIAN_POINT('Ctrl Pts',(5.97359676826721,5.39892739367498,-9.56183076938953));
#3974=CARTESIAN_POINT('Ctrl Pts',(6.79899680557156,4.31345882615644,-9.58831783523271));
#3975=CARTESIAN_POINT('Ctrl Pts',(7.31416679066926,3.09664448067023,-9.6148049010759));
#3976=CARTESIAN_POINT('Ctrl Pts',(7.82933677576699,1.87983013518398,-9.64129196691908));
#3977=CARTESIAN_POINT('Ctrl Pts',(8.03427670865806,0.531670011730055,-9.66777903276226));
#3978=CARTESIAN_POINT('Ctrl Pts',(7.90396982720931,-0.78326465353905,-9.69426609860545));
#3979=CARTESIAN_POINT('Ctrl Pts',(7.77366294576056,-2.09819931880815,-9.72075316444863));
#3980=CARTESIAN_POINT('Ctrl Pts',(7.308109249972,-3.37990852589244,-9.74724023029182));
#3981=CARTESIAN_POINT('Ctrl Pts',(6.56413821018864,-4.47194670676677,-9.773727296135));
#3982=CARTESIAN_POINT('Ctrl Pts',(5.8201671704053,-5.56398488764106,-9.80021436197819));
#3983=CARTESIAN_POINT('Ctrl Pts',(4.79777878662719,-6.46635204230541,-9.82670142782138));
#3984=CARTESIAN_POINT('Ctrl Pts',(3.62177233149764,-7.06888031079936,-9.85318849366456));
#3985=CARTESIAN_POINT('Ctrl Pts',(2.44576587636808,-7.67140857929331,-9.87967555950774));
#3986=CARTESIAN_POINT('Ctrl Pts',(1.11614134988709,-7.97409796161687,-9.90616262535092));
#3987=CARTESIAN_POINT('Ctrl Pts',(-0.204795393883167,-7.94003544350516,
-9.9326496911941));
#3988=CARTESIAN_POINT('Ctrl Pts',(-1.32440471732549,-7.91116448277395,-9.9550997941294));
#3989=CARTESIAN_POINT('Ctrl Pts',(-2.43777269962363,-7.64036948209577,-9.9775498970647));
#3990=CARTESIAN_POINT('Ctrl Pts',(-3.44736473603233,-7.15517026279979,-10.));
#3991=CARTESIAN_POINT('Ctrl Pts',(-4.27958032823095,6.00117750532211,2.49366499671666E-16));
#3992=CARTESIAN_POINT('Ctrl Pts',(-3.4326237315947,6.60390649658316,-0.0224501029352976));
#3993=CARTESIAN_POINT('Ctrl Pts',(-1.30592836307848,7.52592436080646,-0.0713872717137796));
#3994=CARTESIAN_POINT('Ctrl Pts',(2.29261502048518,7.33380147293145,-0.146811506335446));
#3995=CARTESIAN_POINT('Ctrl Pts',(5.52406517594302,5.34089235215731,-0.226272703864999));
#3996=CARTESIAN_POINT('Ctrl Pts',(7.40689467355029,2.04411963834602,-0.305733901394552));
#3997=CARTESIAN_POINT('Ctrl Pts',(7.48144516748713,-1.7517114993416,-0.385195098924105));
#3998=CARTESIAN_POINT('Ctrl Pts',(5.72951324180125,-5.11987979057627,-0.464656296453657));
#3999=CARTESIAN_POINT('Ctrl Pts',(2.5788080727446,-7.23811171804307,-0.544117493983211));
#4000=CARTESIAN_POINT('Ctrl Pts',(-1.20147425402618,-7.58926604283372,-0.623578691512763));
#4001=CARTESIAN_POINT('Ctrl Pts',(-4.68843472116931,-6.08761737567638,-0.703039889042316));
#4002=CARTESIAN_POINT('Ctrl Pts',(-6.89938828021728,-3.26737530314263,-0.778043622506402));
#4003=CARTESIAN_POINT('Ctrl Pts',(-7.36972346413718,-1.01990604991162,-0.826560290127303));
#4004=CARTESIAN_POINT('Ctrl Pts',(-7.37074125684857,0.000172748606906969,
-0.84858989190502));
#4005=CARTESIAN_POINT('Origin',(0.,0.,1.84858989190501));
#4006=CARTESIAN_POINT('Ctrl Pts',(4.27927109335329,6.00100901179052,5.55111512312578E-16));
#4007=CARTESIAN_POINT('Ctrl Pts',(5.27797787388389,5.28883926695866,-0.0264870658431837));
#4008=CARTESIAN_POINT('Ctrl Pts',(6.91194878920433,3.35697172804125,-0.0794611975295528));
#4009=CARTESIAN_POINT('Ctrl Pts',(7.67520954034595,-0.362781226390662,-0.158922395059106));
#4010=CARTESIAN_POINT('Ctrl Pts',(6.56475369647733,-3.99295141750238,-0.238383592588658));
#4011=CARTESIAN_POINT('Ctrl Pts',(3.85158272181354,-6.64880373457675,-0.317844790118211));
#4012=CARTESIAN_POINT('Ctrl Pts',(0.198121136452906,-7.68119619968715,-0.397305987647764));
#4013=CARTESIAN_POINT('Ctrl Pts',(-3.50371632623672,-6.83847206604502,-0.476767185177317));
#4014=CARTESIAN_POINT('Ctrl Pts',(-6.35017067551825,-4.3261713886252,-0.55622838270687));
#4015=CARTESIAN_POINT('Ctrl Pts',(-7.29975325007618,-1.7118892825689,-0.61444269034609));
#4016=CARTESIAN_POINT('Ctrl Pts',(-7.37087839198393,-0.242843547962349,
-0.646169932142127));
#4017=CARTESIAN_POINT('Ctrl Pts',(-7.37062799863124,-0.000186884138627108,
-0.651410108094979));
#4018=CARTESIAN_POINT('Ctrl Pts',(4.61108079823779,6.46632027293133,0.329955678841872));
#4019=CARTESIAN_POINT('Ctrl Pts',(5.68722614129105,5.69892971415587,0.303468612998687));
#4020=CARTESIAN_POINT('Ctrl Pts',(7.4478932614966,3.61726741253698,0.250494481312318));
#4021=CARTESIAN_POINT('Ctrl Pts',(8.27033636380536,-0.3909108608635,0.171033283782766));
#4022=CARTESIAN_POINT('Ctrl Pts',(7.07377706497838,-4.30256022763771,0.0915720862532129));
#4023=CARTESIAN_POINT('Ctrl Pts',(4.15022996766071,-7.16434424530335,0.01211088872366));
#4024=CARTESIAN_POINT('Ctrl Pts',(0.213483219009457,-8.27678722175096,-0.0673503088058925));
#4025=CARTESIAN_POINT('Ctrl Pts',(-3.77539041625016,-7.36871923865811,-0.146811506335446));
#4026=CARTESIAN_POINT('Ctrl Pts',(-6.84255552607908,-4.66161768787213,-0.226272703864999));
#4027=CARTESIAN_POINT('Ctrl Pts',(-8.23921662795662,-0.816490128993789,
-0.305733901394551));
#4028=CARTESIAN_POINT('Ctrl Pts',(-7.62439682142609,3.22799026170512,-0.385195098924105));
#4029=CARTESIAN_POINT('Ctrl Pts',(-5.14819672031261,6.4843959396572,-0.464656296453657));
#4030=CARTESIAN_POINT('Ctrl Pts',(-1.41514216539826,8.15773973742977,-0.544117493983211));
#4031=CARTESIAN_POINT('Ctrl Pts',(2.66339773882304,7.83949248573956,-0.623578691512763));
#4032=CARTESIAN_POINT('Ctrl Pts',(6.09170955113064,5.60735335967954,-0.703039889042317));
#4033=CARTESIAN_POINT('Ctrl Pts',(8.03282281320779,2.00626325602194,-0.782501086571868));
#4034=CARTESIAN_POINT('Ctrl Pts',(8.01284421800618,-2.08462524527263,-0.861962284101423));
#4035=CARTESIAN_POINT('Ctrl Pts',(6.03665120560895,-5.66658428609187,-0.941423481630974));
#4036=CARTESIAN_POINT('Ctrl Pts',(2.58670134833417,-7.8651326100621,-1.02088467916053));
#4037=CARTESIAN_POINT('Ctrl Pts',(-1.49475242040729,-8.14352812436606,-1.10034587669008));
#4038=CARTESIAN_POINT('Ctrl Pts',(-5.21128505114801,-6.43380471337544,-1.17980707421963));
#4039=CARTESIAN_POINT('Ctrl Pts',(-7.65556146285568,-3.153365458381,-1.25926827174919));
#4040=CARTESIAN_POINT('Ctrl Pts',(-8.23084863423365,0.896920161206961,-1.33872946927874));
#4041=CARTESIAN_POINT('Ctrl Pts',(-6.79669892678578,4.72823632125985,-1.41819066680829));
#4042=CARTESIAN_POINT('Ctrl Pts',(-3.70323824342094,7.4052252855706,-1.49765186433784));
#4043=CARTESIAN_POINT('Ctrl Pts',(0.294311900021475,8.27434079055869,-1.5771130618674));
#4044=CARTESIAN_POINT('Ctrl Pts',(4.22001025613282,7.12340146654172,-1.65657425939695));
#4045=CARTESIAN_POINT('Ctrl Pts',(7.11545710168233,4.23339169560713,-1.7360354569265));
#4046=CARTESIAN_POINT('Ctrl Pts',(8.2737729967638,0.309863538716367,-1.81549665445606));
#4047=CARTESIAN_POINT('Ctrl Pts',(7.41217268062821,-3.68931310235096,-1.89495785198561));
#4048=CARTESIAN_POINT('Ctrl Pts',(4.74100280490283,-6.78779989528522,-1.97441904951516));
#4049=CARTESIAN_POINT('Ctrl Pts',(0.912388988331436,-8.2291482760116,-2.05388024704471));
#4050=CARTESIAN_POINT('Ctrl Pts',(-3.13897076400352,-7.66147489438528,-2.13334144457427));
#4051=CARTESIAN_POINT('Ctrl Pts',(-6.42399840459044,-5.22336859817553,-2.21280264210382));
#4052=CARTESIAN_POINT('Ctrl Pts',(-8.14070425011257,-1.51005606742884,-2.29226383963337));
#4053=CARTESIAN_POINT('Ctrl Pts',(-7.86998060102226,2.57191375324163,-2.37172503716293));
#4054=CARTESIAN_POINT('Ctrl Pts',(-5.67792053091111,6.0259898323213,-2.45118623469248));
#4055=CARTESIAN_POINT('Ctrl Pts',(-2.0996822648481,8.00891187373556,-2.53064743222203));
#4056=CARTESIAN_POINT('Ctrl Pts',(1.99116158597329,8.03657953069124,-2.61010862975159));
#4057=CARTESIAN_POINT('Ctrl Pts',(5.59589353014384,6.1022381643029,-2.68956982728114));
#4058=CARTESIAN_POINT('Ctrl Pts',(7.8344729267181,2.67812788624851,-2.76903102481069));
#4059=CARTESIAN_POINT('Ctrl Pts',(8.16038456250402,-1.39980670330831,-2.84849222234024));
#4060=CARTESIAN_POINT('Ctrl Pts',(6.49406205384512,-5.13599971333621,-2.9279534198698));
#4061=CARTESIAN_POINT('Ctrl Pts',(3.242312772622,-7.61831627717522,-3.00741461739935));
#4062=CARTESIAN_POINT('Ctrl Pts',(-0.800998004644751,-8.24073644834828,
-3.0868758149289));
#4063=CARTESIAN_POINT('Ctrl Pts',(-4.64875726564868,-6.85130578062746,-3.16633701245846));
#4064=CARTESIAN_POINT('Ctrl Pts',(-7.36159293537771,-3.78923270179829,-3.24579820998801));
#4065=CARTESIAN_POINT('Ctrl Pts',(-8.27720732331181,0.197924080126979,-3.32525940751756));
#4066=CARTESIAN_POINT('Ctrl Pts',(-7.17206706128484,4.13676069926866,-3.40472060504711));
#4067=CARTESIAN_POINT('Ctrl Pts',(-4.31597538559616,7.06566992474944,-3.48418180257667));
#4068=CARTESIAN_POINT('Ctrl Pts',(-0.406203768244335,8.26960298401591,-3.56364300010622));
#4069=CARTESIAN_POINT('Ctrl Pts',(3.60273633932999,7.45463787744595,-3.64310419763577));
#4070=CARTESIAN_POINT('Ctrl Pts',(6.73212300261872,4.81973597743617,-3.72256539516532));
#4071=CARTESIAN_POINT('Ctrl Pts',(8.21796392272696,1.00816862644045,-3.80202659269488));
#4072=CARTESIAN_POINT('Ctrl Pts',(7.69751357074244,-3.04952780653278,-3.88148779022443));
#4073=CARTESIAN_POINT('Ctrl Pts',(5.29783200783876,-6.36272826948471,-3.96094898775399));
#4074=CARTESIAN_POINT('Ctrl Pts',(1.6047650981163,-8.12256511173955,-4.04041018528353));
#4075=CARTESIAN_POINT('Ctrl Pts',(-2.48008087517761,-7.89940085494837,-4.1198713828131));
#4076=CARTESIAN_POINT('Ctrl Pts',(-5.95945271147847,-5.74771766827778,-4.19933258034264));
#4077=CARTESIAN_POINT('Ctrl Pts',(-7.9839145391794,-2.19281637299173,-4.2787937778722));
#4078=CARTESIAN_POINT('Ctrl Pts',(-8.05922470258646,1.89742778724274,-4.35825497540175));
#4079=CARTESIAN_POINT('Ctrl Pts',(-6.16699736732948,5.52444372637933,-4.4377161729313));
#4080=CARTESIAN_POINT('Ctrl Pts',(-2.76919114301522,7.80275050402272,-4.51717737046085));
#4081=CARTESIAN_POINT('Ctrl Pts',(1.30467110603083,8.17613406933063,-4.59663856799041));
#4082=CARTESIAN_POINT('Ctrl Pts',(5.06001768895886,6.55343848693219,-4.67609976551996));
#4083=CARTESIAN_POINT('Ctrl Pts',(7.58003768473578,3.33082027623317,-4.75556096304951));
#4084=CARTESIAN_POINT('Ctrl Pts',(8.24950642572294,-0.704967195362146,-4.83502216057907));
#4085=CARTESIAN_POINT('Ctrl Pts',(6.90498327083071,-4.56864761654132,-4.91448335810862));
#4086=CARTESIAN_POINT('Ctrl Pts',(3.87471315957839,-7.3169620024687,-4.99394455563817));
#4087=CARTESIAN_POINT('Ctrl Pts',(-0.101509412286041,-8.27895107207418,
-5.07340575316773));
#4088=CARTESIAN_POINT('Ctrl Pts',(-4.05295000045965,-7.21975978190097,-5.15286695069727));
#4089=CARTESIAN_POINT('Ctrl Pts',(-7.01492430615629,-4.3979736235542,-5.23232814822684));
#4090=CARTESIAN_POINT('Ctrl Pts',(-8.26431121889654,-0.502488897192399,
-5.31178934575638));
#4091=CARTESIAN_POINT('Ctrl Pts',(-7.49609187000835,3.51567087352832,-5.39125054328595));
#4092=CARTESIAN_POINT('Ctrl Pts',(-4.89781536401687,6.6755329131524,-5.47071174081548));
#4093=CARTESIAN_POINT('Ctrl Pts',(-1.10381150882473,8.2056648217903,-5.55017293834505));
#4094=CARTESIAN_POINT('Ctrl Pts',(2.95967118772202,7.7325080973219,-5.62963413587458));
#4095=CARTESIAN_POINT('Ctrl Pts',(6.3005950451177,5.37157677893736,-5.70909533340416));
#4096=CARTESIAN_POINT('Ctrl Pts',(8.10332416633887,1.69925644615786,-5.78855653093369));
#4097=CARTESIAN_POINT('Ctrl Pts',(7.9277495735582,-2.3879115799226,-5.86801772846326));
#4098=CARTESIAN_POINT('Ctrl Pts',(5.8167351411379,-5.89210720476402,-5.9474789259928));
#4099=CARTESIAN_POINT('Ctrl Pts',(2.28565303070476,-7.95783420522261,-6.02694012352236));
#4100=CARTESIAN_POINT('Ctrl Pts',(-1.80343660685484,-8.08077665943297,-6.10640132105191));
#4101=CARTESIAN_POINT('Ctrl Pts',(-5.45224454469815,-6.23092003153547,-6.18586251858146));
#4102=CARTESIAN_POINT('Ctrl Pts',(-7.76996965640591,-2.85987876545703,-6.26532371611101));
#4103=CARTESIAN_POINT('Ctrl Pts',(-8.19077450262537,1.20935853315838,-6.34478491364058));
#4104=CARTESIAN_POINT('Ctrl Pts',(-6.61192596136142,4.98334928497446,-6.42424611117011));
#4105=CARTESIAN_POINT('Ctrl Pts',(-3.4188759618364,7.54073087784984,-6.50370730869969));
#4106=CARTESIAN_POINT('Ctrl Pts',(0.608840758922428,8.25715737677656,-6.58316850622922));
#4107=CARTESIAN_POINT('Ctrl Pts',(4.48791824103209,6.95772411614547,-6.66262970375879));
#4108=CARTESIAN_POINT('Ctrl Pts',(7.27133854071636,3.95966802154847,-6.74209090128833));
#4109=CARTESIAN_POINT('Ctrl Pts',(8.27957180041785,-0.00508097492988699,
-6.82155209881789));
#4110=CARTESIAN_POINT('Ctrl Pts',(7.26647315892847,-3.96858952842856,-6.90101329634744));
#4111=CARTESIAN_POINT('Ctrl Pts',(4.47937528663975,-6.9632271294294,-6.980474493877));
#4112=CARTESIAN_POINT('Ctrl Pts',(0.598705864692619,-8.25789841922046,-7.05993569140654));
#4113=CARTESIAN_POINT('Ctrl Pts',(-3.428128515166,-7.53652903517833,-7.1393968889361));
#4114=CARTESIAN_POINT('Ctrl Pts',(-6.61803730320387,-4.97523037335795,-7.21885808646565));
#4115=CARTESIAN_POINT('Ctrl Pts',(-8.19225264154399,-1.19930466175017,-7.29831928399521));
#4116=CARTESIAN_POINT('Ctrl Pts',(-7.76645372719875,2.86941309641194,-7.37778048152475));
#4117=CARTESIAN_POINT('Ctrl Pts',(-5.44459290816438,6.23760715971699,-7.45724167905433));
#4118=CARTESIAN_POINT('Ctrl Pts',(-1.79351729402277,8.08298402389897,-7.53670287658385));
#4119=CARTESIAN_POINT('Ctrl Pts',(2.29541837002707,7.95502291141612,-7.61616407411343));
#4120=CARTESIAN_POINT('Ctrl Pts',(5.82396244743847,5.8849635874283,-7.69562527164295));
#4121=CARTESIAN_POINT('Ctrl Pts',(7.93067440960259,2.37817964491839,-7.77508646917253));
#4122=CARTESIAN_POINT('Ctrl Pts',(8.10123247775636,-1.70920079450869,-7.85454766670207));
#4123=CARTESIAN_POINT('Ctrl Pts',(6.29399748596365,-5.37930577872276,-7.93400886423163));
#4124=CARTESIAN_POINT('Ctrl Pts',(2.95017845200309,-7.73613483056827,-8.01347006176119));
#4125=CARTESIAN_POINT('Ctrl Pts',(-1.11388191360718,-8.20430387634053,-8.09293125929073));
#4126=CARTESIAN_POINT('Ctrl Pts',(-4.90600490129683,-6.66951654365151,-8.17239245682029));
#4127=CARTESIAN_POINT('Ctrl Pts',(-7.50040118834828,-3.50646788447798,-8.25185365434984));
#4128=CARTESIAN_POINT('Ctrl Pts',(-8.26368826376461,0.512631733864135,-8.33131485187939));
#4129=CARTESIAN_POINT('Ctrl Pts',(-7.00952116222554,4.40658009140689,-8.41077604940895));
#4130=CARTESIAN_POINT('Ctrl Pts',(-4.04408576411707,7.22472873585137,-8.4902372469385));
#4131=CARTESIAN_POINT('Ctrl Pts',(-0.0913481509920177,8.27906942995194,
-8.56969844446806));
#4132=CARTESIAN_POINT('Ctrl Pts',(3.88369072519891,7.31220084450229,-8.6491596419976));
#4133=CARTESIAN_POINT('Ctrl Pts',(6.91058540965681,4.56016935490358,-8.72862083952716));
#4134=CARTESIAN_POINT('Ctrl Pts',(8.2503654500306,0.694841576335479,-8.80808203705671));
#4135=CARTESIAN_POINT('Ctrl Pts',(7.57594389716352,-3.34012105587301,-8.88754323458626));
#4136=CARTESIAN_POINT('Ctrl Pts',(5.05197048597397,-6.55964413398269,-8.96700443211582));
#4137=CARTESIAN_POINT('Ctrl Pts',(1.29463516744099,-8.1777288859658,-9.04646562964537));
#4138=CARTESIAN_POINT('Ctrl Pts',(-2.77876584526775,-7.79934646935898,-9.12592682717492));
#4139=CARTESIAN_POINT('Ctrl Pts',(-6.17377302246715,-5.51686929701413,-9.20538802470448));
#4140=CARTESIAN_POINT('Ctrl Pts',(-8.06154770615498,-1.88753717887167,-9.28484922223402));
#4141=CARTESIAN_POINT('Ctrl Pts',(-7.981216657894,2.20261831303024,-9.36431041976358));
#4142=CARTESIAN_POINT('Ctrl Pts',(-5.95239474657151,5.75501888583743,-9.44377161729314));
#4143=CARTESIAN_POINT('Ctrl Pts',(-2.47038172958393,7.90245595517127,-9.52323281482268));
#4144=CARTESIAN_POINT('Ctrl Pts',(1.6147293680996,8.12055606881296,-9.60269401235223));
#4145=CARTESIAN_POINT('Ctrl Pts',(5.30564464530558,6.3562860341099,-9.6821552098818));
#4146=CARTESIAN_POINT('Ctrl Pts',(7.7012363998353,3.03995137976179,-9.76161640741134));
#4147=CARTESIAN_POINT('Ctrl Pts',(8.21674767967722,-1.01800414544425,-9.8410776049409));
#4148=CARTESIAN_POINT('Ctrl Pts',(6.7261527256517,-4.82852017492488,-9.92053880247044));
#4149=CARTESIAN_POINT('Ctrl Pts',(4.63781389718781,-6.58126304930326,-9.97351293415682));
#4150=CARTESIAN_POINT('Ctrl Pts',(3.44706716026387,-7.15493480002651,-10.));
#4151=CARTESIAN_POINT('Ctrl Pts',(4.50047756327629,6.31121651921773,0.219970452561248));
#4152=CARTESIAN_POINT('Ctrl Pts',(5.55081005215533,5.56223289842346,0.193483386718064));
#4153=CARTESIAN_POINT('Ctrl Pts',(7.26924510406584,3.53050218437174,0.140509255031695));
#4154=CARTESIAN_POINT('Ctrl Pts',(8.07196075598556,-0.381534316039222,0.0610480575021421));
#4155=CARTESIAN_POINT('Ctrl Pts',(6.90410260881136,-4.19935729092593,-0.0184131400274109));
#4156=CARTESIAN_POINT('Ctrl Pts',(4.05068088571166,-6.99249740839448,-0.0978743375569636));
#4157=CARTESIAN_POINT('Ctrl Pts',(0.208362524823936,-8.07825688106302,-0.177335535086517));
#4158=CARTESIAN_POINT('Ctrl Pts',(-3.68483238624568,-7.19197018112042,-0.256796732616069));
#4159=CARTESIAN_POINT('Ctrl Pts',(-6.67842724255881,-4.54980225478981,-0.336257930145623));
#4160=CARTESIAN_POINT('Ctrl Pts',(-8.04158747061265,-0.796905469012255,
-0.415719127675175));
#4161=CARTESIAN_POINT('Ctrl Pts',(-7.44151497875653,3.15056239153958,-0.495180325204728));
#4162=CARTESIAN_POINT('Ctrl Pts',(-5.02471000724038,6.32885861574575,-0.574641522734281));
#4163=CARTESIAN_POINT('Ctrl Pts',(-1.38119799736648,7.96206491748766,-0.654102720263834));
#4164=CARTESIAN_POINT('Ctrl Pts',(2.59951241154456,7.65145127212416,-0.733563917793387));
#4165=CARTESIAN_POINT('Ctrl Pts',(5.94559136056273,5.4728531311453,-0.81302511532294));
#4166=CARTESIAN_POINT('Ctrl Pts',(7.84014430075297,1.9581402202284,-0.892486312852493));
#4167=CARTESIAN_POINT('Ctrl Pts',(7.82064492015549,-2.03462258734964,-0.971947510382046));
#4168=CARTESIAN_POINT('Ctrl Pts',(5.8918536666177,-5.53066332078081,-1.0514087079116));
#4169=CARTESIAN_POINT('Ctrl Pts',(2.52465569146465,-7.67647638213251,-1.13086990544115));
#4170=CARTESIAN_POINT('Ctrl Pts',(-1.45889868884251,-7.94819418987955,-1.2103311029707));
#4171=CARTESIAN_POINT('Ctrl Pts',(-5.08628507604808,-6.27948089092542,-1.28979230050026));
#4172=CARTESIAN_POINT('Ctrl Pts',(-7.47193209258699,-3.07772756870313,-1.36925349802981));
#4173=CARTESIAN_POINT('Ctrl Pts',(-8.03342019494612,0.875406274187341,-1.44871469555936));
#4174=CARTESIAN_POINT('Ctrl Pts',(-6.63367057806345,4.61482294689571,-1.52817589308892));
#4175=CARTESIAN_POINT('Ctrl Pts',(-3.61441088439654,7.22760057933777,-1.60763709061847));
#4176=CARTESIAN_POINT('Ctrl Pts',(0.287252416647758,8.07586913095136,-1.68709828814802));
#4177=CARTESIAN_POINT('Ctrl Pts',(4.11878739617397,6.95253669955907,-1.76655948567757));
#4178=CARTESIAN_POINT('Ctrl Pts',(6.94478289142415,4.13184786306958,-1.84602068320713));
#4179=CARTESIAN_POINT('Ctrl Pts',(8.07531495648636,0.302431027494314,-1.92548188073668));
#4180=CARTESIAN_POINT('Ctrl Pts',(7.23438133138876,-3.60081975734998,-2.00494307826623));
#4181=CARTESIAN_POINT('Ctrl Pts',(4.62728320853743,-6.62498500230463,-2.08440427579579));
#4182=CARTESIAN_POINT('Ctrl Pts',(0.890504059815045,-8.03176062219893,-2.16386547332534));
#4183=CARTESIAN_POINT('Ctrl Pts',(-3.06367815124319,-7.47770368217419,-2.24332667085489));
#4184=CARTESIAN_POINT('Ctrl Pts',(-6.26990980019928,-5.09807878226612,-2.32278786838444));
#4185=CARTESIAN_POINT('Ctrl Pts',(-7.94543805020748,-1.47383525644354,-2.402249065914));
#4186=CARTESIAN_POINT('Ctrl Pts',(-7.68120808723545,2.51022279756391,-2.48171026344355));
#4187=CARTESIAN_POINT('Ctrl Pts',(-5.54172764988132,5.88144802130932,-2.5611714609731));
#4188=CARTESIAN_POINT('Ctrl Pts',(-2.04931844320951,7.81680689867303,-2.64063265850266));
#4189=CARTESIAN_POINT('Ctrl Pts',(1.94340078489952,7.84381090810289,-2.7200938560322));
#4190=CARTESIAN_POINT('Ctrl Pts',(5.46166818168095,5.95586743019314,-2.79955505356177));
#4191=CARTESIAN_POINT('Ctrl Pts',(7.6465521142603,2.61388923574103,-2.87901625109131));
#4192=CARTESIAN_POINT('Ctrl Pts',(7.964646302726,-1.36623037782605,-2.95847744862087));
#4193=CARTESIAN_POINT('Ctrl Pts',(6.33829287463867,-5.01280556256933,-3.03793864615042));
#4194=CARTESIAN_POINT('Ctrl Pts',(3.16454135696039,-7.43558028488086,-3.11739984367997));
#4195=CARTESIAN_POINT('Ctrl Pts',(-0.781784944976564,-8.04307083598233,
-3.19686104120953));
#4196=CARTESIAN_POINT('Ctrl Pts',(-4.53725030781614,-6.68696760998915,-3.27632223873908));
#4197=CARTESIAN_POINT('Ctrl Pts',(-7.18501481221108,-3.6983426451762,-3.35578343626863));
#4198=CARTESIAN_POINT('Ctrl Pts',(-8.07866690589921,0.193176593692311,-3.43524463379819));
#4199=CARTESIAN_POINT('Ctrl Pts',(-7.0000349818118,4.03753469659797,-3.51470583132774));
#4200=CARTESIAN_POINT('Ctrl Pts',(-4.21245066752059,6.89618992970226,-3.59416702885729));
#4201=CARTESIAN_POINT('Ctrl Pts',(-0.396460401604873,8.07124496733812,-3.67362822638684));
#4202=CARTESIAN_POINT('Ctrl Pts',(3.51631965931962,7.27582794094967,-3.7530894239164));
#4203=CARTESIAN_POINT('Ctrl Pts',(6.57064359793491,4.70412785559008,-3.83255062144595));
#4204=CARTESIAN_POINT('Ctrl Pts',(8.02084454130169,0.983986289077451,-3.9120118189755));
#4205=CARTESIAN_POINT('Ctrl Pts',(7.51287792037396,-2.97638060845366,-3.99147301650505));
#4206=CARTESIAN_POINT('Ctrl Pts',(5.17075608269481,-6.21010931514866,-4.07093421403461));
#4207=CARTESIAN_POINT('Ctrl Pts',(1.56627255830375,-7.92773400448868,-4.15039541156416));
#4208=CARTESIAN_POINT('Ctrl Pts',(-2.42059265977579,-7.7099226551413,-4.22985660909371));
#4209=CARTESIAN_POINT('Ctrl Pts',(-5.8165068865557,-5.60985060509382,-4.30931780662327));
#4210=CARTESIAN_POINT('Ctrl Pts',(-7.79240916021772,-2.14021859925022,-4.38877900415282));
#4211=CARTESIAN_POINT('Ctrl Pts',(-7.86591290381502,1.85191532269102,-4.46824020168236));
#4212=CARTESIAN_POINT('Ctrl Pts',(-6.01907329298092,5.39193220159022,-4.54770139921193));
#4213=CARTESIAN_POINT('Ctrl Pts',(-2.70276821267721,7.61559059832939,-4.62716259674147));
#4214=CARTESIAN_POINT('Ctrl Pts',(1.27337674117327,7.98001803555986,-4.70662379427103));
#4215=CARTESIAN_POINT('Ctrl Pts',(4.93864607352866,6.39624508076742,-4.78608499180058));
#4216=CARTESIAN_POINT('Ctrl Pts',(7.39821985812511,3.25092588406212,-4.86554618933014));
#4217=CARTESIAN_POINT('Ctrl Pts',(8.05163045315931,-0.688057569233162,-4.94500738685969));
#4218=CARTESIAN_POINT('Ctrl Pts',(6.73935757036569,-4.4590622009091,-5.02446858438924));
#4219=CARTESIAN_POINT('Ctrl Pts',(3.78177273438325,-7.14145441477414,-5.10392978191879));
#4220=CARTESIAN_POINT('Ctrl Pts',(-0.0990745667760438,-8.08036882840379,
-5.18339097944835));
#4221=CARTESIAN_POINT('Ctrl Pts',(-3.95573431485306,-7.0465837256869,-5.26285217697789));
#4222=CARTESIAN_POINT('Ctrl Pts',(-6.8466615158865,-4.29248206282803,-5.34231337450746));
#4223=CARTESIAN_POINT('Ctrl Pts',(-8.06608013262105,-0.490435996800158,
-5.421774572037));
#4224=CARTESIAN_POINT('Ctrl Pts',(-7.31628760140642,3.43134258072965,-5.50123576956657));
#4225=CARTESIAN_POINT('Ctrl Pts',(-4.78033439866238,6.51541090107037,-5.58069696709611));
#4226=CARTESIAN_POINT('Ctrl Pts',(-1.07733504289284,8.00884045153708,-5.66015816462567));
#4227=CARTESIAN_POINT('Ctrl Pts',(2.88867932657106,7.54703305419173,-5.73961936215521));
#4228=CARTESIAN_POINT('Ctrl Pts',(6.14946644324224,5.24273198211192,-5.81908055968478));
#4229=CARTESIAN_POINT('Ctrl Pts',(7.9089545801279,1.6584973989414,-5.89854175721432));
#4230=CARTESIAN_POINT('Ctrl Pts',(7.73759139000711,-2.33063417423446,-5.97800295474388));
#4231=CARTESIAN_POINT('Ctrl Pts',(5.6772125971456,-5.75077675619849,-6.05746415227342));
#4232=CARTESIAN_POINT('Ctrl Pts',(2.23082843962577,-7.76695439962012,-6.136925349803));
#4233=CARTESIAN_POINT('Ctrl Pts',(-1.76017865248494,-7.88694790677344,-6.21638654733252));
#4234=CARTESIAN_POINT('Ctrl Pts',(-5.32146481846232,-6.08146268250404,-6.2958477448621));
#4235=CARTESIAN_POINT('Ctrl Pts',(-7.5835960452821,-2.79128056540419,-6.37530894239163));
#4236=CARTESIAN_POINT('Ctrl Pts',(-7.99430729754476,1.18035037393318,-6.4547701399212));
#4237=CARTESIAN_POINT('Ctrl Pts',(-6.45332965115752,4.86381666865772,-6.53423133745074));
#4238=CARTESIAN_POINT('Ctrl Pts',(-3.33686943064401,7.35985588008727,-6.6136925349803));
#4239=CARTESIAN_POINT('Ctrl Pts',(0.594236860084015,8.05909788542979,-6.69315373250985));
#4240=CARTESIAN_POINT('Ctrl Pts',(4.38026923260644,6.790833352594,-6.77261493003941));
#4241=CARTESIAN_POINT('Ctrl Pts',(7.09692529568911,3.86468983493238,-6.85207612756895));
#4242=CARTESIAN_POINT('Ctrl Pts',(8.08097466770825,-0.00495910062568179,
-6.93153732509852));
#4243=CARTESIAN_POINT('Ctrl Pts',(7.09217661690179,-3.87339734696726,-7.01099852262806));
#4244=CARTESIAN_POINT('Ctrl Pts',(4.37193119294736,-6.79620436839236,-7.09045972015762));
#4245=CARTESIAN_POINT('Ctrl Pts',(0.584345065495437,-8.05982115293217,-7.16992091768717));
#4246=CARTESIAN_POINT('Ctrl Pts',(-3.3459000485154,-7.35575482450072,-7.24938211521673));
#4247=CARTESIAN_POINT('Ctrl Pts',(-6.45929440390139,-4.85589250051425,-7.32884331274627));
#4248=CARTESIAN_POINT('Ctrl Pts',(-7.99574998122995,-1.17053765872026,-7.40830451027584));
#4249=CARTESIAN_POINT('Ctrl Pts',(-7.58016445056422,2.80058620206966,-7.48776570780537));
#4250=CARTESIAN_POINT('Ctrl Pts',(-5.31399671715389,6.08798941054474,-7.56722690533495));
#4251=CARTESIAN_POINT('Ctrl Pts',(-1.75049726827216,7.8891023245093,-7.64668810286448));
#4252=CARTESIAN_POINT('Ctrl Pts',(2.24035954359921,7.76421053863536,-7.72614930039405));
#4253=CARTESIAN_POINT('Ctrl Pts',(5.68426654637614,5.74380448853568,-7.80561049792359));
#4254=CARTESIAN_POINT('Ctrl Pts',(7.74044606976008,2.32113567332975,-7.88507169545315));
#4255=CARTESIAN_POINT('Ctrl Pts',(7.90691306362735,-1.66820321816094,-7.96453289298269));
#4256=CARTESIAN_POINT('Ctrl Pts',(6.14302713579038,-5.25027559100599,-8.04399409051226));
#4257=CARTESIAN_POINT('Ctrl Pts',(2.87941428742155,-7.55057279515865,-8.1234552880418));
#4258=CARTESIAN_POINT('Ctrl Pts',(-1.08716389490382,-8.00751215027116,-8.20291648557136));
#4259=CARTESIAN_POINT('Ctrl Pts',(-4.7883274984138,-6.50953884262335,-8.2823776831009));
#4260=CARTESIAN_POINT('Ctrl Pts',(-7.32049355470686,-3.42236033826882,-8.36183888063047));
#4261=CARTESIAN_POINT('Ctrl Pts',(-8.06547211994098,0.500335543320056,-8.44130007816));
#4262=CARTESIAN_POINT('Ctrl Pts',(-6.84138797393493,4.30088209248812,-8.52076127568958));
#4263=CARTESIAN_POINT('Ctrl Pts',(-3.94708269964158,7.05143349231325,-8.60022247321911));
#4264=CARTESIAN_POINT('Ctrl Pts',(-0.0891570375742333,8.08048434730201,
-8.67968367074869));
#4265=CARTESIAN_POINT('Ctrl Pts',(3.79053496051114,7.13680745985387,-8.75914486827821));
#4266=CARTESIAN_POINT('Ctrl Pts',(6.74482533404114,4.45078730225826,-8.83860606580779));
#4267=CARTESIAN_POINT('Ctrl Pts',(8.05246887256512,0.678174827368969,-8.91806726333732));
#4268=CARTESIAN_POINT('Ctrl Pts',(7.39422426578481,-3.2600035714681,-8.9975284608669));
#4269=CARTESIAN_POINT('Ctrl Pts',(4.93079189398478,-6.40230187667678,-9.07698965839643));
#4270=CARTESIAN_POINT('Ctrl Pts',(1.26358152863495,-7.98157459828304,-9.156450855926));
#4271=CARTESIAN_POINT('Ctrl Pts',(-2.71211325227814,-7.61226821420752,-9.23591205345553));
#4272=CARTESIAN_POINT('Ctrl Pts',(-6.02568642453465,-5.3845394555282,-9.31537325098511));
#4273=CARTESIAN_POINT('Ctrl Pts',(-7.86818018688748,-1.84226195442252,-9.39483444851464));
#4274=CARTESIAN_POINT('Ctrl Pts',(-7.7897759913958,2.1497854260204,-9.47429564604421));
#4275=CARTESIAN_POINT('Ctrl Pts',(-5.80961821682812,5.61697669271832,-9.55375684357375));
#4276=CARTESIAN_POINT('Ctrl Pts',(-2.41112616178165,7.71290447450392,-9.63321804110331));
#4277=CARTESIAN_POINT('Ctrl Pts',(1.5759978213075,7.92577315127218,-9.71267923863286));
#4278=CARTESIAN_POINT('Ctrl Pts',(5.17838132310328,6.20382160581753,-9.79214043616242));
#4279=CARTESIAN_POINT('Ctrl Pts',(7.51651145219383,2.96703388569925,-9.87160163369196));
#4280=CARTESIAN_POINT('Ctrl Pts',(8.01965747154595,-0.99358588937436,-9.95106283122153));
#4281=CARTESIAN_POINT('Ctrl Pts',(6.56481652642774,-4.71270135179178,-10.0305240287511));
#4282=CARTESIAN_POINT('Ctrl Pts',(4.52656943138394,-6.42340223201641,-10.0834981604374));
#4283=CARTESIAN_POINT('Ctrl Pts',(3.36438442366977,-6.9833136618491,-10.1099852262806));
#4284=CARTESIAN_POINT('Ctrl Pts',(4.38987432831479,6.15611276550412,0.109985226280624));
#4285=CARTESIAN_POINT('Ctrl Pts',(5.41439396301961,5.42553608269106,0.08349816043744));
#4286=CARTESIAN_POINT('Ctrl Pts',(7.0905969466351,3.44373695620649,0.0305240287510707));
#4287=CARTESIAN_POINT('Ctrl Pts',(7.87358514816574,-0.37215777121494,-0.0489371687784815));
#4288=CARTESIAN_POINT('Ctrl Pts',(6.73442815264436,-4.09615435421416,-0.128398366308035));
#4289=CARTESIAN_POINT('Ctrl Pts',(3.95113180376259,-6.82065057148561,-0.207859563837587));
#4290=CARTESIAN_POINT('Ctrl Pts',(0.203241830638421,-7.87972654037509,-0.28732076136714));
#4291=CARTESIAN_POINT('Ctrl Pts',(-3.5942743562412,-7.01522112358272,-0.366781958896693));
#4292=CARTESIAN_POINT('Ctrl Pts',(-6.51429895903854,-4.4379868217075,-0.446243156426247));
#4293=CARTESIAN_POINT('Ctrl Pts',(-7.84395831326869,-0.777320809030714,
-0.525704353955798));
#4294=CARTESIAN_POINT('Ctrl Pts',(-7.25863313608696,3.07313452137403,-0.605165551485352));
#4295=CARTESIAN_POINT('Ctrl Pts',(-4.90122329416816,6.17332129183432,-0.684626749014905));
#4296=CARTESIAN_POINT('Ctrl Pts',(-1.34725382933469,7.76639009754552,-0.764087946544458));
#4297=CARTESIAN_POINT('Ctrl Pts',(2.53562708426608,7.46341005850878,-0.843549144074011));
#4298=CARTESIAN_POINT('Ctrl Pts',(5.79947316999482,5.33835290261104,-0.923010341603563));
#4299=CARTESIAN_POINT('Ctrl Pts',(7.64746578829818,1.91001718443487,-1.00247153913312));
#4300=CARTESIAN_POINT('Ctrl Pts',(7.62844562230479,-1.98461992942665,-1.08193273666267));
#4301=CARTESIAN_POINT('Ctrl Pts',(5.74705612762645,-5.39474235546975,-1.16139393419222));
#4302=CARTESIAN_POINT('Ctrl Pts',(2.46261003459513,-7.48782015420291,-1.24085513172177));
#4303=CARTESIAN_POINT('Ctrl Pts',(-1.42304495727772,-7.75286025539307,-1.32031632925133));
#4304=CARTESIAN_POINT('Ctrl Pts',(-4.96128510094815,-6.1251570684754,-1.39977752678088));
#4305=CARTESIAN_POINT('Ctrl Pts',(-7.28830272231829,-3.00208967902525,-1.47923872431043));
#4306=CARTESIAN_POINT('Ctrl Pts',(-7.8359917556586,0.853892387167714,-1.55869992183999));
#4307=CARTESIAN_POINT('Ctrl Pts',(-6.47064222934112,4.50140957253158,-1.63816111936954));
#4308=CARTESIAN_POINT('Ctrl Pts',(-3.52558352537215,7.04997587310493,-1.71762231689909));
#4309=CARTESIAN_POINT('Ctrl Pts',(0.280192933274049,7.87739747134402,-1.79708351442864));
#4310=CARTESIAN_POINT('Ctrl Pts',(4.01756453621511,6.78167193257642,-1.8765447119582));
#4311=CARTESIAN_POINT('Ctrl Pts',(6.77410868116597,4.03030403053202,-1.95600590948775));
#4312=CARTESIAN_POINT('Ctrl Pts',(7.87685691620891,0.294998516272265,-2.03546710701731));
#4313=CARTESIAN_POINT('Ctrl Pts',(7.05658998214931,-3.512326412349,-2.11492830454685));
#4314=CARTESIAN_POINT('Ctrl Pts',(4.51356361217202,-6.46217010932405,-2.19438950207641));
#4315=CARTESIAN_POINT('Ctrl Pts',(0.868619131298644,-7.83437296838626,-2.27385069960596));
#4316=CARTESIAN_POINT('Ctrl Pts',(-2.98838553848284,-7.29393246996312,-2.35331189713552));
#4317=CARTESIAN_POINT('Ctrl Pts',(-6.11582119580815,-4.97278896635672,-2.43277309466507));
#4318=CARTESIAN_POINT('Ctrl Pts',(-7.75017185030234,-1.43761444545824,-2.51223429219462));
#4319=CARTESIAN_POINT('Ctrl Pts',(-7.49243557344866,2.44853184188619,-2.59169548972417));
#4320=CARTESIAN_POINT('Ctrl Pts',(-5.40553476885152,5.73690621029733,-2.67115668725373));
#4321=CARTESIAN_POINT('Ctrl Pts',(-1.99895462157093,7.6247019236105,-2.75061788478328));
#4322=CARTESIAN_POINT('Ctrl Pts',(1.89563998382576,7.65104228551453,-2.83007908231284));
#4323=CARTESIAN_POINT('Ctrl Pts',(5.32744283321804,5.80949669608338,-2.90954027984238));
#4324=CARTESIAN_POINT('Ctrl Pts',(7.45863130180251,2.54965058523355,-2.98900147737194));
#4325=CARTESIAN_POINT('Ctrl Pts',(7.76890804294798,-1.33265405234378,-3.06846267490149));
#4326=CARTESIAN_POINT('Ctrl Pts',(6.18252369543224,-4.88961141180247,-3.14792387243104));
#4327=CARTESIAN_POINT('Ctrl Pts',(3.08676994129877,-7.25284429258649,-3.2273850699606));
#4328=CARTESIAN_POINT('Ctrl Pts',(-0.762571885308373,-7.84540522361638,
-3.30684626749015));
#4329=CARTESIAN_POINT('Ctrl Pts',(-4.42574334998361,-6.52262943935082,-3.3863074650197));
#4330=CARTESIAN_POINT('Ctrl Pts',(-7.00843668904444,-3.60745258855411,-3.46576866254925));
#4331=CARTESIAN_POINT('Ctrl Pts',(-7.8801264884866,0.188429107257644,-3.54522986007881));
#4332=CARTESIAN_POINT('Ctrl Pts',(-6.82800290233878,3.93830869392729,-3.62469105760836));
#4333=CARTESIAN_POINT('Ctrl Pts',(-4.10892594944503,6.72670993465507,-3.70415225513791));
#4334=CARTESIAN_POINT('Ctrl Pts',(-0.386717034965409,7.87288695066033,-3.78361345266746));
#4335=CARTESIAN_POINT('Ctrl Pts',(3.42990297930926,7.09701800445338,-3.86307465019702));
#4336=CARTESIAN_POINT('Ctrl Pts',(6.4091641932511,4.58851973374399,-3.94253584772657));
#4337=CARTESIAN_POINT('Ctrl Pts',(7.82372515987643,0.959803951714443,-4.02199704525613));
#4338=CARTESIAN_POINT('Ctrl Pts',(7.32824227000548,-2.90323341037453,-4.10145824278568));
#4339=CARTESIAN_POINT('Ctrl Pts',(5.04368015755085,-6.05749036081264,-4.18091944031523));
#4340=CARTESIAN_POINT('Ctrl Pts',(1.52778001849121,-7.73290289723781,-4.26038063784478));
#4341=CARTESIAN_POINT('Ctrl Pts',(-2.36110444437396,-7.52044445533425,-4.33984183537434));
#4342=CARTESIAN_POINT('Ctrl Pts',(-5.67356106163295,-5.47198354190987,-4.41930303290388));
#4343=CARTESIAN_POINT('Ctrl Pts',(-7.60090378125604,-2.08762082550873,-4.49876423043345));
#4344=CARTESIAN_POINT('Ctrl Pts',(-7.67260110504359,1.80640285813933,-4.578225427963));
#4345=CARTESIAN_POINT('Ctrl Pts',(-5.87114921863235,5.25942067680108,-4.65768662549255));
#4346=CARTESIAN_POINT('Ctrl Pts',(-2.6363452823392,7.42843069263609,-4.7371478230221));
#4347=CARTESIAN_POINT('Ctrl Pts',(1.2420823763157,7.78390200178908,-4.81660902055165));
#4348=CARTESIAN_POINT('Ctrl Pts',(4.81727445809848,6.23905167460265,-4.89607021808121));
#4349=CARTESIAN_POINT('Ctrl Pts',(7.2164020315144,3.17103149189107,-4.97553141561076));
#4350=CARTESIAN_POINT('Ctrl Pts',(7.85375448059571,-0.671147943104174,-5.0549926131403));
#4351=CARTESIAN_POINT('Ctrl Pts',(6.57373186990065,-4.34947678527688,-5.13445381066988));
#4352=CARTESIAN_POINT('Ctrl Pts',(3.68883230918812,-6.96594682707957,-5.21391500819941));
#4353=CARTESIAN_POINT('Ctrl Pts',(-0.0966397212660401,-7.88178658473341,
-5.29337620572898));
#4354=CARTESIAN_POINT('Ctrl Pts',(-3.85851862924648,-6.87340766947283,-5.37283740325852));
#4355=CARTESIAN_POINT('Ctrl Pts',(-6.6783987256167,-4.18699050210188,-5.45229860078808));
#4356=CARTESIAN_POINT('Ctrl Pts',(-7.86784904634559,-0.478383096407906,
-5.53175979831763));
#4357=CARTESIAN_POINT('Ctrl Pts',(-7.13648333280447,3.34701428793097,-5.61122099584719));
#4358=CARTESIAN_POINT('Ctrl Pts',(-4.66285343330791,6.35528888898834,-5.69068219337673));
#4359=CARTESIAN_POINT('Ctrl Pts',(-1.05085857696093,7.81201608128387,-5.77014339090629));
#4360=CARTESIAN_POINT('Ctrl Pts',(2.81768746542009,7.36155801106155,-5.84960458843584));
#4361=CARTESIAN_POINT('Ctrl Pts',(5.99833784136678,5.11388718528648,-5.9290657859654));
#4362=CARTESIAN_POINT('Ctrl Pts',(7.71458499391694,1.61773835172494,-6.00852698349494));
#4363=CARTESIAN_POINT('Ctrl Pts',(7.54743320645599,-2.27335676854632,-6.08798818102451));
#4364=CARTESIAN_POINT('Ctrl Pts',(5.53769005315331,-5.60944630763295,-6.16744937855404));
#4365=CARTESIAN_POINT('Ctrl Pts',(2.17600384854678,-7.57607459401765,-6.24691057608362));
#4366=CARTESIAN_POINT('Ctrl Pts',(-1.71692069811503,-7.69311915411391,-6.32637177361315));
#4367=CARTESIAN_POINT('Ctrl Pts',(-5.1906850922265,-5.93200533347263,-6.40583297114272));
#4368=CARTESIAN_POINT('Ctrl Pts',(-7.39722243415829,-2.72268236535135,-6.48529416867226));
#4369=CARTESIAN_POINT('Ctrl Pts',(-7.79784009246416,1.15134221470797,-6.56475536620182));
#4370=CARTESIAN_POINT('Ctrl Pts',(-6.29473334095362,4.74428405234097,-6.64421656373137));
#4371=CARTESIAN_POINT('Ctrl Pts',(-3.25486289945163,7.17898088232469,-6.72367776126093));
#4372=CARTESIAN_POINT('Ctrl Pts',(0.57963296124561,7.86103839408304,-6.80313895879047));
#4373=CARTESIAN_POINT('Ctrl Pts',(4.27262022418078,6.62394258904253,-6.88260015632004));
#4374=CARTESIAN_POINT('Ctrl Pts',(6.92251205066186,3.76971164831628,-6.96206135384958));
#4375=CARTESIAN_POINT('Ctrl Pts',(7.88237753499866,-0.0048372263214642,
-7.04152255137914));
#4376=CARTESIAN_POINT('Ctrl Pts',(6.91788007487512,-3.77820516550597,-7.12098374890868));
#4377=CARTESIAN_POINT('Ctrl Pts',(4.26448709925497,-6.6291816073553,-7.20044494643826));
#4378=CARTESIAN_POINT('Ctrl Pts',(0.569984266298258,-7.8617438866439,-7.27990614396777));
#4379=CARTESIAN_POINT('Ctrl Pts',(-3.2636715818648,-7.17498061382313,-7.35936734149737));
#4380=CARTESIAN_POINT('Ctrl Pts',(-6.30055150459892,-4.73655462767053,-7.43882853902688));
#4381=CARTESIAN_POINT('Ctrl Pts',(-7.7992473209159,-1.14177065569036,-7.51828973655646));
#4382=CARTESIAN_POINT('Ctrl Pts',(-7.3938751739297,2.73175930772737,-7.59775093408599));
#4383=CARTESIAN_POINT('Ctrl Pts',(-5.18340052614339,5.93837166137248,-7.67721213161557));
#4384=CARTESIAN_POINT('Ctrl Pts',(-1.70747724252154,7.69522062511964,-7.75667332914511));
#4385=CARTESIAN_POINT('Ctrl Pts',(2.18530071717134,7.57339816585459,-7.83613452667467));
#4386=CARTESIAN_POINT('Ctrl Pts',(5.54457064531383,5.60264538964308,-7.91559572420421));
#4387=CARTESIAN_POINT('Ctrl Pts',(7.55021772991756,2.2640917017411,-7.99505692173378));
#4388=CARTESIAN_POINT('Ctrl Pts',(7.71259364949835,-1.62720564181318,-8.07451811926331));
#4389=CARTESIAN_POINT('Ctrl Pts',(5.9920567856171,-5.12124540328922,-8.15397931679289));
#4390=CARTESIAN_POINT('Ctrl Pts',(2.80865012284,-7.36501075974901,-8.23344051432242));
#4391=CARTESIAN_POINT('Ctrl Pts',(-1.06044587620046,-7.81072042420181,-8.31290171185199));
#4392=CARTESIAN_POINT('Ctrl Pts',(-4.67065009553077,-6.34956114159518,-8.39236290938153));
#4393=CARTESIAN_POINT('Ctrl Pts',(-7.14058592106542,-3.33825279205968,-8.47182410691109));
#4394=CARTESIAN_POINT('Ctrl Pts',(-7.86725597611736,0.488039352775988,-8.55128530444063));
#4395=CARTESIAN_POINT('Ctrl Pts',(-6.67325478564433,4.19518409356933,-8.63074650197021));
#4396=CARTESIAN_POINT('Ctrl Pts',(-3.85007963516609,6.87813824877515,-8.71020769949973));
#4397=CARTESIAN_POINT('Ctrl Pts',(-0.0869659241564444,7.88189926465206,
-8.78966889702932));
#4398=CARTESIAN_POINT('Ctrl Pts',(3.69737919582335,6.96141407520546,-8.86913009455884));
#4399=CARTESIAN_POINT('Ctrl Pts',(6.57906525842549,4.34140524961292,-8.94859129208841));
#4400=CARTESIAN_POINT('Ctrl Pts',(7.85457229509964,0.661508078402471,-9.02805248961795));
#4401=CARTESIAN_POINT('Ctrl Pts',(7.21250463440611,-3.17988608706321,-9.10751368714751));
#4402=CARTESIAN_POINT('Ctrl Pts',(4.8096133019956,-6.24495961937084,-9.18697488467705));
#4403=CARTESIAN_POINT('Ctrl Pts',(1.23252788982892,-7.78542031060029,-9.26643608220662));
#4404=CARTESIAN_POINT('Ctrl Pts',(-2.64546065928854,-7.42518995905605,-9.34589727973616));
#4405=CARTESIAN_POINT('Ctrl Pts',(-5.87759982660214,-5.25220961404228,-9.42535847726573));
#4406=CARTESIAN_POINT('Ctrl Pts',(-7.67481266761997,-1.79698672997337,-9.50481967479527));
#4407=CARTESIAN_POINT('Ctrl Pts',(-7.59833532489758,2.09695253901055,-9.58428087232483));
#4408=CARTESIAN_POINT('Ctrl Pts',(-5.66684168708475,5.47893449959922,-9.66374206985438));
#4409=CARTESIAN_POINT('Ctrl Pts',(-2.35187059397935,7.52335299383657,-9.74320326738393));
#4410=CARTESIAN_POINT('Ctrl Pts',(1.5372662745154,7.73099023373141,-9.82266446491349));
#4411=CARTESIAN_POINT('Ctrl Pts',(5.05111800090099,6.05135717752516,-9.90212566244304));
#4412=CARTESIAN_POINT('Ctrl Pts',(7.33178650455235,2.89411639163672,-9.98158685997259));
#4413=CARTESIAN_POINT('Ctrl Pts',(7.82256726341469,-0.969167633304472,-10.0610480575021));
#4414=CARTESIAN_POINT('Ctrl Pts',(6.40348032720378,-4.59688252865867,-10.1405092550317));
#4415=CARTESIAN_POINT('Ctrl Pts',(4.41532496558007,-6.26554141472955,-10.1934833867181));
#4416=CARTESIAN_POINT('Ctrl Pts',(3.28170168707567,-6.81169252367168,-10.2199704525612));
#4417=CARTESIAN_POINT('Ctrl Pts',(4.27927109335329,6.00100901179052,5.55111512312578E-16));
#4418=CARTESIAN_POINT('Ctrl Pts',(5.27797787388389,5.28883926695866,-0.0264870658431837));
#4419=CARTESIAN_POINT('Ctrl Pts',(6.91194878920433,3.35697172804125,-0.0794611975295528));
#4420=CARTESIAN_POINT('Ctrl Pts',(7.67520954034595,-0.362781226390662,-0.158922395059106));
#4421=CARTESIAN_POINT('Ctrl Pts',(6.56475369647733,-3.99295141750238,-0.238383592588658));
#4422=CARTESIAN_POINT('Ctrl Pts',(3.85158272181354,-6.64880373457675,-0.317844790118211));
#4423=CARTESIAN_POINT('Ctrl Pts',(0.198121136452906,-7.68119619968715,-0.397305987647764));
#4424=CARTESIAN_POINT('Ctrl Pts',(-3.50371632623672,-6.83847206604502,-0.476767185177317));
#4425=CARTESIAN_POINT('Ctrl Pts',(-6.35017067551825,-4.3261713886252,-0.55622838270687));
#4426=CARTESIAN_POINT('Ctrl Pts',(-7.64632915592475,-0.757736149049171,
-0.635689580236422));
#4427=CARTESIAN_POINT('Ctrl Pts',(-7.07575129341738,2.99570665120848,-0.715150777765977));
#4428=CARTESIAN_POINT('Ctrl Pts',(-4.77773658109594,6.01778396792288,-0.794611975295528));
#4429=CARTESIAN_POINT('Ctrl Pts',(-1.3133096613029,7.57071527760339,-0.874073172825083));
#4430=CARTESIAN_POINT('Ctrl Pts',(2.47174175698759,7.2753688448934,-0.953534370354634));
#4431=CARTESIAN_POINT('Ctrl Pts',(5.65335497942691,5.20385267407678,-1.03299556788419));
#4432=CARTESIAN_POINT('Ctrl Pts',(7.45478727584336,1.86189414864134,-1.11245676541374));
#4433=CARTESIAN_POINT('Ctrl Pts',(7.43624632445411,-1.93461727150367,-1.19191796294329));
#4434=CARTESIAN_POINT('Ctrl Pts',(5.60225858863518,-5.25882139015868,-1.27137916047284));
#4435=CARTESIAN_POINT('Ctrl Pts',(2.40056437772561,-7.29916392627334,-1.3508403580024));
#4436=CARTESIAN_POINT('Ctrl Pts',(-1.38719122571294,-7.55752632090656,-1.43030155553195));
#4437=CARTESIAN_POINT('Ctrl Pts',(-4.83628512584822,-5.97083324602538,-1.5097627530615));
#4438=CARTESIAN_POINT('Ctrl Pts',(-7.1046733520496,-2.92645178934738,-1.58922395059106));
#4439=CARTESIAN_POINT('Ctrl Pts',(-7.63856331637107,0.832378500148089,-1.66868514812061));
#4440=CARTESIAN_POINT('Ctrl Pts',(-6.3076138806188,4.38799619816745,-1.74814634565016));
#4441=CARTESIAN_POINT('Ctrl Pts',(-3.43675616634775,6.8723511668721,-1.82760754317972));
#4442=CARTESIAN_POINT('Ctrl Pts',(0.273133449900335,7.67892581173669,-1.90706874070927));
#4443=CARTESIAN_POINT('Ctrl Pts',(3.91634167625626,6.61080716559376,-1.98652993823882));
#4444=CARTESIAN_POINT('Ctrl Pts',(6.60343447090779,3.92876019799447,-2.06599113576837));
#4445=CARTESIAN_POINT('Ctrl Pts',(7.67839887593146,0.287566005050213,-2.14545233329793));
#4446=CARTESIAN_POINT('Ctrl Pts',(6.87879863290986,-3.42383306734802,-2.22491353082748));
#4447=CARTESIAN_POINT('Ctrl Pts',(4.39984401580662,-6.29935521634346,-2.30437472835704));
#4448=CARTESIAN_POINT('Ctrl Pts',(0.846734202782249,-7.6369853145736,-2.38383592588658));
#4449=CARTESIAN_POINT('Ctrl Pts',(-2.9130929257225,-7.11016125775202,-2.46329712341614));
#4450=CARTESIAN_POINT('Ctrl Pts',(-5.96173259141701,-4.84749915044731,-2.54275832094569));
#4451=CARTESIAN_POINT('Ctrl Pts',(-7.55490565039723,-1.40139363447293,-2.62221951847525));
#4452=CARTESIAN_POINT('Ctrl Pts',(-7.30366305966186,2.38684088620847,-2.7016807160048));
#4453=CARTESIAN_POINT('Ctrl Pts',(-5.26934188782173,5.59236439928535,-2.78114191353435));
#4454=CARTESIAN_POINT('Ctrl Pts',(-1.94859079993235,7.43259694854798,-2.8606031110639));
#4455=CARTESIAN_POINT('Ctrl Pts',(1.847879182752,7.45827366292617,-2.94006430859346));
#4456=CARTESIAN_POINT('Ctrl Pts',(5.19321748475515,5.66312596197361,-3.01952550612301));
#4457=CARTESIAN_POINT('Ctrl Pts',(7.27071048934472,2.48541193472607,-3.09898670365257));
#4458=CARTESIAN_POINT('Ctrl Pts',(7.57316978316996,-1.29907772686152,-3.17844790118211));
#4459=CARTESIAN_POINT('Ctrl Pts',(6.0267545162258,-4.76641726103559,-3.25790909871167));
#4460=CARTESIAN_POINT('Ctrl Pts',(3.00899852563716,-7.07010830029212,-3.33737029624122));
#4461=CARTESIAN_POINT('Ctrl Pts',(-0.743358825640189,-7.64773961125043,
-3.41683149377077));
#4462=CARTESIAN_POINT('Ctrl Pts',(-4.31423639215106,-6.3582912687125,-3.49629269130033));
#4463=CARTESIAN_POINT('Ctrl Pts',(-6.83185856587781,-3.51656253193202,-3.57575388882988));
#4464=CARTESIAN_POINT('Ctrl Pts',(-7.68158607107399,0.183681620822977,-3.65521508635944));
#4465=CARTESIAN_POINT('Ctrl Pts',(-6.65597082286575,3.83908269125659,-3.73467628388898));
#4466=CARTESIAN_POINT('Ctrl Pts',(-4.00540123136946,6.5572299396079,-3.81413748141854));
#4467=CARTESIAN_POINT('Ctrl Pts',(-0.376973668325946,7.67452893398252,-3.89359867894808));
#4468=CARTESIAN_POINT('Ctrl Pts',(3.3434862992989,6.91820806795711,-3.97305987647765));
#4469=CARTESIAN_POINT('Ctrl Pts',(6.24768478856729,4.47291161189789,-4.05252107400719));
#4470=CARTESIAN_POINT('Ctrl Pts',(7.62660577845116,0.935621614351443,-4.13198227153675));
#4471=CARTESIAN_POINT('Ctrl Pts',(7.14360661963701,-2.83008621229541,-4.2114434690663));
#4472=CARTESIAN_POINT('Ctrl Pts',(4.91660423240688,-5.9048714064766,-4.29090466659585));
#4473=CARTESIAN_POINT('Ctrl Pts',(1.48928747867867,-7.53807178998694,-4.37036586412541));
#4474=CARTESIAN_POINT('Ctrl Pts',(-2.30161622897214,-7.33096625552719,-4.44982706165496));
#4475=CARTESIAN_POINT('Ctrl Pts',(-5.53061523671018,-5.33411647872591,-4.52928825918451));
#4476=CARTESIAN_POINT('Ctrl Pts',(-7.40939840229436,-2.03502305176723,-4.60874945671407));
#4477=CARTESIAN_POINT('Ctrl Pts',(-7.47928930627215,1.76089039358762,-4.68821065424361));
#4478=CARTESIAN_POINT('Ctrl Pts',(-5.72322514428378,5.12690915201196,-4.76767185177318));
#4479=CARTESIAN_POINT('Ctrl Pts',(-2.56992235200119,7.24127078694277,-4.84713304930272));
#4480=CARTESIAN_POINT('Ctrl Pts',(1.21078801145813,7.58778596801831,-4.92659424683228));
#4481=CARTESIAN_POINT('Ctrl Pts',(4.69590284266828,6.08185826843787,-5.00605544436182));
#4482=CARTESIAN_POINT('Ctrl Pts',(7.0345842049037,3.09113709972002,-5.08551664189139));
#4483=CARTESIAN_POINT('Ctrl Pts',(7.65587850803209,-0.654238316975186,-5.16497783942093));
#4484=CARTESIAN_POINT('Ctrl Pts',(6.40810616943561,-4.23989136964467,-5.2444390369505));
#4485=CARTESIAN_POINT('Ctrl Pts',(3.59589188399299,-6.790439239385,-5.32390023448003));
#4486=CARTESIAN_POINT('Ctrl Pts',(-0.0942048757560426,-7.68320434106304,
-5.4033614320096));
#4487=CARTESIAN_POINT('Ctrl Pts',(-3.76130294363989,-6.70023161325875,-5.48282262953914));
#4488=CARTESIAN_POINT('Ctrl Pts',(-6.5101359353469,-4.08149894137572,-5.56228382706871));
#4489=CARTESIAN_POINT('Ctrl Pts',(-7.66961796007011,-0.46633019601566,-5.64174502459824));
#4490=CARTESIAN_POINT('Ctrl Pts',(-6.95667906420253,3.2626859951323,-5.72120622212782));
#4491=CARTESIAN_POINT('Ctrl Pts',(-4.54537246795342,6.1951668769063,-5.80066741965735));
#4492=CARTESIAN_POINT('Ctrl Pts',(-1.02438211102903,7.61519171103066,-5.88012861718693));
#4493=CARTESIAN_POINT('Ctrl Pts',(2.74669560426913,7.17608296793137,-5.95958981471646));
#4494=CARTESIAN_POINT('Ctrl Pts',(5.84720923949132,4.98504238846105,-6.03905101224603));
#4495=CARTESIAN_POINT('Ctrl Pts',(7.52021540770596,1.57697930450848,-6.11851220977557));
#4496=CARTESIAN_POINT('Ctrl Pts',(7.35727502290489,-2.21607936285819,-6.19797340730513));
#4497=CARTESIAN_POINT('Ctrl Pts',(5.39816750916101,-5.46811585906741,-6.27743460483467));
#4498=CARTESIAN_POINT('Ctrl Pts',(2.12117925746779,-7.38519478841517,-6.35689580236424));
#4499=CARTESIAN_POINT('Ctrl Pts',(-1.67366274374513,-7.49929040145438,-6.43635699989377));
#4500=CARTESIAN_POINT('Ctrl Pts',(-5.05990536599067,-5.7825479844412,-6.51581819742334));
#4501=CARTESIAN_POINT('Ctrl Pts',(-7.21084882303448,-2.65408416529852,-6.59527939495288));
#4502=CARTESIAN_POINT('Ctrl Pts',(-7.60137288738357,1.12233405548276,-6.67474059248245));
#4503=CARTESIAN_POINT('Ctrl Pts',(-6.13613703074971,4.62475143602424,-6.75420179001199));
#4504=CARTESIAN_POINT('Ctrl Pts',(-3.17285636825925,6.99810588456211,-6.83366298754155));
#4505=CARTESIAN_POINT('Ctrl Pts',(0.5650290624072,7.66297890273629,-6.91312418507109));
#4506=CARTESIAN_POINT('Ctrl Pts',(4.16497121575512,6.45705182549106,-6.99258538260066));
#4507=CARTESIAN_POINT('Ctrl Pts',(6.74809880563461,3.67473346170018,-7.0720465801302));
#4508=CARTESIAN_POINT('Ctrl Pts',(7.68378040228906,-0.00471535201725085,
-7.15150777765976));
#4509=CARTESIAN_POINT('Ctrl Pts',(6.74358353284844,-3.68301298404468,-7.23096897518931));
#4510=CARTESIAN_POINT('Ctrl Pts',(4.15704300556258,-6.46215884631825,-7.31043017271887));
#4511=CARTESIAN_POINT('Ctrl Pts',(0.555623467101077,-7.66366662035562,-7.38989137024841));
#4512=CARTESIAN_POINT('Ctrl Pts',(-3.1814431152142,-6.99420640314553,-7.46935256777798));
#4513=CARTESIAN_POINT('Ctrl Pts',(-6.14180860529643,-4.61721675482682,-7.54881376530752));
#4514=CARTESIAN_POINT('Ctrl Pts',(-7.60274466060187,-1.11300365266046,-7.62827496283708));
#4515=CARTESIAN_POINT('Ctrl Pts',(-7.20758589729516,2.6629324133851,-7.70773616036663));
#4516=CARTESIAN_POINT('Ctrl Pts',(-5.0528043351329,5.78875391220023,-7.78719735789619));
#4517=CARTESIAN_POINT('Ctrl Pts',(-1.66445721677092,7.50133892572997,-7.86665855542573));
#4518=CARTESIAN_POINT('Ctrl Pts',(2.13024189074349,7.38258579307384,-7.9461197529553));
#4519=CARTESIAN_POINT('Ctrl Pts',(5.40487474425149,5.46148629075046,-8.02558095048483));
#4520=CARTESIAN_POINT('Ctrl Pts',(7.35998939007505,2.20704773015245,-8.10504214801441));
#4521=CARTESIAN_POINT('Ctrl Pts',(7.51827423536933,-1.58620806546544,-8.18450334554393));
#4522=CARTESIAN_POINT('Ctrl Pts',(5.84108643544384,-4.99221521557244,-8.26396454307351));
#4523=CARTESIAN_POINT('Ctrl Pts',(2.73788595825845,-7.1794487243394,-8.34342574060304));
#4524=CARTESIAN_POINT('Ctrl Pts',(-1.0337278574971,-7.61392869813244,-8.42288693813261));
#4525=CARTESIAN_POINT('Ctrl Pts',(-4.55297269264775,-6.18958344056702,-8.50234813566216));
#4526=CARTESIAN_POINT('Ctrl Pts',(-6.96067828742397,-3.25414524585052,-8.58180933319171));
#4527=CARTESIAN_POINT('Ctrl Pts',(-7.66903983229375,0.475743162231912,-8.66127053072127));
#4528=CARTESIAN_POINT('Ctrl Pts',(-6.50512159735372,4.08948609465055,-8.74073172825081));
#4529=CARTESIAN_POINT('Ctrl Pts',(-3.75307657069059,6.70484300523704,-8.82019292578037));
#4530=CARTESIAN_POINT('Ctrl Pts',(-0.084774810738664,7.68331418200212,-8.89965412330992));
#4531=CARTESIAN_POINT('Ctrl Pts',(3.60422343113559,6.78602069055704,-8.97911532083947));
#4532=CARTESIAN_POINT('Ctrl Pts',(6.41330518280981,4.23202319696759,-9.05857651836903));
#4533=CARTESIAN_POINT('Ctrl Pts',(7.65667571763417,0.644841329435961,-9.13803771589857));
#4534=CARTESIAN_POINT('Ctrl Pts',(7.03078500302739,-3.09976860265829,-9.21749891342815));
#4535=CARTESIAN_POINT('Ctrl Pts',(4.68843471000642,-6.08761736206492,-9.29696011095767));
#4536=CARTESIAN_POINT('Ctrl Pts',(1.20147425102287,-7.58926602291753,-9.37642130848725));
#4537=CARTESIAN_POINT('Ctrl Pts',(-2.57880806629893,-7.23811170390459,-9.45588250601678));
#4538=CARTESIAN_POINT('Ctrl Pts',(-5.72951322866964,-5.11987977255634,-9.53534370354635));
#4539=CARTESIAN_POINT('Ctrl Pts',(-7.48144514835247,-1.75171150552423,-9.61480490107589));
#4540=CARTESIAN_POINT('Ctrl Pts',(-7.40689465839937,2.04411965200071,-9.69426609860546));
#4541=CARTESIAN_POINT('Ctrl Pts',(-5.52406515734137,5.3408923064801,-9.773727296135));
#4542=CARTESIAN_POINT('Ctrl Pts',(-2.29261502617706,7.33380151316922,-9.85318849366455));
#4543=CARTESIAN_POINT('Ctrl Pts',(1.49853472772329,7.53620731619061,-9.93264969119412));
#4544=CARTESIAN_POINT('Ctrl Pts',(4.92385467869869,5.89889274923279,-10.0121108887237));
#4545=CARTESIAN_POINT('Ctrl Pts',(7.14706155691088,2.82119889757418,-10.0915720862532));
#4546=CARTESIAN_POINT('Ctrl Pts',(7.62547705528342,-0.944749377234585,-10.1710332837828));
#4547=CARTESIAN_POINT('Ctrl Pts',(6.24214412797982,-4.48106370552557,-10.2504944813123));
#4548=CARTESIAN_POINT('Ctrl Pts',(4.3040804997762,-6.10768059744269,-10.3034686129987));
#4549=CARTESIAN_POINT('Ctrl Pts',(3.19901895048157,-6.64007138549427,-10.3299556788419));
#4550=CARTESIAN_POINT('',(3.44706716026397,-7.15493480002646,-10.));
#4551=CARTESIAN_POINT('Ctrl Pts',(4.27958030299753,6.00117754704017,-9.99999999999999));
#4552=CARTESIAN_POINT('Ctrl Pts',(4.43640783252997,5.89818076623452,-9.99999999999999));
#4553=CARTESIAN_POINT('Ctrl Pts',(4.5889803305436,5.78936243562616,-9.99999999999999));
#4554=CARTESIAN_POINT('Ctrl Pts',(4.73694573644039,5.67493474178341,-9.99999999999999));
#4555=CARTESIAN_POINT('Ctrl Pts',(4.89235338152459,5.55475166030745,-9.99999999999999));
#4556=CARTESIAN_POINT('Ctrl Pts',(5.0426797786199,5.42838113780665,-9.99999999999999));
#4557=CARTESIAN_POINT('Ctrl Pts',(5.18769770312784,5.29626212033792,-9.99999999999999));
#4558=CARTESIAN_POINT('Ctrl Pts',(5.33428792315531,5.16271065829438,-9.99999999999999));
#4559=CARTESIAN_POINT('Ctrl Pts',(5.47545442601191,5.02328492695073,-9.99999999999999));
#4560=CARTESIAN_POINT('Ctrl Pts',(5.61093343547774,4.87839347294247,-9.99999999999999));
#4561=CARTESIAN_POINT('Ctrl Pts',(5.7468310514555,4.73305432961018,-9.99999999999999));
#4562=CARTESIAN_POINT('Ctrl Pts',(5.87700645242841,4.58221511857089,-10.));
#4563=CARTESIAN_POINT('Ctrl Pts',(6.00115705145902,4.42625068100548,-10.));
#4564=CARTESIAN_POINT('Ctrl Pts',(6.10213994128817,4.29939072431651,-10.));
#4565=CARTESIAN_POINT('Ctrl Pts',(6.19913623219481,4.16913907445751,-10.));
#4566=CARTESIAN_POINT('Ctrl Pts',(6.29196207533389,4.03568283371408,-10.));
#4567=CARTESIAN_POINT('Ctrl Pts',(6.30522913240916,4.01660871056993,-10.));
#4568=CARTESIAN_POINT('Ctrl Pts',(6.31841238632277,3.99746701776404,-10.));
#4569=CARTESIAN_POINT('Ctrl Pts',(6.33150656441088,3.97826518989308,-10.));
#4570=CARTESIAN_POINT('Ctrl Pts',(6.44471758919719,3.81224800298644,-10.));
#4571=CARTESIAN_POINT('Ctrl Pts',(6.55107379054957,3.64203410387299,-10.));
#4572=CARTESIAN_POINT('Ctrl Pts',(6.65033630358531,3.46806038600582,-10.));
#4573=CARTESIAN_POINT('Ctrl Pts',(6.75015094158547,3.29311897923124,-10.));
#4574=CARTESIAN_POINT('Ctrl Pts',(6.84279323789549,3.1143752844261,-10.));
#4575=CARTESIAN_POINT('Ctrl Pts',(6.92798379452307,2.93223599593244,-10.));
#4576=CARTESIAN_POINT('Ctrl Pts',(6.95395300368359,2.87671325413468,-10.));
#4577=CARTESIAN_POINT('Ctrl Pts',(6.97922947361287,2.82087474341039,-10.));
#4578=CARTESIAN_POINT('Ctrl Pts',(7.00380451365359,2.76473141192595,-10.));
#4579=CARTESIAN_POINT('Ctrl Pts',(7.08412215249356,2.5812403651578,-10.));
#4580=CARTESIAN_POINT('Ctrl Pts',(7.15695107593951,2.39449507135582,-10.));
#4581=CARTESIAN_POINT('Ctrl Pts',(7.22225313050281,2.20497673728847,-10.));
#4582=CARTESIAN_POINT('Ctrl Pts',(7.28774130376551,2.01491825320463,-10.));
#4583=CARTESIAN_POINT('Ctrl Pts',(7.34565981677588,1.82207022775353,-10.));
#4584=CARTESIAN_POINT('Ctrl Pts',(7.39592072008898,1.62690087258377,-10.));
#4585=CARTESIAN_POINT('Ctrl Pts',(7.41361955532116,1.55817408830769,-10.));
#4586=CARTESIAN_POINT('Ctrl Pts',(7.43036837205961,1.4891593477097,-10.));
#4587=CARTESIAN_POINT('Ctrl Pts',(7.44616181138241,1.41987683375274,-10.));
#4588=CARTESIAN_POINT('Ctrl Pts',(7.45257922128134,1.39172499919646,-10.));
#4589=CARTESIAN_POINT('Ctrl Pts',(7.45883888220203,1.36352895242185,-10.));
#4590=CARTESIAN_POINT('Ctrl Pts',(7.46494039642964,1.33529004468085,-10.));
#4591=CARTESIAN_POINT('Ctrl Pts',(7.47005698645517,1.31160954369543,-10.));
#4592=CARTESIAN_POINT('Ctrl Pts',(7.47506242407541,1.28789839730969,-10.));
#4593=CARTESIAN_POINT('Ctrl Pts',(7.47995344006979,1.26417272727669,-10.));
#4594=CARTESIAN_POINT('Ctrl Pts',(7.52091444796622,1.06547630945976,-10.));
#4595=CARTESIAN_POINT('Ctrl Pts',(7.55391081569308,0.865505871522329,-10.));
#4596=CARTESIAN_POINT('Ctrl Pts',(7.57895439235639,0.664766681247894,-10.));
#4597=CARTESIAN_POINT('Ctrl Pts',(7.60414913207078,0.462815829041964,-10.));
#4598=CARTESIAN_POINT('Ctrl Pts',(7.62129495645909,0.260086240019074,-10.));
#4599=CARTESIAN_POINT('Ctrl Pts',(7.63035500143423,0.0570719564105656,-10.));
#4600=CARTESIAN_POINT('Ctrl Pts',(7.63938695038927,-0.145312761515917,-10.));
#4601=CARTESIAN_POINT('Ctrl Pts',(7.6403832999522,-0.347981108602532,-10.));
#4602=CARTESIAN_POINT('Ctrl Pts',(7.63325706233273,-0.550453522847002,-10.));
#4603=CARTESIAN_POINT('Ctrl Pts',(7.6286483458163,-0.681397508927146,-10.));
#4604=CARTESIAN_POINT('Ctrl Pts',(7.62064130469042,-0.812259719611035,-10.));
#4605=CARTESIAN_POINT('Ctrl Pts',(7.60920076996113,-0.942910572240199,-10.));
#4606=CARTESIAN_POINT('Ctrl Pts',(7.59516895970527,-1.1031537791566,-10.));
#4607=CARTESIAN_POINT('Ctrl Pts',(7.57597264959565,-1.26307927566185,-10.));
#4608=CARTESIAN_POINT('Ctrl Pts',(7.55168603837897,-1.42246302371197,-10.));
#4609=CARTESIAN_POINT('Ctrl Pts',(7.5426958290941,-1.48146233155258,-10.));
#4610=CARTESIAN_POINT('Ctrl Pts',(7.53300791423252,-1.54038736218037,-10.));
#4611=CARTESIAN_POINT('Ctrl Pts',(7.5226253696836,-1.5992265668109,-10.));
#4612=CARTESIAN_POINT('Ctrl Pts',(7.51716797706566,-1.630154307066,-10.));
#4613=CARTESIAN_POINT('Ctrl Pts',(7.51151781041029,-1.66106248504885,-10.));
#4614=CARTESIAN_POINT('Ctrl Pts',(7.50568069543138,-1.69192177863759,-10.));
#4615=CARTESIAN_POINT('Ctrl Pts',(7.46802831909703,-1.89098000171738,-10.));
#4616=CARTESIAN_POINT('Ctrl Pts',(7.42256677196269,-2.08821302448277,-9.99999999999999));
#4617=CARTESIAN_POINT('Ctrl Pts',(7.36955976815386,-2.2831907066087,-9.99999999999999));
#4618=CARTESIAN_POINT('Ctrl Pts',(7.314866035499,-2.48437274772766,-9.99999999999999));
#4619=CARTESIAN_POINT('Ctrl Pts',(7.25213905978478,-2.68315431920697,-9.99999999999999));
#4620=CARTESIAN_POINT('Ctrl Pts',(7.18161177862962,-2.87906289635615,-9.99999999999999));
#4621=CARTESIAN_POINT('Ctrl Pts',(7.11201058321572,-3.07239902016649,-9.99999999999999));
#4622=CARTESIAN_POINT('Ctrl Pts',(7.03481225333866,-3.26293777230787,-9.99999999999999));
#4623=CARTESIAN_POINT('Ctrl Pts',(6.95018896345415,-3.45021479509441,-9.99999999999999));
#4624=CARTESIAN_POINT('Ctrl Pts',(6.86387672796302,-3.64122956791746,-9.99999999999999));
#4625=CARTESIAN_POINT('Ctrl Pts',(6.76984014355488,-3.82885192173591,-9.99999999999999));
#4626=CARTESIAN_POINT('Ctrl Pts',(6.66821025593604,-4.01256721151644,-9.99999999999999));
#4627=CARTESIAN_POINT('Ctrl Pts',(6.61739531212662,-4.1044248564067,-9.99999999999999));
#4628=CARTESIAN_POINT('Ctrl Pts',(6.5646812485054,-4.19530531956768,-9.99999999999999));
#4629=CARTESIAN_POINT('Ctrl Pts',(6.51007981942104,-4.2851412867613,-9.99999999999999));
#4630=CARTESIAN_POINT('Ctrl Pts',(6.48980938131462,-4.31849232616204,-9.99999999999999));
#4631=CARTESIAN_POINT('Ctrl Pts',(6.46927879317849,-4.35169938851612,-9.99999999999999));
#4632=CARTESIAN_POINT('Ctrl Pts',(6.44848855217487,-4.38475894564346,-9.99999999999999));
#4633=CARTESIAN_POINT('Ctrl Pts',(6.4290142784035,-4.41572592029979,-9.99999999999999));
#4634=CARTESIAN_POINT('Ctrl Pts',(6.40930916745961,-4.44656797936105,-9.99999999999999));
#4635=CARTESIAN_POINT('Ctrl Pts',(6.38939106837011,-4.47725565451348,-9.99999999999999));
#4636=CARTESIAN_POINT('Ctrl Pts',(6.37329533451114,-4.50205423844384,-9.99999999999999));
#4637=CARTESIAN_POINT('Ctrl Pts',(6.35705876485118,-4.52675488372583,-9.99999999999999));
#4638=CARTESIAN_POINT('Ctrl Pts',(6.34068195010691,-4.55135626536591,-9.99999999999999));
#4639=CARTESIAN_POINT('Ctrl Pts',(6.2270771157736,-4.72201435298761,-9.99999999999999));
#4640=CARTESIAN_POINT('Ctrl Pts',(6.10672755092014,-4.88789753795888,-9.99999999999999));
#4641=CARTESIAN_POINT('Ctrl Pts',(5.98005848852899,-5.04874460150224,-9.99999999999999));
#4642=CARTESIAN_POINT('Ctrl Pts',(5.85209352478858,-5.21123722807999,-9.99999999999999));
#4643=CARTESIAN_POINT('Ctrl Pts',(5.71767868706055,-5.36859066907042,-9.99999999999999));
#4644=CARTESIAN_POINT('Ctrl Pts',(5.57720601148801,-5.52050917254193,-9.99999999999999));
#4645=CARTESIAN_POINT('Ctrl Pts',(5.5009443034167,-5.602984746636,-9.99999999999999));
#4646=CARTESIAN_POINT('Ctrl Pts',(5.42289638454379,-5.68385796177965,-9.99999999999999));
#4647=CARTESIAN_POINT('Ctrl Pts',(5.34312001479324,-5.76307746003419,-9.99999999999999));
#4648=CARTESIAN_POINT('Ctrl Pts',(5.29276933094289,-5.8130766756399,-9.99999999999999));
#4649=CARTESIAN_POINT('Ctrl Pts',(5.24173005590248,-5.86241707755551,-9.99999999999999));
#4650=CARTESIAN_POINT('Ctrl Pts',(5.19001607540752,-5.91108509125598,-9.99999999999999));
#4651=CARTESIAN_POINT('Ctrl Pts',(5.16688734628149,-5.93285153226878,-9.99999999999999));
#4652=CARTESIAN_POINT('Ctrl Pts',(5.1436236518904,-5.95448347067306,-9.99999999999999));
#4653=CARTESIAN_POINT('Ctrl Pts',(5.12022620485496,-5.97597965663184,-9.99999999999999));
#4654=CARTESIAN_POINT('Ctrl Pts',(5.09824419219455,-5.99617542547707,-9.99999999999999));
#4655=CARTESIAN_POINT('Ctrl Pts',(5.07615047016674,-6.01624551735624,-9.99999999999999));
#4656=CARTESIAN_POINT('Ctrl Pts',(5.05394890885022,-6.03618673809701,-9.99999999999999));
#4657=CARTESIAN_POINT('Ctrl Pts',(4.89841112859307,-6.17588921962155,-9.99999999999999));
#4658=CARTESIAN_POINT('Ctrl Pts',(4.73754265853149,-6.3093073172003,-9.99999999999999));
#4659=CARTESIAN_POINT('Ctrl Pts',(4.57175217982589,-6.43615024940391,-9.99999999999999));
#4660=CARTESIAN_POINT('Ctrl Pts',(4.40577889760077,-6.56313304087212,-10.));
#4661=CARTESIAN_POINT('Ctrl Pts',(4.23487224163402,-6.68352664725689,-10.));
#4662=CARTESIAN_POINT('Ctrl Pts',(4.05940420020704,-6.79700368368931,-10.));
#4663=CARTESIAN_POINT('Ctrl Pts',(3.88544175904171,-6.90950703252395,-10.));
#4664=CARTESIAN_POINT('Ctrl Pts',(3.70699533878181,-7.01521241761322,-10.));
#4665=CARTESIAN_POINT('Ctrl Pts',(3.52439789973904,-7.11375911997265,-10.));
#4666=CARTESIAN_POINT('Ctrl Pts',(3.49870292864544,-7.12762653608632,-10.));
#4667=CARTESIAN_POINT('Ctrl Pts',(3.47292571892192,-7.14135212264831,-10.));
#4668=CARTESIAN_POINT('Ctrl Pts',(3.44706716026387,-7.15493480002651,-10.));
#4669=CARTESIAN_POINT('Ctrl Pts',(3.44706716026387,-7.15493480002651,-10.));
#4670=CARTESIAN_POINT('Ctrl Pts',(4.63781389718781,-6.58126304930326,-9.97351293415682));
#4671=CARTESIAN_POINT('Ctrl Pts',(5.68198331141974,-5.70489161211408,-9.94702586831363));
#4672=CARTESIAN_POINT('Ctrl Pts',(6.45250051087329,-4.63161988860607,-9.92053880247045));
#4673=CARTESIAN_POINT('Ctrl Pts',(7.22301771032687,-3.55834816509803,-9.89405173662726));
#4674=CARTESIAN_POINT('Ctrl Pts',(7.71988269500204,-2.28817615527114,-9.86756467078408));
#4675=CARTESIAN_POINT('Ctrl Pts',(7.88239664069931,-0.976764229490015,-9.8410776049409));
#4676=CARTESIAN_POINT('Ctrl Pts',(8.04491058639658,0.33464769629111,-9.81459053909772));
#4677=CARTESIAN_POINT('Ctrl Pts',(7.87307349311594,1.68729953802647,-9.78810347325453));
#4678=CARTESIAN_POINT('Ctrl Pts',(7.38788965405398,2.91634790128551,-9.76161640741134));
#4679=CARTESIAN_POINT('Ctrl Pts',(6.90270581499205,4.14539626454451,-9.73512934156816));
#4680=CARTESIAN_POINT('Ctrl Pts',(6.10417523014882,5.25084114932721,-9.70864227572498));
#4681=CARTESIAN_POINT('Ctrl Pts',(5.08975739152621,6.09760859750239,-9.68215520988179));
#4682=CARTESIAN_POINT('Ctrl Pts',(4.0753395529036,6.94437604567758,-9.65566814403861));
#4683=CARTESIAN_POINT('Ctrl Pts',(2.84503446050162,7.53246605724526,-9.62918107819542));
#4684=CARTESIAN_POINT('Ctrl Pts',(1.54903006468672,7.79016104408882,-9.60269401235223));
#4685=CARTESIAN_POINT('Ctrl Pts',(0.253025668871784,8.0478560309324,-9.57620694650905));
#4686=CARTESIAN_POINT('Ctrl Pts',(-1.10867803035608,7.97515599305184,-9.54971988066587));
#4687=CARTESIAN_POINT('Ctrl Pts',(-2.36986538280127,7.58089979588924,-9.52323281482268));
#4688=CARTESIAN_POINT('Ctrl Pts',(-3.63105273524647,7.18664359872665,-9.4967457489795));
#4689=CARTESIAN_POINT('Ctrl Pts',(-4.791723740909,6.47083124228203,-9.47025868313632));
#4690=CARTESIAN_POINT('Ctrl Pts',(-5.71019622896069,5.52085830192517,-9.44377161729314));
#4691=CARTESIAN_POINT('Ctrl Pts',(-6.62866871701235,4.57088536156835,-9.41728455144995));
#4692=CARTESIAN_POINT('Ctrl Pts',(-7.30494268745318,3.38675183729929,-9.39079748560676));
#4693=CARTESIAN_POINT('Ctrl Pts',(-7.65646818071709,2.11299249318112,-9.36431041976358));
#4694=CARTESIAN_POINT('Ctrl Pts',(-7.84605723388863,1.42601293509122,-9.35002508959342));
#4695=CARTESIAN_POINT('Ctrl Pts',(-7.94118366727827,0.712963078483993,-9.33573975942327));
#4696=CARTESIAN_POINT('Ctrl Pts',(-7.94133461542415,-4.7479869791367E-5,
-9.32145442925311));
#4697=CARTESIAN_POINT('Origin',(0.,0.,0.));
#4698=CARTESIAN_POINT('Origin',(0.,0.,-10.));
#4699=CARTESIAN_POINT('Origin',(0.,0.,-10.));
#4700=CARTESIAN_POINT('Origin',(22.9809703885628,22.9809703885628,0.));
#4701=CARTESIAN_POINT('Origin',(-32.5,1.33573707650214E-15,0.));
#4702=CARTESIAN_POINT('Origin',(-22.9809703885628,22.9809703885628,0.));
#4703=CARTESIAN_POINT('Origin',(-4.23020788880826E-16,32.5,0.));
#4704=UNCERTAINTY_MEASURE_WITH_UNIT(LENGTH_MEASURE(0.01),#4708,
'DISTANCE_ACCURACY_VALUE',
'Maximum model space distance between geometric entities at asserted c
onnectivities');
#4705=UNCERTAINTY_MEASURE_WITH_UNIT(LENGTH_MEASURE(0.01),#4708,
'DISTANCE_ACCURACY_VALUE',
'Maximum model space distance between geometric entities at asserted c
onnectivities');
#4706=(
GEOMETRIC_REPRESENTATION_CONTEXT(3)
GLOBAL_UNCERTAINTY_ASSIGNED_CONTEXT((#4704))
GLOBAL_UNIT_ASSIGNED_CONTEXT((#4708,#4710,#4711))
REPRESENTATION_CONTEXT('','3D')
);
#4707=(
GEOMETRIC_REPRESENTATION_CONTEXT(3)
GLOBAL_UNCERTAINTY_ASSIGNED_CONTEXT((#4705))
GLOBAL_UNIT_ASSIGNED_CONTEXT((#4708,#4710,#4711))
REPRESENTATION_CONTEXT('','3D')
);
#4708=(
LENGTH_UNIT()
NAMED_UNIT(*)
SI_UNIT(.MILLI.,.METRE.)
);
#4709=(
LENGTH_UNIT()
NAMED_UNIT(*)
SI_UNIT($,.METRE.)
);
#4710=(
NAMED_UNIT(*)
PLANE_ANGLE_UNIT()
SI_UNIT($,.RADIAN.)
);
#4711=(
NAMED_UNIT(*)
SI_UNIT($,.STERADIAN.)
SOLID_ANGLE_UNIT()
);
#4712=SHAPE_DEFINITION_REPRESENTATION(#4713,#4714);
#4713=PRODUCT_DEFINITION_SHAPE('',$,#4716);
#4714=SHAPE_REPRESENTATION('',(#1190),#4706);
#4715=PRODUCT_DEFINITION_CONTEXT('part definition',#4720,'design');
#4716=PRODUCT_DEFINITION('Spool Clamp Adjuster',
'Spool Clamp Adjuster v1',#4717,#4715);
#4717=PRODUCT_DEFINITION_FORMATION('',$,#4722);
#4718=PRODUCT_RELATED_PRODUCT_CATEGORY('Spool Clamp Adjuster v1',
'Spool Clamp Adjuster v1',(#4722));
#4719=APPLICATION_PROTOCOL_DEFINITION('international standard',
'automotive_design',2009,#4720);
#4720=APPLICATION_CONTEXT(
'Core Data for Automotive Mechanical Design Process');
#4721=PRODUCT_CONTEXT('part definition',#4720,'mechanical');
#4722=PRODUCT('Spool Clamp Adjuster','Spool Clamp Adjuster v1',$,(#4721));
#4723=PRESENTATION_STYLE_ASSIGNMENT((#4724));
#4724=SURFACE_STYLE_USAGE(.BOTH.,#4725);
#4725=SURFACE_SIDE_STYLE('',(#4726));
#4726=SURFACE_STYLE_FILL_AREA(#4727);
#4727=FILL_AREA_STYLE('Steel - Satin',(#4728));
#4728=FILL_AREA_STYLE_COLOUR('Steel - Satin',#4729);
#4729=COLOUR_RGB('Steel - Satin',0.627450980392157,0.627450980392157,0.627450980392157);
ENDSEC;
END-ISO-10303-21;
